Năm,Tháng,Quốc gia/Khu vực,Lượng khách
2018,1,Châu Á,1046741.0
2018,1,Châu Mỹ,97666.0
2018,1,Châu Âu,225521.0
2018,1,Châu Úc,55302.0
2018,1,Châu Phi,5012.0
2018,1,Ba Lan,
2018,1,Bỉ,2580.0
2018,1,Campuchia,24606.0
2018,1,Canada,16340.0
2018,1,Các thị trường khác thuộc châu Mỹ,8688.0
2018,1,Các thị trường khác thuộc châu Phi,5012.0
2018,1,Các thị trường khác thuộc châu Á,16523.0
2018,1,Các thị trường khác thuộc châu Âu,25130.0
2018,1,Các thị trường khác thuộc châu Úc,141.0
2018,1,Hoa Kỳ,72638.0
2018,1,Hà Lan,7014.0
2018,1,Hàn Quốc,316314.0
2018,1,Hồng Kông,5575.0
2018,1,Indonesia,8264.0
2018,1,Lào,9303.0
2018,1,Malaysia,44003.0
2018,1,Na Uy,2748.0
2018,1,New Zealand,5038.0
2018,1,Nga,74332.0
2018,1,Nhật Bản,71832.0
2018,1,Philippines,13137.0
2018,1,Pháp,26657.0
2018,1,Phần Lan,5266.0
2018,1,Singapore,25811.0
2018,1,Thái Lan,32287.0
2018,1,Thụy sĩ,4215.0
2018,1,Thụy Điển,10598.0
2018,1,Trung Quốc,418493.0
2018,1,Tây Ban Nha,4376.0
2018,1,Vương quốc Anh,28449.0
2018,1,Úc,50123.0
2018,1,Ý,8414.0
2018,1,Đan mạch,4705.0
2018,1,Đài Loan,48542.0
2018,1,Đức,21037.0
2018,1,Ấn Độ,12051.0
2018,2,Châu Á,1076469.0
2018,2,Châu Mỹ,101764.0
2018,2,Châu Âu,215809.0
2018,2,Châu Úc,34950.0
2018,2,Châu Phi,2853.0
2018,2,Ba Lan,
2018,2,Bỉ,2554.0
2018,2,Campuchia,21101.0
2018,2,Canada,19207.0
2018,2,Các thị trường khác thuộc châu Mỹ,7389.0
2018,2,Các thị trường khác thuộc châu Phi,2853.0
2018,2,Các thị trường khác thuộc châu Á,12621.0
2018,2,Các thị trường khác thuộc châu Âu,26549.0
2018,2,Các thị trường khác thuộc châu Úc,96.0
2018,2,Hoa Kỳ,75168.0
2018,2,Hà Lan,6531.0
2018,2,Hàn Quốc,303391.0
2018,2,Hồng Kông,3712.0
2018,2,Indonesia,5863.0
2018,2,Lào,8826.0
2018,2,Malaysia,42947.0
2018,2,Na Uy,3346.0
2018,2,New Zealand,2643.0
2018,2,Nga,66766.0
2018,2,Nhật Bản,65865.0
2018,2,Philippines,10113.0
2018,2,Pháp,27040.0
2018,2,Phần Lan,3766.0
2018,2,Singapore,19736.0
2018,2,Thái Lan,26134.0
2018,2,Thụy sĩ,3409.0
2018,2,Thụy Điển,8879.0
2018,2,Trung Quốc,483319.0
2018,2,Tây Ban Nha,3550.0
2018,2,Vương quốc Anh,28505.0
2018,2,Úc,32211.0
2018,2,Ý,6319.0
2018,2,Đan mạch,5830.0
2018,2,Đài Loan,62966.0
2018,2,Đức,22765.0
2018,2,Ấn Độ,9875.0
2018,3,Châu Á,1030044.0
2018,3,Châu Mỹ,76759.0
2018,3,Châu Âu,204460.0
2018,3,Châu Úc,28841.0
2018,3,Châu Phi,3210.0
2018,3,Ba Lan,
2018,3,Bỉ,2438.0
2018,3,Campuchia,22022.0
2018,3,Canada,15379.0
2018,3,Các thị trường khác thuộc châu Mỹ,5499.0
2018,3,Các thị trường khác thuộc châu Phi,3210.0
2018,3,Các thị trường khác thuộc châu Á,12380.0
2018,3,Các thị trường khác thuộc châu Âu,21672.0
2018,3,Các thị trường khác thuộc châu Úc,72.0
2018,3,Hoa Kỳ,55881.0
2018,3,Hà Lan,6091.0
2018,3,Hàn Quốc,272757.0
2018,3,Hồng Kông,4878.0
2018,3,Indonesia,6665.0
2018,3,Lào,16096.0
2018,3,Malaysia,42328.0
2018,3,Na Uy,2220.0
2018,3,New Zealand,2573.0
2018,3,Nga,62023.0
2018,3,Nhật Bản,77730.0
2018,3,Philippines,10518.0
2018,3,Pháp,30176.0
2018,3,Phần Lan,3265.0
2018,3,Singapore,22248.0
2018,3,Thái Lan,25016.0
2018,3,Thụy sĩ,2972.0
2018,3,Thụy Điển,5847.0
2018,3,Trung Quốc,454622.0
2018,3,Tây Ban Nha,3871.0
2018,3,Vương quốc Anh,28854.0
2018,3,Úc,26196.0
2018,3,Ý,6060.0
2018,3,Đan mạch,4768.0
2018,3,Đài Loan,52862.0
2018,3,Đức,24203.0
2018,3,Ấn Độ,9922.0
2018,4,Châu Á,1015596.0
2018,4,Châu Mỹ,81080.0
2018,4,Châu Âu,197650.0
2018,4,Châu Úc,43866.0
2018,4,Châu Phi,3721.0
2018,4,Ba Lan,
2018,4,Bỉ,3535.0
2018,4,Campuchia,17976.0
2018,4,Canada,14517.0
2018,4,Các thị trường khác thuộc châu Mỹ,6785.0
2018,4,Các thị trường khác thuộc châu Phi,3721.0
2018,4,Các thị trường khác thuộc châu Á,16939.0
2018,4,Các thị trường khác thuộc châu Âu,18642.0
2018,4,Các thị trường khác thuộc châu Úc,81.0
2018,4,Hoa Kỳ,59778.0
2018,4,Hà Lan,5819.0
2018,4,Hàn Quốc,281385.0
2018,4,Hồng Kông,4048.0
2018,4,Indonesia,7522.0
2018,4,Lào,8118.0
2018,4,Malaysia,48319.0
2018,4,Na Uy,2526.0
2018,4,New Zealand,4743.0
2018,4,Nga,58815.0
2018,4,Nhật Bản,64375.0
2018,4,Philippines,12948.0
2018,4,Pháp,30495.0
2018,4,Phần Lan,2149.0
2018,4,Singapore,23905.0
2018,4,Thái Lan,35828.0
2018,4,Thụy sĩ,3672.0
2018,4,Thụy Điển,3424.0
2018,4,Trung Quốc,419590.0
2018,4,Tây Ban Nha,5437.0
2018,4,Vương quốc Anh,32442.0
2018,4,Úc,39042.0
2018,4,Ý,5411.0
2018,4,Đan mạch,3820.0
2018,4,Đài Loan,63046.0
2018,4,Đức,21463.0
2018,4,Ấn Độ,11597.0
2018,5,Châu Á,930389.0
2018,5,Châu Mỹ,63787.0
2018,5,Châu Âu,133485.0
2018,5,Châu Úc,30209.0
2018,5,Châu Phi,3244.0
2018,5,Ba Lan,
2018,5,Bỉ,1762.0
2018,5,Campuchia,19013.0
2018,5,Canada,11302.0
2018,5,Các thị trường khác thuộc châu Mỹ,5285.0
2018,5,Các thị trường khác thuộc châu Phi,3244.0
2018,5,Các thị trường khác thuộc châu Á,10329.0
2018,5,Các thị trường khác thuộc châu Âu,13308.0
2018,5,Các thị trường khác thuộc châu Úc,102.0
2018,5,Hoa Kỳ,47200.0
2018,5,Hà Lan,5617.0
2018,5,Hàn Quốc,267909.0
2018,5,Hồng Kông,3943.0
2018,5,Indonesia,6601.0
2018,5,Lào,10656.0
2018,5,Malaysia,42871.0
2018,5,Na Uy,1038.0
2018,5,New Zealand,3184.0
2018,5,Nga,38811.0
2018,5,Nhật Bản,64462.0
2018,5,Philippines,12707.0
2018,5,Pháp,25466.0
2018,5,Phần Lan,719.0
2018,5,Singapore,21118.0
2018,5,Thái Lan,26954.0
2018,5,Thụy sĩ,2275.0
2018,5,Thụy Điển,1797.0
2018,5,Trung Quốc,377278.0
2018,5,Tây Ban Nha,3868.0
2018,5,Vương quốc Anh,20203.0
2018,5,Úc,26923.0
2018,5,Ý,3874.0
2018,5,Đan mạch,2035.0
2018,5,Đài Loan,56134.0
2018,5,Đức,12712.0
2018,5,Ấn Độ,10414.0
2018,6,Châu Á,967996.0
2018,6,Châu Mỹ,71936.0
2018,6,Châu Âu,110564.0
2018,6,Châu Úc,29883.0
2018,6,Châu Phi,2723.0
2018,6,Ba Lan,
2018,6,Bỉ,1345.0
2018,6,Campuchia,14672.0
2018,6,Canada,8420.0
2018,6,Các thị trường khác thuộc châu Mỹ,4540.0
2018,6,Các thị trường khác thuộc châu Phi,2723.0
2018,6,Các thị trường khác thuộc châu Á,9118.0
2018,6,Các thị trường khác thuộc châu Âu,10144.0
2018,6,Các thị trường khác thuộc châu Úc,83.0
2018,6,Hoa Kỳ,58976.0
2018,6,Hà Lan,4202.0
2018,6,Hàn Quốc,271848.0
2018,6,Hồng Kông,5413.0
2018,6,Indonesia,9671.0
2018,6,Lào,7422.0
2018,6,Malaysia,44641.0
2018,6,Na Uy,1491.0
2018,6,New Zealand,3470.0
2018,6,Nga,37646.0
2018,6,Nhật Bản,59748.0
2018,6,Philippines,13589.0
2018,6,Pháp,13464.0
2018,6,Phần Lan,1003.0
2018,6,Singapore,27856.0
2018,6,Thái Lan,22540.0
2018,6,Thụy sĩ,1513.0
2018,6,Thụy Điển,1974.0
2018,6,Trung Quốc,415540.0
2018,6,Tây Ban Nha,4218.0
2018,6,Vương quốc Anh,19595.0
2018,6,Úc,26330.0
2018,6,Ý,3105.0
2018,6,Đan mạch,1483.0
2018,6,Đài Loan,55406.0
2018,6,Đức,9381.0
2018,6,Ấn Độ,10532.0
2018,7,Châu Á,921373.0
2018,7,Châu Mỹ,77830.0
2018,7,Châu Âu,142660.0
2018,7,Châu Úc,43446.0
2018,7,Châu Phi,3508.0
2018,7,Ba Lan,
2018,7,Bỉ,4310.0
2018,7,Campuchia,12303.0
2018,7,Canada,9749.0
2018,7,Các thị trường khác thuộc châu Mỹ,4230.0
2018,7,Các thị trường khác thuộc châu Phi,3508.0
2018,7,Các thị trường khác thuộc châu Á,9689.0
2018,7,Các thị trường khác thuộc châu Âu,13488.0
2018,7,Các thị trường khác thuộc châu Úc,113.0
2018,7,Hoa Kỳ,63851.0
2018,7,Hà Lan,8421.0
2018,7,Hàn Quốc,252396.0
2018,7,Hồng Kông,4826.0
2018,7,Indonesia,7134.0
2018,7,Lào,15589.0
2018,7,Malaysia,31079.0
2018,7,Na Uy,4815.0
2018,7,New Zealand,6364.0
2018,7,Nga,34767.0
2018,7,Nhật Bản,60367.0
2018,7,Philippines,11219.0
2018,7,Pháp,19646.0
2018,7,Phần Lan,696.0
2018,7,Singapore,18145.0
2018,7,Thái Lan,18417.0
2018,7,Thụy sĩ,2986.0
2018,7,Thụy Điển,2850.0
2018,7,Trung Quốc,404508.0
2018,7,Tây Ban Nha,6571.0
2018,7,Vương quốc Anh,21879.0
2018,7,Úc,36969.0
2018,7,Ý,3412.0
2018,7,Đan mạch,4843.0
2018,7,Đài Loan,66250.0
2018,7,Đức,13976.0
2018,7,Ấn Độ,9451.0
2018,8,Châu Á,1046276.0
2018,8,Châu Mỹ,65579.0
2018,8,Châu Âu,173852.0
2018,8,Châu Úc,34180.0
2018,8,Châu Phi,3659.0
2018,8,Ba Lan,
2018,8,Bỉ,3067.0
2018,8,Campuchia,7594.0
2018,8,Canada,9143.0
2018,8,Các thị trường khác thuộc châu Mỹ,3977.0
2018,8,Các thị trường khác thuộc châu Phi,3659.0
2018,8,Các thị trường khác thuộc châu Á,11946.0
2018,8,Các thị trường khác thuộc châu Âu,15679.0
2018,8,Các thị trường khác thuộc châu Úc,66.0
2018,8,Hoa Kỳ,52459.0
2018,8,Hà Lan,11198.0
2018,8,Hàn Quốc,320714.0
2018,8,Hồng Kông,6390.0
2018,8,Indonesia,7081.0
2018,8,Lào,9997.0
2018,8,Malaysia,37848.0
2018,8,Na Uy,1545.0
2018,8,New Zealand,5409.0
2018,8,Nga,40211.0
2018,8,Nhật Bản,81342.0
2018,8,Philippines,12662.0
2018,8,Pháp,26223.0
2018,8,Phần Lan,498.0
2018,8,Singapore,21272.0
2018,8,Thái Lan,25420.0
2018,8,Thụy sĩ,2375.0
2018,8,Thụy Điển,1623.0
2018,8,Trung Quốc,428958.0
2018,8,Tây Ban Nha,16106.0
2018,8,Vương quốc Anh,27516.0
2018,8,Úc,28705.0
2018,8,Ý,9043.0
2018,8,Đan mạch,2612.0
2018,8,Đài Loan,64094.0
2018,8,Đức,16156.0
2018,8,Ấn Độ,10958.0
2018,9,Châu Á,994451.0
2018,9,Châu Mỹ,54500.0
2018,9,Châu Âu,127200.0
2018,9,Châu Úc,33293.0
2018,9,Châu Phi,3153.0
2018,9,Ba Lan,
2018,9,Bỉ,2354.0
2018,9,Campuchia,16839.0
2018,9,Canada,7718.0
2018,9,Các thị trường khác thuộc châu Mỹ,4099.0
2018,9,Các thị trường khác thuộc châu Phi,3153.0
2018,9,Các thị trường khác thuộc châu Á,13914.0
2018,9,Các thị trường khác thuộc châu Âu,12642.0
2018,9,Các thị trường khác thuộc châu Úc,33.0
2018,9,Hoa Kỳ,42683.0
2018,9,Hà Lan,4663.0
2018,9,Hàn Quốc,277249.0
2018,9,Hồng Kông,6424.0
2018,9,Indonesia,8020.0
2018,9,Lào,10288.0
2018,9,Malaysia,47812.0
2018,9,Na Uy,975.0
2018,9,New Zealand,4899.0
2018,9,Nga,41615.0
2018,9,Nhật Bản,77980.0
2018,9,Philippines,13227.0
2018,9,Pháp,14324.0
2018,9,Phần Lan,632.0
2018,9,Singapore,22690.0
2018,9,Thái Lan,23991.0
2018,9,Thụy sĩ,1541.0
2018,9,Thụy Điển,1391.0
2018,9,Trung Quốc,407087.0
2018,9,Tây Ban Nha,9479.0
2018,9,Vương quốc Anh,18594.0
2018,9,Úc,28361.0
2018,9,Ý,3998.0
2018,9,Đan mạch,1563.0
2018,9,Đài Loan,58399.0
2018,9,Đức,13429.0
2018,9,Ấn Độ,10531.0
2018,10,Châu Á,960172.0
2018,10,Châu Mỹ,63274.0
2018,10,Châu Âu,139393.0
2018,10,Châu Úc,38624.0
2018,10,Châu Phi,3694.0
2018,10,Ba Lan,
2018,10,Bỉ,2082.0
2018,10,Campuchia,14963.0
2018,10,Canada,10171.0
2018,10,Các thị trường khác thuộc châu Mỹ,5244.0
2018,10,Các thị trường khác thuộc châu Phi,3694.0
2018,10,Các thị trường khác thuộc châu Á,10534.0
2018,10,Các thị trường khác thuộc châu Âu,14548.0
2018,10,Các thị trường khác thuộc châu Úc,96.0
2018,10,Hoa Kỳ,47859.0
2018,10,Hà Lan,5305.0
2018,10,Hàn Quốc,303417.0
2018,10,Hồng Kông,5541.0
2018,10,Indonesia,6444.0
2018,10,Lào,8339.0
2018,10,Malaysia,40635.0
2018,10,Na Uy,1328.0
2018,10,New Zealand,5133.0
2018,10,Nga,40777.0
2018,10,Nhật Bản,60254.0
2018,10,Philippines,12067.0
2018,10,Pháp,17534.0
2018,10,Phần Lan,1038.0
2018,10,Singapore,20928.0
2018,10,Thái Lan,32817.0
2018,10,Thụy sĩ,2445.0
2018,10,Thụy Điển,2078.0
2018,10,Trung Quốc,371361.0
2018,10,Tây Ban Nha,7366.0
2018,10,Vương quốc Anh,22009.0
2018,10,Úc,33395.0
2018,10,Ý,3794.0
2018,10,Đan mạch,2654.0
2018,10,Đài Loan,61105.0
2018,10,Đức,16435.0
2018,10,Ấn Độ,11767.0
2018,11,Châu Á,994349.0
2018,11,Châu Mỹ,76522.0
2018,11,Châu Âu,196578.0
2018,11,Châu Úc,31084.0
2018,11,Châu Phi,3376.0
2018,11,Ba Lan,
2018,11,Bỉ,3073.0
2018,11,Campuchia,13310.0
2018,11,Canada,14390.0
2018,11,Các thị trường khác thuộc châu Mỹ,6290.0
2018,11,Các thị trường khác thuộc châu Phi,3376.0
2018,11,Các thị trường khác thuộc châu Á,11958.0
2018,11,Các thị trường khác thuộc châu Âu,22571.0
2018,11,Các thị trường khác thuộc châu Úc,66.0
2018,11,Hoa Kỳ,55842.0
2018,11,Hà Lan,6576.0
2018,11,Hàn Quốc,293481.0
2018,11,Hồng Kông,5937.0
2018,11,Indonesia,7737.0
2018,11,Lào,6438.0
2018,11,Malaysia,52338.0
2018,11,Na Uy,2117.0
2018,11,New Zealand,3348.0
2018,11,Nga,56416.0
2018,11,Nhật Bản,72008.0
2018,11,Philippines,15097.0
2018,11,Pháp,27625.0
2018,11,Phần Lan,1267.0
2018,11,Singapore,24848.0
2018,11,Thái Lan,37303.0
2018,11,Thụy sĩ,3769.0
2018,11,Thụy Điển,3877.0
2018,11,Trung Quốc,380139.0
2018,11,Tây Ban Nha,7874.0
2018,11,Vương quốc Anh,27568.0
2018,11,Úc,27670.0
2018,11,Ý,6750.0
2018,11,Đan mạch,2918.0
2018,11,Đài Loan,60943.0
2018,11,Đức,24177.0
2018,11,Ấn Độ,12812.0
2018,12,Châu Á,1091610.0
2018,12,Châu Mỹ,73133.0
2018,12,Châu Âu,170743.0
2018,12,Châu Úc,34141.0
2018,12,Châu Phi,4608.0
2018,12,Ba Lan,
2018,12,Bỉ,2282.0
2018,12,Campuchia,18555.0
2018,12,Canada,13199.0
2018,12,Các thị trường khác thuộc châu Mỹ,5043.0
2018,12,Các thị trường khác thuộc châu Phi,4608.0
2018,12,Các thị trường khác thuộc châu Á,14056.0
2018,12,Các thị trường khác thuộc châu Âu,20722.0
2018,12,Các thị trường khác thuộc châu Úc,82.0
2018,12,Hoa Kỳ,54891.0
2018,12,Hà Lan,5863.0
2018,12,Hàn Quốc,324545.0
2018,12,Hồng Kông,5521.0
2018,12,Indonesia,6939.0
2018,12,Lào,8937.0
2018,12,Malaysia,65298.0
2018,12,Na Uy,1985.0
2018,12,New Zealand,3050.0
2018,12,Nga,54458.0
2018,12,Nhật Bản,70711.0
2018,12,Philippines,14357.0
2018,12,Pháp,21009.0
2018,12,Phần Lan,2486.0
2018,12,Singapore,37689.0
2018,12,Thái Lan,42603.0
2018,12,Thụy sĩ,3369.0
2018,12,Thụy Điển,5385.0
2018,12,Trung Quốc,405573.0
2018,12,Tây Ban Nha,4355.0
2018,12,Vương quốc Anh,22500.0
2018,12,Úc,31009.0
2018,12,Ý,5382.0
2018,12,Đan mạch,2695.0
2018,12,Đài Loan,64365.0
2018,12,Đức,18252.0
2018,12,Ấn Độ,12461.0
2019,1,Châu Á,1103656.0
2019,1,Châu Mỹ,105309.0
2019,1,Châu Âu,232507.0
2019,1,Châu Úc,55388.0
2019,1,Châu Phi,4906.0
2019,1,Ba Lan,
2019,1,Bỉ,2564.0
2019,1,Campuchia,9521.0
2019,1,Canada,17358.0
2019,1,Các thị trường khác thuộc châu Mỹ,7293.0
2019,1,Các thị trường khác thuộc châu Phi,4906.0
2019,1,Các thị trường khác thuộc châu Á,16414.0
2019,1,Các thị trường khác thuộc châu Âu,26431.0
2019,1,Các thị trường khác thuộc châu Úc,81.0
2019,1,Hoa Kỳ,80658.0
2019,1,Hà Lan,6870.0
2019,1,Hàn Quốc,388977.0
2019,1,Hồng Kông,6324.0
2019,1,Indonesia,9813.0
2019,1,Lào,6788.0
2019,1,Malaysia,48147.0
2019,1,Na Uy,3063.0
2019,1,New Zealand,4970.0
2019,1,Nga,75964.0
2019,1,Nhật Bản,79981.0
2019,1,Philippines,15764.0
2019,1,Pháp,26992.0
2019,1,Phần Lan,4649.0
2019,1,Singapore,25167.0
2019,1,Thái Lan,45105.0
2019,1,Thụy sĩ,4544.0
2019,1,Thụy Điển,11239.0
2019,1,Trung Quốc,373537.0
2019,1,Tây Ban Nha,4595.0
2019,1,Vương quốc Anh,29545.0
2019,1,Úc,50337.0
2019,1,Ý,8741.0
2019,1,Đan mạch,5460.0
2019,1,Đài Loan,63789.0
2019,1,Đức,21850.0
2019,1,Ấn Độ,14329.0
2019,2,Châu Á,1219310.0
2019,2,Châu Mỹ,103305.0
2019,2,Châu Âu,228986.0
2019,2,Châu Úc,33084.0
2019,2,Châu Phi,3476.0
2019,2,Ba Lan,
2019,2,Bỉ,2537.0
2019,2,Campuchia,13696.0
2019,2,Canada,19195.0
2019,2,Các thị trường khác thuộc châu Mỹ,6687.0
2019,2,Các thị trường khác thuộc châu Phi,3476.0
2019,2,Các thị trường khác thuộc châu Á,13559.0
2019,2,Các thị trường khác thuộc châu Âu,26895.0
2019,2,Các thị trường khác thuộc châu Úc,73.0
2019,2,Hoa Kỳ,77423.0
2019,2,Hà Lan,7079.0
2019,2,Hàn Quốc,383205.0
2019,2,Hồng Kông,4660.0
2019,2,Indonesia,6174.0
2019,2,Lào,11913.0
2019,2,Malaysia,43369.0
2019,2,Na Uy,3831.0
2019,2,New Zealand,2725.0
2019,2,Nga,70774.0
2019,2,Nhật Bản,70841.0
2019,2,Philippines,12934.0
2019,2,Pháp,28145.0
2019,2,Phần Lan,3864.0
2019,2,Singapore,18441.0
2019,2,Thái Lan,34877.0
2019,2,Thụy sĩ,3965.0
2019,2,Thụy Điển,10087.0
2019,2,Trung Quốc,516351.0
2019,2,Tây Ban Nha,3828.0
2019,2,Vương quốc Anh,30967.0
2019,2,Úc,30286.0
2019,2,Ý,6799.0
2019,2,Đan mạch,6238.0
2019,2,Đài Loan,77916.0
2019,2,Đức,23977.0
2019,2,Ấn Độ,11374.0
2019,3,Châu Á,1067426.0
2019,3,Châu Mỹ,84845.0
2019,3,Châu Âu,223742.0
2019,3,Châu Úc,30855.0
2019,3,Châu Phi,3319.0
2019,3,Ba Lan,
2019,3,Bỉ,2549.0
2019,3,Campuchia,10774.0
2019,3,Canada,17212.0
2019,3,Các thị trường khác thuộc châu Mỹ,6014.0
2019,3,Các thị trường khác thuộc châu Phi,3319.0
2019,3,Các thị trường khác thuộc châu Á,12822.0
2019,3,Các thị trường khác thuộc châu Âu,25349.0
2019,3,Các thị trường khác thuộc châu Úc,100.0
2019,3,Hoa Kỳ,61619.0
2019,3,Hà Lan,6746.0
2019,3,Hàn Quốc,335612.0
2019,3,Hồng Kông,5467.0
2019,3,Indonesia,8379.0
2019,3,Lào,7869.0
2019,3,Malaysia,52113.0
2019,3,Na Uy,2494.0
2019,3,New Zealand,2856.0
2019,3,Nga,68880.0
2019,3,Nhật Bản,82533.0
2019,3,Philippines,13430.0
2019,3,Pháp,32185.0
2019,3,Phần Lan,3081.0
2019,3,Singapore,24651.0
2019,3,Thái Lan,44606.0
2019,3,Thụy sĩ,3298.0
2019,3,Thụy Điển,6643.0
2019,3,Trung Quốc,391185.0
2019,3,Tây Ban Nha,4115.0
2019,3,Vương quốc Anh,29367.0
2019,3,Úc,27899.0
2019,3,Ý,7387.0
2019,3,Đan mạch,5264.0
2019,3,Đài Loan,65390.0
2019,3,Đức,26384.0
2019,3,Ấn Độ,12595.0
2019,4,Châu Á,1132070.0
2019,4,Châu Mỹ,81863.0
2019,4,Châu Âu,206205.0
2019,4,Châu Úc,44298.0
2019,4,Châu Phi,4330.0
2019,4,Ba Lan,
2019,4,Bỉ,3530.0
2019,4,Campuchia,12844.0
2019,4,Canada,14364.0
2019,4,Các thị trường khác thuộc châu Mỹ,6203.0
2019,4,Các thị trường khác thuộc châu Phi,4330.0
2019,4,Các thị trường khác thuộc châu Á,17462.0
2019,4,Các thị trường khác thuộc châu Âu,20913.0
2019,4,Các thị trường khác thuộc châu Úc,99.0
2019,4,Hoa Kỳ,61296.0
2019,4,Hà Lan,6166.0
2019,4,Hàn Quốc,338085.0
2019,4,Hồng Kông,2949.0
2019,4,Indonesia,12174.0
2019,4,Lào,7763.0
2019,4,Malaysia,61834.0
2019,4,Na Uy,2646.0
2019,4,New Zealand,5520.0
2019,4,Nga,58164.0
2019,4,Nhật Bản,69449.0
2019,4,Philippines,16004.0
2019,4,Pháp,32159.0
2019,4,Phần Lan,1337.0
2019,4,Singapore,26242.0
2019,4,Thái Lan,50189.0
2019,4,Thụy sĩ,4187.0
2019,4,Thụy Điển,3350.0
2019,4,Trung Quốc,426746.0
2019,4,Tây Ban Nha,5584.0
2019,4,Vương quốc Anh,34169.0
2019,4,Úc,38679.0
2019,4,Ý,6035.0
2019,4,Đan mạch,4483.0
2019,4,Đài Loan,77215.0
2019,4,Đức,23482.0
2019,4,Ấn Độ,13114.0
2019,5,Châu Á,1080932.0
2019,5,Châu Mỹ,66260.0
2019,5,Châu Âu,143270.0
2019,5,Châu Úc,32536.0
2019,5,Châu Phi,3670.0
2019,5,Ba Lan,
2019,5,Bỉ,1778.0
2019,5,Campuchia,8345.0
2019,5,Canada,12365.0
2019,5,Các thị trường khác thuộc châu Mỹ,5658.0
2019,5,Các thị trường khác thuộc châu Phi,3670.0
2019,5,Các thị trường khác thuộc châu Á,11556.0
2019,5,Các thị trường khác thuộc châu Âu,15841.0
2019,5,Các thị trường khác thuộc châu Úc,316.0
2019,5,Hoa Kỳ,48237.0
2019,5,Hà Lan,5631.0
2019,5,Hàn Quốc,318326.0
2019,5,Hồng Kông,3171.0
2019,5,Indonesia,7336.0
2019,5,Lào,8194.0
2019,5,Malaysia,47006.0
2019,5,Na Uy,1030.0
2019,5,New Zealand,3805.0
2019,5,Nga,45944.0
2019,5,Nhật Bản,86123.0
2019,5,Philippines,14789.0
2019,5,Pháp,22459.0
2019,5,Phần Lan,844.0
2019,5,Singapore,22102.0
2019,5,Thái Lan,40899.0
2019,5,Thụy sĩ,2039.0
2019,5,Thụy Điển,1774.0
2019,5,Trung Quốc,427788.0
2019,5,Tây Ban Nha,4511.0
2019,5,Vương quốc Anh,22235.0
2019,5,Úc,28415.0
2019,5,Ý,4532.0
2019,5,Đan mạch,1910.0
2019,5,Đài Loan,72921.0
2019,5,Đức,12742.0
2019,5,Ấn Độ,12376.0
2019,6,Châu Á,964123.0
2019,6,Châu Mỹ,77259.0
2019,6,Châu Âu,113074.0
2019,6,Châu Úc,28077.0
2019,6,Châu Phi,2912.0
2019,6,Ba Lan,
2019,6,Bỉ,1509.0
2019,6,Campuchia,3335.0
2019,6,Canada,8971.0
2019,6,Các thị trường khác thuộc châu Mỹ,4437.0
2019,6,Các thị trường khác thuộc châu Phi,2912.0
2019,6,Các thị trường khác thuộc châu Á,10211.0
2019,6,Các thị trường khác thuộc châu Âu,11734.0
2019,6,Các thị trường khác thuộc châu Úc,81.0
2019,6,Hoa Kỳ,63851.0
2019,6,Hà Lan,4591.0
2019,6,Hàn Quốc,314397.0
2019,6,Hồng Kông,2735.0
2019,6,Indonesia,10494.0
2019,6,Lào,4014.0
2019,6,Malaysia,46016.0
2019,6,Na Uy,1445.0
2019,6,New Zealand,3296.0
2019,6,Nga,39055.0
2019,6,Nhật Bản,66772.0
2019,6,Philippines,14990.0
2019,6,Pháp,13179.0
2019,6,Phần Lan,760.0
2019,6,Singapore,27686.0
2019,6,Thái Lan,29642.0
2019,6,Thụy sĩ,1336.0
2019,6,Thụy Điển,1790.0
2019,6,Trung Quốc,347724.0
2019,6,Tây Ban Nha,4202.0
2019,6,Vương quốc Anh,18770.0
2019,6,Úc,24700.0
2019,6,Ý,3228.0
2019,6,Đan mạch,1446.0
2019,6,Đài Loan,73083.0
2019,6,Đức,10029.0
2019,6,Ấn Độ,13024.0
2019,7,Châu Á,1033367.0
2019,7,Châu Mỹ,88231.0
2019,7,Châu Âu,150355.0
2019,7,Châu Úc,40121.0
2019,7,Châu Phi,3718.0
2019,7,Ba Lan,
2019,7,Bỉ,4833.0
2019,7,Campuchia,5289.0
2019,7,Canada,10951.0
2019,7,Các thị trường khác thuộc châu Mỹ,4653.0
2019,7,Các thị trường khác thuộc châu Phi,3718.0
2019,7,Các thị trường khác thuộc châu Á,11140.0
2019,7,Các thị trường khác thuộc châu Âu,14693.0
2019,7,Các thị trường khác thuộc châu Úc,88.0
2019,7,Hoa Kỳ,72627.0
2019,7,Hà Lan,8632.0
2019,7,Hàn Quốc,321493.0
2019,7,Hồng Kông,2397.0
2019,7,Indonesia,8317.0
2019,7,Lào,5696.0
2019,7,Malaysia,38849.0
2019,7,Na Uy,4801.0
2019,7,New Zealand,5302.0
2019,7,Nga,38030.0
2019,7,Nhật Bản,68782.0
2019,7,Philippines,12789.0
2019,7,Pháp,19558.0
2019,7,Phần Lan,779.0
2019,7,Singapore,21192.0
2019,7,Thái Lan,32043.0
2019,7,Thụy sĩ,2925.0
2019,7,Thụy Điển,2881.0
2019,7,Trung Quốc,406926.0
2019,7,Tây Ban Nha,7752.0
2019,7,Vương quốc Anh,22178.0
2019,7,Úc,34731.0
2019,7,Ý,3457.0
2019,7,Đan mạch,5072.0
2019,7,Đài Loan,86701.0
2019,7,Đức,14764.0
2019,7,Ấn Độ,11753.0
2019,8,Châu Á,1227467.0
2019,8,Châu Mỹ,68953.0
2019,8,Châu Âu,180433.0
2019,8,Châu Úc,31685.0
2019,8,Châu Phi,3909.0
2019,8,Ba Lan,
2019,8,Bỉ,3676.0
2019,8,Campuchia,7075.0
2019,8,Canada,9736.0
2019,8,Các thị trường khác thuộc châu Mỹ,4533.0
2019,8,Các thị trường khác thuộc châu Phi,3909.0
2019,8,Các thị trường khác thuộc châu Á,14193.0
2019,8,Các thị trường khác thuộc châu Âu,16599.0
2019,8,Các thị trường khác thuộc châu Úc,50.0
2019,8,Hoa Kỳ,54684.0
2019,8,Hà Lan,11705.0
2019,8,Hàn Quốc,401038.0
2019,8,Hồng Kông,2303.0
2019,8,Indonesia,7692.0
2019,8,Lào,6780.0
2019,8,Malaysia,45482.0
2019,8,Na Uy,1823.0
2019,8,New Zealand,3927.0
2019,8,Nga,39967.0
2019,8,Nhật Bản,96250.0
2019,8,Philippines,13833.0
2019,8,Pháp,26247.0
2019,8,Phần Lan,587.0
2019,8,Singapore,24276.0
2019,8,Thái Lan,33594.0
2019,8,Thụy sĩ,2558.0
2019,8,Thụy Điển,1594.0
2019,8,Trung Quốc,482004.0
2019,8,Tây Ban Nha,17944.0
2019,8,Vương quốc Anh,29491.0
2019,8,Úc,27708.0
2019,8,Ý,9542.0
2019,8,Đan mạch,2274.0
2019,8,Đài Loan,79339.0
2019,8,Đức,16426.0
2019,8,Ấn Độ,13608.0
2019,9,Châu Á,1327814.0
2019,9,Châu Mỹ,61768.0
2019,9,Châu Âu,134278.0
2019,9,Châu Úc,33204.0
2019,9,Châu Phi,4210.0
2019,9,Ba Lan,
2019,9,Bỉ,2766.0
2019,9,Campuchia,37633.0
2019,9,Canada,8472.0
2019,9,Các thị trường khác thuộc châu Mỹ,4578.0
2019,9,Các thị trường khác thuộc châu Phi,4210.0
2019,9,Các thị trường khác thuộc châu Á,12065.0
2019,9,Các thị trường khác thuộc châu Âu,14864.0
2019,9,Các thị trường khác thuộc châu Úc,123.0
2019,9,Hoa Kỳ,48718.0
2019,9,Hà Lan,5085.0
2019,9,Hàn Quốc,339560.0
2019,9,Hồng Kông,1798.0
2019,9,Indonesia,9040.0
2019,9,Lào,12836.0
2019,9,Malaysia,50471.0
2019,9,Na Uy,1066.0
2019,9,New Zealand,3956.0
2019,9,Nga,41390.0
2019,9,Nhật Bản,91801.0
2019,9,Philippines,16248.0
2019,9,Pháp,14967.0
2019,9,Phần Lan,614.0
2019,9,Singapore,25371.0
2019,9,Thái Lan,34350.0
2019,9,Thụy sĩ,1453.0
2019,9,Thụy Điển,1327.0
2019,9,Trung Quốc,604922.0
2019,9,Tây Ban Nha,10414.0
2019,9,Vương quốc Anh,20633.0
2019,9,Úc,29125.0
2019,9,Ý,4313.0
2019,9,Đan mạch,1673.0
2019,9,Đài Loan,78117.0
2019,9,Đức,13713.0
2019,9,Ấn Độ,13602.0
2019,10,Châu Á,1355413.0
2019,10,Châu Mỹ,69750.0
2019,10,Châu Âu,149554.0
2019,10,Châu Úc,39208.0
2019,10,Châu Phi,4412.0
2019,10,Ba Lan,
2019,10,Bỉ,2105.0
2019,10,Campuchia,41656.0
2019,10,Canada,10647.0
2019,10,Các thị trường khác thuộc châu Mỹ,5791.0
2019,10,Các thị trường khác thuộc châu Phi,4412.0
2019,10,Các thị trường khác thuộc châu Á,4252.0
2019,10,Các thị trường khác thuộc châu Âu,17504.0
2019,10,Các thị trường khác thuộc châu Úc,116.0
2019,10,Hoa Kỳ,53312.0
2019,10,Hà Lan,5621.0
2019,10,Hàn Quốc,361113.0
2019,10,Hồng Kông,16434.0
2019,10,Indonesia,8706.0
2019,10,Lào,9710.0
2019,10,Malaysia,46783.0
2019,10,Na Uy,1399.0
2019,10,New Zealand,4486.0
2019,10,Nga,41561.0
2019,10,Nhật Bản,74142.0
2019,10,Philippines,15266.0
2019,10,Pháp,18952.0
2019,10,Phần Lan,822.0
2019,10,Singapore,22728.0
2019,10,Thái Lan,52604.0
2019,10,Thụy sĩ,2585.0
2019,10,Thụy Điển,1922.0
2019,10,Trung Quốc,597589.0
2019,10,Tây Ban Nha,7217.0
2019,10,Vương quốc Anh,25006.0
2019,10,Úc,34606.0
2019,10,Ý,4485.0
2019,10,Đan mạch,2589.0
2019,10,Đài Loan,87996.0
2019,10,Đức,17786.0
2019,10,Ấn Độ,16434.0
2019,11,Châu Á,1467203.0
2019,11,Châu Mỹ,84292.0
2019,11,Châu Âu,222846.0
2019,11,Châu Úc,31193.0
2019,11,Châu Phi,4046.0
2019,11,Ba Lan,
2019,11,Bỉ,3651.0
2019,11,Campuchia,50270.0
2019,11,Canada,16028.0
2019,11,Các thị trường khác thuộc châu Mỹ,6813.0
2019,11,Các thị trường khác thuộc châu Phi,4046.0
2019,11,Các thị trường khác thuộc châu Á,14367.0
2019,11,Các thị trường khác thuộc châu Âu,28471.0
2019,11,Các thị trường khác thuộc châu Úc,519.0
2019,11,Hoa Kỳ,61451.0
2019,11,Hà Lan,7040.0
2019,11,Hàn Quốc,364260.0
2019,11,Hồng Kông,2024.0
2019,11,Indonesia,9106.0
2019,11,Lào,9153.0
2019,11,Malaysia,55788.0
2019,11,Na Uy,2192.0
2019,11,New Zealand,3319.0
2019,11,Nga,65918.0
2019,11,Nhật Bản,85551.0
2019,11,Philippines,18164.0
2019,11,Pháp,30916.0
2019,11,Phần Lan,1489.0
2019,11,Singapore,30247.0
2019,11,Thái Lan,53292.0
2019,11,Thụy sĩ,4049.0
2019,11,Thụy Điển,3605.0
2019,11,Trung Quốc,673221.0
2019,11,Tây Ban Nha,8346.0
2019,11,Vương quốc Anh,30165.0
2019,11,Úc,27355.0
2019,11,Ý,7193.0
2019,11,Đan mạch,2929.0
2019,11,Đài Loan,83771.0
2019,11,Đức,26882.0
2019,11,Ấn Độ,17989.0
2019,12,Châu Á,1407537.0
2019,12,Châu Mỹ,81959.0
2019,12,Châu Âu,182902.0
2019,12,Châu Úc,32721.0
2019,12,Châu Phi,5049.0
2019,12,Ba Lan,
2019,12,Bỉ,2689.0
2019,12,Campuchia,27472.0
2019,12,Canada,13822.0
2019,12,Các thị trường khác thuộc châu Mỹ,5842.0
2019,12,Các thị trường khác thuộc châu Phi,5049.0
2019,12,Các thị trường khác thuộc châu Á,14471.0
2019,12,Các thị trường khác thuộc châu Âu,24288.0
2019,12,Các thị trường khác thuộc châu Úc,125.0
2019,12,Hoa Kỳ,62295.0
2019,12,Hà Lan,5926.0
2019,12,Hàn Quốc,424736.0
2019,12,Hồng Kông,1356.0
2019,12,Indonesia,9457.0
2019,12,Lào,7776.0
2019,12,Malaysia,70348.0
2019,12,Na Uy,2247.0
2019,12,New Zealand,2926.0
2019,12,Nga,60877.0
2019,12,Nhật Bản,79737.0
2019,12,Philippines,14979.0
2019,12,Pháp,21896.0
2019,12,Phần Lan,2654.0
2019,12,Singapore,40866.0
2019,12,Thái Lan,58601.0
2019,12,Thụy sĩ,3638.0
2019,12,Thụy Điển,4492.0
2019,12,Trung Quốc,558432.0
2019,12,Tây Ban Nha,5089.0
2019,12,Vương quốc Anh,22558.0
2019,12,Úc,29670.0
2019,12,Ý,5086.0
2019,12,Đan mạch,2705.0
2019,12,Đài Loan,80506.0
2019,12,Đức,18757.0
2019,12,Ấn Độ,18800.0
2020,1,Châu Á,1543857.0
2020,1,Châu Mỹ,125364.0
2020,1,Châu Âu,259189.0
2020,1,Châu Úc,59729.0
2020,1,Châu Phi,5986.0
2020,1,Ba Lan,
2020,1,Bỉ,2782.0
2020,1,Campuchia,40930.0
2020,1,Canada,19692.0
2020,1,Các thị trường khác thuộc châu Mỹ,9124.0
2020,1,Các thị trường khác thuộc châu Phi,5986.0
2020,1,Các thị trường khác thuộc châu Á,18786.0
2020,1,Các thị trường khác thuộc châu Âu,32550.0
2020,1,Các thị trường khác thuộc châu Úc,330.0
2020,1,Hoa Kỳ,96548.0
2020,1,Hà Lan,7129.0
2020,1,Hàn Quốc,468423.0
2020,1,Hồng Kông,1505.0
2020,1,Indonesia,12378.0
2020,1,Lào,9672.0
2020,1,Malaysia,50801.0
2020,1,Na Uy,3656.0
2020,1,New Zealand,5508.0
2020,1,Nga,88228.0
2020,1,Nhật Bản,89082.0
2020,1,Philippines,16419.0
2020,1,Pháp,28419.0
2020,1,Phần Lan,4401.0
2020,1,Singapore,26884.0
2020,1,Thái Lan,63182.0
2020,1,Thụy sĩ,5039.0
2020,1,Thụy Điển,10625.0
2020,1,Trung Quốc,644702.0
2020,1,Tây Ban Nha,5099.0
2020,1,Vương quốc Anh,32114.0
2020,1,Úc,53891.0
2020,1,Ý,10018.0
2020,1,Đan mạch,5178.0
2020,1,Đài Loan,76114.0
2020,1,Đức,23951.0
2020,1,Ấn Độ,24979.0
2020,2,Châu Á,887482.0
2020,2,Châu Mỹ,81476.0
2020,2,Châu Âu,242897.0
2020,2,Châu Úc,26997.0
2020,2,Châu Phi,3879.0
2020,2,Ba Lan,
2020,2,Bỉ,2699.0
2020,2,Campuchia,44280.0
2020,2,Canada,16049.0
2020,2,Các thị trường khác thuộc châu Mỹ,6922.0
2020,2,Các thị trường khác thuộc châu Phi,3879.0
2020,2,Các thị trường khác thuộc châu Á,11392.0
2020,2,Các thị trường khác thuộc châu Âu,30924.0
2020,2,Các thị trường khác thuộc châu Úc,107.0
2020,2,Hoa Kỳ,58505.0
2020,2,Hà Lan,6941.0
2020,2,Hàn Quốc,321967.0
2020,2,Hồng Kông,1072.0
2020,2,Indonesia,5611.0
2020,2,Lào,14747.0
2020,2,Malaysia,42199.0
2020,2,Na Uy,3656.0
2020,2,New Zealand,2375.0
2020,2,Nga,84516.0
2020,2,Nhật Bản,73879.0
2020,2,Philippines,12886.0
2020,2,Pháp,28940.0
2020,2,Phần Lan,3852.0
2020,2,Singapore,14959.0
2020,2,Thái Lan,44372.0
2020,2,Thụy sĩ,3801.0
2020,2,Thụy Điển,7480.0
2020,2,Trung Quốc,193923.0
2020,2,Tây Ban Nha,4099.0
2020,2,Vương quốc Anh,31446.0
2020,2,Úc,24515.0
2020,2,Ý,6215.0
2020,2,Đan mạch,6197.0
2020,2,Đài Loan,93758.0
2020,2,Đức,22131.0
2020,2,Ấn Độ,12437.0
2020,3,Châu Á,243028.0
2020,3,Châu Mỹ,27210.0
2020,3,Châu Âu,162165.0
2020,3,Châu Úc,15455.0
2020,3,Châu Phi,2065.0
2020,3,Ba Lan,
2020,3,Bỉ,1971.0
2020,3,Campuchia,35220.0
2020,3,Canada,6066.0
2020,3,Các thị trường khác thuộc châu Mỹ,3491.0
2020,3,Các thị trường khác thuộc châu Phi,2065.0
2020,3,Các thị trường khác thuộc châu Á,10196.0
2020,3,Các thị trường khác thuộc châu Âu,17061.0
2020,3,Các thị trường khác thuộc châu Úc,47.0
2020,3,Hoa Kỳ,17653.0
2020,3,Hà Lan,4195.0
2020,3,Hàn Quốc,28699.0
2020,3,Hồng Kông,1203.0
2020,3,Indonesia,3457.0
2020,3,Lào,12391.0
2020,3,Malaysia,23221.0
2020,3,Na Uy,1646.0
2020,3,New Zealand,1587.0
2020,3,Nga,72222.0
2020,3,Nhật Bản,37385.0
2020,3,Philippines,7664.0
2020,3,Pháp,17121.0
2020,3,Phần Lan,1741.0
2020,3,Singapore,9883.0
2020,3,Thái Lan,18171.0
2020,3,Thụy sĩ,2005.0
2020,3,Thụy Điển,3752.0
2020,3,Trung Quốc,33194.0
2020,3,Tây Ban Nha,2585.0
2020,3,Vương quốc Anh,17873.0
2020,3,Úc,13821.0
2020,3,Ý,1541.0
2020,3,Đan mạch,3069.0
2020,3,Đài Loan,22344.0
2020,3,Đức,15383.0
2020,3,Ấn Độ,
2020,4,Châu Á,
2020,4,Châu Mỹ,
2020,4,Châu Âu,
2020,4,Châu Úc,
2020,4,Châu Phi,
2020,4,Ba Lan,
2020,4,Bỉ,
2020,4,Campuchia,
2020,4,Canada,
2020,4,Các thị trường khác thuộc châu Mỹ,
2020,4,Các thị trường khác thuộc châu Phi,
2020,4,Các thị trường khác thuộc châu Á,
2020,4,Các thị trường khác thuộc châu Âu,
2020,4,Các thị trường khác thuộc châu Úc,
2020,4,Hoa Kỳ,
2020,4,Hà Lan,
2020,4,Hàn Quốc,
2020,4,Hồng Kông,
2020,4,Indonesia,
2020,4,Lào,
2020,4,Malaysia,
2020,4,Na Uy,
2020,4,New Zealand,
2020,4,Nga,
2020,4,Nhật Bản,
2020,4,Philippines,
2020,4,Pháp,
2020,4,Phần Lan,
2020,4,Singapore,
2020,4,Thái Lan,
2020,4,Thụy sĩ,
2020,4,Thụy Điển,
2020,4,Trung Quốc,
2020,4,Tây Ban Nha,
2020,4,Vương quốc Anh,
2020,4,Úc,
2020,4,Ý,
2020,4,Đan mạch,
2020,4,Đài Loan,
2020,4,Đức,
2020,4,Ấn Độ,
2020,5,Châu Á,
2020,5,Châu Mỹ,
2020,5,Châu Âu,
2020,5,Châu Úc,
2020,5,Châu Phi,
2020,5,Ba Lan,
2020,5,Bỉ,
2020,5,Campuchia,
2020,5,Canada,
2020,5,Các thị trường khác thuộc châu Mỹ,
2020,5,Các thị trường khác thuộc châu Phi,
2020,5,Các thị trường khác thuộc châu Á,
2020,5,Các thị trường khác thuộc châu Âu,
2020,5,Các thị trường khác thuộc châu Úc,
2020,5,Hoa Kỳ,
2020,5,Hà Lan,
2020,5,Hàn Quốc,
2020,5,Hồng Kông,
2020,5,Indonesia,
2020,5,Lào,
2020,5,Malaysia,
2020,5,Na Uy,
2020,5,New Zealand,
2020,5,Nga,
2020,5,Nhật Bản,
2020,5,Philippines,
2020,5,Pháp,
2020,5,Phần Lan,
2020,5,Singapore,
2020,5,Thái Lan,
2020,5,Thụy sĩ,
2020,5,Thụy Điển,
2020,5,Trung Quốc,
2020,5,Tây Ban Nha,
2020,5,Vương quốc Anh,
2020,5,Úc,
2020,5,Ý,
2020,5,Đan mạch,
2020,5,Đài Loan,
2020,5,Đức,
2020,5,Ấn Độ,
2020,6,Châu Á,
2020,6,Châu Mỹ,
2020,6,Châu Âu,
2020,6,Châu Úc,
2020,6,Châu Phi,
2020,6,Ba Lan,
2020,6,Bỉ,
2020,6,Campuchia,
2020,6,Canada,
2020,6,Các thị trường khác thuộc châu Mỹ,
2020,6,Các thị trường khác thuộc châu Phi,
2020,6,Các thị trường khác thuộc châu Á,
2020,6,Các thị trường khác thuộc châu Âu,
2020,6,Các thị trường khác thuộc châu Úc,
2020,6,Hoa Kỳ,
2020,6,Hà Lan,
2020,6,Hàn Quốc,
2020,6,Hồng Kông,
2020,6,Indonesia,
2020,6,Lào,
2020,6,Malaysia,
2020,6,Na Uy,
2020,6,New Zealand,
2020,6,Nga,
2020,6,Nhật Bản,
2020,6,Philippines,
2020,6,Pháp,
2020,6,Phần Lan,
2020,6,Singapore,
2020,6,Thái Lan,
2020,6,Thụy sĩ,
2020,6,Thụy Điển,
2020,6,Trung Quốc,
2020,6,Tây Ban Nha,
2020,6,Vương quốc Anh,
2020,6,Úc,
2020,6,Ý,
2020,6,Đan mạch,
2020,6,Đài Loan,
2020,6,Đức,
2020,6,Ấn Độ,
2020,7,Châu Á,
2020,7,Châu Mỹ,
2020,7,Châu Âu,
2020,7,Châu Úc,
2020,7,Châu Phi,
2020,7,Ba Lan,
2020,7,Bỉ,
2020,7,Campuchia,
2020,7,Canada,
2020,7,Các thị trường khác thuộc châu Mỹ,
2020,7,Các thị trường khác thuộc châu Phi,
2020,7,Các thị trường khác thuộc châu Á,
2020,7,Các thị trường khác thuộc châu Âu,
2020,7,Các thị trường khác thuộc châu Úc,
2020,7,Hoa Kỳ,
2020,7,Hà Lan,
2020,7,Hàn Quốc,
2020,7,Hồng Kông,
2020,7,Indonesia,
2020,7,Lào,
2020,7,Malaysia,
2020,7,Na Uy,
2020,7,New Zealand,
2020,7,Nga,
2020,7,Nhật Bản,
2020,7,Philippines,
2020,7,Pháp,
2020,7,Phần Lan,
2020,7,Singapore,
2020,7,Thái Lan,
2020,7,Thụy sĩ,
2020,7,Thụy Điển,
2020,7,Trung Quốc,
2020,7,Tây Ban Nha,
2020,7,Vương quốc Anh,
2020,7,Úc,
2020,7,Ý,
2020,7,Đan mạch,
2020,7,Đài Loan,
2020,7,Đức,
2020,7,Ấn Độ,
2020,8,Châu Á,
2020,8,Châu Mỹ,
2020,8,Châu Âu,
2020,8,Châu Úc,
2020,8,Châu Phi,
2020,8,Ba Lan,
2020,8,Bỉ,
2020,8,Campuchia,
2020,8,Canada,
2020,8,Các thị trường khác thuộc châu Mỹ,
2020,8,Các thị trường khác thuộc châu Phi,
2020,8,Các thị trường khác thuộc châu Á,
2020,8,Các thị trường khác thuộc châu Âu,
2020,8,Các thị trường khác thuộc châu Úc,
2020,8,Hoa Kỳ,
2020,8,Hà Lan,
2020,8,Hàn Quốc,
2020,8,Hồng Kông,
2020,8,Indonesia,
2020,8,Lào,
2020,8,Malaysia,
2020,8,Na Uy,
2020,8,New Zealand,
2020,8,Nga,
2020,8,Nhật Bản,
2020,8,Philippines,
2020,8,Pháp,
2020,8,Phần Lan,
2020,8,Singapore,
2020,8,Thái Lan,
2020,8,Thụy sĩ,
2020,8,Thụy Điển,
2020,8,Trung Quốc,
2020,8,Tây Ban Nha,
2020,8,Vương quốc Anh,
2020,8,Úc,
2020,8,Ý,
2020,8,Đan mạch,
2020,8,Đài Loan,
2020,8,Đức,
2020,8,Ấn Độ,
2020,9,Châu Á,
2020,9,Châu Mỹ,
2020,9,Châu Âu,
2020,9,Châu Úc,
2020,9,Châu Phi,
2020,9,Ba Lan,
2020,9,Bỉ,
2020,9,Campuchia,
2020,9,Canada,
2020,9,Các thị trường khác thuộc châu Mỹ,
2020,9,Các thị trường khác thuộc châu Phi,
2020,9,Các thị trường khác thuộc châu Á,
2020,9,Các thị trường khác thuộc châu Âu,
2020,9,Các thị trường khác thuộc châu Úc,
2020,9,Hoa Kỳ,
2020,9,Hà Lan,
2020,9,Hàn Quốc,
2020,9,Hồng Kông,
2020,9,Indonesia,
2020,9,Lào,
2020,9,Malaysia,
2020,9,Na Uy,
2020,9,New Zealand,
2020,9,Nga,
2020,9,Nhật Bản,
2020,9,Philippines,
2020,9,Pháp,
2020,9,Phần Lan,
2020,9,Singapore,
2020,9,Thái Lan,
2020,9,Thụy sĩ,
2020,9,Thụy Điển,
2020,9,Trung Quốc,
2020,9,Tây Ban Nha,
2020,9,Vương quốc Anh,
2020,9,Úc,
2020,9,Ý,
2020,9,Đan mạch,
2020,9,Đài Loan,
2020,9,Đức,
2020,9,Ấn Độ,
2020,10,Châu Á,
2020,10,Châu Mỹ,
2020,10,Châu Âu,
2020,10,Châu Úc,
2020,10,Châu Phi,
2020,10,Ba Lan,
2020,10,Bỉ,
2020,10,Campuchia,
2020,10,Canada,
2020,10,Các thị trường khác thuộc châu Mỹ,
2020,10,Các thị trường khác thuộc châu Phi,
2020,10,Các thị trường khác thuộc châu Á,
2020,10,Các thị trường khác thuộc châu Âu,
2020,10,Các thị trường khác thuộc châu Úc,
2020,10,Hoa Kỳ,
2020,10,Hà Lan,
2020,10,Hàn Quốc,
2020,10,Hồng Kông,
2020,10,Indonesia,
2020,10,Lào,
2020,10,Malaysia,
2020,10,Na Uy,
2020,10,New Zealand,
2020,10,Nga,
2020,10,Nhật Bản,
2020,10,Philippines,
2020,10,Pháp,
2020,10,Phần Lan,
2020,10,Singapore,
2020,10,Thái Lan,
2020,10,Thụy sĩ,
2020,10,Thụy Điển,
2020,10,Trung Quốc,
2020,10,Tây Ban Nha,
2020,10,Vương quốc Anh,
2020,10,Úc,
2020,10,Ý,
2020,10,Đan mạch,
2020,10,Đài Loan,
2020,10,Đức,
2020,10,Ấn Độ,
2020,11,Châu Á,
2020,11,Châu Mỹ,
2020,11,Châu Âu,
2020,11,Châu Úc,
2020,11,Châu Phi,
2020,11,Ba Lan,
2020,11,Bỉ,
2020,11,Campuchia,
2020,11,Canada,
2020,11,Các thị trường khác thuộc châu Mỹ,
2020,11,Các thị trường khác thuộc châu Phi,
2020,11,Các thị trường khác thuộc châu Á,
2020,11,Các thị trường khác thuộc châu Âu,
2020,11,Các thị trường khác thuộc châu Úc,
2020,11,Hoa Kỳ,
2020,11,Hà Lan,
2020,11,Hàn Quốc,
2020,11,Hồng Kông,
2020,11,Indonesia,
2020,11,Lào,
2020,11,Malaysia,
2020,11,Na Uy,
2020,11,New Zealand,
2020,11,Nga,
2020,11,Nhật Bản,
2020,11,Philippines,
2020,11,Pháp,
2020,11,Phần Lan,
2020,11,Singapore,
2020,11,Thái Lan,
2020,11,Thụy sĩ,
2020,11,Thụy Điển,
2020,11,Trung Quốc,
2020,11,Tây Ban Nha,
2020,11,Vương quốc Anh,
2020,11,Úc,
2020,11,Ý,
2020,11,Đan mạch,
2020,11,Đài Loan,
2020,11,Đức,
2020,11,Ấn Độ,
2020,12,Châu Á,
2020,12,Châu Mỹ,
2020,12,Châu Âu,
2020,12,Châu Úc,
2020,12,Châu Phi,
2020,12,Ba Lan,
2020,12,Bỉ,
2020,12,Campuchia,
2020,12,Canada,
2020,12,Các thị trường khác thuộc châu Mỹ,
2020,12,Các thị trường khác thuộc châu Phi,
2020,12,Các thị trường khác thuộc châu Á,
2020,12,Các thị trường khác thuộc châu Âu,
2020,12,Các thị trường khác thuộc châu Úc,
2020,12,Hoa Kỳ,
2020,12,Hà Lan,
2020,12,Hàn Quốc,
2020,12,Hồng Kông,
2020,12,Indonesia,
2020,12,Lào,
2020,12,Malaysia,
2020,12,Na Uy,
2020,12,New Zealand,
2020,12,Nga,
2020,12,Nhật Bản,
2020,12,Philippines,
2020,12,Pháp,
2020,12,Phần Lan,
2020,12,Singapore,
2020,12,Thái Lan,
2020,12,Thụy sĩ,
2020,12,Thụy Điển,
2020,12,Trung Quốc,
2020,12,Tây Ban Nha,
2020,12,Vương quốc Anh,
2020,12,Úc,
2020,12,Ý,
2020,12,Đan mạch,
2020,12,Đài Loan,
2020,12,Đức,
2020,12,Ấn Độ,
2021,1,Châu Á,
2021,1,Châu Mỹ,
2021,1,Châu Âu,
2021,1,Châu Úc,
2021,1,Châu Phi,
2021,1,Ba Lan,
2021,1,Bỉ,
2021,1,Campuchia,
2021,1,Canada,
2021,1,Các thị trường khác thuộc châu Mỹ,
2021,1,Các thị trường khác thuộc châu Phi,
2021,1,Các thị trường khác thuộc châu Á,
2021,1,Các thị trường khác thuộc châu Âu,
2021,1,Các thị trường khác thuộc châu Úc,
2021,1,Hoa Kỳ,
2021,1,Hà Lan,
2021,1,Hàn Quốc,
2021,1,Hồng Kông,
2021,1,Indonesia,
2021,1,Lào,
2021,1,Malaysia,
2021,1,Na Uy,
2021,1,New Zealand,
2021,1,Nga,
2021,1,Nhật Bản,
2021,1,Philippines,
2021,1,Pháp,
2021,1,Phần Lan,
2021,1,Singapore,
2021,1,Thái Lan,
2021,1,Thụy sĩ,
2021,1,Thụy Điển,
2021,1,Trung Quốc,
2021,1,Tây Ban Nha,
2021,1,Vương quốc Anh,
2021,1,Úc,
2021,1,Ý,
2021,1,Đan mạch,
2021,1,Đài Loan,
2021,1,Đức,
2021,1,Ấn Độ,
2021,2,Châu Á,
2021,2,Châu Mỹ,
2021,2,Châu Âu,
2021,2,Châu Úc,
2021,2,Châu Phi,
2021,2,Ba Lan,
2021,2,Bỉ,
2021,2,Campuchia,
2021,2,Canada,
2021,2,Các thị trường khác thuộc châu Mỹ,
2021,2,Các thị trường khác thuộc châu Phi,
2021,2,Các thị trường khác thuộc châu Á,
2021,2,Các thị trường khác thuộc châu Âu,
2021,2,Các thị trường khác thuộc châu Úc,
2021,2,Hoa Kỳ,
2021,2,Hà Lan,
2021,2,Hàn Quốc,
2021,2,Hồng Kông,
2021,2,Indonesia,
2021,2,Lào,
2021,2,Malaysia,
2021,2,Na Uy,
2021,2,New Zealand,
2021,2,Nga,
2021,2,Nhật Bản,
2021,2,Philippines,
2021,2,Pháp,
2021,2,Phần Lan,
2021,2,Singapore,
2021,2,Thái Lan,
2021,2,Thụy sĩ,
2021,2,Thụy Điển,
2021,2,Trung Quốc,
2021,2,Tây Ban Nha,
2021,2,Vương quốc Anh,
2021,2,Úc,
2021,2,Ý,
2021,2,Đan mạch,
2021,2,Đài Loan,
2021,2,Đức,
2021,2,Ấn Độ,
2021,3,Châu Á,
2021,3,Châu Mỹ,
2021,3,Châu Âu,
2021,3,Châu Úc,
2021,3,Châu Phi,
2021,3,Ba Lan,
2021,3,Bỉ,
2021,3,Campuchia,
2021,3,Canada,
2021,3,Các thị trường khác thuộc châu Mỹ,
2021,3,Các thị trường khác thuộc châu Phi,
2021,3,Các thị trường khác thuộc châu Á,
2021,3,Các thị trường khác thuộc châu Âu,
2021,3,Các thị trường khác thuộc châu Úc,
2021,3,Hoa Kỳ,
2021,3,Hà Lan,
2021,3,Hàn Quốc,
2021,3,Hồng Kông,
2021,3,Indonesia,
2021,3,Lào,
2021,3,Malaysia,
2021,3,Na Uy,
2021,3,New Zealand,
2021,3,Nga,
2021,3,Nhật Bản,
2021,3,Philippines,
2021,3,Pháp,
2021,3,Phần Lan,
2021,3,Singapore,
2021,3,Thái Lan,
2021,3,Thụy sĩ,
2021,3,Thụy Điển,
2021,3,Trung Quốc,
2021,3,Tây Ban Nha,
2021,3,Vương quốc Anh,
2021,3,Úc,
2021,3,Ý,
2021,3,Đan mạch,
2021,3,Đài Loan,
2021,3,Đức,
2021,3,Ấn Độ,
2021,4,Châu Á,
2021,4,Châu Mỹ,
2021,4,Châu Âu,
2021,4,Châu Úc,
2021,4,Châu Phi,
2021,4,Ba Lan,
2021,4,Bỉ,
2021,4,Campuchia,
2021,4,Canada,
2021,4,Các thị trường khác thuộc châu Mỹ,
2021,4,Các thị trường khác thuộc châu Phi,
2021,4,Các thị trường khác thuộc châu Á,
2021,4,Các thị trường khác thuộc châu Âu,
2021,4,Các thị trường khác thuộc châu Úc,
2021,4,Hoa Kỳ,
2021,4,Hà Lan,
2021,4,Hàn Quốc,
2021,4,Hồng Kông,
2021,4,Indonesia,
2021,4,Lào,
2021,4,Malaysia,
2021,4,Na Uy,
2021,4,New Zealand,
2021,4,Nga,
2021,4,Nhật Bản,
2021,4,Philippines,
2021,4,Pháp,
2021,4,Phần Lan,
2021,4,Singapore,
2021,4,Thái Lan,
2021,4,Thụy sĩ,
2021,4,Thụy Điển,
2021,4,Trung Quốc,
2021,4,Tây Ban Nha,
2021,4,Vương quốc Anh,
2021,4,Úc,
2021,4,Ý,
2021,4,Đan mạch,
2021,4,Đài Loan,
2021,4,Đức,
2021,4,Ấn Độ,
2021,5,Châu Á,
2021,5,Châu Mỹ,
2021,5,Châu Âu,
2021,5,Châu Úc,
2021,5,Châu Phi,
2021,5,Ba Lan,
2021,5,Bỉ,
2021,5,Campuchia,
2021,5,Canada,
2021,5,Các thị trường khác thuộc châu Mỹ,
2021,5,Các thị trường khác thuộc châu Phi,
2021,5,Các thị trường khác thuộc châu Á,
2021,5,Các thị trường khác thuộc châu Âu,
2021,5,Các thị trường khác thuộc châu Úc,
2021,5,Hoa Kỳ,
2021,5,Hà Lan,
2021,5,Hàn Quốc,
2021,5,Hồng Kông,
2021,5,Indonesia,
2021,5,Lào,
2021,5,Malaysia,
2021,5,Na Uy,
2021,5,New Zealand,
2021,5,Nga,
2021,5,Nhật Bản,
2021,5,Philippines,
2021,5,Pháp,
2021,5,Phần Lan,
2021,5,Singapore,
2021,5,Thái Lan,
2021,5,Thụy sĩ,
2021,5,Thụy Điển,
2021,5,Trung Quốc,
2021,5,Tây Ban Nha,
2021,5,Vương quốc Anh,
2021,5,Úc,
2021,5,Ý,
2021,5,Đan mạch,
2021,5,Đài Loan,
2021,5,Đức,
2021,5,Ấn Độ,
2021,6,Châu Á,
2021,6,Châu Mỹ,
2021,6,Châu Âu,
2021,6,Châu Úc,
2021,6,Châu Phi,
2021,6,Ba Lan,
2021,6,Bỉ,
2021,6,Campuchia,
2021,6,Canada,
2021,6,Các thị trường khác thuộc châu Mỹ,
2021,6,Các thị trường khác thuộc châu Phi,
2021,6,Các thị trường khác thuộc châu Á,
2021,6,Các thị trường khác thuộc châu Âu,
2021,6,Các thị trường khác thuộc châu Úc,
2021,6,Hoa Kỳ,
2021,6,Hà Lan,
2021,6,Hàn Quốc,
2021,6,Hồng Kông,
2021,6,Indonesia,
2021,6,Lào,
2021,6,Malaysia,
2021,6,Na Uy,
2021,6,New Zealand,
2021,6,Nga,
2021,6,Nhật Bản,
2021,6,Philippines,
2021,6,Pháp,
2021,6,Phần Lan,
2021,6,Singapore,
2021,6,Thái Lan,
2021,6,Thụy sĩ,
2021,6,Thụy Điển,
2021,6,Trung Quốc,
2021,6,Tây Ban Nha,
2021,6,Vương quốc Anh,
2021,6,Úc,
2021,6,Ý,
2021,6,Đan mạch,
2021,6,Đài Loan,
2021,6,Đức,
2021,6,Ấn Độ,
2021,7,Châu Á,
2021,7,Châu Mỹ,
2021,7,Châu Âu,
2021,7,Châu Úc,
2021,7,Châu Phi,
2021,7,Ba Lan,
2021,7,Bỉ,
2021,7,Campuchia,
2021,7,Canada,
2021,7,Các thị trường khác thuộc châu Mỹ,
2021,7,Các thị trường khác thuộc châu Phi,
2021,7,Các thị trường khác thuộc châu Á,
2021,7,Các thị trường khác thuộc châu Âu,
2021,7,Các thị trường khác thuộc châu Úc,
2021,7,Hoa Kỳ,
2021,7,Hà Lan,
2021,7,Hàn Quốc,
2021,7,Hồng Kông,
2021,7,Indonesia,
2021,7,Lào,
2021,7,Malaysia,
2021,7,Na Uy,
2021,7,New Zealand,
2021,7,Nga,
2021,7,Nhật Bản,
2021,7,Philippines,
2021,7,Pháp,
2021,7,Phần Lan,
2021,7,Singapore,
2021,7,Thái Lan,
2021,7,Thụy sĩ,
2021,7,Thụy Điển,
2021,7,Trung Quốc,
2021,7,Tây Ban Nha,
2021,7,Vương quốc Anh,
2021,7,Úc,
2021,7,Ý,
2021,7,Đan mạch,
2021,7,Đài Loan,
2021,7,Đức,
2021,7,Ấn Độ,
2021,8,Châu Á,
2021,8,Châu Mỹ,
2021,8,Châu Âu,
2021,8,Châu Úc,
2021,8,Châu Phi,
2021,8,Ba Lan,
2021,8,Bỉ,
2021,8,Campuchia,
2021,8,Canada,
2021,8,Các thị trường khác thuộc châu Mỹ,
2021,8,Các thị trường khác thuộc châu Phi,
2021,8,Các thị trường khác thuộc châu Á,
2021,8,Các thị trường khác thuộc châu Âu,
2021,8,Các thị trường khác thuộc châu Úc,
2021,8,Hoa Kỳ,
2021,8,Hà Lan,
2021,8,Hàn Quốc,
2021,8,Hồng Kông,
2021,8,Indonesia,
2021,8,Lào,
2021,8,Malaysia,
2021,8,Na Uy,
2021,8,New Zealand,
2021,8,Nga,
2021,8,Nhật Bản,
2021,8,Philippines,
2021,8,Pháp,
2021,8,Phần Lan,
2021,8,Singapore,
2021,8,Thái Lan,
2021,8,Thụy sĩ,
2021,8,Thụy Điển,
2021,8,Trung Quốc,
2021,8,Tây Ban Nha,
2021,8,Vương quốc Anh,
2021,8,Úc,
2021,8,Ý,
2021,8,Đan mạch,
2021,8,Đài Loan,
2021,8,Đức,
2021,8,Ấn Độ,
2021,9,Châu Á,
2021,9,Châu Mỹ,
2021,9,Châu Âu,
2021,9,Châu Úc,
2021,9,Châu Phi,
2021,9,Ba Lan,
2021,9,Bỉ,
2021,9,Campuchia,
2021,9,Canada,
2021,9,Các thị trường khác thuộc châu Mỹ,
2021,9,Các thị trường khác thuộc châu Phi,
2021,9,Các thị trường khác thuộc châu Á,
2021,9,Các thị trường khác thuộc châu Âu,
2021,9,Các thị trường khác thuộc châu Úc,
2021,9,Hoa Kỳ,
2021,9,Hà Lan,
2021,9,Hàn Quốc,
2021,9,Hồng Kông,
2021,9,Indonesia,
2021,9,Lào,
2021,9,Malaysia,
2021,9,Na Uy,
2021,9,New Zealand,
2021,9,Nga,
2021,9,Nhật Bản,
2021,9,Philippines,
2021,9,Pháp,
2021,9,Phần Lan,
2021,9,Singapore,
2021,9,Thái Lan,
2021,9,Thụy sĩ,
2021,9,Thụy Điển,
2021,9,Trung Quốc,
2021,9,Tây Ban Nha,
2021,9,Vương quốc Anh,
2021,9,Úc,
2021,9,Ý,
2021,9,Đan mạch,
2021,9,Đài Loan,
2021,9,Đức,
2021,9,Ấn Độ,
2021,10,Châu Á,
2021,10,Châu Mỹ,
2021,10,Châu Âu,
2021,10,Châu Úc,
2021,10,Châu Phi,
2021,10,Ba Lan,
2021,10,Bỉ,
2021,10,Campuchia,
2021,10,Canada,
2021,10,Các thị trường khác thuộc châu Mỹ,
2021,10,Các thị trường khác thuộc châu Phi,
2021,10,Các thị trường khác thuộc châu Á,
2021,10,Các thị trường khác thuộc châu Âu,
2021,10,Các thị trường khác thuộc châu Úc,
2021,10,Hoa Kỳ,
2021,10,Hà Lan,
2021,10,Hàn Quốc,
2021,10,Hồng Kông,
2021,10,Indonesia,
2021,10,Lào,
2021,10,Malaysia,
2021,10,Na Uy,
2021,10,New Zealand,
2021,10,Nga,
2021,10,Nhật Bản,
2021,10,Philippines,
2021,10,Pháp,
2021,10,Phần Lan,
2021,10,Singapore,
2021,10,Thái Lan,
2021,10,Thụy sĩ,
2021,10,Thụy Điển,
2021,10,Trung Quốc,
2021,10,Tây Ban Nha,
2021,10,Vương quốc Anh,
2021,10,Úc,
2021,10,Ý,
2021,10,Đan mạch,
2021,10,Đài Loan,
2021,10,Đức,
2021,10,Ấn Độ,
2021,11,Châu Á,
2021,11,Châu Mỹ,
2021,11,Châu Âu,
2021,11,Châu Úc,
2021,11,Châu Phi,
2021,11,Ba Lan,
2021,11,Bỉ,
2021,11,Campuchia,
2021,11,Canada,
2021,11,Các thị trường khác thuộc châu Mỹ,
2021,11,Các thị trường khác thuộc châu Phi,
2021,11,Các thị trường khác thuộc châu Á,
2021,11,Các thị trường khác thuộc châu Âu,
2021,11,Các thị trường khác thuộc châu Úc,
2021,11,Hoa Kỳ,
2021,11,Hà Lan,
2021,11,Hàn Quốc,
2021,11,Hồng Kông,
2021,11,Indonesia,
2021,11,Lào,
2021,11,Malaysia,
2021,11,Na Uy,
2021,11,New Zealand,
2021,11,Nga,
2021,11,Nhật Bản,
2021,11,Philippines,
2021,11,Pháp,
2021,11,Phần Lan,
2021,11,Singapore,
2021,11,Thái Lan,
2021,11,Thụy sĩ,
2021,11,Thụy Điển,
2021,11,Trung Quốc,
2021,11,Tây Ban Nha,
2021,11,Vương quốc Anh,
2021,11,Úc,
2021,11,Ý,
2021,11,Đan mạch,
2021,11,Đài Loan,
2021,11,Đức,
2021,11,Ấn Độ,
2021,12,Châu Á,
2021,12,Châu Mỹ,
2021,12,Châu Âu,
2021,12,Châu Úc,
2021,12,Châu Phi,
2021,12,Ba Lan,
2021,12,Bỉ,
2021,12,Campuchia,
2021,12,Canada,
2021,12,Các thị trường khác thuộc châu Mỹ,
2021,12,Các thị trường khác thuộc châu Phi,
2021,12,Các thị trường khác thuộc châu Á,
2021,12,Các thị trường khác thuộc châu Âu,
2021,12,Các thị trường khác thuộc châu Úc,
2021,12,Hoa Kỳ,
2021,12,Hà Lan,
2021,12,Hàn Quốc,
2021,12,Hồng Kông,
2021,12,Indonesia,
2021,12,Lào,
2021,12,Malaysia,
2021,12,Na Uy,
2021,12,New Zealand,
2021,12,Nga,
2021,12,Nhật Bản,
2021,12,Philippines,
2021,12,Pháp,
2021,12,Phần Lan,
2021,12,Singapore,
2021,12,Thái Lan,
2021,12,Thụy sĩ,
2021,12,Thụy Điển,
2021,12,Trung Quốc,
2021,12,Tây Ban Nha,
2021,12,Vương quốc Anh,
2021,12,Úc,
2021,12,Ý,
2021,12,Đan mạch,
2021,12,Đài Loan,
2021,12,Đức,
2021,12,Ấn Độ,
2022,1,Châu Á,13847.0
2022,1,Châu Mỹ,1226.0
2022,1,Châu Âu,4337.0
2022,1,Châu Úc,237.0
2022,1,Châu Phi,80.0
2022,1,Ba Lan,
2022,1,Bỉ,50.0
2022,1,Campuchia,143.0
2022,1,Canada,132.0
2022,1,Các thị trường khác thuộc châu Mỹ,211.0
2022,1,Các thị trường khác thuộc châu Phi,80.0
2022,1,Các thị trường khác thuộc châu Á,1815.0
2022,1,Các thị trường khác thuộc châu Âu,1090.0
2022,1,Các thị trường khác thuộc châu Úc,2.0
2022,1,Hoa Kỳ,883.0
2022,1,Hà Lan,103.0
2022,1,Hàn Quốc,3564.0
2022,1,Hồng Kông,1.0
2022,1,Indonesia,82.0
2022,1,Lào,1702.0
2022,1,Malaysia,177.0
2022,1,Na Uy,33.0
2022,1,New Zealand,21.0
2022,1,Nga,1712.0
2022,1,Nhật Bản,1168.0
2022,1,Philippines,176.0
2022,1,Pháp,322.0
2022,1,Phần Lan,9.0
2022,1,Singapore,116.0
2022,1,Thái Lan,360.0
2022,1,Thụy sĩ,23.0
2022,1,Thụy Điển,24.0
2022,1,Trung Quốc,3048.0
2022,1,Tây Ban Nha,93.0
2022,1,Vương quốc Anh,391.0
2022,1,Úc,214.0
2022,1,Ý,144.0
2022,1,Đan mạch,70.0
2022,1,Đài Loan,1495.0
2022,1,Đức,273.0
2022,1,Ấn Độ,
2022,2,Châu Á,18876.0
2022,2,Châu Mỹ,3600.0
2022,2,Châu Âu,5793.0
2022,2,Châu Úc,1127.0
2022,2,Châu Phi,121.0
2022,2,Ba Lan,
2022,2,Bỉ,77.0
2022,2,Campuchia,728.0
2022,2,Canada,430.0
2022,2,Các thị trường khác thuộc châu Mỹ,204.0
2022,2,Các thị trường khác thuộc châu Phi,121.0
2022,2,Các thị trường khác thuộc châu Á,1170.0
2022,2,Các thị trường khác thuộc châu Âu,1055.0
2022,2,Các thị trường khác thuộc châu Úc,7.0
2022,2,Hoa Kỳ,2966.0
2022,2,Hà Lan,164.0
2022,2,Hàn Quốc,5079.0
2022,2,Hồng Kông,2.0
2022,2,Indonesia,100.0
2022,2,Lào,1817.0
2022,2,Malaysia,458.0
2022,2,Na Uy,
2022,2,New Zealand,40.0
2022,2,Nga,2107.0
2022,2,Nhật Bản,1587.0
2022,2,Philippines,218.0
2022,2,Pháp,629.0
2022,2,Phần Lan,24.0
2022,2,Singapore,310.0
2022,2,Thái Lan,477.0
2022,2,Thụy sĩ,73.0
2022,2,Thụy Điển,81.0
2022,2,Trung Quốc,4031.0
2022,2,Tây Ban Nha,129.0
2022,2,Vương quốc Anh,481.0
2022,2,Úc,1080.0
2022,2,Ý,143.0
2022,2,Đan mạch,71.0
2022,2,Đài Loan,2899.0
2022,2,Đức,759.0
2022,2,Ấn Độ,
2022,3,Châu Á,25772.0
2022,3,Châu Mỹ,7468.0
2022,3,Châu Âu,6505.0
2022,3,Châu Úc,1747.0
2022,3,Châu Phi,248.0
2022,3,Ba Lan,
2022,3,Bỉ,89.0
2022,3,Campuchia,1090.0
2022,3,Canada,919.0
2022,3,Các thị trường khác thuộc châu Mỹ,247.0
2022,3,Các thị trường khác thuộc châu Phi,248.0
2022,3,Các thị trường khác thuộc châu Á,1412.0
2022,3,Các thị trường khác thuộc châu Âu,1067.0
2022,3,Các thị trường khác thuộc châu Úc,3.0
2022,3,Hoa Kỳ,6302.0
2022,3,Hà Lan,269.0
2022,3,Hàn Quốc,5974.0
2022,3,Hồng Kông,3.0
2022,3,Indonesia,166.0
2022,3,Lào,1237.0
2022,3,Malaysia,607.0
2022,3,Na Uy,125.0
2022,3,New Zealand,49.0
2022,3,Nga,1673.0
2022,3,Nhật Bản,1756.0
2022,3,Philippines,389.0
2022,3,Pháp,688.0
2022,3,Phần Lan,36.0
2022,3,Singapore,586.0
2022,3,Thái Lan,661.0
2022,3,Thụy sĩ,113.0
2022,3,Thụy Điển,133.0
2022,3,Trung Quốc,7872.0
2022,3,Tây Ban Nha,76.0
2022,3,Vương quốc Anh,734.0
2022,3,Úc,1695.0
2022,3,Ý,149.0
2022,3,Đan mạch,149.0
2022,3,Đài Loan,4019.0
2022,3,Đức,1204.0
2022,3,Ấn Độ,
2022,4,Châu Á,59800.0
2022,4,Châu Mỹ,15527.0
2022,4,Châu Âu,19563.0
2022,4,Châu Úc,6025.0
2022,4,Châu Phi,458.0
2022,4,Ba Lan,
2022,4,Bỉ,379.0
2022,4,Campuchia,8316.0
2022,4,Canada,1935.0
2022,4,Các thị trường khác thuộc châu Mỹ,594.0
2022,4,Các thị trường khác thuộc châu Phi,458.0
2022,4,Các thị trường khác thuộc châu Á,6913.0
2022,4,Các thị trường khác thuộc châu Âu,2978.0
2022,4,Các thị trường khác thuộc châu Úc,6.0
2022,4,Hoa Kỳ,12998.0
2022,4,Hà Lan,936.0
2022,4,Hàn Quốc,14025.0
2022,4,Hồng Kông,3.0
2022,4,Indonesia,650.0
2022,4,Lào,1996.0
2022,4,Malaysia,2682.0
2022,4,Na Uy,463.0
2022,4,New Zealand,303.0
2022,4,Nga,1077.0
2022,4,Nhật Bản,4258.0
2022,4,Philippines,1273.0
2022,4,Pháp,3315.0
2022,4,Phần Lan,161.0
2022,4,Singapore,5279.0
2022,4,Thái Lan,2407.0
2022,4,Thụy sĩ,441.0
2022,4,Thụy Điển,539.0
2022,4,Trung Quốc,7623.0
2022,4,Tây Ban Nha,539.0
2022,4,Vương quốc Anh,3699.0
2022,4,Úc,5716.0
2022,4,Ý,750.0
2022,4,Đan mạch,614.0
2022,4,Đài Loan,4375.0
2022,4,Đức,3672.0
2022,4,Ấn Độ,
2022,5,Châu Á,112693.0
2022,5,Châu Mỹ,21854.0
2022,5,Châu Âu,29055.0
2022,5,Châu Úc,8670.0
2022,5,Châu Phi,676.0
2022,5,Ba Lan,
2022,5,Bỉ,543.0
2022,5,Campuchia,13674.0
2022,5,Canada,2885.0
2022,5,Các thị trường khác thuộc châu Mỹ,1141.0
2022,5,Các thị trường khác thuộc châu Phi,676.0
2022,5,Các thị trường khác thuộc châu Á,12929.0
2022,5,Các thị trường khác thuộc châu Âu,4386.0
2022,5,Các thị trường khác thuộc châu Úc,21.0
2022,5,Hoa Kỳ,17828.0
2022,5,Hà Lan,1671.0
2022,5,Hàn Quốc,27859.0
2022,5,Hồng Kông,4.0
2022,5,Indonesia,2797.0
2022,5,Lào,4540.0
2022,5,Malaysia,7578.0
2022,5,Na Uy,515.0
2022,5,New Zealand,490.0
2022,5,Nga,1453.0
2022,5,Nhật Bản,7823.0
2022,5,Philippines,3127.0
2022,5,Pháp,5943.0
2022,5,Phần Lan,245.0
2022,5,Singapore,11030.0
2022,5,Thái Lan,7015.0
2022,5,Thụy sĩ,680.0
2022,5,Thụy Điển,574.0
2022,5,Trung Quốc,9559.0
2022,5,Tây Ban Nha,966.0
2022,5,Vương quốc Anh,5622.0
2022,5,Úc,8159.0
2022,5,Ý,1219.0
2022,5,Đan mạch,773.0
2022,5,Đài Loan,4758.0
2022,5,Đức,4465.0
2022,5,Ấn Độ,
2022,6,Châu Á,161136.0
2022,6,Châu Mỹ,31346.0
2022,6,Châu Âu,31136.0
2022,6,Châu Úc,12228.0
2022,6,Châu Phi,831.0
2022,6,Ba Lan,
2022,6,Bỉ,641.0
2022,6,Campuchia,11919.0
2022,6,Canada,2990.0
2022,6,Các thị trường khác thuộc châu Mỹ,1268.0
2022,6,Các thị trường khác thuộc châu Phi,831.0
2022,6,Các thị trường khác thuộc châu Á,17996.0
2022,6,Các thị trường khác thuộc châu Âu,4391.0
2022,6,Các thị trường khác thuộc châu Úc,30.0
2022,6,Hoa Kỳ,27088.0
2022,6,Hà Lan,1877.0
2022,6,Hàn Quốc,51363.0
2022,6,Hồng Kông,10.0
2022,6,Indonesia,2342.0
2022,6,Lào,7401.0
2022,6,Malaysia,10758.0
2022,6,Na Uy,659.0
2022,6,New Zealand,683.0
2022,6,Nga,1730.0
2022,6,Nhật Bản,11649.0
2022,6,Philippines,3414.0
2022,6,Pháp,5162.0
2022,6,Phần Lan,433.0
2022,6,Singapore,16384.0
2022,6,Thái Lan,11116.0
2022,6,Thụy sĩ,633.0
2022,6,Thụy Điển,691.0
2022,6,Trung Quốc,10047.0
2022,6,Tây Ban Nha,1126.0
2022,6,Vương quốc Anh,6534.0
2022,6,Úc,11515.0
2022,6,Ý,1297.0
2022,6,Đan mạch,741.0
2022,6,Đài Loan,6737.0
2022,6,Đức,5221.0
2022,6,Ấn Độ,
2022,7,Châu Á,246214.0
2022,7,Châu Mỹ,40502.0
2022,7,Châu Âu,46490.0
2022,7,Châu Úc,18374.0
2022,7,Châu Phi,999.0
2022,7,Ba Lan,
2022,7,Bỉ,1528.0
2022,7,Campuchia,24576.0
2022,7,Canada,3884.0
2022,7,Các thị trường khác thuộc châu Mỹ,1786.0
2022,7,Các thị trường khác thuộc châu Phi,999.0
2022,7,Các thị trường khác thuộc châu Á,24471.0
2022,7,Các thị trường khác thuộc châu Âu,5648.0
2022,7,Các thị trường khác thuộc châu Úc,42.0
2022,7,Hoa Kỳ,34832.0
2022,7,Hà Lan,2712.0
2022,7,Hàn Quốc,88335.0
2022,7,Hồng Kông,8.0
2022,7,Indonesia,3609.0
2022,7,Lào,11790.0
2022,7,Malaysia,13603.0
2022,7,Na Uy,1728.0
2022,7,New Zealand,1131.0
2022,7,Nga,2113.0
2022,7,Nhật Bản,17715.0
2022,7,Philippines,4388.0
2022,7,Pháp,7409.0
2022,7,Phần Lan,562.0
2022,7,Singapore,16757.0
2022,7,Thái Lan,17643.0
2022,7,Thụy sĩ,1362.0
2022,7,Thụy Điển,1068.0
2022,7,Trung Quốc,10854.0
2022,7,Tây Ban Nha,2021.0
2022,7,Vương quốc Anh,8996.0
2022,7,Úc,17201.0
2022,7,Ý,1555.0
2022,7,Đan mạch,1759.0
2022,7,Đài Loan,12465.0
2022,7,Đức,8029.0
2022,7,Ấn Độ,
2022,8,Châu Á,358562.0
2022,8,Châu Mỹ,43783.0
2022,8,Châu Âu,65131.0
2022,8,Châu Úc,17302.0
2022,8,Châu Phi,1629.0
2022,8,Ba Lan,
2022,8,Bỉ,1651.0
2022,8,Campuchia,21575.0
2022,8,Canada,5072.0
2022,8,Các thị trường khác thuộc châu Mỹ,2167.0
2022,8,Các thị trường khác thuộc châu Phi,1629.0
2022,8,Các thị trường khác thuộc châu Á,29560.0
2022,8,Các thị trường khác thuộc châu Âu,8414.0
2022,8,Các thị trường khác thuộc châu Úc,45.0
2022,8,Hoa Kỳ,36544.0
2022,8,Hà Lan,5063.0
2022,8,Hàn Quốc,173599.0
2022,8,Hồng Kông,8.0
2022,8,Indonesia,3961.0
2022,8,Lào,16015.0
2022,8,Malaysia,16299.0
2022,8,Na Uy,913.0
2022,8,New Zealand,1476.0
2022,8,Nga,2793.0
2022,8,Nhật Bản,25783.0
2022,8,Philippines,5771.0
2022,8,Pháp,10404.0
2022,8,Phần Lan,72.0
2022,8,Singapore,17247.0
2022,8,Thái Lan,21459.0
2022,8,Thụy sĩ,1404.0
2022,8,Thụy Điển,795.0
2022,8,Trung Quốc,11939.0
2022,8,Tây Ban Nha,5397.0
2022,8,Vương quốc Anh,12648.0
2022,8,Úc,15781.0
2022,8,Ý,3312.0
2022,8,Đan mạch,1406.0
2022,8,Đài Loan,15346.0
2022,8,Đức,10859.0
2022,8,Ấn Độ,
2022,9,Châu Á,313777.0
2022,9,Châu Mỹ,44335.0
2022,9,Châu Âu,53583.0
2022,9,Châu Úc,18856.0
2022,9,Châu Phi,1358.0
2022,9,Ba Lan,
2022,9,Bỉ,1524.0
2022,9,Campuchia,22940.0
2022,9,Canada,5077.0
2022,9,Các thị trường khác thuộc châu Mỹ,2092.0
2022,9,Các thị trường khác thuộc châu Phi,1358.0
2022,9,Các thị trường khác thuộc châu Á,31000.0
2022,9,Các thị trường khác thuộc châu Âu,7066.0
2022,9,Các thị trường khác thuộc châu Úc,43.0
2022,9,Hoa Kỳ,37166.0
2022,9,Hà Lan,2801.0
2022,9,Hàn Quốc,119636.0
2022,9,Hồng Kông,14.0
2022,9,Indonesia,5767.0
2022,9,Lào,9718.0
2022,9,Malaysia,24521.0
2022,9,Na Uy,802.0
2022,9,New Zealand,1400.0
2022,9,Nga,3135.0
2022,9,Nhật Bản,24639.0
2022,9,Philippines,5942.0
2022,9,Pháp,7948.0
2022,9,Phần Lan,351.0
2022,9,Singapore,20344.0
2022,9,Thái Lan,21812.0
2022,9,Thụy sĩ,1024.0
2022,9,Thụy Điển,831.0
2022,9,Trung Quốc,13171.0
2022,9,Tây Ban Nha,4407.0
2022,9,Vương quốc Anh,10072.0
2022,9,Úc,17413.0
2022,9,Ý,2441.0
2022,9,Đan mạch,1144.0
2022,9,Đài Loan,14273.0
2022,9,Đức,10037.0
2022,9,Ấn Độ,
2022,10,Châu Á,347886.0
2022,10,Châu Mỹ,51213.0
2022,10,Châu Âu,62043.0
2022,10,Châu Úc,21718.0
2022,10,Châu Phi,1495.0
2022,10,Ba Lan,
2022,10,Bỉ,1198.0
2022,10,Campuchia,29918.0
2022,10,Canada,7001.0
2022,10,Các thị trường khác thuộc châu Mỹ,2644.0
2022,10,Các thị trường khác thuộc châu Phi,1495.0
2022,10,Các thị trường khác thuộc châu Á,43265.0
2022,10,Các thị trường khác thuộc châu Âu,8436.0
2022,10,Các thị trường khác thuộc châu Úc,62.0
2022,10,Hoa Kỳ,41568.0
2022,10,Hà Lan,3428.0
2022,10,Hàn Quốc,130185.0
2022,10,Hồng Kông,6.0
2022,10,Indonesia,5014.0
2022,10,Lào,6395.0
2022,10,Malaysia,23315.0
2022,10,Na Uy,912.0
2022,10,New Zealand,1734.0
2022,10,Nga,4637.0
2022,10,Nhật Bản,23800.0
2022,10,Philippines,6344.0
2022,10,Pháp,9220.0
2022,10,Phần Lan,514.0
2022,10,Singapore,20145.0
2022,10,Thái Lan,31650.0
2022,10,Thụy sĩ,1478.0
2022,10,Thụy Điển,1042.0
2022,10,Trung Quốc,13964.0
2022,10,Tây Ban Nha,3945.0
2022,10,Vương quốc Anh,12294.0
2022,10,Úc,19922.0
2022,10,Ý,2423.0
2022,10,Đan mạch,1642.0
2022,10,Đài Loan,13885.0
2022,10,Đức,10874.0
2022,10,Ấn Độ,
2022,11,Châu Á,417400.0
2022,11,Châu Mỹ,62500.0
2022,11,Châu Âu,91932.0
2022,11,Châu Úc,23465.0
2022,11,Châu Phi,1622.0
2022,11,Ba Lan,
2022,11,Bỉ,2112.0
2022,11,Campuchia,37596.0
2022,11,Canada,10515.0
2022,11,Các thị trường khác thuộc châu Mỹ,4073.0
2022,11,Các thị trường khác thuộc châu Phi,1622.0
2022,11,Các thị trường khác thuộc châu Á,56223.0
2022,11,Các thị trường khác thuộc châu Âu,14680.0
2022,11,Các thị trường khác thuộc châu Úc,59.0
2022,11,Hoa Kỳ,47912.0
2022,11,Hà Lan,4257.0
2022,11,Hàn Quốc,144258.0
2022,11,Hồng Kông,10.0
2022,11,Indonesia,5819.0
2022,11,Lào,7467.0
2022,11,Malaysia,29181.0
2022,11,Na Uy,1236.0
2022,11,New Zealand,2108.0
2022,11,Nga,7210.0
2022,11,Nhật Bản,26424.0
2022,11,Philippines,8611.0
2022,11,Pháp,15968.0
2022,11,Phần Lan,694.0
2022,11,Singapore,26328.0
2022,11,Thái Lan,38878.0
2022,11,Thụy sĩ,2209.0
2022,11,Thụy Điển,1635.0
2022,11,Trung Quốc,15800.0
2022,11,Tây Ban Nha,4466.0
2022,11,Vương quốc Anh,16931.0
2022,11,Úc,21298.0
2022,11,Ý,3395.0
2022,11,Đan mạch,2265.0
2022,11,Đài Loan,20805.0
2022,11,Đức,14874.0
2022,11,Ấn Độ,
2022,12,Châu Á,519887.0
2022,12,Châu Mỹ,65519.0
2022,12,Châu Âu,92830.0
2022,12,Châu Úc,26896.0
2022,12,Châu Phi,1939.0
2022,12,Ba Lan,
2022,12,Bỉ,1619.0
2022,12,Campuchia,28432.0
2022,12,Canada,10229.0
2022,12,Các thị trường khác thuộc châu Mỹ,3206.0
2022,12,Các thị trường khác thuộc châu Phi,1939.0
2022,12,Các thị trường khác thuộc châu Á,62110.0
2022,12,Các thị trường khác thuộc châu Âu,17553.0
2022,12,Các thị trường khác thuộc châu Úc,191.0
2022,12,Hoa Kỳ,52084.0
2022,12,Hà Lan,4207.0
2022,12,Hàn Quốc,201489.0
2022,12,Hồng Kông,5.0
2022,12,Indonesia,5777.0
2022,12,Lào,7407.0
2022,12,Malaysia,41691.0
2022,12,Na Uy,1372.0
2022,12,New Zealand,1963.0
2022,12,Nga,10281.0
2022,12,Nhật Bản,28118.0
2022,12,Philippines,9613.0
2022,12,Pháp,14567.0
2022,12,Phần Lan,845.0
2022,12,Singapore,44335.0
2022,12,Thái Lan,48768.0
2022,12,Thụy sĩ,1910.0
2022,12,Thụy Điển,2184.0
2022,12,Trung Quốc,16988.0
2022,12,Tây Ban Nha,4296.0
2022,12,Vương quốc Anh,15392.0
2022,12,Úc,24742.0
2022,12,Ý,3480.0
2022,12,Đan mạch,1793.0
2022,12,Đài Loan,25154.0
2022,12,Đức,13331.0
2022,12,Ấn Độ,
2023,1,Châu Á,607912.0
2023,1,Châu Mỹ,96144.0
2023,1,Châu Âu,117213.0
2023,1,Châu Úc,44299.0
2023,1,Châu Phi,2305.0
2023,1,Ba Lan,
2023,1,Bỉ,1742.0
2023,1,Campuchia,34046.0
2023,1,Canada,13528.0
2023,1,Các thị trường khác thuộc châu Mỹ,4719.0
2023,1,Các thị trường khác thuộc châu Phi,2305.0
2023,1,Các thị trường khác thuộc châu Á,47059.0
2023,1,Các thị trường khác thuộc châu Âu,21641.0
2023,1,Các thị trường khác thuộc châu Úc,74.0
2023,1,Hoa Kỳ,77897.0
2023,1,Hà Lan,5156.0
2023,1,Hàn Quốc,258946.0
2023,1,Hồng Kông,9.0
2023,1,Indonesia,8157.0
2023,1,Lào,7267.0
2023,1,Malaysia,37267.0
2023,1,Na Uy,2209.0
2023,1,New Zealand,
2023,1,Nga,12812.0
2023,1,Nhật Bản,34170.0
2023,1,Philippines,11714.0
2023,1,Pháp,16698.0
2023,1,Phần Lan,1226.0
2023,1,Singapore,31554.0
2023,1,Thái Lan,54985.0
2023,1,Thụy sĩ,2676.0
2023,1,Thụy Điển,3381.0
2023,1,Trung Quốc,15875.0
2023,1,Tây Ban Nha,3377.0
2023,1,Vương quốc Anh,21509.0
2023,1,Úc,44225.0
2023,1,Ý,4691.0
2023,1,Đan mạch,2685.0
2023,1,Đài Loan,31334.0
2023,1,Đức,17410.0
2023,1,Ấn Độ,35529.0
2023,2,Châu Á,685750.0
2023,2,Châu Mỹ,90188.0
2023,2,Châu Âu,125318.0
2023,2,Châu Úc,29678.0
2023,2,Châu Phi,2035.0
2023,2,Ba Lan,
2023,2,Bỉ,1838.0
2023,2,Campuchia,35771.0
2023,2,Canada,16163.0
2023,2,Các thị trường khác thuộc châu Mỹ,4377.0
2023,2,Các thị trường khác thuộc châu Phi,2035.0
2023,2,Các thị trường khác thuộc châu Á,47481.0
2023,2,Các thị trường khác thuộc châu Âu,26784.0
2023,2,Các thị trường khác thuộc châu Úc,53.0
2023,2,Hoa Kỳ,69648.0
2023,2,Hà Lan,5359.0
2023,2,Hàn Quốc,301343.0
2023,2,Hồng Kông,17.0
2023,2,Indonesia,5873.0
2023,2,Lào,14476.0
2023,2,Malaysia,34992.0
2023,2,Na Uy,2357.0
2023,2,New Zealand,2237.0
2023,2,Nga,11558.0
2023,2,Nhật Bản,36344.0
2023,2,Philippines,11091.0
2023,2,Pháp,19255.0
2023,2,Phần Lan,1235.0
2023,2,Singapore,18973.0
2023,2,Thái Lan,42219.0
2023,2,Thụy sĩ,2556.0
2023,2,Thụy Điển,3034.0
2023,2,Trung Quốc,55029.0
2023,2,Tây Ban Nha,3160.0
2023,2,Vương quốc Anh,22622.0
2023,2,Úc,27388.0
2023,2,Ý,4149.0
2023,2,Đan mạch,3500.0
2023,2,Đài Loan,58822.0
2023,2,Đức,17911.0
2023,2,Ấn Độ,23319.0
2023,3,Châu Á,645970.0
2023,3,Châu Mỹ,77603.0
2023,3,Châu Âu,142577.0
2023,3,Châu Úc,27441.0
2023,3,Châu Phi,1834.0
2023,3,Ba Lan,
2023,3,Bỉ,2337.0
2023,3,Campuchia,25699.0
2023,3,Canada,14124.0
2023,3,Các thị trường khác thuộc châu Mỹ,4183.0
2023,3,Các thị trường khác thuộc châu Phi,1834.0
2023,3,Các thị trường khác thuộc châu Á,47806.0
2023,3,Các thị trường khác thuộc châu Âu,40524.0
2023,3,Các thị trường khác thuộc châu Úc,49.0
2023,3,Hoa Kỳ,59296.0
2023,3,Hà Lan,5347.0
2023,3,Hàn Quốc,250649.0
2023,3,Hồng Kông,27.0
2023,3,Indonesia,6881.0
2023,3,Lào,6471.0
2023,3,Malaysia,43044.0
2023,3,Na Uy,1787.0
2023,3,New Zealand,2098.0
2023,3,Nga,10751.0
2023,3,Nhật Bản,46702.0
2023,3,Philippines,9523.0
2023,3,Pháp,21013.0
2023,3,Phần Lan,891.0
2023,3,Singapore,25951.0
2023,3,Thái Lan,47927.0
2023,3,Thụy sĩ,2330.0
2023,3,Thụy Điển,2474.0
2023,3,Trung Quốc,69329.0
2023,3,Tây Ban Nha,3738.0
2023,3,Vương quốc Anh,23071.0
2023,3,Úc,25294.0
2023,3,Ý,4814.0
2023,3,Đan mạch,3210.0
2023,3,Đài Loan,41752.0
2023,3,Đức,20290.0
2023,3,Ấn Độ,24209.0
2023,4,Châu Á,733831.0
2023,4,Châu Mỹ,73623.0
2023,4,Châu Âu,137143.0
2023,4,Châu Úc,37429.0
2023,4,Châu Phi,2120.0
2023,4,Ba Lan,
2023,4,Bỉ,2563.0
2023,4,Campuchia,39985.0
2023,4,Canada,12169.0
2023,4,Các thị trường khác thuộc châu Mỹ,5214.0
2023,4,Các thị trường khác thuộc châu Phi,2120.0
2023,4,Các thị trường khác thuộc châu Á,47757.0
2023,4,Các thị trường khác thuộc châu Âu,28582.0
2023,4,Các thị trường khác thuộc châu Úc,124.0
2023,4,Hoa Kỳ,56240.0
2023,4,Hà Lan,5330.0
2023,4,Hàn Quốc,259357.0
2023,4,Hồng Kông,30.0
2023,4,Indonesia,6089.0
2023,4,Lào,8767.0
2023,4,Malaysia,34480.0
2023,4,Na Uy,1782.0
2023,4,New Zealand,3503.0
2023,4,Nga,10242.0
2023,4,Nhật Bản,43005.0
2023,4,Philippines,12829.0
2023,4,Pháp,20933.0
2023,4,Phần Lan,721.0
2023,4,Singapore,24538.0
2023,4,Thái Lan,54503.0
2023,4,Thụy sĩ,3112.0
2023,4,Thụy Điển,2128.0
2023,4,Trung Quốc,111903.0
2023,4,Tây Ban Nha,4821.0
2023,4,Vương quốc Anh,28003.0
2023,4,Úc,33802.0
2023,4,Ý,4407.0
2023,4,Đan mạch,3371.0
2023,4,Đài Loan,61606.0
2023,4,Đức,21148.0
2023,4,Ấn Độ,28982.0
2023,5,Châu Á,726842.0
2023,5,Châu Mỹ,58450.0
2023,5,Châu Âu,98880.0
2023,5,Châu Úc,29924.0
2023,5,Châu Phi,2161.0
2023,5,Ba Lan,
2023,5,Bỉ,1690.0
2023,5,Campuchia,31828.0
2023,5,Canada,10282.0
2023,5,Các thị trường khác thuộc châu Mỹ,4242.0
2023,5,Các thị trường khác thuộc châu Phi,2161.0
2023,5,Các thị trường khác thuộc châu Á,40713.0
2023,5,Các thị trường khác thuộc châu Âu,19689.0
2023,5,Các thị trường khác thuộc châu Úc,68.0
2023,5,Hoa Kỳ,43926.0
2023,5,Hà Lan,5007.0
2023,5,Hàn Quốc,247538.0
2023,5,Hồng Kông,8.0
2023,5,Indonesia,10010.0
2023,5,Lào,7757.0
2023,5,Malaysia,41718.0
2023,5,Na Uy,884.0
2023,5,New Zealand,3018.0
2023,5,Nga,8929.0
2023,5,Nhật Bản,43854.0
2023,5,Philippines,10610.0
2023,5,Pháp,17914.0
2023,5,Phần Lan,680.0
2023,5,Singapore,21737.0
2023,5,Thái Lan,36778.0
2023,5,Thụy sĩ,1784.0
2023,5,Thụy Điển,1348.0
2023,5,Trung Quốc,146755.0
2023,5,Tây Ban Nha,4158.0
2023,5,Vương quốc Anh,18608.0
2023,5,Úc,26838.0
2023,5,Ý,3964.0
2023,5,Đan mạch,1748.0
2023,5,Đài Loan,58467.0
2023,5,Đức,12477.0
2023,5,Ấn Độ,29069.0
2023,6,Châu Á,791323.0
2023,6,Châu Mỹ,77394.0
2023,6,Châu Âu,74185.0
2023,6,Châu Úc,30204.0
2023,6,Châu Phi,1904.0
2023,6,Ba Lan,
2023,6,Bỉ,1138.0
2023,6,Campuchia,30487.0
2023,6,Canada,7107.0
2023,6,Các thị trường khác thuộc châu Mỹ,3509.0
2023,6,Các thị trường khác thuộc châu Phi,1904.0
2023,6,Các thị trường khác thuộc châu Á,39612.0
2023,6,Các thị trường khác thuộc châu Âu,13157.0
2023,6,Các thị trường khác thuộc châu Úc,113.0
2023,6,Hoa Kỳ,66778.0
2023,6,Hà Lan,3656.0
2023,6,Hàn Quốc,284350.0
2023,6,Hồng Kông,5.0
2023,6,Indonesia,7471.0
2023,6,Lào,9709.0
2023,6,Malaysia,40415.0
2023,6,Na Uy,1330.0
2023,6,New Zealand,2839.0
2023,6,Nga,7676.0
2023,6,Nhật Bản,37012.0
2023,6,Philippines,11677.0
2023,6,Pháp,10599.0
2023,6,Phần Lan,721.0
2023,6,Singapore,32202.0
2023,6,Thái Lan,29551.0
2023,6,Thụy sĩ,1293.0
2023,6,Thụy Điển,1454.0
2023,6,Trung Quốc,158260.0
2023,6,Tây Ban Nha,3428.0
2023,6,Vương quốc Anh,15702.0
2023,6,Úc,27252.0
2023,6,Ý,2733.0
2023,6,Đan mạch,1360.0
2023,6,Đài Loan,70508.0
2023,6,Đức,9938.0
2023,6,Ấn Độ,40064.0
2023,7,Châu Á,818885.0
2023,7,Châu Mỹ,82669.0
2023,7,Châu Âu,94266.0
2023,7,Châu Úc,40417.0
2023,7,Châu Phi,2326.0
2023,7,Ba Lan,
2023,7,Bỉ,2891.0
2023,7,Campuchia,27512.0
2023,7,Canada,7524.0
2023,7,Các thị trường khác thuộc châu Mỹ,3484.0
2023,7,Các thị trường khác thuộc châu Phi,2326.0
2023,7,Các thị trường khác thuộc châu Á,41276.0
2023,7,Các thị trường khác thuộc châu Âu,11341.0
2023,7,Các thị trường khác thuộc châu Úc,72.0
2023,7,Hoa Kỳ,71661.0
2023,7,Hà Lan,5286.0
2023,7,Hàn Quốc,286126.0
2023,7,Hồng Kông,4.0
2023,7,Indonesia,8720.0
2023,7,Lào,15080.0
2023,7,Malaysia,30516.0
2023,7,Na Uy,4666.0
2023,7,New Zealand,3737.0
2023,7,Nga,7925.0
2023,7,Nhật Bản,42581.0
2023,7,Philippines,13319.0
2023,7,Pháp,14402.0
2023,7,Phần Lan,586.0
2023,7,Singapore,24591.0
2023,7,Thái Lan,23917.0
2023,7,Thụy sĩ,2215.0
2023,7,Thụy Điển,2411.0
2023,7,Trung Quốc,180426.0
2023,7,Tây Ban Nha,5242.0
2023,7,Vương quốc Anh,17978.0
2023,7,Úc,36608.0
2023,7,Ý,3242.0
2023,7,Đan mạch,3428.0
2023,7,Đài Loan,92589.0
2023,7,Đức,12653.0
2023,7,Ấn Độ,32228.0
2023,8,Châu Á,981815.0
2023,8,Châu Mỹ,69331.0
2023,8,Châu Âu,129827.0
2023,8,Châu Úc,33645.0
2023,8,Châu Phi,2803.0
2023,8,Ba Lan,
2023,8,Bỉ,2871.0
2023,8,Campuchia,30915.0
2023,8,Canada,8049.0
2023,8,Các thị trường khác thuộc châu Mỹ,3822.0
2023,8,Các thị trường khác thuộc châu Phi,2803.0
2023,8,Các thị trường khác thuộc châu Á,45342.0
2023,8,Các thị trường khác thuộc châu Âu,17425.0
2023,8,Các thị trường khác thuộc châu Úc,71.0
2023,8,Hoa Kỳ,57460.0
2023,8,Hà Lan,10728.0
2023,8,Hàn Quốc,385904.0
2023,8,Hồng Kông,5.0
2023,8,Indonesia,7919.0
2023,8,Lào,16605.0
2023,8,Malaysia,30261.0
2023,8,Na Uy,1769.0
2023,8,New Zealand,3151.0
2023,8,Nga,8954.0
2023,8,Nhật Bản,65505.0
2023,8,Philippines,15041.0
2023,8,Pháp,21161.0
2023,8,Phần Lan,453.0
2023,8,Singapore,24383.0
2023,8,Thái Lan,31294.0
2023,8,Thụy sĩ,2391.0
2023,8,Thụy Điển,1387.0
2023,8,Trung Quốc,212301.0
2023,8,Tây Ban Nha,13439.0
2023,8,Vương quốc Anh,23041.0
2023,8,Úc,30423.0
2023,8,Ý,8292.0
2023,8,Đan mạch,1839.0
2023,8,Đài Loan,82939.0
2023,8,Đức,16077.0
2023,8,Ấn Độ,33401.0
2023,9,Châu Á,862863.0
2023,9,Châu Mỹ,57426.0
2023,9,Châu Âu,96519.0
2023,9,Châu Úc,34759.0
2023,9,Châu Phi,2882.0
2023,9,Ba Lan,
2023,9,Bỉ,2096.0
2023,9,Campuchia,33579.0
2023,9,Canada,7531.0
2023,9,Các thị trường khác thuộc châu Mỹ,3935.0
2023,9,Các thị trường khác thuộc châu Phi,2882.0
2023,9,Các thị trường khác thuộc châu Á,41983.0
2023,9,Các thị trường khác thuộc châu Âu,15199.0
2023,9,Các thị trường khác thuộc châu Úc,77.0
2023,9,Hoa Kỳ,45960.0
2023,9,Hà Lan,4427.0
2023,9,Hàn Quốc,310627.0
2023,9,Hồng Kông,3.0
2023,9,Indonesia,9556.0
2023,9,Lào,11010.0
2023,9,Malaysia,40703.0
2023,9,Na Uy,1009.0
2023,9,New Zealand,3376.0
2023,9,Nga,9446.0
2023,9,Nhật Bản,65271.0
2023,9,Philippines,14076.0
2023,9,Pháp,13162.0
2023,9,Phần Lan,491.0
2023,9,Singapore,25078.0
2023,9,Thái Lan,30052.0
2023,9,Thụy sĩ,1406.0
2023,9,Thụy Điển,1103.0
2023,9,Trung Quốc,172694.0
2023,9,Tây Ban Nha,10501.0
2023,9,Vương quốc Anh,16682.0
2023,9,Úc,31306.0
2023,9,Ý,5131.0
2023,9,Đan mạch,1406.0
2023,9,Đài Loan,77084.0
2023,9,Đức,14460.0
2023,9,Ấn Độ,31147.0
2023,10,Châu Á,898976.0
2023,10,Châu Mỹ,65080.0
2023,10,Châu Âu,105258.0
2023,10,Châu Úc,40384.0
2023,10,Châu Phi,2828.0
2023,10,Ba Lan,
2023,10,Bỉ,1799.0
2023,10,Campuchia,36463.0
2023,10,Canada,10323.0
2023,10,Các thị trường khác thuộc châu Mỹ,4690.0
2023,10,Các thị trường khác thuộc châu Phi,2828.0
2023,10,Các thị trường khác thuộc châu Á,40084.0
2023,10,Các thị trường khác thuộc châu Âu,18675.0
2023,10,Các thị trường khác thuộc châu Úc,83.0
2023,10,Hoa Kỳ,50067.0
2023,10,Hà Lan,5391.0
2023,10,Hàn Quốc,321171.0
2023,10,Hồng Kông,4.0
2023,10,Indonesia,10688.0
2023,10,Lào,7909.0
2023,10,Malaysia,38585.0
2023,10,Na Uy,1204.0
2023,10,New Zealand,3623.0
2023,10,Nga,9690.0
2023,10,Nhật Bản,54288.0
2023,10,Philippines,12267.0
2023,10,Pháp,14683.0
2023,10,Phần Lan,701.0
2023,10,Singapore,25057.0
2023,10,Thái Lan,40596.0
2023,10,Thụy sĩ,2166.0
2023,10,Thụy Điển,1437.0
2023,10,Trung Quốc,184370.0
2023,10,Tây Ban Nha,7682.0
2023,10,Vương quốc Anh,18828.0
2023,10,Úc,36678.0
2023,10,Ý,3858.0
2023,10,Đan mạch,2274.0
2023,10,Đài Loan,91528.0
2023,10,Đức,16870.0
2023,10,Ấn Độ,35966.0
2023,11,Châu Á,947390.0
2023,11,Châu Mỹ,79491.0
2023,11,Châu Âu,166807.0
2023,11,Châu Úc,36582.0
2023,11,Châu Phi,3101.0
2023,11,Ba Lan,
2023,11,Bỉ,3081.0
2023,11,Campuchia,33063.0
2023,11,Canada,14124.0
2023,11,Các thị trường khác thuộc châu Mỹ,5922.0
2023,11,Các thị trường khác thuộc châu Phi,3101.0
2023,11,Các thị trường khác thuộc châu Á,45752.0
2023,11,Các thị trường khác thuộc châu Âu,42228.0
2023,11,Các thị trường khác thuộc châu Úc,87.0
2023,11,Hoa Kỳ,59445.0
2023,11,Hà Lan,6776.0
2023,11,Hàn Quốc,316839.0
2023,11,Hồng Kông,
2023,11,Indonesia,11843.0
2023,11,Lào,7400.0
2023,11,Malaysia,46825.0
2023,11,Na Uy,1838.0
2023,11,New Zealand,3262.0
2023,11,Nga,13736.0
2023,11,Nhật Bản,58485.0
2023,11,Philippines,15710.0
2023,11,Pháp,25331.0
2023,11,Phần Lan,913.0
2023,11,Singapore,29605.0
2023,11,Thái Lan,49987.0
2023,11,Thụy sĩ,3304.0
2023,11,Thụy Điển,2655.0
2023,11,Trung Quốc,202009.0
2023,11,Tây Ban Nha,8874.0
2023,11,Vương quốc Anh,26100.0
2023,11,Úc,33233.0
2023,11,Ý,5983.0
2023,11,Đan mạch,3022.0
2023,11,Đài Loan,91560.0
2023,11,Đức,22966.0
2023,11,Ấn Độ,38312.0
2023,12,Châu Á,1079631.0
2023,12,Châu Mỹ,76385.0
2023,12,Châu Âu,171286.0
2023,12,Châu Úc,40024.0
2023,12,Châu Phi,3809.0
2023,12,Ba Lan,
2023,12,Bỉ,2307.0
2023,12,Campuchia,42714.0
2023,12,Canada,12569.0
2023,12,Các thị trường khác thuộc châu Mỹ,5121.0
2023,12,Các thị trường khác thuộc châu Phi,3809.0
2023,12,Các thị trường khác thuộc châu Á,56652.0
2023,12,Các thị trường khác thuộc châu Âu,66168.0
2023,12,Các thị trường khác thuộc châu Úc,98.0
2023,12,Hoa Kỳ,58695.0
2023,12,Hà Lan,5594.0
2023,12,Hàn Quốc,372212.0
2023,12,Hồng Kông,
2023,12,Indonesia,12173.0
2023,12,Lào,8071.0
2023,12,Malaysia,51299.0
2023,12,Na Uy,1882.0
2023,12,New Zealand,2886.0
2023,12,Nga,13891.0
2023,12,Nhật Bản,62305.0
2023,12,Philippines,15311.0
2023,12,Pháp,20357.0
2023,12,Phần Lan,
2023,12,Singapore,44526.0
2023,12,Thái Lan,47365.0
2023,12,Thụy sĩ,2696.0
2023,12,Thụy Điển,2943.0
2023,12,Trung Quốc,234253.0
2023,12,Tây Ban Nha,7667.0
2023,12,Vương quốc Anh,21378.0
2023,12,Úc,37040.0
2023,12,Ý,5790.0
2023,12,Đan mạch,2388.0
2023,12,Đài Loan,92835.0
2023,12,Đức,18225.0
2023,12,Ấn Độ,39915.0
2024,1,Châu Á,1125632.0
2024,1,Châu Mỹ,97211.0
2024,1,Châu Âu,216887.0
2024,1,Châu Úc,67435.0
2024,1,Châu Phi,5148.0
2024,1,Ba Lan,6710.0
2024,1,Bỉ,2495.0
2024,1,Campuchia,37279.0
2024,1,Canada,14156.0
2024,1,Các thị trường khác thuộc châu Mỹ,7404.0
2024,1,Các thị trường khác thuộc châu Phi,5148.0
2024,1,Các thị trường khác thuộc châu Á,71827.0
2024,1,Các thị trường khác thuộc châu Âu,74958.0
2024,1,Các thị trường khác thuộc châu Úc,115.0
2024,1,Hoa Kỳ,75651.0
2024,1,Hà Lan,7017.0
2024,1,Hàn Quốc,417576.0
2024,1,Hồng Kông,
2024,1,Indonesia,17923.0
2024,1,Lào,7560.0
2024,1,Malaysia,48504.0
2024,1,Na Uy,2775.0
2024,1,New Zealand,5220.0
2024,1,Nga,19614.0
2024,1,Nhật Bản,60630.0
2024,1,Philippines,16877.0
2024,1,Pháp,24123.0
2024,1,Phần Lan,
2024,1,Singapore,34391.0
2024,1,Thái Lan,40535.0
2024,1,Thụy sĩ,3658.0
2024,1,Thụy Điển,4588.0
2024,1,Trung Quốc,242181.0
2024,1,Tây Ban Nha,5209.0
2024,1,Vương quốc Anh,29374.0
2024,1,Úc,62100.0
2024,1,Ý,9430.0
2024,1,Đan mạch,4158.0
2024,1,Đài Loan,84213.0
2024,1,Đức,22778.0
2024,1,Ấn Độ,46136.0
2024,2,Châu Á,1174645.0
2024,2,Châu Mỹ,104774.0
2024,2,Châu Âu,209883.0
2024,2,Châu Úc,38056.0
2024,2,Châu Phi,4053.0
2024,2,Ba Lan,7120.0
2024,2,Bỉ,2396.0
2024,2,Campuchia,41832.0
2024,2,Canada,18138.0
2024,2,Các thị trường khác thuộc châu Mỹ,6507.0
2024,2,Các thị trường khác thuộc châu Phi,4053.0
2024,2,Các thị trường khác thuộc châu Á,74469.0
2024,2,Các thị trường khác thuộc châu Âu,67322.0
2024,2,Các thị trường khác thuộc châu Úc,74.0
2024,2,Hoa Kỳ,80129.0
2024,2,Hà Lan,7117.0
2024,2,Hàn Quốc,426506.0
2024,2,Hồng Kông,
2024,2,Indonesia,12417.0
2024,2,Lào,14547.0
2024,2,Malaysia,43014.0
2024,2,Na Uy,3674.0
2024,2,New Zealand,2677.0
2024,2,Nga,19054.0
2024,2,Nhật Bản,46742.0
2024,2,Philippines,15448.0
2024,2,Pháp,24287.0
2024,2,Phần Lan,
2024,2,Singapore,21862.0
2024,2,Thái Lan,35057.0
2024,2,Thụy sĩ,3497.0
2024,2,Thụy Điển,4517.0
2024,2,Trung Quốc,295480.0
2024,2,Tây Ban Nha,4498.0
2024,2,Vương quốc Anh,29127.0
2024,2,Úc,35305.0
2024,2,Ý,6681.0
2024,2,Đan mạch,4958.0
2024,2,Đài Loan,114115.0
2024,2,Đức,25635.0
2024,2,Ấn Độ,33156.0
2024,3,Châu Á,1221658.0
2024,3,Châu Mỹ,100265.0
2024,3,Châu Âu,235073.0
2024,3,Châu Úc,38182.0
2024,3,Châu Phi,3896.0
2024,3,Ba Lan,6449.0
2024,3,Bỉ,3384.0
2024,3,Campuchia,34635.0
2024,3,Canada,17649.0
2024,3,Các thị trường khác thuộc châu Mỹ,6038.0
2024,3,Các thị trường khác thuộc châu Phi,3896.0
2024,3,Các thị trường khác thuộc châu Á,70373.0
2024,3,Các thị trường khác thuộc châu Âu,73801.0
2024,3,Các thị trường khác thuộc châu Úc,87.0
2024,3,Hoa Kỳ,76578.0
2024,3,Hà Lan,7844.0
2024,3,Hàn Quốc,388795.0
2024,3,Hồng Kông,
2024,3,Indonesia,15351.0
2024,3,Lào,11185.0
2024,3,Malaysia,52195.0
2024,3,Na Uy,2820.0
2024,3,New Zealand,2958.0
2024,3,Nga,20558.0
2024,3,Nhật Bản,71663.0
2024,3,Philippines,17023.0
2024,3,Pháp,31396.0
2024,3,Phần Lan,
2024,3,Singapore,26832.0
2024,3,Thái Lan,42950.0
2024,3,Thụy sĩ,3275.0
2024,3,Thụy Điển,3574.0
2024,3,Trung Quốc,352173.0
2024,3,Tây Ban Nha,5671.0
2024,3,Vương quốc Anh,33497.0
2024,3,Úc,35137.0
2024,3,Ý,8492.0
2024,3,Đan mạch,4638.0
2024,3,Đài Loan,101502.0
2024,3,Đức,29674.0
2024,3,Ấn Độ,36981.0
2024,4,Châu Á,1214249.0
2024,4,Châu Mỹ,91560.0
2024,4,Châu Âu,193831.0
2024,4,Châu Úc,52809.0
2024,4,Châu Phi,4084.0
2024,4,Ba Lan,3017.0
2024,4,Bỉ,3305.0
2024,4,Campuchia,41906.0
2024,4,Canada,15444.0
2024,4,Các thị trường khác thuộc châu Mỹ,6866.0
2024,4,Các thị trường khác thuộc châu Phi,4084.0
2024,4,Các thị trường khác thuộc châu Á,69293.0
2024,4,Các thị trường khác thuộc châu Âu,39986.0
2024,4,Các thị trường khác thuộc châu Úc,116.0
2024,4,Hoa Kỳ,69250.0
2024,4,Hà Lan,6596.0
2024,4,Hàn Quốc,367939.0
2024,4,Hồng Kông,
2024,4,Indonesia,19126.0
2024,4,Lào,10063.0
2024,4,Malaysia,38112.0
2024,4,Na Uy,2107.0
2024,4,New Zealand,5108.0
2024,4,Nga,19700.0
2024,4,Nhật Bản,56834.0
2024,4,Philippines,19199.0
2024,4,Pháp,30587.0
2024,4,Phần Lan,
2024,4,Singapore,28050.0
2024,4,Thái Lan,45248.0
2024,4,Thụy sĩ,3637.0
2024,4,Thụy Điển,2516.0
2024,4,Trung Quốc,357907.0
2024,4,Tây Ban Nha,7044.0
2024,4,Vương quốc Anh,36737.0
2024,4,Úc,47585.0
2024,4,Ý,7442.0
2024,4,Đan mạch,4153.0
2024,4,Đài Loan,118812.0
2024,4,Đức,27004.0
2024,4,Ấn Độ,41760.0
2024,5,Châu Á,1156067.0
2024,5,Châu Mỹ,66273.0
2024,5,Châu Âu,120280.0
2024,5,Châu Úc,36666.0
2024,5,Châu Phi,4417.0
2024,5,Ba Lan,2237.0
2024,5,Bỉ,1904.0
2024,5,Campuchia,41239.0
2024,5,Canada,11979.0
2024,5,Các thị trường khác thuộc châu Mỹ,5658.0
2024,5,Các thị trường khác thuộc châu Phi,4417.0
2024,5,Các thị trường khác thuộc châu Á,70196.0
2024,5,Các thị trường khác thuộc châu Âu,16282.0
2024,5,Các thị trường khác thuộc châu Úc,84.0
2024,5,Hoa Kỳ,48636.0
2024,5,Hà Lan,6245.0
2024,5,Hàn Quốc,351246.0
2024,5,Hồng Kông,
2024,5,Indonesia,15790.0
2024,5,Lào,10234.0
2024,5,Malaysia,32377.0
2024,5,Na Uy,947.0
2024,5,New Zealand,3461.0
2024,5,Nga,16105.0
2024,5,Nhật Bản,53330.0
2024,5,Philippines,17389.0
2024,5,Pháp,23303.0
2024,5,Phần Lan,
2024,5,Singapore,24036.0
2024,5,Thái Lan,33882.0
2024,5,Thụy sĩ,2245.0
2024,5,Thụy Điển,1461.0
2024,5,Trung Quốc,357190.0
2024,5,Tây Ban Nha,5588.0
2024,5,Vương quốc Anh,21079.0
2024,5,Úc,33121.0
2024,5,Ý,6014.0
2024,5,Đan mạch,1827.0
2024,5,Đài Loan,110834.0
2024,5,Đức,15043.0
2024,5,Ấn Độ,38324.0
2024,6,Châu Á,1051710.0
2024,6,Châu Mỹ,76752.0
2024,6,Châu Âu,83663.0
2024,6,Châu Úc,33445.0
2024,6,Châu Phi,3667.0
2024,6,Ba Lan,1010.0
2024,6,Bỉ,1194.0
2024,6,Campuchia,34600.0
2024,6,Canada,7553.0
2024,6,Các thị trường khác thuộc châu Mỹ,4343.0
2024,6,Các thị trường khác thuộc châu Phi,3667.0
2024,6,Các thị trường khác thuộc châu Á,60191.0
2024,6,Các thị trường khác thuộc châu Âu,10646.0
2024,6,Các thị trường khác thuộc châu Úc,72.0
2024,6,Hoa Kỳ,64856.0
2024,6,Hà Lan,3821.0
2024,6,Hàn Quốc,329617.0
2024,6,Hồng Kông,
2024,6,Indonesia,15502.0
2024,6,Lào,11701.0
2024,6,Malaysia,39385.0
2024,6,Na Uy,1249.0
2024,6,New Zealand,3204.0
2024,6,Nga,13560.0
2024,6,Nhật Bản,46439.0
2024,6,Philippines,20151.0
2024,6,Pháp,12146.0
2024,6,Phần Lan,
2024,6,Singapore,35041.0
2024,6,Thái Lan,28921.0
2024,6,Thụy sĩ,1378.0
2024,6,Thụy Điển,1467.0
2024,6,Trung Quốc,286165.0
2024,6,Tây Ban Nha,4317.0
2024,6,Vương quốc Anh,17479.0
2024,6,Úc,30169.0
2024,6,Ý,3331.0
2024,6,Đan mạch,1314.0
2024,6,Đài Loan,100952.0
2024,6,Đức,10751.0
2024,6,Ấn Độ,43045.0
2024,7,Châu Á,928662.0
2024,7,Châu Mỹ,73408.0
2024,7,Châu Âu,103084.0
2024,7,Châu Úc,42390.0
2024,7,Châu Phi,3888.0
2024,7,Ba Lan,1388.0
2024,7,Bỉ,3271.0
2024,7,Campuchia,28532.0
2024,7,Canada,6762.0
2024,7,Các thị trường khác thuộc châu Mỹ,3746.0
2024,7,Các thị trường khác thuộc châu Phi,3888.0
2024,7,Các thị trường khác thuộc châu Á,42523.0
2024,7,Các thị trường khác thuộc châu Âu,11565.0
2024,7,Các thị trường khác thuộc châu Úc,100.0
2024,7,Hoa Kỳ,62900.0
2024,7,Hà Lan,5743.0
2024,7,Hàn Quốc,309151.0
2024,7,Hồng Kông,
2024,7,Indonesia,14069.0
2024,7,Lào,16151.0
2024,7,Malaysia,27509.0
2024,7,Na Uy,4636.0
2024,7,New Zealand,4437.0
2024,7,Nga,14223.0
2024,7,Nhật Bản,44569.0
2024,7,Philippines,21791.0
2024,7,Pháp,15273.0
2024,7,Phần Lan,
2024,7,Singapore,20367.0
2024,7,Thái Lan,20927.0
2024,7,Thụy sĩ,2304.0
2024,7,Thụy Điển,2503.0
2024,7,Trung Quốc,249262.0
2024,7,Tây Ban Nha,6291.0
2024,7,Vương quốc Anh,17354.0
2024,7,Úc,37853.0
2024,7,Ý,3709.0
2024,7,Đan mạch,3237.0
2024,7,Đài Loan,101465.0
2024,7,Đức,11587.0
2024,7,Ấn Độ,32346.0
2024,8,Châu Á,1191077.0
2024,8,Châu Mỹ,64050.0
2024,8,Châu Âu,149102.0
2024,8,Châu Úc,37550.0
2024,8,Châu Phi,5030.0
2024,8,Ba Lan,1742.0
2024,8,Bỉ,2492.0
2024,8,Campuchia,34934.0
2024,8,Canada,8610.0
2024,8,Các thị trường khác thuộc châu Mỹ,4212.0
2024,8,Các thị trường khác thuộc châu Phi,5030.0
2024,8,Các thị trường khác thuộc châu Á,49726.0
2024,8,Các thị trường khác thuộc châu Âu,14568.0
2024,8,Các thị trường khác thuộc châu Úc,176.0
2024,8,Hoa Kỳ,51228.0
2024,8,Hà Lan,8564.0
2024,8,Hàn Quốc,421158.0
2024,8,Hồng Kông,
2024,8,Indonesia,12041.0
2024,8,Lào,19630.0
2024,8,Malaysia,32202.0
2024,8,Na Uy,1186.0
2024,8,New Zealand,3941.0
2024,8,Nga,19391.0
2024,8,Nhật Bản,80731.0
2024,8,Philippines,24872.0
2024,8,Pháp,23664.0
2024,8,Phần Lan,
2024,8,Singapore,24313.0
2024,8,Thái Lan,26574.0
2024,8,Thụy sĩ,1893.0
2024,8,Thụy Điển,1032.0
2024,8,Trung Quốc,307077.0
2024,8,Tây Ban Nha,17093.0
2024,8,Vương quốc Anh,23440.0
2024,8,Úc,33433.0
2024,8,Ý,14430.0
2024,8,Đan mạch,1466.0
2024,8,Đài Loan,117848.0
2024,8,Đức,18141.0
2024,8,Ấn Độ,39971.0
2024,9,Châu Á,1060201.0
2024,9,Châu Mỹ,62332.0
2024,9,Châu Âu,102889.0
2024,9,Châu Úc,44719.0
2024,9,Châu Phi,4663.0
2024,9,Ba Lan,1807.0
2024,9,Bỉ,2149.0
2024,9,Campuchia,30770.0
2024,9,Canada,8379.0
2024,9,Các thị trường khác thuộc châu Mỹ,4566.0
2024,9,Các thị trường khác thuộc châu Phi,4663.0
2024,9,Các thị trường khác thuộc châu Á,59834.0
2024,9,Các thị trường khác thuộc châu Âu,12071.0
2024,9,Các thị trường khác thuộc châu Úc,137.0
2024,9,Hoa Kỳ,49387.0
2024,9,Hà Lan,4730.0
2024,9,Hàn Quốc,355712.0
2024,9,Hồng Kông,
2024,9,Indonesia,13391.0
2024,9,Lào,10020.0
2024,9,Malaysia,43219.0
2024,9,Na Uy,1199.0
2024,9,New Zealand,3982.0
2024,9,Nga,17177.0
2024,9,Nhật Bản,68068.0
2024,9,Philippines,22475.0
2024,9,Pháp,13937.0
2024,9,Phần Lan,
2024,9,Singapore,26408.0
2024,9,Thái Lan,26874.0
2024,9,Thụy sĩ,1577.0
2024,9,Thụy Điển,1323.0
2024,9,Trung Quốc,257967.0
2024,9,Tây Ban Nha,9034.0
2024,9,Vương quốc Anh,16423.0
2024,9,Úc,40600.0
2024,9,Ý,4721.0
2024,9,Đan mạch,1769.0
2024,9,Đài Loan,104064.0
2024,9,Đức,14972.0
2024,9,Ấn Độ,41399.0
2024,10,Châu Á,1132872.0
2024,10,Châu Mỹ,76190.0
2024,10,Châu Âu,161718.0
2024,10,Châu Úc,45030.0
2024,10,Châu Phi,4023.0
2024,10,Ba Lan,2852.0
2024,10,Bỉ,2726.0
2024,10,Campuchia,40030.0
2024,10,Canada,12390.0
2024,10,Các thị trường khác thuộc châu Mỹ,5579.0
2024,10,Các thị trường khác thuộc châu Phi,4023.0
2024,10,Các thị trường khác thuộc châu Á,65100.0
2024,10,Các thị trường khác thuộc châu Âu,40510.0
2024,10,Các thị trường khác thuộc châu Úc,103.0
2024,10,Hoa Kỳ,58221.0
2024,10,Hà Lan,6026.0
2024,10,Hàn Quốc,367022.0
2024,10,Hồng Kông,
2024,10,Indonesia,15281.0
2024,10,Lào,8599.0
2024,10,Malaysia,35932.0
2024,10,Na Uy,1484.0
2024,10,New Zealand,4535.0
2024,10,Nga,18428.0
2024,10,Nhật Bản,55902.0
2024,10,Philippines,25762.0
2024,10,Pháp,22910.0
2024,10,Phần Lan,
2024,10,Singapore,24733.0
2024,10,Thái Lan,38795.0
2024,10,Thụy sĩ,2645.0
2024,10,Thụy Điển,2197.0
2024,10,Trung Quốc,305464.0
2024,10,Tây Ban Nha,8685.0
2024,10,Vương quốc Anh,23659.0
2024,10,Úc,40392.0
2024,10,Ý,5719.0
2024,10,Đan mạch,2683.0
2024,10,Đài Loan,108861.0
2024,10,Đức,21194.0
2024,10,Ấn Độ,41391.0
2024,11,Châu Á,1357769.0
2024,11,Châu Mỹ,95087.0
2024,11,Châu Âu,206168.0
2024,11,Châu Úc,48341.0
2024,11,Châu Phi,4146.0
2024,11,Ba Lan,9629.0
2024,11,Bỉ,3762.0
2024,11,Campuchia,47815.0
2024,11,Canada,17582.0
2024,11,Các thị trường khác thuộc châu Mỹ,8268.0
2024,11,Các thị trường khác thuộc châu Phi,4146.0
2024,11,Các thị trường khác thuộc châu Á,155043.0
2024,11,Các thị trường khác thuộc châu Âu,29874.0
2024,11,Các thị trường khác thuộc châu Úc,140.0
2024,11,Hoa Kỳ,69237.0
2024,11,Hà Lan,8040.0
2024,11,Hàn Quốc,399150.0
2024,11,Hồng Kông,
2024,11,Indonesia,15310.0
2024,11,Lào,9430.0
2024,11,Malaysia,48446.0
2024,11,Na Uy,2468.0
2024,11,New Zealand,4162.0
2024,11,Nga,25970.0
2024,11,Nhật Bản,71014.0
2024,11,Philippines,33153.0
2024,11,Pháp,33027.0
2024,11,Phần Lan,
2024,11,Singapore,35407.0
2024,11,Thái Lan,37520.0
2024,11,Thụy sĩ,4085.0
2024,11,Thụy Điển,3376.0
2024,11,Trung Quốc,339399.0
2024,11,Tây Ban Nha,11291.0
2024,11,Vương quốc Anh,31398.0
2024,11,Úc,44039.0
2024,11,Ý,10723.0
2024,11,Đan mạch,3255.0
2024,11,Đài Loan,114949.0
2024,11,Đức,29270.0
2024,11,Ấn Độ,51133.0
2024,12,Châu Á,1382509.0
2024,12,Châu Mỹ,92175.0
2024,12,Châu Âu,213091.0
2024,12,Châu Úc,55574.0
2024,12,Châu Phi,3891.0
2024,12,Ba Lan,7196.0
2024,12,Bỉ,2652.0
2024,12,Campuchia,61008.0
2024,12,Canada,13885.0
2024,12,Các thị trường khác thuộc châu Mỹ,4568.0
2024,12,Các thị trường khác thuộc châu Phi,3891.0
2024,12,Các thị trường khác thuộc châu Á,65450.0
2024,12,Các thị trường khác thuộc châu Âu,63213.0
2024,12,Các thị trường khác thuộc châu Úc,150.0
2024,12,Hoa Kỳ,73722.0
2024,12,Hà Lan,6300.0
2024,12,Hàn Quốc,435069.0
2024,12,Hồng Kông,
2024,12,Indonesia,17892.0
2024,12,Lào,19535.0
2024,12,Malaysia,54488.0
2024,12,Na Uy,3391.0
2024,12,New Zealand,4278.0
2024,12,Nga,28520.0
2024,12,Nhật Bản,55542.0
2024,12,Philippines,31807.0
2024,12,Pháp,24290.0
2024,12,Phần Lan,
2024,12,Singapore,46055.0
2024,12,Thái Lan,40771.0
2024,12,Thụy sĩ,3390.0
2024,12,Thụy Điển,5713.0
2024,12,Trung Quốc,387861.0
2024,12,Tây Ban Nha,6649.0
2024,12,Vương quốc Anh,26627.0
2024,12,Úc,51146.0
2024,12,Ý,8220.0
2024,12,Đan mạch,3462.0
2024,12,Đài Loan,111246.0
2024,12,Đức,23468.0
2024,12,Ấn Độ,55785.0
2025,1,Châu Á,1606888.0
2025,1,Châu Mỹ,119656.0
2025,1,Châu Âu,266644.0
2025,1,Châu Úc,72243.0
2025,1,Châu Phi,5035.0
2025,1,Ba Lan,8678.0
2025,1,Bỉ,2531.0
2025,1,Campuchia,100150.0
2025,1,Canada,18785.0
2025,1,Các thị trường khác thuộc châu Mỹ,8333.0
2025,1,Các thị trường khác thuộc châu Phi,5035.0
2025,1,Các thị trường khác thuộc châu Á,124312.0
2025,1,Các thị trường khác thuộc châu Âu,80101.0
2025,1,Các thị trường khác thuộc châu Úc,135.0
2025,1,Hoa Kỳ,92538.0
2025,1,Hà Lan,7595.0
2025,1,Hàn Quốc,417116.0
2025,1,Hồng Kông,
2025,1,Indonesia,19274.0
2025,1,Lào,15072.0
2025,1,Malaysia,42935.0
2025,1,Na Uy,3764.0
2025,1,New Zealand,5604.0
2025,1,Nga,42515.0
2025,1,Nhật Bản,72311.0
2025,1,Philippines,34578.0
2025,1,Pháp,28012.0
2025,1,Phần Lan,
2025,1,Singapore,25817.0
2025,1,Thái Lan,40464.0
2025,1,Thụy sĩ,3999.0
2025,1,Thụy Điển,6048.0
2025,1,Trung Quốc,574950.0
2025,1,Tây Ban Nha,5584.0
2025,1,Vương quốc Anh,33435.0
2025,1,Úc,66504.0
2025,1,Ý,11490.0
2025,1,Đan mạch,4898.0
2025,1,Đài Loan,91373.0
2025,1,Đức,27994.0
2025,1,Ấn Độ,48536.0
2025,2,Châu Á,1491673.0
2025,2,Châu Mỹ,116971.0
2025,2,Châu Âu,239702.0
2025,2,Châu Úc,41464.0
2025,2,Châu Phi,4123.0
2025,2,Ba Lan,12653.0
2025,2,Bỉ,3164.0
2025,2,Campuchia,41916.0
2025,2,Canada,21950.0
2025,2,Các thị trường khác thuộc châu Mỹ,7345.0
2025,2,Các thị trường khác thuộc châu Phi,4123.0
2025,2,Các thị trường khác thuộc châu Á,166682.0
2025,2,Các thị trường khác thuộc châu Âu,36198.0
2025,2,Các thị trường khác thuộc châu Úc,120.0
2025,2,Hoa Kỳ,87676.0
2025,2,Hà Lan,8525.0
2025,2,Hàn Quốc,468026.0
2025,2,Hồng Kông,
2025,2,Indonesia,16676.0
2025,2,Lào,18511.0
2025,2,Malaysia,60051.0
2025,2,Na Uy,4068.0
2025,2,New Zealand,3031.0
2025,2,Nga,36500.0
2025,2,Nhật Bản,75087.0
2025,2,Philippines,30003.0
2025,2,Pháp,35034.0
2025,2,Phần Lan,
2025,2,Singapore,25851.0
2025,2,Thái Lan,37518.0
2025,2,Thụy sĩ,4172.0
2025,2,Thụy Điển,5038.0
2025,2,Trung Quốc,380745.0
2025,2,Tây Ban Nha,6052.0
2025,2,Vương quốc Anh,39148.0
2025,2,Úc,38313.0
2025,2,Ý,9699.0
2025,2,Đan mạch,6120.0
2025,2,Đài Loan,126929.0
2025,2,Đức,33331.0
2025,2,Ấn Độ,43678.0
2025,3,Châu Á,1614360.0
2025,3,Châu Mỹ,104874.0
2025,3,Châu Âu,285526.0
2025,3,Châu Úc,46383.0
2025,3,Châu Phi,3166.0
2025,3,Ba Lan,9674.0
2025,3,Bỉ,3874.0
2025,3,Campuchia,91845.0
2025,3,Canada,19389.0
2025,3,Các thị trường khác thuộc châu Mỹ,7129.0
2025,3,Các thị trường khác thuộc châu Phi,3166.0
2025,3,Các thị trường khác thuộc châu Á,97610.0
2025,3,Các thị trường khác thuộc châu Âu,69390.0
2025,3,Các thị trường khác thuộc châu Úc,102.0
2025,3,Hoa Kỳ,78356.0
2025,3,Hà Lan,8870.0
2025,3,Hàn Quốc,374989.0
2025,3,Hồng Kông,
2025,3,Indonesia,12876.0
2025,3,Lào,17260.0
2025,3,Malaysia,38114.0
2025,3,Na Uy,2922.0
2025,3,New Zealand,3978.0
2025,3,Nga,45639.0
2025,3,Nhật Bản,78779.0
2025,3,Philippines,31673.0
2025,3,Pháp,39370.0
2025,3,Phần Lan,
2025,3,Singapore,30813.0
2025,3,Thái Lan,46147.0
2025,3,Thụy sĩ,3734.0
2025,3,Thụy Điển,3960.0
2025,3,Trung Quốc,630898.0
2025,3,Tây Ban Nha,6430.0
2025,3,Vương quốc Anh,41026.0
2025,3,Úc,42303.0
2025,3,Ý,10544.0
2025,3,Đan mạch,5158.0
2025,3,Đài Loan,112215.0
2025,3,Đức,34935.0
2025,3,Ấn Độ,51141.0
2025,4,Châu Á,1250571.0
2025,4,Châu Mỹ,86594.0
2025,4,Châu Âu,247050.0
2025,4,Châu Úc,65218.0
2025,4,Châu Phi,5248.0
2025,4,Ba Lan,3656.0
2025,4,Bỉ,3570.0
2025,4,Campuchia,45626.0
2025,4,Canada,14265.0
2025,4,Các thị trường khác thuộc châu Mỹ,7437.0
2025,4,Các thị trường khác thuộc châu Phi,5248.0
2025,4,Các thị trường khác thuộc châu Á,97544.0
2025,4,Các thị trường khác thuộc châu Âu,52443.0
2025,4,Các thị trường khác thuộc châu Úc,148.0
2025,4,Hoa Kỳ,64892.0
2025,4,Hà Lan,8503.0
2025,4,Hàn Quốc,326140.0
2025,4,Hồng Kông,
2025,4,Indonesia,23535.0
2025,4,Lào,11871.0
2025,4,Malaysia,41239.0
2025,4,Na Uy,2337.0
2025,4,New Zealand,6691.0
2025,4,Nga,41806.0
2025,4,Nhật Bản,54182.0
2025,4,Philippines,39697.0
2025,4,Pháp,35220.0
2025,4,Phần Lan,
2025,4,Singapore,27666.0
2025,4,Thái Lan,44759.0
2025,4,Thụy sĩ,4497.0
2025,4,Thụy Điển,2628.0
2025,4,Trung Quốc,368074.0
2025,4,Tây Ban Nha,7256.0
2025,4,Vương quốc Anh,41779.0
2025,4,Úc,58379.0
2025,4,Ý,10763.0
2025,4,Đan mạch,4013.0
2025,4,Đài Loan,109697.0
2025,4,Đức,28579.0
2025,4,Ấn Độ,60541.0
2025,5,Châu Á,1253268.0
2025,5,Châu Mỹ,68772.0
2025,5,Châu Âu,162550.0
2025,5,Châu Úc,39720.0
2025,5,Châu Phi,4042.0
2025,5,Ba Lan,2246.0
2025,5,Bỉ,1868.0
2025,5,Campuchia,44981.0
2025,5,Canada,11170.0
2025,5,Các thị trường khác thuộc châu Mỹ,5647.0
2025,5,Các thị trường khác thuộc châu Phi,4042.0
2025,5,Các thị trường khác thuộc châu Á,87044.0
2025,5,Các thị trường khác thuộc châu Âu,32494.0
2025,5,Các thị trường khác thuộc châu Úc,163.0
2025,5,Hoa Kỳ,51955.0
2025,5,Hà Lan,5126.0
2025,5,Hàn Quốc,318572.0
2025,5,Hồng Kông,
2025,5,Indonesia,17624.0
2025,5,Lào,12183.0
2025,5,Malaysia,38178.0
2025,5,Na Uy,989.0
2025,5,New Zealand,3960.0
2025,5,Nga,43671.0
2025,5,Nhật Bản,61797.0
2025,5,Philippines,39578.0
2025,5,Pháp,22528.0
2025,5,Phần Lan,
2025,5,Singapore,28498.0
2025,5,Thái Lan,36929.0
2025,5,Thụy sĩ,1648.0
2025,5,Thụy Điển,1504.0
2025,5,Trung Quốc,407572.0
2025,5,Tây Ban Nha,5562.0
2025,5,Vương quốc Anh,23659.0
2025,5,Úc,35597.0
2025,5,Ý,4946.0
2025,5,Đan mạch,1694.0
2025,5,Đài Loan,92683.0
2025,5,Đức,14615.0
2025,5,Ấn Độ,67629.0
2025,6,Châu Á,1195406.0
2025,6,Châu Mỹ,85919.0
2025,6,Châu Âu,138750.0
2025,6,Châu Úc,39216.0
2025,6,Châu Phi,3576.0
2025,6,Ba Lan,1406.0
2025,6,Bỉ,1290.0
2025,6,Campuchia,35753.0
2025,6,Canada,7441.0
2025,6,Các thị trường khác thuộc châu Mỹ,4763.0
2025,6,Các thị trường khác thuộc châu Phi,3576.0
2025,6,Các thị trường khác thuộc châu Á,87839.0
2025,6,Các thị trường khác thuộc châu Âu,20390.0
2025,6,Các thị trường khác thuộc châu Úc,121.0
2025,6,Hoa Kỳ,73715.0
2025,6,Hà Lan,3878.0
2025,6,Hàn Quốc,303130.0
2025,6,Hồng Kông,
2025,6,Indonesia,16879.0
2025,6,Lào,13786.0
2025,6,Malaysia,46352.0
2025,6,Na Uy,2767.0
2025,6,New Zealand,4226.0
2025,6,Nga,49718.0
2025,6,Nhật Bản,51162.0
2025,6,Philippines,42104.0
2025,6,Pháp,13590.0
2025,6,Phần Lan,
2025,6,Singapore,40364.0
2025,6,Thái Lan,30154.0
2025,6,Thụy sĩ,1441.0
2025,6,Thụy Điển,2236.0
2025,6,Trung Quốc,364801.0
2025,6,Tây Ban Nha,5152.0
2025,6,Vương quốc Anh,20319.0
2025,6,Úc,34869.0
2025,6,Ý,3866.0
2025,6,Đan mạch,1301.0
2025,6,Đài Loan,97089.0
2025,6,Đức,11396.0
2025,6,Ấn Độ,65993.0
2025,7,Châu Á,1225257.0
2025,7,Châu Mỹ,87242.0
2025,7,Châu Âu,191942.0
2025,7,Châu Úc,53273.0
2025,7,Châu Phi,4874.0
2025,7,Ba Lan,2128.0
2025,7,Bỉ,4878.0
2025,7,Campuchia,41151.0
2025,7,Canada,10003.0
2025,7,Các thị trường khác thuộc châu Mỹ,4730.0
2025,7,Các thị trường khác thuộc châu Phi,4874.0
2025,7,Các thị trường khác thuộc châu Á,91007.0
2025,7,Các thị trường khác thuộc châu Âu,21027.0
2025,7,Các thị trường khác thuộc châu Úc,163.0
2025,7,Hoa Kỳ,72509.0
2025,7,Hà Lan,11913.0
2025,7,Hàn Quốc,317070.0
2025,7,Hồng Kông,
2025,7,Indonesia,16784.0
2025,7,Lào,25906.0
2025,7,Malaysia,36933.0
2025,7,Na Uy,5197.0
2025,7,New Zealand,5409.0
2025,7,Nga,55289.0
2025,7,Nhật Bản,55947.0
2025,7,Philippines,37034.0
2025,7,Pháp,24534.0
2025,7,Phần Lan,
2025,7,Singapore,26997.0
2025,7,Thái Lan,29125.0
2025,7,Thụy sĩ,3664.0
2025,7,Thụy Điển,2616.0
2025,7,Trung Quốc,391051.0
2025,7,Tây Ban Nha,8340.0
2025,7,Vương quốc Anh,26248.0
2025,7,Úc,47701.0
2025,7,Ý,5491.0
2025,7,Đan mạch,4536.0
2025,7,Đài Loan,106653.0
2025,7,Đức,16081.0
2025,7,Ấn Độ,49599.0
2025,8,Châu Á,1360039.0
2025,8,Châu Mỹ,65452.0
2025,8,Châu Âu,214925.0
2025,8,Châu Úc,38823.0
2025,8,Châu Phi,5733.0
2025,8,Ba Lan,2478.0
2025,8,Bỉ,2899.0
2025,8,Campuchia,43211.0
2025,8,Canada,9540.0
2025,8,Các thị trường khác thuộc châu Mỹ,4746.0
2025,8,Các thị trường khác thuộc châu Phi,5733.0
2025,8,Các thị trường khác thuộc châu Á,93442.0
2025,8,Các thị trường khác thuộc châu Âu,22294.0
2025,8,Các thị trường khác thuộc châu Úc,123.0
2025,8,Hoa Kỳ,51166.0
2025,8,Hà Lan,8690.0
2025,8,Hàn Quốc,384167.0
2025,8,Hồng Kông,
2025,8,Indonesia,14553.0
2025,8,Lào,19918.0
2025,8,Malaysia,40246.0
2025,8,Na Uy,1235.0
2025,8,New Zealand,4387.0
2025,8,Nga,61534.0
2025,8,Nhật Bản,90421.0
2025,8,Philippines,40712.0
2025,8,Pháp,28333.0
2025,8,Phần Lan,
2025,8,Singapore,29169.0
2025,8,Thái Lan,31279.0
2025,8,Thụy sĩ,2023.0
2025,8,Thụy Điển,1384.0
2025,8,Trung Quốc,414247.0
2025,8,Tây Ban Nha,15922.0
2025,8,Vương quốc Anh,27901.0
2025,8,Úc,34313.0
2025,8,Ý,16210.0
2025,8,Đan mạch,1603.0
2025,8,Đài Loan,102543.0
2025,8,Đức,22419.0
2025,8,Ấn Độ,56131.0
2025,9,Châu Á,1244379.0
2025,9,Châu Mỹ,63962.0
2025,9,Châu Âu,161503.0
2025,9,Châu Úc,48682.0
2025,9,Châu Phi,4862.0
2025,9,Ba Lan,3044.0
2025,9,Bỉ,2556.0
2025,9,Campuchia,45237.0
2025,9,Canada,8963.0
2025,9,Các thị trường khác thuộc châu Mỹ,5230.0
2025,9,Các thị trường khác thuộc châu Phi,4862.0
2025,9,Các thị trường khác thuộc châu Á,86815.0
2025,9,Các thị trường khác thuộc châu Âu,18188.0
2025,9,Các thị trường khác thuộc châu Úc,143.0
2025,9,Hoa Kỳ,49769.0
2025,9,Hà Lan,5109.0
2025,9,Hàn Quốc,328530.0
2025,9,Hồng Kông,
2025,9,Indonesia,16655.0
2025,9,Lào,13076.0
2025,9,Malaysia,61214.0
2025,9,Na Uy,1384.0
2025,9,New Zealand,5284.0
2025,9,Nga,58489.0
2025,9,Nhật Bản,78086.0
2025,9,Philippines,41372.0
2025,9,Pháp,17026.0
2025,9,Phần Lan,
2025,9,Singapore,33012.0
2025,9,Thái Lan,30142.0
2025,9,Thụy sĩ,1987.0
2025,9,Thụy Điển,1475.0
2025,9,Trung Quốc,361627.0
2025,9,Tây Ban Nha,8240.0
2025,9,Vương quốc Anh,19751.0
2025,9,Úc,43255.0
2025,9,Ý,5576.0
2025,9,Đan mạch,1778.0
2025,9,Đài Loan,87218.0
2025,9,Đức,16900.0
2025,9,Ấn Độ,61395.0
2025,10,Châu Á,1376126.0
2025,10,Châu Mỹ,82416.0
2025,10,Châu Âu,218096.0
2025,10,Châu Úc,51156.0
2025,10,Châu Phi,5148.0
2025,10,Ba Lan,3582.0
2025,10,Bỉ,3083.0
2025,10,Campuchia,59784.0
2025,10,Canada,13392.0
2025,10,Các thị trường khác thuộc châu Mỹ,6941.0
2025,10,Các thị trường khác thuộc châu Phi,5148.0
2025,10,Các thị trường khác thuộc châu Á,85014.0
2025,10,Các thị trường khác thuộc châu Âu,35509.0
2025,10,Các thị trường khác thuộc châu Úc,189.0
2025,10,Hoa Kỳ,62083.0
2025,10,Hà Lan,6473.0
2025,10,Hàn Quốc,360941.0
2025,10,Hồng Kông,
2025,10,Indonesia,15495.0
2025,10,Lào,10598.0
2025,10,Malaysia,49261.0
2025,10,Na Uy,1791.0
2025,10,New Zealand,4731.0
2025,10,Nga,66534.0
2025,10,Nhật Bản,60861.0
2025,10,Philippines,43392.0
2025,10,Pháp,26552.0
2025,10,Phần Lan,
2025,10,Singapore,32506.0
2025,10,Thái Lan,47694.0
2025,10,Thụy sĩ,3317.0
2025,10,Thụy Điển,2295.0
2025,10,Trung Quốc,433390.0
2025,10,Tây Ban Nha,8846.0
2025,10,Vương quốc Anh,27736.0
2025,10,Úc,46236.0
2025,10,Ý,6674.0
2025,10,Đan mạch,2946.0
2025,10,Đài Loan,106865.0
2025,10,Đức,22758.0
2025,10,Ấn Độ,70325.0
2025,11,Châu Á,1477295.0
2025,11,Châu Mỹ,111835.0
2025,11,Châu Âu,329963.0
2025,11,Châu Úc,53663.0
2025,11,Châu Phi,5418.0
2025,11,Ba Lan,12737.0
2025,11,Bỉ,4726.0
2025,11,Campuchia,64601.0
2025,11,Canada,20881.0
2025,11,Các thị trường khác thuộc châu Mỹ,9910.0
2025,11,Các thị trường khác thuộc châu Phi,5418.0
2025,11,Các thị trường khác thuộc châu Á,129357.0
2025,11,Các thị trường khác thuộc châu Âu,61867.0
2025,11,Các thị trường khác thuộc châu Úc,198.0
2025,11,Hoa Kỳ,81044.0
2025,11,Hà Lan,9482.0
2025,11,Hàn Quốc,343998.0
2025,11,Hồng Kông,
2025,11,Indonesia,18820.0
2025,11,Lào,10283.0
2025,11,Malaysia,55507.0
2025,11,Na Uy,2904.0
2025,11,New Zealand,5055.0
2025,11,Nga,91145.0
2025,11,Nhật Bản,75441.0
2025,11,Philippines,50702.0
2025,11,Pháp,38957.0
2025,11,Phần Lan,
2025,11,Singapore,39672.0
2025,11,Thái Lan,40797.0
2025,11,Thụy sĩ,4886.0
2025,11,Thụy Điển,3921.0
2025,11,Trung Quốc,467090.0
2025,11,Tây Ban Nha,12270.0
2025,11,Vương quốc Anh,36548.0
2025,11,Úc,48410.0
2025,11,Ý,12609.0
2025,11,Đan mạch,3454.0
2025,11,Đài Loan,100149.0
2025,11,Đức,34457.0
2025,11,Ấn Độ,80878.0
2025,12,Châu Á,1477295.0
2025,12,Châu Mỹ,111835.0
2025,12,Châu Âu,329963.0
2025,12,Châu Úc,53663.0
2025,12,Châu Phi,5418.0
2025,12,Ba Lan,12737.0
2025,12,Bỉ,4726.0
2025,12,Campuchia,64601.0
2025,12,Canada,20881.0
2025,12,Các thị trường khác thuộc châu Mỹ,9910.0
2025,12,Các thị trường khác thuộc châu Phi,5418.0
2025,12,Các thị trường khác thuộc châu Á,129357.0
2025,12,Các thị trường khác thuộc châu Âu,61867.0
2025,12,Các thị trường khác thuộc châu Úc,198.0
2025,12,Hoa Kỳ,81044.0
2025,12,Hà Lan,9482.0
2025,12,Hàn Quốc,343998.0
2025,12,Hồng Kông,
2025,12,Indonesia,18820.0
2025,12,Lào,10283.0
2025,12,Malaysia,55507.0
2025,12,Na Uy,2904.0
2025,12,New Zealand,5055.0
2025,12,Nga,91145.0
2025,12,Nhật Bản,75441.0
2025,12,Philippines,50702.0
2025,12,Pháp,38957.0
2025,12,Phần Lan,
2025,12,Singapore,39672.0
2025,12,Thái Lan,40797.0
2025,12,Thụy sĩ,4886.0
2025,12,Thụy Điển,3921.0
2025,12,Trung Quốc,467090.0
2025,12,Tây Ban Nha,12270.0
2025,12,Vương quốc Anh,36548.0
2025,12,Úc,48410.0
2025,12,Ý,12609.0
2025,12,Đan mạch,3454.0
2025,12,Đài Loan,100149.0
2025,12,Đức,34457.0
2025,12,Ấn Độ,80878.0
2026,1,Châu Á,1533979.0
2026,1,Châu Mỹ,111189.0
2026,1,Châu Âu,313851.0
2026,1,Châu Úc,57563.0
2026,1,Châu Phi,5037.0
2026,1,Ba Lan,10646.0
2026,1,Bỉ,3127.0
2026,1,Campuchia,72877.0
2026,1,Canada,17612.0
2026,1,Các thị trường khác thuộc châu Mỹ,10553.0
2026,1,Các thị trường khác thuộc châu Phi,5037.0
2026,1,Các thị trường khác thuộc châu Á,88251.0
2026,1,Các thị trường khác thuộc châu Âu,72750.0
2026,1,Các thị trường khác thuộc châu Úc,200.0
2026,1,Hoa Kỳ,83024.0
2026,1,Hà Lan,7545.0
2026,1,Hàn Quốc,388732.0
2026,1,Hồng Kông,
2026,1,Indonesia,18025.0
2026,1,Lào,10876.0
2026,1,Malaysia,63686.0
2026,1,Na Uy,3906.0
2026,1,New Zealand,4772.0
2026,1,Nga,96874.0
2026,1,Nhật Bản,60095.0
2026,1,Philippines,51328.0
2026,1,Pháp,28573.0
2026,1,Phần Lan,
2026,1,Singapore,61055.0
2026,1,Thái Lan,42767.0
2026,1,Thụy sĩ,4507.0
2026,1,Thụy Điển,6394.0
2026,1,Trung Quốc,487557.0
2026,1,Tây Ban Nha,7788.0
2026,1,Vương quốc Anh,30768.0
2026,1,Úc,52591.0
2026,1,Ý,9490.0
2026,1,Đan mạch,3909.0
2026,1,Đài Loan,98096.0
2026,1,Đức,27574.0
2026,1,Ấn Độ,90634.0
2026,2,Châu Á,1609363.0
2026,2,Châu Mỹ,141828.0
2026,2,Châu Âu,423471.0
2026,2,Châu Úc,48915.0
2026,2,Châu Phi,4795.0
2026,2,Ba Lan,18463.0
2026,2,Bỉ,4208.0
2026,2,Campuchia,54205.0
2026,2,Canada,26971.0
2026,2,Các thị trường khác thuộc châu Mỹ,8876.0
2026,2,Các thị trường khác thuộc châu Phi,4795.0
2026,2,Các thị trường khác thuộc châu Á,142102.0
2026,2,Các thị trường khác thuộc châu Âu,101991.0
2026,2,Các thị trường khác thuộc châu Úc,109.0
2026,2,Hoa Kỳ,105981.0
2026,2,Hà Lan,10583.0
2026,2,Hàn Quốc,481589.0
2026,2,Hồng Kông,
2026,2,Indonesia,18421.0
2026,2,Lào,15543.0
2026,2,Malaysia,57578.0
2026,2,Na Uy,5688.0
2026,2,New Zealand,3685.0
2026,2,Nga,121493.0
2026,2,Nhật Bản,67047.0
2026,2,Philippines,50532.0
2026,2,Pháp,40411.0
2026,2,Phần Lan,
2026,2,Singapore,30549.0
2026,2,Thái Lan,38682.0
2026,2,Thụy sĩ,5641.0
2026,2,Thụy Điển,6866.0
2026,2,Trung Quốc,463147.0
2026,2,Tây Ban Nha,6172.0
2026,2,Vương quốc Anh,43868.0
2026,2,Úc,45121.0
2026,2,Ý,11116.0
2026,2,Đan mạch,7939.0
2026,2,Đài Loan,119112.0
2026,2,Đức,39032.0
2026,2,Ấn Độ,70856.0
2026,3,Châu Á,1508011.0
2026,3,Châu Mỹ,124676.0
2026,3,Châu Âu,384562.0
2026,3,Châu Úc,59118.0
2026,3,Châu Phi,3712.0
2026,3,Ba Lan,11529.0
2026,3,Bỉ,3915.0
2026,3,Campuchia,52872.0
2026,3,Canada,24616.0
2026,3,Các thị trường khác thuộc châu Mỹ,7237.0
2026,3,Các thị trường khác thuộc châu Phi,3712.0
2026,3,Các thị trường khác thuộc châu Á,110069.0
2026,3,Các thị trường khác thuộc châu Âu,81651.0
2026,3,Các thị trường khác thuộc châu Úc,120.0
2026,3,Hoa Kỳ,92823.0
2026,3,Hà Lan,9620.0
2026,3,Hàn Quốc,355167.0
2026,3,Hồng Kông,
2026,3,Indonesia,24585.0
2026,3,Lào,19450.0
2026,3,Malaysia,51354.0
2026,3,Na Uy,3273.0
2026,3,New Zealand,4963.0
2026,3,Nga,120226.0
2026,3,Nhật Bản,93460.0
2026,3,Philippines,51915.0
2026,3,Pháp,40259.0
2026,3,Phần Lan,
2026,3,Singapore,37701.0
2026,3,Thái Lan,48778.0
2026,3,Thụy sĩ,4441.0
2026,3,Thụy Điển,4326.0
2026,3,Trung Quốc,482587.0
2026,3,Tây Ban Nha,6412.0
2026,3,Vương quốc Anh,42254.0
2026,3,Úc,54035.0
2026,3,Ý,10530.0
2026,3,Đan mạch,5875.0
2026,3,Đài Loan,95877.0
2026,3,Đức,40251.0
2026,3,Ấn Độ,84196.0
2026,4,Châu Á,1473651.0
2026,4,Châu Mỹ,111295.0
2026,4,Châu Âu,360968.0
2026,4,Châu Úc,80044.0
2026,4,Châu Phi,5561.0
2026,4,Ba Lan,5680.0
2026,4,Bỉ,4083.0
2026,4,Campuchia,65731.0
2026,4,Canada,20233.0
2026,4,Các thị trường khác thuộc châu Mỹ,8132.0
2026,4,Các thị trường khác thuộc châu Phi,5561.0
2026,4,Các thị trường khác thuộc châu Á,127109.0
2026,4,Các thị trường khác thuộc châu Âu,61996.0
2026,4,Các thị trường khác thuộc châu Úc,148.0
2026,4,Hoa Kỳ,82930.0
2026,4,Hà Lan,9080.0
2026,4,Hàn Quốc,320062.0
2026,4,Hồng Kông,
2026,4,Indonesia,23885.0
2026,4,Lào,14307.0
2026,4,Malaysia,50613.0
2026,4,Na Uy,2657.0
2026,4,New Zealand,8035.0
2026,4,Nga,137221.0
2026,4,Nhật Bản,64086.0
2026,4,Philippines,72827.0
2026,4,Pháp,38451.0
2026,4,Phần Lan,
2026,4,Singapore,35580.0
2026,4,Thái Lan,50812.0
2026,4,Thụy sĩ,5035.0
2026,4,Thụy Điển,3192.0
2026,4,Trung Quốc,449524.0
2026,4,Tây Ban Nha,6042.0
2026,4,Vương quốc Anh,44314.0
2026,4,Úc,71861.0
2026,4,Ý,8178.0
2026,4,Đan mạch,4432.0
2026,4,Đài Loan,117377.0
2026,4,Đức,30607.0
2026,4,Ấn Độ,81738.0
