Year,Category,Month,Index_Value,Quarter,Hierarchy_Level,Economic_Period,Is_Tet_Month,Inflation_Status,Season,Category_Group
2024,Chỉ số giá tiêu dùng,1,100.31,1,Total CPI,Recovery,True,Stable,Winter/Tet,General/Housing
2024,Hàng ăn và dịch vụ ăn uống,1,100.21,1,Main Category,Recovery,True,Stable,Winter/Tet,Food & Beverage
2024,Lương thực,1,101.74,1,Sub-category,Recovery,True,High Inflation,Winter/Tet,Food & Beverage
2024,Thực phẩm,1,99.91,1,Sub-category,Recovery,True,Deflation,Winter/Tet,Food & Beverage
2024,Ăn uống ngoài gia đình,1,100.3,1,Sub-category,Recovery,True,Stable,Winter/Tet,General/Housing
2024,Đồ uống và thuốc lá,1,100.38,1,Main Category,Recovery,True,Stable,Winter/Tet,General/Housing
2024,"May mặc, mũ nón, giày dép",1,100.22,1,Main Category,Recovery,True,Stable,Winter/Tet,General/Housing
2024,Nhà ở và vật liệu xây dựng,1,100.56,1,Main Category,Recovery,True,Stable,Winter/Tet,General/Housing
2024,Thiết bị và đồ dùng gia đình,1,100.14,1,Main Category,Recovery,True,Stable,Winter/Tet,General/Housing
2024,Thuốc và dịch vụ y tế,1,101.02,1,Main Category,Recovery,True,High Inflation,Winter/Tet,Healthcare
2024,Trong đó: Dịch vụ y tế,1,101.31,1,Sub-category,Recovery,True,High Inflation,Winter/Tet,Healthcare
2024,Giao thông,1,100.41,1,Main Category,Recovery,True,Stable,Winter/Tet,Transport
2024,Bưu chính viễn thông,1,99.95,1,Main Category,Recovery,True,Deflation,Winter/Tet,General/Housing
2024,Giáo dục,1,99.88,1,Main Category,Recovery,True,Deflation,Winter/Tet,Education
2024,Trong đó: Dịch vụ giáo dục,1,99.85,1,Sub-category,Recovery,True,Deflation,Winter/Tet,General/Housing
2024,"Văn hóa, giải trí và du lịch",1,100.11,1,Main Category,Recovery,True,Stable,Winter/Tet,General/Housing
2024,Hàng hoá và dịch vụ khác,1,100.4,1,Main Category,Recovery,True,Stable,Winter/Tet,General/Housing
2024,Chỉ số giá vàng,1,102.55,1,Main Category,Recovery,True,High Inflation,Winter/Tet,Financial/Other
2024,Chỉ số đô la Mỹ,1,100.52,1,Main Category,Recovery,True,Stable,Winter/Tet,Financial/Other
2023,Chỉ số giá tiêu dùng,1,100.52,1,Total CPI,Recovery,True,Stable,Winter/Tet,General/Housing
2023,Hàng ăn và dịch vụ ăn uống,1,100.82,1,Main Category,Recovery,True,Stable,Winter/Tet,Food & Beverage
2023,Lương thực,1,100.89,1,Sub-category,Recovery,True,Stable,Winter/Tet,Food & Beverage
2023,Thực phẩm,1,100.95,1,Sub-category,Recovery,True,Stable,Winter/Tet,Food & Beverage
2023,Ăn uống ngoài gia đình,1,100.46,1,Sub-category,Recovery,True,Stable,Winter/Tet,General/Housing
2023,Đồ uống và thuốc lá,1,101.12,1,Main Category,Recovery,True,High Inflation,Winter/Tet,General/Housing
2023,"May mặc, mũ nón, giày dép",1,100.62,1,Main Category,Recovery,True,Stable,Winter/Tet,General/Housing
2023,Nhà ở và vật liệu xây dựng,1,99.88,1,Main Category,Recovery,True,Deflation,Winter/Tet,General/Housing
2023,Thiết bị và đồ dùng gia đình,1,100.36,1,Main Category,Recovery,True,Stable,Winter/Tet,General/Housing
2023,Thuốc và dịch vụ y tế,1,100.07,1,Main Category,Recovery,True,Stable,Winter/Tet,Healthcare
2023,Trong đó: Dịch vụ y tế,1,100.01,1,Sub-category,Recovery,True,Stable,Winter/Tet,Healthcare
2023,Giao thông,1,101.39,1,Main Category,Recovery,True,High Inflation,Winter/Tet,Transport
2023,Bưu chính viễn thông,1,100.0,1,Main Category,Recovery,True,Stable,Winter/Tet,General/Housing
2023,Giáo dục,1,99.85,1,Main Category,Recovery,True,Deflation,Winter/Tet,Education
2023,Trong đó: Dịch vụ giáo dục,1,99.8,1,Sub-category,Recovery,True,Deflation,Winter/Tet,General/Housing
2023,"Văn hóa, giải trí và du lịch",1,100.42,1,Main Category,Recovery,True,Stable,Winter/Tet,General/Housing
2023,Hàng hoá và dịch vụ khác,1,100.7,1,Main Category,Recovery,True,Stable,Winter/Tet,General/Housing
2023,Chỉ số giá vàng,1,100.51,1,Main Category,Recovery,True,Stable,Winter/Tet,Financial/Other
2023,Chỉ số đô la Mỹ,1,97.95,1,Main Category,Recovery,True,Deflation,Winter/Tet,Financial/Other
2022,Chỉ số giá tiêu dùng,1,100.19,1,Total CPI,COVID-19,True,Stable,Winter/Tet,General/Housing
2022,Hàng ăn và dịch vụ ăn uống,1,100.0,1,Main Category,COVID-19,True,Stable,Winter/Tet,Food & Beverage
2022,Lương thực,1,100.08,1,Sub-category,COVID-19,True,Stable,Winter/Tet,Food & Beverage
2022,Thực phẩm,1,99.91,1,Sub-category,COVID-19,True,Deflation,Winter/Tet,Food & Beverage
2022,Ăn uống ngoài gia đình,1,100.18,1,Sub-category,COVID-19,True,Stable,Winter/Tet,General/Housing
2022,Đồ uống và thuốc lá,1,100.57,1,Main Category,COVID-19,True,Stable,Winter/Tet,General/Housing
2022,"May mặc, mũ nón, giày dép",1,100.26,1,Main Category,COVID-19,True,Stable,Winter/Tet,General/Housing
2022,Nhà ở và vật liệu xây dựng,1,100.07,1,Main Category,COVID-19,True,Stable,Winter/Tet,General/Housing
2022,Thiết bị và đồ dùng gia đình,1,100.18,1,Main Category,COVID-19,True,Stable,Winter/Tet,General/Housing
2022,Thuốc và dịch vụ y tế,1,100.03,1,Main Category,COVID-19,True,Stable,Winter/Tet,Healthcare
2022,Trong đó: Dịch vụ y tế,1,100.0,1,Sub-category,COVID-19,True,Stable,Winter/Tet,Healthcare
2022,Giao thông,1,101.18,1,Main Category,COVID-19,True,High Inflation,Winter/Tet,Transport
2022,Bưu chính viễn thông,1,99.97,1,Main Category,COVID-19,True,Deflation,Winter/Tet,General/Housing
2022,Giáo dục,1,100.03,1,Main Category,COVID-19,True,Stable,Winter/Tet,Education
2022,Trong đó: Dịch vụ giáo dục,1,100.01,1,Sub-category,COVID-19,True,Stable,Winter/Tet,General/Housing
2022,"Văn hóa, giải trí và du lịch",1,100.16,1,Main Category,COVID-19,True,Stable,Winter/Tet,General/Housing
2022,Hàng hoá và dịch vụ khác,1,100.39,1,Main Category,COVID-19,True,Stable,Winter/Tet,General/Housing
2022,Chỉ số giá vàng,1,101.08,1,Main Category,COVID-19,True,High Inflation,Winter/Tet,Financial/Other
2022,Chỉ số đô la Mỹ,1,99.68,1,Main Category,COVID-19,True,Deflation,Winter/Tet,Financial/Other
2021,Chỉ số giá tiêu dùng,1,100.06,1,Total CPI,COVID-19,True,Stable,Winter/Tet,General/Housing
2021,Hàng ăn và dịch vụ ăn uống,1,100.64,1,Main Category,COVID-19,True,Stable,Winter/Tet,Food & Beverage
2021,Lương thực,1,100.83,1,Sub-category,COVID-19,True,Stable,Winter/Tet,Food & Beverage
2021,Thực phẩm,1,100.81,1,Sub-category,COVID-19,True,Stable,Winter/Tet,Food & Beverage
2021,Ăn uống ngoài gia đình,1,100.15,1,Sub-category,COVID-19,True,Stable,Winter/Tet,General/Housing
2021,Đồ uống và thuốc lá,1,100.32,1,Main Category,COVID-19,True,Stable,Winter/Tet,General/Housing
2021,"May mặc, mũ nón, giày dép",1,100.44,1,Main Category,COVID-19,True,Stable,Winter/Tet,General/Housing
2021,Nhà ở và vật liệu xây dựng,1,97.69,1,Main Category,COVID-19,True,Deflation,Winter/Tet,General/Housing
2021,Thiết bị và đồ dùng gia đình,1,100.08,1,Main Category,COVID-19,True,Stable,Winter/Tet,General/Housing
2021,Thuốc và dịch vụ y tế,1,100.01,1,Main Category,COVID-19,True,Stable,Winter/Tet,Healthcare
2021,Trong đó: Dịch vụ y tế,1,100.0,1,Sub-category,COVID-19,True,Stable,Winter/Tet,Healthcare
2021,Giao thông,1,102.29,1,Main Category,COVID-19,True,High Inflation,Winter/Tet,Transport
2021,Bưu chính viễn thông,1,99.9,1,Main Category,COVID-19,True,Deflation,Winter/Tet,General/Housing
2021,Giáo dục,1,100.33,1,Main Category,COVID-19,True,Stable,Winter/Tet,Education
2021,Trong đó: Dịch vụ giáo dục,1,100.38,1,Sub-category,COVID-19,True,Stable,Winter/Tet,General/Housing
2021,"Văn hóa, giải trí và du lịch",1,100.08,1,Main Category,COVID-19,True,Stable,Winter/Tet,General/Housing
2021,Hàng hoá và dịch vụ khác,1,100.24,1,Main Category,COVID-19,True,Stable,Winter/Tet,General/Housing
2021,Chỉ số giá vàng,1,102.17,1,Main Category,COVID-19,True,High Inflation,Winter/Tet,Financial/Other
2021,Chỉ số đô la Mỹ,1,99.84,1,Main Category,COVID-19,True,Deflation,Winter/Tet,Financial/Other
2020,Chỉ số giá tiêu dùng,1,101.23,1,Total CPI,COVID-19,True,High Inflation,Winter/Tet,General/Housing
2020,Hàng ăn và dịch vụ ăn uống,1,102.29,1,Main Category,COVID-19,True,High Inflation,Winter/Tet,Food & Beverage
2020,Lương thực,1,100.79,1,Sub-category,COVID-19,True,Stable,Winter/Tet,Food & Beverage
2020,Thực phẩm,1,102.6,1,Sub-category,COVID-19,True,High Inflation,Winter/Tet,Food & Beverage
2020,Đồ uống và thuốc lá,1,100.65,1,Main Category,COVID-19,True,Stable,Winter/Tet,General/Housing
2020,"May mặc, mũ nón, giày dép",1,100.33,1,Main Category,COVID-19,True,Stable,Winter/Tet,General/Housing
2020,Nhà ở và vật liệu xây dựng,1,101.47,1,Main Category,COVID-19,True,High Inflation,Winter/Tet,General/Housing
2020,Thiết bị và đồ dùng gia đình,1,100.27,1,Main Category,COVID-19,True,Stable,Winter/Tet,General/Housing
2020,Thuốc và dịch vụ y tế,1,100.17,1,Main Category,COVID-19,True,Stable,Winter/Tet,Healthcare
2020,Giao thông,1,100.69,1,Main Category,COVID-19,True,Stable,Winter/Tet,Transport
2020,Bưu chính viễn thông,1,99.97,1,Main Category,COVID-19,True,Deflation,Winter/Tet,General/Housing
2020,Giáo dục,1,100.02,1,Main Category,COVID-19,True,Stable,Winter/Tet,Education
2020,"Văn hóa, giải trí và du lịch",1,100.25,1,Main Category,COVID-19,True,Stable,Winter/Tet,General/Housing
2020,Hàng hoá và dịch vụ khác,1,100.92,1,Main Category,COVID-19,True,Stable,Winter/Tet,General/Housing
2020,Chỉ số giá vàng,1,104.37,1,Main Category,COVID-19,True,High Inflation,Winter/Tet,Financial/Other
2020,Chỉ số đô la Mỹ,1,100.02,1,Main Category,COVID-19,True,Stable,Winter/Tet,Financial/Other
2019,Chỉ số giá tiêu dùng,1,100.1,1,Total CPI,Economic Growth,True,Stable,Winter/Tet,General/Housing
2019,Hàng ăn và dịch vụ ăn uống,1,100.66,1,Main Category,Economic Growth,True,Stable,Winter/Tet,Food & Beverage
2019,Lương thực,1,100.52,1,Sub-category,Economic Growth,True,Stable,Winter/Tet,Food & Beverage
2019,Thực phẩm,1,100.85,1,Sub-category,Economic Growth,True,Stable,Winter/Tet,Food & Beverage
2019,Đồ uống và thuốc lá,1,100.69,1,Main Category,Economic Growth,True,Stable,Winter/Tet,General/Housing
2019,"May mặc, mũ nón, giày dép",1,100.39,1,Main Category,Economic Growth,True,Stable,Winter/Tet,General/Housing
2019,Nhà ở và vật liệu xây dựng,1,100.35,1,Main Category,Economic Growth,True,Stable,Winter/Tet,General/Housing
2019,Thiết bị và đồ dùng gia đình,1,100.16,1,Main Category,Economic Growth,True,Stable,Winter/Tet,General/Housing
2019,Thuốc và dịch vụ y tế,1,100.01,1,Main Category,Economic Growth,True,Stable,Winter/Tet,Healthcare
2019,Giao thông,1,96.96,1,Main Category,Economic Growth,True,Deflation,Winter/Tet,Transport
2019,Bưu chính viễn thông,1,99.91,1,Main Category,Economic Growth,True,Deflation,Winter/Tet,General/Housing
2019,Giáo dục,1,100.15,1,Main Category,Economic Growth,True,Stable,Winter/Tet,Education
2019,"Văn hóa, giải trí và du lịch",1,100.33,1,Main Category,Economic Growth,True,Stable,Winter/Tet,General/Housing
2019,Hàng hoá và dịch vụ khác,1,100.34,1,Main Category,Economic Growth,True,Stable,Winter/Tet,General/Housing
2019,Chỉ số giá vàng,1,102.25,1,Main Category,Economic Growth,True,High Inflation,Winter/Tet,Financial/Other
2019,Chỉ số đô la Mỹ,1,99.6,1,Main Category,Economic Growth,True,Deflation,Winter/Tet,Financial/Other
2018,Chỉ số giá tiêu dùng,1,100.51,1,Total CPI,Economic Growth,True,Stable,Winter/Tet,General/Housing
2018,Hàng ăn và dịch vụ ăn uống,1,100.44,1,Main Category,Economic Growth,True,Stable,Winter/Tet,Food & Beverage
2018,Lương thực,1,100.47,1,Sub-category,Economic Growth,True,Stable,Winter/Tet,Food & Beverage
2018,Thực phẩm,1,100.56,1,Sub-category,Economic Growth,True,Stable,Winter/Tet,Food & Beverage
2018,Đồ uống và thuốc lá,1,100.35,1,Main Category,Economic Growth,True,Stable,Winter/Tet,General/Housing
2018,"May mặc, mũ nón, giày dép",1,100.34,1,Main Category,Economic Growth,True,Stable,Winter/Tet,General/Housing
2018,Nhà ở và vật liệu xây dựng,1,100.55,1,Main Category,Economic Growth,True,Stable,Winter/Tet,General/Housing
2018,Thiết bị và đồ dùng gia đình,1,100.16,1,Main Category,Economic Growth,True,Stable,Winter/Tet,General/Housing
2018,Thuốc và dịch vụ y tế,1,101.83,1,Main Category,Economic Growth,True,High Inflation,Winter/Tet,Healthcare
2018,Giao thông,1,101.17,1,Main Category,Economic Growth,True,High Inflation,Winter/Tet,Transport
2018,Bưu chính viễn thông,1,99.91,1,Main Category,Economic Growth,True,Deflation,Winter/Tet,General/Housing
2018,Giáo dục,1,100.03,1,Main Category,Economic Growth,True,Stable,Winter/Tet,Education
2018,"Văn hóa, giải trí và du lịch",1,100.07,1,Main Category,Economic Growth,True,Stable,Winter/Tet,General/Housing
2018,Hàng hoá và dịch vụ khác,1,100.4,1,Main Category,Economic Growth,True,Stable,Winter/Tet,General/Housing
2018,Chỉ số giá vàng,1,101.69,1,Main Category,Economic Growth,True,High Inflation,Winter/Tet,Financial/Other
2018,Chỉ số đô la Mỹ,1,99.96,1,Main Category,Economic Growth,True,Deflation,Winter/Tet,Financial/Other
2017,Chỉ số giá tiêu dùng,1,100.46,1,Total CPI,Economic Growth,True,Stable,Winter/Tet,General/Housing
2017,Hàng ăn và dịch vụ ăn uống,1,99.76,1,Main Category,Economic Growth,True,Deflation,Winter/Tet,Food & Beverage
2017,Lương thực,1,100.47,1,Sub-category,Economic Growth,True,Stable,Winter/Tet,Food & Beverage
2017,Thực phẩm,1,99.41,1,Sub-category,Economic Growth,True,Deflation,Winter/Tet,Food & Beverage
2017,Đồ uống và thuốc lá,1,100.78,1,Main Category,Economic Growth,True,Stable,Winter/Tet,General/Housing
2017,"May mặc, mũ nón, giày dép",1,100.24,1,Main Category,Economic Growth,True,Stable,Winter/Tet,General/Housing
2017,Nhà ở và vật liệu xây dựng,1,100.57,1,Main Category,Economic Growth,True,Stable,Winter/Tet,General/Housing
2017,Thiết bị và đồ dùng gia đình,1,100.2,1,Main Category,Economic Growth,True,Stable,Winter/Tet,General/Housing
2017,Thuốc và dịch vụ y tế,1,101.01,1,Main Category,Economic Growth,True,High Inflation,Winter/Tet,Healthcare
2017,Giao thông,1,103.21,1,Main Category,Economic Growth,True,High Inflation,Winter/Tet,Transport
2017,Bưu chính viễn thông,1,99.85,1,Main Category,Economic Growth,True,Deflation,Winter/Tet,General/Housing
2017,Giáo dục,1,100.47,1,Main Category,Economic Growth,True,Stable,Winter/Tet,Education
2017,"Văn hóa, giải trí và du lịch",1,100.17,1,Main Category,Economic Growth,True,Stable,Winter/Tet,General/Housing
2017,Hàng hoá và dịch vụ khác,1,100.48,1,Main Category,Economic Growth,True,Stable,Winter/Tet,General/Housing
2017,Chỉ số giá vàng,1,99.82,1,Main Category,Economic Growth,True,Deflation,Winter/Tet,Financial/Other
2017,Chỉ số đô la Mỹ,1,99.93,1,Main Category,Economic Growth,True,Deflation,Winter/Tet,Financial/Other
2016,Chỉ số giá tiêu dùng,1,100.0,1,Total CPI,Economic Growth,True,Stable,Winter/Tet,General/Housing
2016,Hàng ăn và dịch vụ ăn uống,1,100.25,1,Main Category,Economic Growth,True,Stable,Winter/Tet,Food & Beverage
2016,Lương thực,1,100.48,1,Sub-category,Economic Growth,True,Stable,Winter/Tet,Food & Beverage
2016,Thực phẩm,1,100.3,1,Sub-category,Economic Growth,True,Stable,Winter/Tet,Food & Beverage
2016,Đồ uống và thuốc lá,1,100.44,1,Main Category,Economic Growth,True,Stable,Winter/Tet,General/Housing
2016,"May mặc, mũ nón, giày dép",1,100.37,1,Main Category,Economic Growth,True,Stable,Winter/Tet,General/Housing
2016,Nhà ở và vật liệu xây dựng,1,100.3,1,Main Category,Economic Growth,True,Stable,Winter/Tet,General/Housing
2016,Thiết bị và đồ dùng gia đình,1,100.16,1,Main Category,Economic Growth,True,Stable,Winter/Tet,General/Housing
2016,Thuốc và dịch vụ y tế,1,100.21,1,Main Category,Economic Growth,True,Stable,Winter/Tet,Healthcare
2016,Giao thông,1,97.18,1,Main Category,Economic Growth,True,Deflation,Winter/Tet,Transport
2016,Bưu chính viễn thông,1,99.94,1,Main Category,Economic Growth,True,Deflation,Winter/Tet,General/Housing
2016,Giáo dục,1,100.89,1,Main Category,Economic Growth,True,Stable,Winter/Tet,Education
2016,"Văn hóa, giải trí và du lịch",1,100.16,1,Main Category,Economic Growth,True,Stable,Winter/Tet,General/Housing
2016,Hàng hoá và dịch vụ khác,1,100.29,1,Main Category,Economic Growth,True,Stable,Winter/Tet,General/Housing
2016,Chỉ số giá vàng,1,99.77,1,Main Category,Economic Growth,True,Deflation,Winter/Tet,Financial/Other
2016,Chỉ số đô la Mỹ,1,100.18,1,Main Category,Economic Growth,True,Stable,Winter/Tet,Financial/Other
2015,Chỉ số giá tiêu dùng,1,99.8,1,Total CPI,Economic Growth,True,Deflation,Winter/Tet,General/Housing
2015,Hàng ăn và dịch vụ ăn uống,1,100.28,1,Main Category,Economic Growth,True,Stable,Winter/Tet,Food & Beverage
2015,Lương thực,1,100.03,1,Sub-category,Economic Growth,True,Stable,Winter/Tet,Food & Beverage
2015,Thực phẩm,1,100.42,1,Sub-category,Economic Growth,True,Stable,Winter/Tet,Food & Beverage
2015,Đồ uống và thuốc lá,1,100.37,1,Main Category,Economic Growth,True,Stable,Winter/Tet,General/Housing
2015,"May mặc, mũ nón, giày dép",1,100.51,1,Main Category,Economic Growth,True,Stable,Winter/Tet,General/Housing
2015,Nhà ở và vật liệu xây dựng,1,98.91,1,Main Category,Economic Growth,True,Deflation,Winter/Tet,General/Housing
2015,Thiết bị và đồ dùng gia đình,1,100.18,1,Main Category,Economic Growth,True,Stable,Winter/Tet,General/Housing
2015,Thuốc và dịch vụ y tế,1,100.29,1,Main Category,Economic Growth,True,Stable,Winter/Tet,Healthcare
2015,Giao thông,1,96.04,1,Main Category,Economic Growth,True,Deflation,Winter/Tet,Transport
2015,Bưu chính viễn thông,1,99.93,1,Main Category,Economic Growth,True,Deflation,Winter/Tet,General/Housing
2015,Giáo dục,1,100.08,1,Main Category,Economic Growth,True,Stable,Winter/Tet,Education
2015,"Văn hóa, giải trí và du lịch",1,100.13,1,Main Category,Economic Growth,True,Stable,Winter/Tet,General/Housing
2015,Hàng hoá và dịch vụ khác,1,100.53,1,Main Category,Economic Growth,True,Stable,Winter/Tet,General/Housing
2015,Chỉ số giá vàng,1,100.55,1,Main Category,Economic Growth,True,Stable,Winter/Tet,Financial/Other
2015,Chỉ số đô la Mỹ,1,100.23,1,Main Category,Economic Growth,True,Stable,Winter/Tet,Financial/Other
2014,Chỉ số giá tiêu dùng,1,100.69,1,Total CPI,Economic Growth,True,Stable,Winter/Tet,General/Housing
2014,Hàng ăn và dịch vụ ăn uống,1,100.77,1,Main Category,Economic Growth,True,Stable,Winter/Tet,Food & Beverage
2014,Lương thực,1,101.33,1,Sub-category,Economic Growth,True,High Inflation,Winter/Tet,Food & Beverage
2014,Thực phẩm,1,100.75,1,Sub-category,Economic Growth,True,Stable,Winter/Tet,Food & Beverage
2014,Đồ uống và thuốc lá,1,100.83,1,Main Category,Economic Growth,True,Stable,Winter/Tet,General/Housing
2014,"May mặc, mũ nón, giày dép",1,100.89,1,Main Category,Economic Growth,True,Stable,Winter/Tet,General/Housing
2014,Nhà ở và vật liệu xây dựng,1,101.02,1,Main Category,Economic Growth,True,High Inflation,Winter/Tet,General/Housing
2014,Thiết bị và đồ dùng gia đình,1,100.39,1,Main Category,Economic Growth,True,Stable,Winter/Tet,General/Housing
2014,Thuốc và dịch vụ y tế,1,100.17,1,Main Category,Economic Growth,True,Stable,Winter/Tet,Healthcare
2014,Giao thông,1,101.22,1,Main Category,Economic Growth,True,High Inflation,Winter/Tet,Transport
2014,Bưu chính viễn thông,1,100.0,1,Main Category,Economic Growth,True,Stable,Winter/Tet,General/Housing
2014,Giáo dục,1,100.01,1,Main Category,Economic Growth,True,Stable,Winter/Tet,Education
2014,"Văn hóa, giải trí và du lịch",1,100.21,1,Main Category,Economic Growth,True,Stable,Winter/Tet,General/Housing
2014,Hàng hoá và dịch vụ khác,1,100.63,1,Main Category,Economic Growth,True,Stable,Winter/Tet,General/Housing
2014,Chỉ số giá vàng,1,98.18,1,Main Category,Economic Growth,True,Deflation,Winter/Tet,Financial/Other
2014,Chỉ số đô la Mỹ,1,99.94,1,Main Category,Economic Growth,True,Deflation,Winter/Tet,Financial/Other
2013,Chỉ số giá tiêu dùng,1,101.25,1,Total CPI,Economic Growth,True,High Inflation,Winter/Tet,General/Housing
2013,Hàng ăn và dịch vụ ăn uống,1,101.34,1,Main Category,Economic Growth,True,High Inflation,Winter/Tet,Food & Beverage
2013,Lương thực,1,100.15,1,Sub-category,Economic Growth,True,Stable,Winter/Tet,Food & Beverage
2013,Thực phẩm,1,101.96,1,Sub-category,Economic Growth,True,High Inflation,Winter/Tet,Food & Beverage
2013,Đồ uống và thuốc lá,1,100.42,1,Main Category,Economic Growth,True,Stable,Winter/Tet,General/Housing
2013,"May mặc, mũ nón, giày dép",1,101.3,1,Main Category,Economic Growth,True,High Inflation,Winter/Tet,General/Housing
2013,Nhà ở và vật liệu xây dựng,1,100.36,1,Main Category,Economic Growth,True,Stable,Winter/Tet,General/Housing
2013,Thiết bị và đồ dùng gia đình,1,100.54,1,Main Category,Economic Growth,True,Stable,Winter/Tet,General/Housing
2013,Thuốc và dịch vụ y tế,1,107.4,1,Main Category,Economic Growth,True,High Inflation,Winter/Tet,Healthcare
2013,Giao thông,1,100.03,1,Main Category,Economic Growth,True,Stable,Winter/Tet,Transport
2013,Bưu chính viễn thông,1,99.95,1,Main Category,Economic Growth,True,Deflation,Winter/Tet,General/Housing
2013,Giáo dục,1,100.3,1,Main Category,Economic Growth,True,Stable,Winter/Tet,Education
2013,"Văn hóa, giải trí và du lịch",1,100.33,1,Main Category,Economic Growth,True,Stable,Winter/Tet,General/Housing
2013,Hàng hoá và dịch vụ khác,1,100.74,1,Main Category,Economic Growth,True,Stable,Winter/Tet,General/Housing
2013,Chỉ số giá vàng,1,98.27,1,Main Category,Economic Growth,True,Deflation,Winter/Tet,Financial/Other
2013,Chỉ số đô la Mỹ,1,99.92,1,Main Category,Economic Growth,True,Deflation,Winter/Tet,Financial/Other
2012,Chỉ số giá tiêu dùng,1,101.0,1,Total CPI,Economic Growth,True,Stable,Winter/Tet,General/Housing
2012,Hàng ăn và dịch vụ ăn uống,1,101.01,1,Main Category,Economic Growth,True,High Inflation,Winter/Tet,Food & Beverage
2012,Lương thực,1,99.86,1,Sub-category,Economic Growth,True,Deflation,Winter/Tet,Food & Beverage
2012,Thực phẩm,1,101.41,1,Sub-category,Economic Growth,True,High Inflation,Winter/Tet,Food & Beverage
2012,Đồ uống và thuốc lá,1,101.17,1,Main Category,Economic Growth,True,High Inflation,Winter/Tet,General/Housing
2012,"May mặc, mũ nón, giày dép",1,101.97,1,Main Category,Economic Growth,True,High Inflation,Winter/Tet,General/Housing
2012,Nhà ở và vật liệu xây dựng,1,101.71,1,Main Category,Economic Growth,True,High Inflation,Winter/Tet,General/Housing
2012,Thiết bị và đồ dùng gia đình,1,100.96,1,Main Category,Economic Growth,True,Stable,Winter/Tet,General/Housing
2012,Thuốc và dịch vụ y tế,1,100.25,1,Main Category,Economic Growth,True,Stable,Winter/Tet,Healthcare
2012,Giao thông,1,100.66,1,Main Category,Economic Growth,True,Stable,Winter/Tet,Transport
2012,Bưu chính viễn thông,1,99.99,1,Main Category,Economic Growth,True,Deflation,Winter/Tet,General/Housing
2012,Giáo dục,1,100.02,1,Main Category,Economic Growth,True,Stable,Winter/Tet,Education
2012,"Văn hóa, giải trí và du lịch",1,100.93,1,Main Category,Economic Growth,True,Stable,Winter/Tet,General/Housing
2012,Hàng hoá và dịch vụ khác,1,101.0,1,Main Category,Economic Growth,True,Stable,Winter/Tet,General/Housing
2012,Chỉ số giá vàng,1,96.38,1,Main Category,Economic Growth,True,Deflation,Winter/Tet,Financial/Other
2012,Chỉ số đô la Mỹ,1,100.05,1,Main Category,Economic Growth,True,Stable,Winter/Tet,Financial/Other
2011,Chỉ số giá tiêu dùng,1,101.74,1,Total CPI,Post-Crisis Volatility,True,High Inflation,Winter/Tet,General/Housing
2011,Hàng ăn và dịch vụ ăn uống,1,102.47,1,Main Category,Post-Crisis Volatility,True,High Inflation,Winter/Tet,Food & Beverage
2011,Lương thực,1,102.28,1,Sub-category,Post-Crisis Volatility,True,High Inflation,Winter/Tet,Food & Beverage
2011,Thực phẩm,1,102.74,1,Sub-category,Post-Crisis Volatility,True,High Inflation,Winter/Tet,Food & Beverage
2011,Đồ uống và thuốc lá,1,101.67,1,Main Category,Post-Crisis Volatility,True,High Inflation,Winter/Tet,General/Housing
2011,"May mặc, mũ nón, giày dép",1,101.81,1,Main Category,Post-Crisis Volatility,True,High Inflation,Winter/Tet,General/Housing
2011,Nhà ở và vật liệu xây dựng,1,101.33,1,Main Category,Post-Crisis Volatility,True,High Inflation,Winter/Tet,General/Housing
2011,Thiết bị và đồ dùng gia đình,1,100.77,1,Main Category,Post-Crisis Volatility,True,Stable,Winter/Tet,General/Housing
2011,Thuốc và dịch vụ y tế,1,100.36,1,Main Category,Post-Crisis Volatility,True,Stable,Winter/Tet,Healthcare
2011,Giao thông,1,100.81,1,Main Category,Post-Crisis Volatility,True,Stable,Winter/Tet,Transport
2011,Bưu chính viễn thông,1,99.94,1,Main Category,Post-Crisis Volatility,True,Deflation,Winter/Tet,General/Housing
2011,Giáo dục,1,102.89,1,Main Category,Post-Crisis Volatility,True,High Inflation,Winter/Tet,Education
2011,"Văn hóa, giải trí và du lịch",1,100.58,1,Main Category,Post-Crisis Volatility,True,Stable,Winter/Tet,General/Housing
2011,Hàng hoá và dịch vụ khác,1,101.04,1,Main Category,Post-Crisis Volatility,True,High Inflation,Winter/Tet,General/Housing
2011,Chỉ số giá vàng,1,99.95,1,Main Category,Post-Crisis Volatility,True,Deflation,Winter/Tet,Financial/Other
2011,Chỉ số đô la Mỹ,1,99.68,1,Main Category,Post-Crisis Volatility,True,Deflation,Winter/Tet,Financial/Other
2010,Chỉ số giá tiêu dùng,1,101.36,1,Total CPI,Post-Crisis Volatility,True,High Inflation,Winter/Tet,General/Housing
2010,Hàng ăn và dịch vụ ăn uống,1,102.11,1,Main Category,Post-Crisis Volatility,True,High Inflation,Winter/Tet,Food & Beverage
2010,Lương thực,1,104.41,1,Sub-category,Post-Crisis Volatility,True,High Inflation,Winter/Tet,Food & Beverage
2010,Thực phẩm,1,101.65,1,Sub-category,Post-Crisis Volatility,True,High Inflation,Winter/Tet,Food & Beverage
2010,Đồ uống và thuốc lá,1,101.14,1,Main Category,Post-Crisis Volatility,True,High Inflation,Winter/Tet,General/Housing
2010,"May mặc, mũ nón, giày dép",1,101.24,1,Main Category,Post-Crisis Volatility,True,High Inflation,Winter/Tet,General/Housing
2010,Nhà ở và vật liệu xây dựng,1,101.66,1,Main Category,Post-Crisis Volatility,True,High Inflation,Winter/Tet,General/Housing
2010,Thiết bị và đồ dùng gia đình,1,100.58,1,Main Category,Post-Crisis Volatility,True,Stable,Winter/Tet,General/Housing
2010,Thuốc và dịch vụ y tế,1,100.27,1,Main Category,Post-Crisis Volatility,True,Stable,Winter/Tet,Healthcare
2010,Giao thông,1,100.53,1,Main Category,Post-Crisis Volatility,True,Stable,Winter/Tet,Transport
2010,Bưu chính viễn thông,1,99.89,1,Main Category,Post-Crisis Volatility,True,Deflation,Winter/Tet,General/Housing
2010,Giáo dục,1,100.27,1,Main Category,Post-Crisis Volatility,True,Stable,Winter/Tet,Education
2010,"Văn hóa, giải trí và du lịch",1,100.33,1,Main Category,Post-Crisis Volatility,True,Stable,Winter/Tet,General/Housing
2010,Hàng hoá và dịch vụ khác,1,102.24,1,Main Category,Post-Crisis Volatility,True,High Inflation,Winter/Tet,General/Housing
2010,Chỉ số giá vàng,1,97.06,1,Main Category,Post-Crisis Volatility,True,Deflation,Winter/Tet,Financial/Other
2010,Chỉ số đô la Mỹ,1,99.89,1,Main Category,Post-Crisis Volatility,True,Deflation,Winter/Tet,Financial/Other
2009,Chỉ số giá tiêu dùng,1,100.32,1,Total CPI,Post-Crisis Volatility,True,Stable,Winter/Tet,General/Housing
2009,Hàng ăn và dịch vụ ăn uống,1,100.39,1,Main Category,Post-Crisis Volatility,True,Stable,Winter/Tet,Food & Beverage
2009,Lương thực,1,99.96,1,Sub-category,Post-Crisis Volatility,True,Deflation,Winter/Tet,Food & Beverage
2009,Thực phẩm,1,100.55,1,Sub-category,Post-Crisis Volatility,True,Stable,Winter/Tet,Food & Beverage
2009,Đồ uống và thuốc lá,1,101.89,1,Main Category,Post-Crisis Volatility,True,High Inflation,Winter/Tet,General/Housing
2009,"May mặc, mũ nón, giày dép",1,101.46,1,Main Category,Post-Crisis Volatility,True,High Inflation,Winter/Tet,General/Housing
2009,Nhà ở và vật liệu xây dựng,1,100.77,1,Main Category,Post-Crisis Volatility,True,Stable,Winter/Tet,General/Housing
2009,Thiết bị và đồ dùng gia đình,1,100.61,1,Main Category,Post-Crisis Volatility,True,Stable,Winter/Tet,General/Housing
2009,Thuốc và dịch vụ y tế,1,100.47,1,Main Category,Post-Crisis Volatility,True,Stable,Winter/Tet,Healthcare
2009,"Phương tiện đi lại, bưu điện",1,96.49,1,Sub-category,Post-Crisis Volatility,True,Deflation,Winter/Tet,Transport
2009,Giáo dục,1,100.07,1,Main Category,Post-Crisis Volatility,True,Stable,Winter/Tet,Education
2009,"Văn hóa, giải trí và du lịch",1,101.66,1,Main Category,Post-Crisis Volatility,True,High Inflation,Winter/Tet,General/Housing
2009,Hàng hoá và dịch vụ khác,1,101.93,1,Main Category,Post-Crisis Volatility,True,High Inflation,Winter/Tet,General/Housing
2009,Chỉ số giá vàng,1,103.64,1,Main Category,Post-Crisis Volatility,True,High Inflation,Winter/Tet,Financial/Other
2009,Chỉ số đô la Mỹ,1,101.48,1,Main Category,Post-Crisis Volatility,True,High Inflation,Winter/Tet,Financial/Other
2008,Chỉ số giá tiêu dùng,1,102.38,1,Total CPI,2008 Crisis,True,High Inflation,Winter/Tet,General/Housing
2008,Hàng ăn và dịch vụ ăn uống,1,103.76,1,Main Category,2008 Crisis,True,High Inflation,Winter/Tet,Food & Beverage
2008,Lương thực,1,103.35,1,Sub-category,2008 Crisis,True,High Inflation,Winter/Tet,Food & Beverage
2008,Thực phẩm,1,103.75,1,Sub-category,2008 Crisis,True,High Inflation,Winter/Tet,Food & Beverage
2008,Đồ uống và thuốc lá,1,101.77,1,Main Category,2008 Crisis,True,High Inflation,Winter/Tet,General/Housing
2008,"May mặc, mũ nón, giày dép",1,101.4,1,Main Category,2008 Crisis,True,High Inflation,Winter/Tet,General/Housing
2008,Nhà ở và vật liệu xây dựng,1,102.88,1,Main Category,2008 Crisis,True,High Inflation,Winter/Tet,General/Housing
2008,Thiết bị và đồ dùng gia đình,1,100.85,1,Main Category,2008 Crisis,True,Stable,Winter/Tet,General/Housing
2008,Thuốc và dịch vụ y tế,1,100.67,1,Main Category,2008 Crisis,True,Stable,Winter/Tet,Healthcare
2008,"Phương tiện đi lại, bưu điện",1,99.97,1,Sub-category,2008 Crisis,True,Deflation,Winter/Tet,Transport
2008,Giáo dục,1,100.2,1,Main Category,2008 Crisis,True,Stable,Winter/Tet,Education
2008,"Văn hóa, giải trí và du lịch",1,100.06,1,Main Category,2008 Crisis,True,Stable,Winter/Tet,General/Housing
2008,Hàng hoá và dịch vụ khác,1,102.6,1,Main Category,2008 Crisis,True,High Inflation,Winter/Tet,General/Housing
2008,Chỉ số giá vàng,1,105.07,1,Main Category,2008 Crisis,True,High Inflation,Winter/Tet,Financial/Other
2008,Chỉ số đô la Mỹ,1,99.74,1,Main Category,2008 Crisis,True,Deflation,Winter/Tet,Financial/Other
2007,Chỉ số giá tiêu dùng,1,101.05,1,Total CPI,Stability,True,High Inflation,Winter/Tet,General/Housing
2007,Hàng ăn và dịch vụ ăn uống,1,101.13,1,Main Category,Stability,True,High Inflation,Winter/Tet,Food & Beverage
2007,Lương thực,1,101.8,1,Sub-category,Stability,True,High Inflation,Winter/Tet,Food & Beverage
2007,Thực phẩm,1,100.87,1,Sub-category,Stability,True,Stable,Winter/Tet,Food & Beverage
2007,Đồ uống và thuốc lá,1,101.65,1,Main Category,Stability,True,High Inflation,Winter/Tet,General/Housing
2007,"May mặc, mũ nón, giày dép",1,101.01,1,Main Category,Stability,True,High Inflation,Winter/Tet,General/Housing
2007,Nhà ở và vật liệu xây dựng,1,103.08,1,Main Category,Stability,True,High Inflation,Winter/Tet,General/Housing
2007,Thiết bị và đồ dùng gia đình,1,100.49,1,Main Category,Stability,True,Stable,Winter/Tet,General/Housing
2007,Thuốc và dịch vụ y tế,1,100.22,1,Main Category,Stability,True,Stable,Winter/Tet,Healthcare
2007,"Phương tiện đi lại, bưu điện",1,100.05,1,Sub-category,Stability,True,Stable,Winter/Tet,Transport
2007,Giáo dục,1,100.19,1,Main Category,Stability,True,Stable,Winter/Tet,Education
2007,"Văn hóa, giải trí và du lịch",1,100.12,1,Main Category,Stability,True,Stable,Winter/Tet,General/Housing
2007,Hàng hoá và dịch vụ khác,1,100.89,1,Main Category,Stability,True,Stable,Winter/Tet,General/Housing
2007,Chỉ số giá vàng,1,98.87,1,Main Category,Stability,True,Deflation,Winter/Tet,Financial/Other
2007,Chỉ số đô la Mỹ,1,99.88,1,Main Category,Stability,True,Deflation,Winter/Tet,Financial/Other
2006,Chỉ số giá tiêu dùng,1,101.2,1,Total CPI,Stability,True,High Inflation,Winter/Tet,General/Housing
2006,Hàng ăn và dịch vụ ăn uống,1,101.7,1,Main Category,Stability,True,High Inflation,Winter/Tet,Food & Beverage
2006,Lương thực,1,102.1,1,Sub-category,Stability,True,High Inflation,Winter/Tet,Food & Beverage
2006,Thực phẩm,1,101.4,1,Sub-category,Stability,True,High Inflation,Winter/Tet,Food & Beverage
2006,Đồ uống và thuốc lá,1,101.2,1,Main Category,Stability,True,High Inflation,Winter/Tet,General/Housing
2006,"May mặc, mũ nón, giày dép",1,100.9,1,Main Category,Stability,True,Stable,Winter/Tet,General/Housing
2006,Nhà ở và vật liệu xây dựng,1,100.8,1,Main Category,Stability,True,Stable,Winter/Tet,General/Housing
2006,Thiết bị và đồ dùng gia đình,1,100.6,1,Main Category,Stability,True,Stable,Winter/Tet,General/Housing
2006,Thuốc và dịch vụ y tế,1,100.5,1,Main Category,Stability,True,Stable,Winter/Tet,Healthcare
2006,"Phương tiện đi lại, bưu điện",1,100.1,1,Sub-category,Stability,True,Stable,Winter/Tet,Transport
2006,Giáo dục,1,100.1,1,Main Category,Stability,True,Stable,Winter/Tet,Education
2006,"Văn hóa, giải trí và du lịch",1,100.2,1,Main Category,Stability,True,Stable,Winter/Tet,General/Housing
2006,Hàng hoá và dịch vụ khác,1,100.8,1,Main Category,Stability,True,Stable,Winter/Tet,General/Housing
2006,Chỉ số giá vàng,1,104.0,1,Main Category,Stability,True,High Inflation,Winter/Tet,Financial/Other
2006,Chỉ số đô la Mỹ,1,100.0,1,Main Category,Stability,True,Stable,Winter/Tet,Financial/Other
2005,Chỉ số giá tiêu dùng,1,101.1,1,Total CPI,Stability,True,High Inflation,Winter/Tet,General/Housing
2005,Hàng ăn và dịch vụ ăn uống,1,101.7,1,Main Category,Stability,True,High Inflation,Winter/Tet,Food & Beverage
2005,Lương thực,1,101.4,1,Sub-category,Stability,True,High Inflation,Winter/Tet,Food & Beverage
2005,Thực phẩm,1,101.9,1,Sub-category,Stability,True,High Inflation,Winter/Tet,Food & Beverage
2005,Đồ uống và thuốc lá,1,100.8,1,Main Category,Stability,True,Stable,Winter/Tet,General/Housing
2005,"May mặc, mũ nón, giày dép",1,100.7,1,Main Category,Stability,True,Stable,Winter/Tet,General/Housing
2005,Nhà ở và vật liệu xây dựng,1,100.3,1,Main Category,Stability,True,Stable,Winter/Tet,General/Housing
2005,Thiết bị và đồ dùng gia đình,1,100.8,1,Main Category,Stability,True,Stable,Winter/Tet,General/Housing
2005,Thuốc và dịch vụ y tế,1,100.4,1,Main Category,Stability,True,Stable,Winter/Tet,Healthcare
2005,"Phương tiện đi lại, bưu điện",1,100.3,1,Sub-category,Stability,True,Stable,Winter/Tet,Transport
2005,Giáo dục,1,100.1,1,Main Category,Stability,True,Stable,Winter/Tet,Education
2005,"Văn hóa, giải trí và du lịch",1,100.3,1,Main Category,Stability,True,Stable,Winter/Tet,General/Housing
2005,Hàng hoá và dịch vụ khác,1,100.9,1,Main Category,Stability,True,Stable,Winter/Tet,General/Housing
2005,Chỉ số giá vàng,1,98.0,1,Main Category,Stability,True,Deflation,Winter/Tet,Financial/Other
2005,Chỉ số đô la Mỹ,1,100.0,1,Main Category,Stability,True,Stable,Winter/Tet,Financial/Other
2004,Chỉ số giá tiêu dùng,1,101.1,1,Total CPI,Stability,True,High Inflation,Winter/Tet,General/Housing
2004,Hàng ăn và dịch vụ ăn uống,1,101.6,1,Main Category,Stability,True,High Inflation,Winter/Tet,Food & Beverage
2004,Lương thực,1,102.1,1,Sub-category,Stability,True,High Inflation,Winter/Tet,Food & Beverage
2004,Thực phẩm,1,101.6,1,Sub-category,Stability,True,High Inflation,Winter/Tet,Food & Beverage
2004,Đồ uống và thuốc lá,1,102.9,1,Main Category,Stability,True,High Inflation,Winter/Tet,General/Housing
2004,"May mặc, mũ nón, giày dép",1,101.2,1,Main Category,Stability,True,High Inflation,Winter/Tet,General/Housing
2004,Nhà ở và vật liệu xây dựng,1,100.8,1,Main Category,Stability,True,Stable,Winter/Tet,General/Housing
2004,Thiết bị và đồ dùng gia đình,1,100.5,1,Main Category,Stability,True,Stable,Winter/Tet,General/Housing
2004,Thuốc và dịch vụ y tế,1,100.7,1,Main Category,Stability,True,Stable,Winter/Tet,Healthcare
2004,"Phương tiện đi lại, bưu điện",1,100.0,1,Sub-category,Stability,True,Stable,Winter/Tet,Transport
2004,Giáo dục,1,100.2,1,Main Category,Stability,True,Stable,Winter/Tet,Education
2004,"Văn hóa, giải trí và du lịch",1,100.4,1,Main Category,Stability,True,Stable,Winter/Tet,General/Housing
2004,Hàng hoá và dịch vụ khác,1,100.9,1,Main Category,Stability,True,Stable,Winter/Tet,General/Housing
2004,Chỉ số giá vàng,1,103.1,1,Main Category,Stability,True,High Inflation,Winter/Tet,Financial/Other
2004,Chỉ số đô la Mỹ,1,99.7,1,Main Category,Stability,True,Deflation,Winter/Tet,Financial/Other
2003,Chỉ số giá tiêu dùng,1,100.9,1,Total CPI,Stability,True,Stable,Winter/Tet,General/Housing
2003,Hàng ăn và dịch vụ ăn uống,1,101.3,1,Main Category,Stability,True,High Inflation,Winter/Tet,Food & Beverage
2003,Lương thực,1,101.6,1,Sub-category,Stability,True,High Inflation,Winter/Tet,Food & Beverage
2003,Thực phẩm,1,101.3,1,Sub-category,Stability,True,High Inflation,Winter/Tet,Food & Beverage
2003,Đồ uống và thuốc lá,1,100.9,1,Main Category,Stability,True,Stable,Winter/Tet,General/Housing
2003,"May mặc, mũ nón, giày dép",1,100.8,1,Main Category,Stability,True,Stable,Winter/Tet,General/Housing
2003,Nhà ở và vật liệu xây dựng,1,100.6,1,Main Category,Stability,True,Stable,Winter/Tet,General/Housing
2003,Thiết bị và đồ dùng gia đình,1,100.3,1,Main Category,Stability,True,Stable,Winter/Tet,General/Housing
2003,Thuốc và dịch vụ y tế,1,100.7,1,Main Category,Stability,True,Stable,Winter/Tet,Healthcare
2003,"Phương tiện đi lại, bưu điện",1,100.4,1,Sub-category,Stability,True,Stable,Winter/Tet,Transport
2003,Giáo dục,1,100.3,1,Main Category,Stability,True,Stable,Winter/Tet,Education
2003,"Văn hóa, giải trí và du lịch",1,100.3,1,Main Category,Stability,True,Stable,Winter/Tet,General/Housing
2003,Hàng hoá và dịch vụ khác,1,100.6,1,Main Category,Stability,True,Stable,Winter/Tet,General/Housing
2003,Chỉ số giá vàng,1,105.5,1,Main Category,Stability,True,High Inflation,Winter/Tet,Financial/Other
2003,Chỉ số đô la Mỹ,1,100.2,1,Main Category,Stability,True,Stable,Winter/Tet,Financial/Other
2002,Chỉ số giá tiêu dùng,1,101.1,1,Total CPI,Stability,True,High Inflation,Winter/Tet,General/Housing
2002,Hàng ăn và dịch vụ ăn uống,1,101.9,1,Main Category,Stability,True,High Inflation,Winter/Tet,Food & Beverage
2002,Lương thực,1,104.0,1,Sub-category,Stability,True,High Inflation,Winter/Tet,Food & Beverage
2002,Thực phẩm,1,101.1,1,Sub-category,Stability,True,High Inflation,Winter/Tet,Food & Beverage
2002,Đồ uống và thuốc lá,1,100.4,1,Main Category,Stability,True,Stable,Winter/Tet,General/Housing
2002,"May mặc, mũ nón, giày dép",1,100.6,1,Main Category,Stability,True,Stable,Winter/Tet,General/Housing
2002,Nhà ở và vật liệu xây dựng,1,100.0,1,Main Category,Stability,True,Stable,Winter/Tet,General/Housing
2002,Thiết bị và đồ dùng gia đình,1,100.4,1,Main Category,Stability,True,Stable,Winter/Tet,General/Housing
2002,Thuốc và dịch vụ y tế,1,100.2,1,Main Category,Stability,True,Stable,Winter/Tet,Healthcare
2002,"Phương tiện đi lại, bưu điện",1,100.1,1,Sub-category,Stability,True,Stable,Winter/Tet,Transport
2002,Giáo dục,1,100.0,1,Main Category,Stability,True,Stable,Winter/Tet,Education
2002,"Văn hóa, giải trí và du lịch",1,100.2,1,Main Category,Stability,True,Stable,Winter/Tet,General/Housing
2002,Hàng hoá và dịch vụ khác,1,100.9,1,Main Category,Stability,True,Stable,Winter/Tet,General/Housing
2002,Chỉ số giá vàng,1,101.5,1,Main Category,Stability,True,High Inflation,Winter/Tet,Financial/Other
2002,Chỉ số đô la Mỹ,1,100.1,1,Main Category,Stability,True,Stable,Winter/Tet,Financial/Other
2024,Chỉ số giá tiêu dùng,2,101.04,1,Total CPI,Recovery,True,High Inflation,Winter/Tet,General/Housing
2024,Hàng ăn và dịch vụ ăn uống,2,101.71,1,Main Category,Recovery,True,High Inflation,Winter/Tet,Food & Beverage
2024,Lương thực,2,101.75,1,Sub-category,Recovery,True,High Inflation,Winter/Tet,Food & Beverage
2024,Thực phẩm,2,101.98,1,Sub-category,Recovery,True,High Inflation,Winter/Tet,Food & Beverage
2024,Ăn uống ngoài gia đình,2,101.04,1,Sub-category,Recovery,True,High Inflation,Winter/Tet,General/Housing
2024,Đồ uống và thuốc lá,2,100.8,1,Main Category,Recovery,True,Stable,Winter/Tet,General/Housing
2024,"May mặc, mũ nón, giày dép",2,100.16,1,Main Category,Recovery,True,Stable,Winter/Tet,General/Housing
2024,Nhà ở và vật liệu xây dựng,2,100.43,1,Main Category,Recovery,True,Stable,Winter/Tet,General/Housing
2024,Thiết bị và đồ dùng gia đình,2,100.26,1,Main Category,Recovery,True,Stable,Winter/Tet,General/Housing
2024,Thuốc và dịch vụ y tế,2,100.02,1,Main Category,Recovery,True,Stable,Winter/Tet,Healthcare
2024,Trong đó: Dịch vụ y tế,2,100.0,1,Sub-category,Recovery,True,Stable,Winter/Tet,Healthcare
2024,Giao thông,2,103.09,1,Main Category,Recovery,True,High Inflation,Winter/Tet,Transport
2024,Bưu chính viễn thông,2,99.83,1,Main Category,Recovery,True,Deflation,Winter/Tet,General/Housing
2024,Giáo dục,2,99.58,1,Main Category,Recovery,True,Deflation,Winter/Tet,Education
2024,Trong đó: Dịch vụ giáo dục,2,99.52,1,Sub-category,Recovery,True,Deflation,Winter/Tet,General/Housing
2024,"Văn hóa, giải trí và du lịch",2,100.79,1,Main Category,Recovery,True,Stable,Winter/Tet,General/Housing
2024,Hàng hoá và dịch vụ khác,2,100.78,1,Main Category,Recovery,True,Stable,Winter/Tet,General/Housing
2024,Chỉ số giá vàng,2,102.01,1,Main Category,Recovery,True,High Inflation,Winter/Tet,Financial/Other
2024,Chỉ số đô la Mỹ,2,100.4,1,Main Category,Recovery,True,Stable,Winter/Tet,Financial/Other
2023,Chỉ số giá tiêu dùng,2,100.45,1,Total CPI,Recovery,True,Stable,Winter/Tet,General/Housing
2023,Hàng ăn và dịch vụ ăn uống,2,99.83,1,Main Category,Recovery,True,Deflation,Winter/Tet,Food & Beverage
2023,Lương thực,2,100.26,1,Sub-category,Recovery,True,Stable,Winter/Tet,Food & Beverage
2023,Thực phẩm,2,99.51,1,Sub-category,Recovery,True,Deflation,Winter/Tet,Food & Beverage
2023,Ăn uống ngoài gia đình,2,100.45,1,Sub-category,Recovery,True,Stable,Winter/Tet,General/Housing
2023,Đồ uống và thuốc lá,2,99.88,1,Main Category,Recovery,True,Deflation,Winter/Tet,General/Housing
2023,"May mặc, mũ nón, giày dép",2,99.92,1,Main Category,Recovery,True,Deflation,Winter/Tet,General/Housing
2023,Nhà ở và vật liệu xây dựng,2,101.81,1,Main Category,Recovery,True,High Inflation,Winter/Tet,General/Housing
2023,Thiết bị và đồ dùng gia đình,2,100.09,1,Main Category,Recovery,True,Stable,Winter/Tet,General/Housing
2023,Thuốc và dịch vụ y tế,2,100.02,1,Main Category,Recovery,True,Stable,Winter/Tet,Healthcare
2023,Trong đó: Dịch vụ y tế,2,100.0,1,Sub-category,Recovery,True,Stable,Winter/Tet,Healthcare
2023,Giao thông,2,102.11,1,Main Category,Recovery,True,High Inflation,Winter/Tet,Transport
2023,Bưu chính viễn thông,2,99.9,1,Main Category,Recovery,True,Deflation,Winter/Tet,General/Housing
2023,Giáo dục,2,99.43,1,Main Category,Recovery,True,Deflation,Winter/Tet,Education
2023,Trong đó: Dịch vụ giáo dục,2,99.34,1,Sub-category,Recovery,True,Deflation,Winter/Tet,General/Housing
2023,"Văn hóa, giải trí và du lịch",2,99.98,1,Main Category,Recovery,True,Deflation,Winter/Tet,General/Housing
2023,Hàng hoá và dịch vụ khác,2,100.12,1,Main Category,Recovery,True,Stable,Winter/Tet,General/Housing
2023,Chỉ số giá vàng,2,100.92,1,Main Category,Recovery,True,Stable,Winter/Tet,Financial/Other
2023,Chỉ số đô la Mỹ,2,100.2,1,Main Category,Recovery,True,Stable,Winter/Tet,Financial/Other
2022,Chỉ số giá tiêu dùng,2,101.0,1,Total CPI,COVID-19,True,Stable,Winter/Tet,General/Housing
2022,Hàng ăn và dịch vụ ăn uống,2,101.54,1,Main Category,COVID-19,True,High Inflation,Winter/Tet,Food & Beverage
2022,Lương thực,2,100.35,1,Sub-category,COVID-19,True,Stable,Winter/Tet,Food & Beverage
2022,Thực phẩm,2,101.69,1,Sub-category,COVID-19,True,High Inflation,Winter/Tet,Food & Beverage
2022,Ăn uống ngoài gia đình,2,101.68,1,Sub-category,COVID-19,True,High Inflation,Winter/Tet,General/Housing
2022,Đồ uống và thuốc lá,2,100.37,1,Main Category,COVID-19,True,Stable,Winter/Tet,General/Housing
2022,"May mặc, mũ nón, giày dép",2,100.07,1,Main Category,COVID-19,True,Stable,Winter/Tet,General/Housing
2022,Nhà ở và vật liệu xây dựng,2,100.92,1,Main Category,COVID-19,True,Stable,Winter/Tet,General/Housing
2022,Thiết bị và đồ dùng gia đình,2,100.19,1,Main Category,COVID-19,True,Stable,Winter/Tet,General/Housing
2022,Thuốc và dịch vụ y tế,2,100.03,1,Main Category,COVID-19,True,Stable,Winter/Tet,Healthcare
2022,Trong đó: Dịch vụ y tế,2,100.0,1,Sub-category,COVID-19,True,Stable,Winter/Tet,Healthcare
2022,Giao thông,2,102.35,1,Main Category,COVID-19,True,High Inflation,Winter/Tet,Transport
2022,Bưu chính viễn thông,2,99.96,1,Main Category,COVID-19,True,Deflation,Winter/Tet,General/Housing
2022,Giáo dục,2,100.51,1,Main Category,COVID-19,True,Stable,Winter/Tet,Education
2022,Trong đó: Dịch vụ giáo dục,2,100.56,1,Sub-category,COVID-19,True,Stable,Winter/Tet,General/Housing
2022,"Văn hóa, giải trí và du lịch",2,100.51,1,Main Category,COVID-19,True,Stable,Winter/Tet,General/Housing
2022,Hàng hoá và dịch vụ khác,2,100.22,1,Main Category,COVID-19,True,Stable,Winter/Tet,General/Housing
2022,Chỉ số giá vàng,2,101.85,1,Main Category,COVID-19,True,High Inflation,Winter/Tet,Financial/Other
2022,Chỉ số đô la Mỹ,2,99.72,1,Main Category,COVID-19,True,Deflation,Winter/Tet,Financial/Other
2021,Chỉ số giá tiêu dùng,2,101.52,1,Total CPI,COVID-19,True,High Inflation,Winter/Tet,General/Housing
2021,Hàng ăn và dịch vụ ăn uống,2,101.61,1,Main Category,COVID-19,True,High Inflation,Winter/Tet,Food & Beverage
2021,Lương thực,2,101.77,1,Sub-category,COVID-19,True,High Inflation,Winter/Tet,Food & Beverage
2021,Thực phẩm,2,101.82,1,Sub-category,COVID-19,True,High Inflation,Winter/Tet,Food & Beverage
2021,Ăn uống ngoài gia đình,2,101.01,1,Sub-category,COVID-19,True,High Inflation,Winter/Tet,General/Housing
2021,Đồ uống và thuốc lá,2,100.9,1,Main Category,COVID-19,True,Stable,Winter/Tet,General/Housing
2021,"May mặc, mũ nón, giày dép",2,100.25,1,Main Category,COVID-19,True,Stable,Winter/Tet,General/Housing
2021,Nhà ở và vật liệu xây dựng,2,104.0,1,Main Category,COVID-19,True,High Inflation,Winter/Tet,General/Housing
2021,Thiết bị và đồ dùng gia đình,2,100.2,1,Main Category,COVID-19,True,Stable,Winter/Tet,General/Housing
2021,Thuốc và dịch vụ y tế,2,100.01,1,Main Category,COVID-19,True,Stable,Winter/Tet,Healthcare
2021,Trong đó: Dịch vụ y tế,2,100.0,1,Sub-category,COVID-19,True,Stable,Winter/Tet,Healthcare
2021,Giao thông,2,101.55,1,Main Category,COVID-19,True,High Inflation,Winter/Tet,Transport
2021,Bưu chính viễn thông,2,100.03,1,Main Category,COVID-19,True,Stable,Winter/Tet,General/Housing
2021,Giáo dục,2,100.0,1,Main Category,COVID-19,True,Stable,Winter/Tet,Education
2021,Trong đó: Dịch vụ giáo dục,2,100.0,1,Sub-category,COVID-19,True,Stable,Winter/Tet,General/Housing
2021,"Văn hóa, giải trí và du lịch",2,100.13,1,Main Category,COVID-19,True,Stable,Winter/Tet,General/Housing
2021,Hàng hoá và dịch vụ khác,2,100.74,1,Main Category,COVID-19,True,Stable,Winter/Tet,General/Housing
2021,Chỉ số giá vàng,2,100.25,1,Main Category,COVID-19,True,Stable,Winter/Tet,Financial/Other
2021,Chỉ số đô la Mỹ,2,99.83,1,Main Category,COVID-19,True,Deflation,Winter/Tet,Financial/Other
2020,Chỉ số giá tiêu dùng,2,99.83,1,Total CPI,COVID-19,True,Deflation,Winter/Tet,General/Housing
2020,Hàng ăn và dịch vụ ăn uống,2,100.26,1,Main Category,COVID-19,True,Stable,Winter/Tet,Food & Beverage
2020,Lương thực,2,100.32,1,Sub-category,COVID-19,True,Stable,Winter/Tet,Food & Beverage
2020,Thực phẩm,2,99.93,1,Sub-category,COVID-19,True,Deflation,Winter/Tet,Food & Beverage
2020,Đồ uống và thuốc lá,2,99.72,1,Main Category,COVID-19,True,Deflation,Winter/Tet,General/Housing
2020,"May mặc, mũ nón, giày dép",2,99.87,1,Main Category,COVID-19,True,Deflation,Winter/Tet,General/Housing
2020,Nhà ở và vật liệu xây dựng,2,99.97,1,Main Category,COVID-19,True,Deflation,Winter/Tet,General/Housing
2020,Thiết bị và đồ dùng gia đình,2,100.08,1,Main Category,COVID-19,True,Stable,Winter/Tet,General/Housing
2020,Thuốc và dịch vụ y tế,2,100.13,1,Main Category,COVID-19,True,Stable,Winter/Tet,Healthcare
2020,Giao thông,2,97.5,1,Main Category,COVID-19,True,Deflation,Winter/Tet,Transport
2020,Bưu chính viễn thông,2,99.95,1,Main Category,COVID-19,True,Deflation,Winter/Tet,General/Housing
2020,Giáo dục,2,100.04,1,Main Category,COVID-19,True,Stable,Winter/Tet,Education
2020,"Văn hóa, giải trí và du lịch",2,99.57,1,Main Category,COVID-19,True,Deflation,Winter/Tet,General/Housing
2020,Hàng hoá và dịch vụ khác,2,100.17,1,Main Category,COVID-19,True,Stable,Winter/Tet,General/Housing
2020,Chỉ số giá vàng,2,102.74,1,Main Category,COVID-19,True,High Inflation,Winter/Tet,Financial/Other
2020,Chỉ số đô la Mỹ,2,100.32,1,Main Category,COVID-19,True,Stable,Winter/Tet,Financial/Other
2019,Chỉ số giá tiêu dùng,2,100.8,1,Total CPI,Economic Growth,True,Stable,Winter/Tet,General/Housing
2019,Hàng ăn và dịch vụ ăn uống,2,101.73,1,Main Category,Economic Growth,True,High Inflation,Winter/Tet,Food & Beverage
2019,Lương thực,2,100.53,1,Sub-category,Economic Growth,True,Stable,Winter/Tet,Food & Beverage
2019,Thực phẩm,2,102.13,1,Sub-category,Economic Growth,True,High Inflation,Winter/Tet,Food & Beverage
2019,Đồ uống và thuốc lá,2,100.35,1,Main Category,Economic Growth,True,Stable,Winter/Tet,General/Housing
2019,"May mặc, mũ nón, giày dép",2,100.14,1,Main Category,Economic Growth,True,Stable,Winter/Tet,General/Housing
2019,Nhà ở và vật liệu xây dựng,2,100.69,1,Main Category,Economic Growth,True,Stable,Winter/Tet,General/Housing
2019,Thiết bị và đồ dùng gia đình,2,100.26,1,Main Category,Economic Growth,True,Stable,Winter/Tet,General/Housing
2019,Thuốc và dịch vụ y tế,2,100.01,1,Main Category,Economic Growth,True,Stable,Winter/Tet,Healthcare
2019,Giao thông,2,100.16,1,Main Category,Economic Growth,True,Stable,Winter/Tet,Transport
2019,Bưu chính viễn thông,2,99.97,1,Main Category,Economic Growth,True,Deflation,Winter/Tet,General/Housing
2019,Giáo dục,2,99.53,1,Main Category,Economic Growth,True,Deflation,Winter/Tet,Education
2019,"Văn hóa, giải trí và du lịch",2,100.66,1,Main Category,Economic Growth,True,Stable,Winter/Tet,General/Housing
2019,Hàng hoá và dịch vụ khác,2,100.47,1,Main Category,Economic Growth,True,Stable,Winter/Tet,General/Housing
2019,Chỉ số giá vàng,2,101.53,1,Main Category,Economic Growth,True,High Inflation,Winter/Tet,Financial/Other
2019,Chỉ số đô la Mỹ,2,99.91,1,Main Category,Economic Growth,True,Deflation,Winter/Tet,Financial/Other
2018,Chỉ số giá tiêu dùng,2,100.73,1,Total CPI,Economic Growth,True,Stable,Winter/Tet,General/Housing
2018,Hàng ăn và dịch vụ ăn uống,2,101.53,1,Main Category,Economic Growth,True,High Inflation,Winter/Tet,Food & Beverage
2018,Lương thực,2,101.44,1,Sub-category,Economic Growth,True,High Inflation,Winter/Tet,Food & Beverage
2018,Thực phẩm,2,101.71,1,Sub-category,Economic Growth,True,High Inflation,Winter/Tet,Food & Beverage
2018,Đồ uống và thuốc lá,2,100.75,1,Main Category,Economic Growth,True,Stable,Winter/Tet,General/Housing
2018,"May mặc, mũ nón, giày dép",2,100.2,1,Main Category,Economic Growth,True,Stable,Winter/Tet,General/Housing
2018,Nhà ở và vật liệu xây dựng,2,99.91,1,Main Category,Economic Growth,True,Deflation,Winter/Tet,General/Housing
2018,Thiết bị và đồ dùng gia đình,2,100.27,1,Main Category,Economic Growth,True,Stable,Winter/Tet,General/Housing
2018,Thuốc và dịch vụ y tế,2,100.07,1,Main Category,Economic Growth,True,Stable,Winter/Tet,Healthcare
2018,Giao thông,2,100.79,1,Main Category,Economic Growth,True,Stable,Winter/Tet,Transport
2018,Bưu chính viễn thông,2,99.93,1,Main Category,Economic Growth,True,Deflation,Winter/Tet,General/Housing
2018,Giáo dục,2,100.02,1,Main Category,Economic Growth,True,Stable,Winter/Tet,Education
2018,"Văn hóa, giải trí và du lịch",2,100.72,1,Main Category,Economic Growth,True,Stable,Winter/Tet,General/Housing
2018,Hàng hoá và dịch vụ khác,2,100.74,1,Main Category,Economic Growth,True,Stable,Winter/Tet,General/Housing
2018,Chỉ số giá vàng,2,101.83,1,Main Category,Economic Growth,True,High Inflation,Winter/Tet,Financial/Other
2018,Chỉ số đô la Mỹ,2,99.99,1,Main Category,Economic Growth,True,Deflation,Winter/Tet,Financial/Other
2017,Chỉ số giá tiêu dùng,2,100.23,1,Total CPI,Economic Growth,True,Stable,Winter/Tet,General/Housing
2017,Hàng ăn và dịch vụ ăn uống,2,100.11,1,Main Category,Economic Growth,True,Stable,Winter/Tet,Food & Beverage
2017,Lương thực,2,100.25,1,Sub-category,Economic Growth,True,Stable,Winter/Tet,Food & Beverage
2017,Thực phẩm,2,99.72,1,Sub-category,Economic Growth,True,Deflation,Winter/Tet,Food & Beverage
2017,Đồ uống và thuốc lá,2,99.99,1,Main Category,Economic Growth,True,Deflation,Winter/Tet,General/Housing
2017,"May mặc, mũ nón, giày dép",2,99.95,1,Main Category,Economic Growth,True,Deflation,Winter/Tet,General/Housing
2017,Nhà ở và vật liệu xây dựng,2,100.77,1,Main Category,Economic Growth,True,Stable,Winter/Tet,General/Housing
2017,Thiết bị và đồ dùng gia đình,2,100.05,1,Main Category,Economic Growth,True,Stable,Winter/Tet,General/Housing
2017,Thuốc và dịch vụ y tế,2,100.22,1,Main Category,Economic Growth,True,Stable,Winter/Tet,Healthcare
2017,Giao thông,2,100.56,1,Main Category,Economic Growth,True,Stable,Winter/Tet,Transport
2017,Bưu chính viễn thông,2,99.93,1,Main Category,Economic Growth,True,Deflation,Winter/Tet,General/Housing
2017,Giáo dục,2,100.0,1,Main Category,Economic Growth,True,Stable,Winter/Tet,Education
2017,"Văn hóa, giải trí và du lịch",2,100.15,1,Main Category,Economic Growth,True,Stable,Winter/Tet,General/Housing
2017,Hàng hoá và dịch vụ khác,2,100.14,1,Main Category,Economic Growth,True,Stable,Winter/Tet,General/Housing
2017,Chỉ số giá vàng,2,102.45,1,Main Category,Economic Growth,True,High Inflation,Winter/Tet,Financial/Other
2017,Chỉ số đô la Mỹ,2,99.93,1,Main Category,Economic Growth,True,Deflation,Winter/Tet,Financial/Other
2016,Chỉ số giá tiêu dùng,2,100.42,1,Total CPI,Economic Growth,True,Stable,Winter/Tet,General/Housing
2016,Hàng ăn và dịch vụ ăn uống,2,101.98,1,Main Category,Economic Growth,True,High Inflation,Winter/Tet,Food & Beverage
2016,Lương thực,2,100.66,1,Sub-category,Economic Growth,True,Stable,Winter/Tet,Food & Beverage
2016,Thực phẩm,2,102.45,1,Sub-category,Economic Growth,True,High Inflation,Winter/Tet,Food & Beverage
2016,Đồ uống và thuốc lá,2,101.15,1,Main Category,Economic Growth,True,High Inflation,Winter/Tet,General/Housing
2016,"May mặc, mũ nón, giày dép",2,100.45,1,Main Category,Economic Growth,True,Stable,Winter/Tet,General/Housing
2016,Nhà ở và vật liệu xây dựng,2,99.59,1,Main Category,Economic Growth,True,Deflation,Winter/Tet,General/Housing
2016,Thiết bị và đồ dùng gia đình,2,100.19,1,Main Category,Economic Growth,True,Stable,Winter/Tet,General/Housing
2016,Thuốc và dịch vụ y tế,2,100.06,1,Main Category,Economic Growth,True,Stable,Winter/Tet,Healthcare
2016,Giao thông,2,96.04,1,Main Category,Economic Growth,True,Deflation,Winter/Tet,Transport
2016,Bưu chính viễn thông,2,99.84,1,Main Category,Economic Growth,True,Deflation,Winter/Tet,General/Housing
2016,Giáo dục,2,100.26,1,Main Category,Economic Growth,True,Stable,Winter/Tet,Education
2016,"Văn hóa, giải trí và du lịch",2,100.71,1,Main Category,Economic Growth,True,Stable,Winter/Tet,General/Housing
2016,Hàng hoá và dịch vụ khác,2,100.8,1,Main Category,Economic Growth,True,Stable,Winter/Tet,General/Housing
2016,Chỉ số giá vàng,2,103.02,1,Main Category,Economic Growth,True,High Inflation,Winter/Tet,Financial/Other
2016,Chỉ số đô la Mỹ,2,99.36,1,Main Category,Economic Growth,True,Deflation,Winter/Tet,Financial/Other
2015,Chỉ số giá tiêu dùng,2,99.95,1,Total CPI,Economic Growth,True,Deflation,Winter/Tet,General/Housing
2015,Hàng ăn và dịch vụ ăn uống,2,100.53,1,Main Category,Economic Growth,True,Stable,Winter/Tet,Food & Beverage
2015,Lương thực,2,100.13,1,Sub-category,Economic Growth,True,Stable,Winter/Tet,Food & Beverage
2015,Thực phẩm,2,100.75,1,Sub-category,Economic Growth,True,Stable,Winter/Tet,Food & Beverage
2015,Đồ uống và thuốc lá,2,100.56,1,Main Category,Economic Growth,True,Stable,Winter/Tet,General/Housing
2015,"May mặc, mũ nón, giày dép",2,100.45,1,Main Category,Economic Growth,True,Stable,Winter/Tet,General/Housing
2015,Nhà ở và vật liệu xây dựng,2,99.59,1,Main Category,Economic Growth,True,Deflation,Winter/Tet,General/Housing
2015,Thiết bị và đồ dùng gia đình,2,100.31,1,Main Category,Economic Growth,True,Stable,Winter/Tet,General/Housing
2015,Thuốc và dịch vụ y tế,2,100.04,1,Main Category,Economic Growth,True,Stable,Winter/Tet,Healthcare
2015,Giao thông,2,95.59,1,Main Category,Economic Growth,True,Deflation,Winter/Tet,Transport
2015,Bưu chính viễn thông,2,99.98,1,Main Category,Economic Growth,True,Deflation,Winter/Tet,General/Housing
2015,Giáo dục,2,100.03,1,Main Category,Economic Growth,True,Stable,Winter/Tet,Education
2015,"Văn hóa, giải trí và du lịch",2,100.05,1,Main Category,Economic Growth,True,Stable,Winter/Tet,General/Housing
2015,Hàng hoá và dịch vụ khác,2,100.74,1,Main Category,Economic Growth,True,Stable,Winter/Tet,General/Housing
2015,Chỉ số giá vàng,2,102.7,1,Main Category,Economic Growth,True,High Inflation,Winter/Tet,Financial/Other
2015,Chỉ số đô la Mỹ,2,99.8,1,Main Category,Economic Growth,True,Deflation,Winter/Tet,Financial/Other
2014,Chỉ số giá tiêu dùng,2,100.55,1,Total CPI,Economic Growth,True,Stable,Winter/Tet,General/Housing
2014,Hàng ăn và dịch vụ ăn uống,2,101.15,1,Main Category,Economic Growth,True,High Inflation,Winter/Tet,Food & Beverage
2014,Lương thực,2,100.68,1,Sub-category,Economic Growth,True,Stable,Winter/Tet,Food & Beverage
2014,Thực phẩm,2,101.16,1,Sub-category,Economic Growth,True,High Inflation,Winter/Tet,Food & Beverage
2014,Đồ uống và thuốc lá,2,100.6,1,Main Category,Economic Growth,True,Stable,Winter/Tet,General/Housing
2014,"May mặc, mũ nón, giày dép",2,100.21,1,Main Category,Economic Growth,True,Stable,Winter/Tet,General/Housing
2014,Nhà ở và vật liệu xây dựng,2,99.36,1,Main Category,Economic Growth,True,Deflation,Winter/Tet,General/Housing
2014,Thiết bị và đồ dùng gia đình,2,100.22,1,Main Category,Economic Growth,True,Stable,Winter/Tet,General/Housing
2014,Thuốc và dịch vụ y tế,2,100.05,1,Main Category,Economic Growth,True,Stable,Winter/Tet,Healthcare
2014,Giao thông,2,100.66,1,Main Category,Economic Growth,True,Stable,Winter/Tet,Transport
2014,Bưu chính viễn thông,2,99.98,1,Main Category,Economic Growth,True,Deflation,Winter/Tet,General/Housing
2014,Giáo dục,2,100.01,1,Main Category,Economic Growth,True,Stable,Winter/Tet,Education
2014,"Văn hóa, giải trí và du lịch",2,100.61,1,Main Category,Economic Growth,True,Stable,Winter/Tet,General/Housing
2014,Hàng hoá và dịch vụ khác,2,100.55,1,Main Category,Economic Growth,True,Stable,Winter/Tet,General/Housing
2014,Chỉ số giá vàng,2,101.87,1,Main Category,Economic Growth,True,High Inflation,Winter/Tet,Financial/Other
2014,Chỉ số đô la Mỹ,2,99.97,1,Main Category,Economic Growth,True,Deflation,Winter/Tet,Financial/Other
2013,Chỉ số giá tiêu dùng,2,101.32,1,Total CPI,Economic Growth,True,High Inflation,Winter/Tet,General/Housing
2013,Hàng ăn và dịch vụ ăn uống,2,102.28,1,Main Category,Economic Growth,True,High Inflation,Winter/Tet,Food & Beverage
2013,Lương thực,2,100.37,1,Sub-category,Economic Growth,True,Stable,Winter/Tet,Food & Beverage
2013,Thực phẩm,2,103.0,1,Sub-category,Economic Growth,True,High Inflation,Winter/Tet,Food & Beverage
2013,Đồ uống và thuốc lá,2,101.5,1,Main Category,Economic Growth,True,High Inflation,Winter/Tet,General/Housing
2013,"May mặc, mũ nón, giày dép",2,101.08,1,Main Category,Economic Growth,True,High Inflation,Winter/Tet,General/Housing
2013,Nhà ở và vật liệu xây dựng,2,100.45,1,Main Category,Economic Growth,True,Stable,Winter/Tet,General/Housing
2013,Thiết bị và đồ dùng gia đình,2,100.6,1,Main Category,Economic Growth,True,Stable,Winter/Tet,General/Housing
2013,Thuốc và dịch vụ y tế,2,100.58,1,Main Category,Economic Growth,True,Stable,Winter/Tet,Healthcare
2013,Giao thông,2,100.81,1,Main Category,Economic Growth,True,Stable,Winter/Tet,Transport
2013,Bưu chính viễn thông,2,99.97,1,Main Category,Economic Growth,True,Deflation,Winter/Tet,General/Housing
2013,Giáo dục,2,100.03,1,Main Category,Economic Growth,True,Stable,Winter/Tet,Education
2013,"Văn hóa, giải trí và du lịch",2,100.4,1,Main Category,Economic Growth,True,Stable,Winter/Tet,General/Housing
2013,Hàng hoá và dịch vụ khác,2,101.07,1,Main Category,Economic Growth,True,High Inflation,Winter/Tet,General/Housing
2013,Chỉ số giá vàng,2,99.67,1,Main Category,Economic Growth,True,Deflation,Winter/Tet,Financial/Other
2013,Chỉ số đô la Mỹ,2,100.03,1,Main Category,Economic Growth,True,Stable,Winter/Tet,Financial/Other
2012,Chỉ số giá tiêu dùng,2,101.37,1,Total CPI,Economic Growth,True,High Inflation,Winter/Tet,General/Housing
2012,Hàng ăn và dịch vụ ăn uống,2,102.11,1,Main Category,Economic Growth,True,High Inflation,Winter/Tet,Food & Beverage
2012,Lương thực,2,99.59,1,Sub-category,Economic Growth,True,Deflation,Winter/Tet,Food & Beverage
2012,Thực phẩm,2,102.73,1,Sub-category,Economic Growth,True,High Inflation,Winter/Tet,Food & Beverage
2012,Đồ uống và thuốc lá,2,100.86,1,Main Category,Economic Growth,True,Stable,Winter/Tet,General/Housing
2012,"May mặc, mũ nón, giày dép",2,100.55,1,Main Category,Economic Growth,True,Stable,Winter/Tet,General/Housing
2012,Nhà ở và vật liệu xây dựng,2,102.47,1,Main Category,Economic Growth,True,High Inflation,Winter/Tet,General/Housing
2012,Thiết bị và đồ dùng gia đình,2,100.41,1,Main Category,Economic Growth,True,Stable,Winter/Tet,General/Housing
2012,Thuốc và dịch vụ y tế,2,100.29,1,Main Category,Economic Growth,True,Stable,Winter/Tet,Healthcare
2012,Giao thông,2,100.23,1,Main Category,Economic Growth,True,Stable,Winter/Tet,Transport
2012,Bưu chính viễn thông,2,99.84,1,Main Category,Economic Growth,True,Deflation,Winter/Tet,General/Housing
2012,Giáo dục,2,100.07,1,Main Category,Economic Growth,True,Stable,Winter/Tet,Education
2012,"Văn hóa, giải trí và du lịch",2,100.52,1,Main Category,Economic Growth,True,Stable,Winter/Tet,General/Housing
2012,Hàng hoá và dịch vụ khác,2,100.89,1,Main Category,Economic Growth,True,Stable,Winter/Tet,General/Housing
2012,Chỉ số giá vàng,2,103.27,1,Main Category,Economic Growth,True,High Inflation,Winter/Tet,Financial/Other
2012,Chỉ số đô la Mỹ,2,99.59,1,Main Category,Economic Growth,True,Deflation,Winter/Tet,Financial/Other
2011,Chỉ số giá tiêu dùng,2,102.09,1,Total CPI,Post-Crisis Volatility,True,High Inflation,Winter/Tet,General/Housing
2011,Hàng ăn và dịch vụ ăn uống,2,103.65,1,Main Category,Post-Crisis Volatility,True,High Inflation,Winter/Tet,Food & Beverage
2011,Lương thực,2,101.51,1,Sub-category,Post-Crisis Volatility,True,High Inflation,Winter/Tet,Food & Beverage
2011,Thực phẩm,2,104.53,1,Sub-category,Post-Crisis Volatility,True,High Inflation,Winter/Tet,Food & Beverage
2011,Đồ uống và thuốc lá,2,102.14,1,Main Category,Post-Crisis Volatility,True,High Inflation,Winter/Tet,General/Housing
2011,"May mặc, mũ nón, giày dép",2,101.38,1,Main Category,Post-Crisis Volatility,True,High Inflation,Winter/Tet,General/Housing
2011,Nhà ở và vật liệu xây dựng,2,100.83,1,Main Category,Post-Crisis Volatility,True,Stable,Winter/Tet,General/Housing
2011,Thiết bị và đồ dùng gia đình,2,100.64,1,Main Category,Post-Crisis Volatility,True,Stable,Winter/Tet,General/Housing
2011,Thuốc và dịch vụ y tế,2,100.3,1,Main Category,Post-Crisis Volatility,True,Stable,Winter/Tet,Healthcare
2011,Giao thông,2,101.01,1,Main Category,Post-Crisis Volatility,True,High Inflation,Winter/Tet,Transport
2011,Bưu chính viễn thông,2,99.99,1,Main Category,Post-Crisis Volatility,True,Deflation,Winter/Tet,General/Housing
2011,Giáo dục,2,100.89,1,Main Category,Post-Crisis Volatility,True,Stable,Winter/Tet,Education
2011,"Văn hóa, giải trí và du lịch",2,101.24,1,Main Category,Post-Crisis Volatility,True,High Inflation,Winter/Tet,General/Housing
2011,Hàng hoá và dịch vụ khác,2,101.36,1,Main Category,Post-Crisis Volatility,True,High Inflation,Winter/Tet,General/Housing
2011,Chỉ số giá vàng,2,99.65,1,Main Category,Post-Crisis Volatility,True,Deflation,Winter/Tet,Financial/Other
2011,Chỉ số đô la Mỹ,2,100.94,1,Main Category,Post-Crisis Volatility,True,Stable,Winter/Tet,Financial/Other
2010,Chỉ số giá tiêu dùng,2,101.96,1,Total CPI,Post-Crisis Volatility,True,High Inflation,Winter/Tet,General/Housing
2010,Hàng ăn và dịch vụ ăn uống,2,103.09,1,Main Category,Post-Crisis Volatility,True,High Inflation,Winter/Tet,Food & Beverage
2010,Lương thực,2,102.94,1,Sub-category,Post-Crisis Volatility,True,High Inflation,Winter/Tet,Food & Beverage
2010,Thực phẩm,2,103.46,1,Sub-category,Post-Crisis Volatility,True,High Inflation,Winter/Tet,Food & Beverage
2010,Đồ uống và thuốc lá,2,102.27,1,Main Category,Post-Crisis Volatility,True,High Inflation,Winter/Tet,General/Housing
2010,"May mặc, mũ nón, giày dép",2,101.39,1,Main Category,Post-Crisis Volatility,True,High Inflation,Winter/Tet,General/Housing
2010,Nhà ở và vật liệu xây dựng,2,101.75,1,Main Category,Post-Crisis Volatility,True,High Inflation,Winter/Tet,General/Housing
2010,Thiết bị và đồ dùng gia đình,2,100.93,1,Main Category,Post-Crisis Volatility,True,Stable,Winter/Tet,General/Housing
2010,Thuốc và dịch vụ y tế,2,100.42,1,Main Category,Post-Crisis Volatility,True,Stable,Winter/Tet,Healthcare
2010,Giao thông,2,101.45,1,Main Category,Post-Crisis Volatility,True,High Inflation,Winter/Tet,Transport
2010,Bưu chính viễn thông,2,98.77,1,Main Category,Post-Crisis Volatility,True,Deflation,Winter/Tet,General/Housing
2010,Giáo dục,2,100.12,1,Main Category,Post-Crisis Volatility,True,Stable,Winter/Tet,Education
2010,"Văn hóa, giải trí và du lịch",2,101.22,1,Main Category,Post-Crisis Volatility,True,High Inflation,Winter/Tet,General/Housing
2010,Hàng hoá và dịch vụ khác,2,102.52,1,Main Category,Post-Crisis Volatility,True,High Inflation,Winter/Tet,General/Housing
2010,Chỉ số giá vàng,2,97.97,1,Main Category,Post-Crisis Volatility,True,Deflation,Winter/Tet,Financial/Other
2010,Chỉ số đô la Mỹ,2,100.33,1,Main Category,Post-Crisis Volatility,True,Stable,Winter/Tet,Financial/Other
2009,Chỉ số giá tiêu dùng,2,101.17,1,Total CPI,Post-Crisis Volatility,True,High Inflation,Winter/Tet,General/Housing
2009,Hàng ăn và dịch vụ ăn uống,2,101.67,1,Main Category,Post-Crisis Volatility,True,High Inflation,Winter/Tet,Food & Beverage
2009,Lương thực,2,100.82,1,Sub-category,Post-Crisis Volatility,True,Stable,Winter/Tet,Food & Beverage
2009,Thực phẩm,2,101.72,1,Sub-category,Post-Crisis Volatility,True,High Inflation,Winter/Tet,Food & Beverage
2009,Đồ uống và thuốc lá,2,100.8,1,Main Category,Post-Crisis Volatility,True,Stable,Winter/Tet,General/Housing
2009,"May mặc, mũ nón, giày dép",2,100.44,1,Main Category,Post-Crisis Volatility,True,Stable,Winter/Tet,General/Housing
2009,Nhà ở và vật liệu xây dựng,2,101.59,1,Main Category,Post-Crisis Volatility,True,High Inflation,Winter/Tet,General/Housing
2009,Thiết bị và đồ dùng gia đình,2,100.7,1,Main Category,Post-Crisis Volatility,True,Stable,Winter/Tet,General/Housing
2009,Thuốc và dịch vụ y tế,2,100.36,1,Main Category,Post-Crisis Volatility,True,Stable,Winter/Tet,Healthcare
2009,"Phương tiện đi lại, bưu điện",2,99.95,1,Sub-category,Post-Crisis Volatility,True,Deflation,Winter/Tet,Transport
2009,Giáo dục,2,100.04,1,Main Category,Post-Crisis Volatility,True,Stable,Winter/Tet,Education
2009,"Văn hóa, giải trí và du lịch",2,99.93,1,Main Category,Post-Crisis Volatility,True,Deflation,Winter/Tet,General/Housing
2009,Hàng hoá và dịch vụ khác,2,102.01,1,Main Category,Post-Crisis Volatility,True,High Inflation,Winter/Tet,General/Housing
2009,Chỉ số giá vàng,2,105.74,1,Main Category,Post-Crisis Volatility,True,High Inflation,Winter/Tet,Financial/Other
2009,Chỉ số đô la Mỹ,2,100.91,1,Main Category,Post-Crisis Volatility,True,Stable,Winter/Tet,Financial/Other
2008,Chỉ số giá tiêu dùng,2,103.56,1,Total CPI,2008 Crisis,True,High Inflation,Winter/Tet,General/Housing
2008,Hàng ăn và dịch vụ ăn uống,2,106.18,1,Main Category,2008 Crisis,True,High Inflation,Winter/Tet,Food & Beverage
2008,Lương thực,2,103.25,1,Sub-category,2008 Crisis,True,High Inflation,Winter/Tet,Food & Beverage
2008,Thực phẩm,2,107.53,1,Sub-category,2008 Crisis,True,High Inflation,Winter/Tet,Food & Beverage
2008,Đồ uống và thuốc lá,2,101.89,1,Main Category,2008 Crisis,True,High Inflation,Winter/Tet,General/Housing
2008,"May mặc, mũ nón, giày dép",2,101.36,1,Main Category,2008 Crisis,True,High Inflation,Winter/Tet,General/Housing
2008,Nhà ở và vật liệu xây dựng,2,101.39,1,Main Category,2008 Crisis,True,High Inflation,Winter/Tet,General/Housing
2008,Thiết bị và đồ dùng gia đình,2,100.73,1,Main Category,2008 Crisis,True,Stable,Winter/Tet,General/Housing
2008,Thuốc và dịch vụ y tế,2,100.46,1,Main Category,2008 Crisis,True,Stable,Winter/Tet,Healthcare
2008,"Phương tiện đi lại, bưu điện",2,101.51,1,Sub-category,2008 Crisis,True,High Inflation,Winter/Tet,Transport
2008,Giáo dục,2,100.1,1,Main Category,2008 Crisis,True,Stable,Winter/Tet,Education
2008,"Văn hóa, giải trí và du lịch",2,102.34,1,Main Category,2008 Crisis,True,High Inflation,Winter/Tet,General/Housing
2008,Hàng hoá và dịch vụ khác,2,103.4,1,Main Category,2008 Crisis,True,High Inflation,Winter/Tet,General/Housing
2008,Chỉ số giá vàng,2,105.91,1,Main Category,2008 Crisis,True,High Inflation,Winter/Tet,Financial/Other
2008,Chỉ số đô la Mỹ,2,99.88,1,Main Category,2008 Crisis,True,Deflation,Winter/Tet,Financial/Other
2007,Chỉ số giá tiêu dùng,2,102.17,1,Total CPI,Stability,True,High Inflation,Winter/Tet,General/Housing
2007,Hàng ăn và dịch vụ ăn uống,2,103.45,1,Main Category,Stability,True,High Inflation,Winter/Tet,Food & Beverage
2007,Lương thực,2,102.76,1,Sub-category,Stability,True,High Inflation,Winter/Tet,Food & Beverage
2007,Thực phẩm,2,103.83,1,Sub-category,Stability,True,High Inflation,Winter/Tet,Food & Beverage
2007,Đồ uống và thuốc lá,2,102.52,1,Main Category,Stability,True,High Inflation,Winter/Tet,General/Housing
2007,"May mặc, mũ nón, giày dép",2,101.28,1,Main Category,Stability,True,High Inflation,Winter/Tet,General/Housing
2007,Nhà ở và vật liệu xây dựng,2,101.86,1,Main Category,Stability,True,High Inflation,Winter/Tet,General/Housing
2007,Thiết bị và đồ dùng gia đình,2,101.06,1,Main Category,Stability,True,High Inflation,Winter/Tet,General/Housing
2007,Thuốc và dịch vụ y tế,2,100.4,1,Main Category,Stability,True,Stable,Winter/Tet,Healthcare
2007,"Phương tiện đi lại, bưu điện",2,100.07,1,Sub-category,Stability,True,Stable,Winter/Tet,Transport
2007,Giáo dục,2,100.2,1,Main Category,Stability,True,Stable,Winter/Tet,Education
2007,"Văn hóa, giải trí và du lịch",2,102.11,1,Main Category,Stability,True,High Inflation,Winter/Tet,General/Housing
2007,Hàng hoá và dịch vụ khác,2,102.26,1,Main Category,Stability,True,High Inflation,Winter/Tet,General/Housing
2007,Chỉ số giá vàng,2,102.08,1,Main Category,Stability,True,High Inflation,Winter/Tet,Financial/Other
2007,Chỉ số đô la Mỹ,2,99.79,1,Main Category,Stability,True,Deflation,Winter/Tet,Financial/Other
2006,Chỉ số giá tiêu dùng,2,102.1,1,Total CPI,Stability,True,High Inflation,Winter/Tet,General/Housing
2006,Hàng ăn và dịch vụ ăn uống,2,103.2,1,Main Category,Stability,True,High Inflation,Winter/Tet,Food & Beverage
2006,Lương thực,2,101.7,1,Sub-category,Stability,True,High Inflation,Winter/Tet,Food & Beverage
2006,Thực phẩm,2,103.7,1,Sub-category,Stability,True,High Inflation,Winter/Tet,Food & Beverage
2006,Đồ uống và thuốc lá,2,101.5,1,Main Category,Stability,True,High Inflation,Winter/Tet,General/Housing
2006,"May mặc, mũ nón, giày dép",2,100.8,1,Main Category,Stability,True,Stable,Winter/Tet,General/Housing
2006,Nhà ở và vật liệu xây dựng,2,100.7,1,Main Category,Stability,True,Stable,Winter/Tet,General/Housing
2006,Thiết bị và đồ dùng gia đình,2,100.6,1,Main Category,Stability,True,Stable,Winter/Tet,General/Housing
2006,Thuốc và dịch vụ y tế,2,100.5,1,Main Category,Stability,True,Stable,Winter/Tet,Healthcare
2006,"Phương tiện đi lại, bưu điện",2,100.8,1,Sub-category,Stability,True,Stable,Winter/Tet,Transport
2006,Giáo dục,2,100.1,1,Main Category,Stability,True,Stable,Winter/Tet,Education
2006,"Văn hóa, giải trí và du lịch",2,101.9,1,Main Category,Stability,True,High Inflation,Winter/Tet,General/Housing
2006,Hàng hoá và dịch vụ khác,2,101.7,1,Main Category,Stability,True,High Inflation,Winter/Tet,General/Housing
2006,Chỉ số giá vàng,2,105.4,1,Main Category,Stability,True,High Inflation,Winter/Tet,Financial/Other
2006,Chỉ số đô la Mỹ,2,100.1,1,Main Category,Stability,True,Stable,Winter/Tet,Financial/Other
2005,Chỉ số giá tiêu dùng,2,102.5,1,Total CPI,Stability,True,High Inflation,Winter/Tet,General/Housing
2005,Hàng ăn và dịch vụ ăn uống,2,104.1,1,Main Category,Stability,True,High Inflation,Winter/Tet,Food & Beverage
2005,Lương thực,2,102.5,1,Sub-category,Stability,True,High Inflation,Winter/Tet,Food & Beverage
2005,Thực phẩm,2,104.3,1,Sub-category,Stability,True,High Inflation,Winter/Tet,Food & Beverage
2005,Đồ uống và thuốc lá,2,101.7,1,Main Category,Stability,True,High Inflation,Winter/Tet,General/Housing
2005,"May mặc, mũ nón, giày dép",2,100.5,1,Main Category,Stability,True,Stable,Winter/Tet,General/Housing
2005,Nhà ở và vật liệu xây dựng,2,100.4,1,Main Category,Stability,True,Stable,Winter/Tet,General/Housing
2005,Thiết bị và đồ dùng gia đình,2,100.4,1,Main Category,Stability,True,Stable,Winter/Tet,General/Housing
2005,Thuốc và dịch vụ y tế,2,100.4,1,Main Category,Stability,True,Stable,Winter/Tet,Healthcare
2005,"Phương tiện đi lại, bưu điện",2,100.8,1,Sub-category,Stability,True,Stable,Winter/Tet,Transport
2005,Giáo dục,2,100.0,1,Main Category,Stability,True,Stable,Winter/Tet,Education
2005,"Văn hóa, giải trí và du lịch",2,101.7,1,Main Category,Stability,True,High Inflation,Winter/Tet,General/Housing
2005,Hàng hoá và dịch vụ khác,2,101.6,1,Main Category,Stability,True,High Inflation,Winter/Tet,General/Housing
2005,Chỉ số giá vàng,2,98.2,1,Main Category,Stability,True,Deflation,Winter/Tet,Financial/Other
2005,Chỉ số đô la Mỹ,2,100.1,1,Main Category,Stability,True,Stable,Winter/Tet,Financial/Other
2004,Chỉ số giá tiêu dùng,2,103.0,1,Total CPI,Stability,True,High Inflation,Winter/Tet,General/Housing
2004,Hàng ăn và dịch vụ ăn uống,2,105.1,1,Main Category,Stability,True,High Inflation,Winter/Tet,Food & Beverage
2004,Lương thực,2,101.5,1,Sub-category,Stability,True,High Inflation,Winter/Tet,Food & Beverage
2004,Thực phẩm,2,106.8,1,Sub-category,Stability,True,High Inflation,Winter/Tet,Food & Beverage
2004,Đồ uống và thuốc lá,2,100.5,1,Main Category,Stability,True,Stable,Winter/Tet,General/Housing
2004,"May mặc, mũ nón, giày dép",2,99.7,1,Main Category,Stability,True,Deflation,Winter/Tet,General/Housing
2004,Nhà ở và vật liệu xây dựng,2,101.5,1,Main Category,Stability,True,High Inflation,Winter/Tet,General/Housing
2004,Thiết bị và đồ dùng gia đình,2,100.7,1,Main Category,Stability,True,Stable,Winter/Tet,General/Housing
2004,Thuốc và dịch vụ y tế,2,100.5,1,Main Category,Stability,True,Stable,Winter/Tet,Healthcare
2004,"Phương tiện đi lại, bưu điện",2,100.7,1,Sub-category,Stability,True,Stable,Winter/Tet,Transport
2004,Giáo dục,2,100.0,1,Main Category,Stability,True,Stable,Winter/Tet,Education
2004,"Văn hóa, giải trí và du lịch",2,101.6,1,Main Category,Stability,True,High Inflation,Winter/Tet,General/Housing
2004,Hàng hoá và dịch vụ khác,2,101.8,1,Main Category,Stability,True,High Inflation,Winter/Tet,General/Housing
2004,Chỉ số giá vàng,2,99.1,1,Main Category,Stability,True,Deflation,Winter/Tet,Financial/Other
2004,Chỉ số đô la Mỹ,2,100.4,1,Main Category,Stability,True,Stable,Winter/Tet,Financial/Other
2003,Chỉ số giá tiêu dùng,2,102.2,1,Total CPI,Stability,True,High Inflation,Winter/Tet,General/Housing
2003,Hàng ăn và dịch vụ ăn uống,2,103.4,1,Main Category,Stability,True,High Inflation,Winter/Tet,Food & Beverage
2003,Lương thực,2,101.2,1,Sub-category,Stability,True,High Inflation,Winter/Tet,Food & Beverage
2003,Thực phẩm,2,104.4,1,Sub-category,Stability,True,High Inflation,Winter/Tet,Food & Beverage
2003,Đồ uống và thuốc lá,2,102.2,1,Main Category,Stability,True,High Inflation,Winter/Tet,General/Housing
2003,"May mặc, mũ nón, giày dép",2,100.6,1,Main Category,Stability,True,Stable,Winter/Tet,General/Housing
2003,Nhà ở và vật liệu xây dựng,2,100.5,1,Main Category,Stability,True,Stable,Winter/Tet,General/Housing
2003,Thiết bị và đồ dùng gia đình,2,100.2,1,Main Category,Stability,True,Stable,Winter/Tet,General/Housing
2003,Thuốc và dịch vụ y tế,2,100.5,1,Main Category,Stability,True,Stable,Winter/Tet,Healthcare
2003,"Phương tiện đi lại, bưu điện",2,101.3,1,Sub-category,Stability,True,High Inflation,Winter/Tet,Transport
2003,Giáo dục,2,100.1,1,Main Category,Stability,True,Stable,Winter/Tet,Education
2003,"Văn hóa, giải trí và du lịch",2,101.3,1,Main Category,Stability,True,High Inflation,Winter/Tet,General/Housing
2003,Hàng hoá và dịch vụ khác,2,102.1,1,Main Category,Stability,True,High Inflation,Winter/Tet,General/Housing
2003,Chỉ số giá vàng,2,104.8,1,Main Category,Stability,True,High Inflation,Winter/Tet,Financial/Other
2003,Chỉ số đô la Mỹ,2,100.2,1,Main Category,Stability,True,Stable,Winter/Tet,Financial/Other
2002,Chỉ số giá tiêu dùng,2,102.2,1,Total CPI,Stability,True,High Inflation,Winter/Tet,General/Housing
2002,Hàng ăn và dịch vụ ăn uống,2,104.0,1,Main Category,Stability,True,High Inflation,Winter/Tet,Food & Beverage
2002,Lương thực,2,102.7,1,Sub-category,Stability,True,High Inflation,Winter/Tet,Food & Beverage
2002,Thực phẩm,2,104.6,1,Sub-category,Stability,True,High Inflation,Winter/Tet,Food & Beverage
2002,Đồ uống và thuốc lá,2,101.4,1,Main Category,Stability,True,High Inflation,Winter/Tet,General/Housing
2002,"May mặc, mũ nón, giày dép",2,100.5,1,Main Category,Stability,True,Stable,Winter/Tet,General/Housing
2002,Nhà ở và vật liệu xây dựng,2,100.2,1,Main Category,Stability,True,Stable,Winter/Tet,General/Housing
2002,Thiết bị và đồ dùng gia đình,2,100.3,1,Main Category,Stability,True,Stable,Winter/Tet,General/Housing
2002,Thuốc và dịch vụ y tế,2,100.1,1,Main Category,Stability,True,Stable,Winter/Tet,Healthcare
2002,"Phương tiện đi lại, bưu điện",2,101.0,1,Sub-category,Stability,True,Stable,Winter/Tet,Transport
2002,Giáo dục,2,100.2,1,Main Category,Stability,True,Stable,Winter/Tet,Education
2002,"Văn hóa, giải trí và du lịch",2,101.4,1,Main Category,Stability,True,High Inflation,Winter/Tet,General/Housing
2002,Hàng hoá và dịch vụ khác,2,101.3,1,Main Category,Stability,True,High Inflation,Winter/Tet,General/Housing
2002,Chỉ số giá vàng,2,101.5,1,Main Category,Stability,True,High Inflation,Winter/Tet,Financial/Other
2002,Chỉ số đô la Mỹ,2,100.2,1,Main Category,Stability,True,Stable,Winter/Tet,Financial/Other
2024,Chỉ số giá tiêu dùng,3,99.77,1,Total CPI,Recovery,False,Deflation,Spring,General/Housing
2024,Hàng ăn và dịch vụ ăn uống,3,99.24,1,Main Category,Recovery,False,Deflation,Spring,Food & Beverage
2024,Lương thực,3,99.58,1,Sub-category,Recovery,False,Deflation,Spring,Food & Beverage
2024,Thực phẩm,3,98.81,1,Sub-category,Recovery,False,Deflation,Spring,Food & Beverage
2024,Ăn uống ngoài gia đình,3,100.19,1,Sub-category,Recovery,False,Stable,Spring,General/Housing
2024,Đồ uống và thuốc lá,3,99.93,1,Main Category,Recovery,False,Deflation,Spring,General/Housing
2024,"May mặc, mũ nón, giày dép",3,99.94,1,Main Category,Recovery,False,Deflation,Spring,General/Housing
2024,Nhà ở và vật liệu xây dựng,3,100.29,1,Main Category,Recovery,False,Stable,Spring,General/Housing
2024,Thiết bị và đồ dùng gia đình,3,100.01,1,Main Category,Recovery,False,Stable,Spring,General/Housing
2024,Thuốc và dịch vụ y tế,3,100.02,1,Main Category,Recovery,False,Stable,Spring,Healthcare
2024,Trong đó: Dịch vụ y tế,3,100.0,1,Sub-category,Recovery,False,Stable,Spring,Healthcare
2024,Giao thông,3,99.97,1,Main Category,Recovery,False,Deflation,Spring,Transport
2024,Bưu chính viễn thông,3,99.99,1,Main Category,Recovery,False,Deflation,Spring,General/Housing
2024,Giáo dục,3,99.71,1,Main Category,Recovery,False,Deflation,Spring,Education
2024,Trong đó: Dịch vụ giáo dục,3,99.66,1,Sub-category,Recovery,False,Deflation,Spring,General/Housing
2024,"Văn hóa, giải trí và du lịch",3,99.88,1,Main Category,Recovery,False,Deflation,Spring,General/Housing
2024,Hàng hoá và dịch vụ khác,3,100.06,1,Main Category,Recovery,False,Stable,Spring,General/Housing
2024,Chỉ số giá vàng,3,104.59,1,Main Category,Recovery,False,High Inflation,Spring,Financial/Other
2024,Chỉ số đô la Mỹ,3,100.88,1,Main Category,Recovery,False,Stable,Spring,Financial/Other
2023,Chỉ số giá tiêu dùng,3,99.77,1,Total CPI,Recovery,False,Deflation,Spring,General/Housing
2023,Hàng ăn và dịch vụ ăn uống,3,99.42,1,Main Category,Recovery,False,Deflation,Spring,Food & Beverage
2023,Lương thực,3,100.28,1,Sub-category,Recovery,False,Stable,Spring,Food & Beverage
2023,Thực phẩm,3,99.0,1,Sub-category,Recovery,False,Deflation,Spring,Food & Beverage
2023,Ăn uống ngoài gia đình,3,100.11,1,Sub-category,Recovery,False,Stable,Spring,General/Housing
2023,Đồ uống và thuốc lá,3,99.95,1,Main Category,Recovery,False,Deflation,Spring,General/Housing
2023,"May mặc, mũ nón, giày dép",3,99.98,1,Main Category,Recovery,False,Deflation,Spring,General/Housing
2023,Nhà ở và vật liệu xây dựng,3,100.36,1,Main Category,Recovery,False,Stable,Spring,General/Housing
2023,Thiết bị và đồ dùng gia đình,3,100.14,1,Main Category,Recovery,False,Stable,Spring,General/Housing
2023,Thuốc và dịch vụ y tế,3,100.06,1,Main Category,Recovery,False,Stable,Spring,Healthcare
2023,Trong đó: Dịch vụ y tế,3,100.04,1,Sub-category,Recovery,False,Stable,Spring,Healthcare
2023,Giao thông,3,99.84,1,Main Category,Recovery,False,Deflation,Spring,Transport
2023,Bưu chính viễn thông,3,99.98,1,Main Category,Recovery,False,Deflation,Spring,General/Housing
2023,Giáo dục,3,98.29,1,Main Category,Recovery,False,Deflation,Spring,Education
2023,Trong đó: Dịch vụ giáo dục,3,98.05,1,Sub-category,Recovery,False,Deflation,Spring,General/Housing
2023,"Văn hóa, giải trí và du lịch",3,100.13,1,Main Category,Recovery,False,Stable,Spring,General/Housing
2023,Hàng hoá và dịch vụ khác,3,100.21,1,Main Category,Recovery,False,Stable,Spring,General/Housing
2023,Chỉ số giá vàng,3,99.44,1,Main Category,Recovery,False,Deflation,Spring,Financial/Other
2023,Chỉ số đô la Mỹ,3,100.47,1,Main Category,Recovery,False,Stable,Spring,Financial/Other
2022,Chỉ số giá tiêu dùng,3,100.7,1,Total CPI,COVID-19,False,Stable,Spring,General/Housing
2022,Hàng ăn và dịch vụ ăn uống,3,99.73,1,Main Category,COVID-19,False,Deflation,Spring,Food & Beverage
2022,Lương thực,3,100.17,1,Sub-category,COVID-19,False,Stable,Spring,Food & Beverage
2022,Thực phẩm,3,99.52,1,Sub-category,COVID-19,False,Deflation,Spring,Food & Beverage
2022,Ăn uống ngoài gia đình,3,100.08,1,Sub-category,COVID-19,False,Stable,Spring,General/Housing
2022,Đồ uống và thuốc lá,3,100.06,1,Main Category,COVID-19,False,Stable,Spring,General/Housing
2022,"May mặc, mũ nón, giày dép",3,100.12,1,Main Category,COVID-19,False,Stable,Spring,General/Housing
2022,Nhà ở và vật liệu xây dựng,3,101.49,1,Main Category,COVID-19,False,High Inflation,Spring,General/Housing
2022,Thiết bị và đồ dùng gia đình,3,100.19,1,Main Category,COVID-19,False,Stable,Spring,General/Housing
2022,Thuốc và dịch vụ y tế,3,100.06,1,Main Category,COVID-19,False,Stable,Spring,Healthcare
2022,Trong đó: Dịch vụ y tế,3,100.0,1,Sub-category,COVID-19,False,Stable,Spring,Healthcare
2022,Giao thông,3,104.8,1,Main Category,COVID-19,False,High Inflation,Spring,Transport
2022,Bưu chính viễn thông,3,100.02,1,Main Category,COVID-19,False,Stable,Spring,General/Housing
2022,Giáo dục,3,100.1,1,Main Category,COVID-19,False,Stable,Spring,Education
2022,Trong đó: Dịch vụ giáo dục,3,100.09,1,Sub-category,COVID-19,False,Stable,Spring,General/Housing
2022,"Văn hóa, giải trí và du lịch",3,100.21,1,Main Category,COVID-19,False,Stable,Spring,General/Housing
2022,Hàng hoá và dịch vụ khác,3,100.46,1,Main Category,COVID-19,False,Stable,Spring,General/Housing
2022,Chỉ số giá vàng,3,104.51,1,Main Category,COVID-19,False,High Inflation,Spring,Financial/Other
2022,Chỉ số đô la Mỹ,3,100.64,1,Main Category,COVID-19,False,Stable,Spring,Financial/Other
2021,Chỉ số giá tiêu dùng,3,99.73,1,Total CPI,COVID-19,False,Deflation,Spring,General/Housing
2021,Hàng ăn và dịch vụ ăn uống,3,98.54,1,Main Category,COVID-19,False,Deflation,Spring,Food & Beverage
2021,Lương thực,3,100.01,1,Sub-category,COVID-19,False,Stable,Spring,Food & Beverage
2021,Thực phẩm,3,97.8,1,Sub-category,COVID-19,False,Deflation,Spring,Food & Beverage
2021,Ăn uống ngoài gia đình,3,99.77,1,Sub-category,COVID-19,False,Deflation,Spring,General/Housing
2021,Đồ uống và thuốc lá,3,99.63,1,Main Category,COVID-19,False,Deflation,Spring,General/Housing
2021,"May mặc, mũ nón, giày dép",3,99.8,1,Main Category,COVID-19,False,Deflation,Spring,General/Housing
2021,Nhà ở và vật liệu xây dựng,3,100.24,1,Main Category,COVID-19,False,Stable,Spring,General/Housing
2021,Thiết bị và đồ dùng gia đình,3,99.95,1,Main Category,COVID-19,False,Deflation,Spring,General/Housing
2021,Thuốc và dịch vụ y tế,3,100.02,1,Main Category,COVID-19,False,Stable,Spring,Healthcare
2021,Trong đó: Dịch vụ y tế,3,100.01,1,Sub-category,COVID-19,False,Stable,Spring,Healthcare
2021,Giao thông,3,102.29,1,Main Category,COVID-19,False,High Inflation,Spring,Transport
2021,Bưu chính viễn thông,3,99.87,1,Main Category,COVID-19,False,Deflation,Spring,General/Housing
2021,Giáo dục,3,100.01,1,Main Category,COVID-19,False,Stable,Spring,Education
2021,Trong đó: Dịch vụ giáo dục,3,100.0,1,Sub-category,COVID-19,False,Stable,Spring,General/Housing
2021,"Văn hóa, giải trí và du lịch",3,99.97,1,Main Category,COVID-19,False,Deflation,Spring,General/Housing
2021,Hàng hoá và dịch vụ khác,3,99.72,1,Main Category,COVID-19,False,Deflation,Spring,General/Housing
2021,Chỉ số giá vàng,3,97.03,1,Main Category,COVID-19,False,Deflation,Spring,Financial/Other
2021,Chỉ số đô la Mỹ,3,100.23,1,Main Category,COVID-19,False,Stable,Spring,Financial/Other
2020,Chỉ số giá tiêu dùng,3,99.28,1,Total CPI,COVID-19,False,Deflation,Spring,General/Housing
2020,Hàng ăn và dịch vụ ăn uống,3,99.57,1,Main Category,COVID-19,False,Deflation,Spring,Food & Beverage
2020,Lương thực,3,101.09,1,Sub-category,COVID-19,False,High Inflation,Spring,Food & Beverage
2020,Thực phẩm,3,99.11,1,Sub-category,COVID-19,False,Deflation,Spring,Food & Beverage
2020,Đồ uống và thuốc lá,3,99.89,1,Main Category,COVID-19,False,Deflation,Spring,General/Housing
2020,"May mặc, mũ nón, giày dép",3,99.85,1,Main Category,COVID-19,False,Deflation,Spring,General/Housing
2020,Nhà ở và vật liệu xây dựng,3,99.75,1,Main Category,COVID-19,False,Deflation,Spring,General/Housing
2020,Thiết bị và đồ dùng gia đình,3,100.09,1,Main Category,COVID-19,False,Stable,Spring,General/Housing
2020,Thuốc và dịch vụ y tế,3,100.05,1,Main Category,COVID-19,False,Stable,Spring,Healthcare
2020,Giao thông,3,95.13,1,Main Category,COVID-19,False,Deflation,Spring,Transport
2020,Bưu chính viễn thông,3,99.94,1,Main Category,COVID-19,False,Deflation,Spring,General/Housing
2020,Giáo dục,3,100.04,1,Main Category,COVID-19,False,Stable,Spring,Education
2020,"Văn hóa, giải trí và du lịch",3,98.6,1,Main Category,COVID-19,False,Deflation,Spring,General/Housing
2020,Hàng hoá và dịch vụ khác,3,100.16,1,Main Category,COVID-19,False,Stable,Spring,General/Housing
2020,Chỉ số giá vàng,3,103.87,1,Main Category,COVID-19,False,High Inflation,Spring,Financial/Other
2020,Chỉ số đô la Mỹ,3,100.17,1,Main Category,COVID-19,False,Stable,Spring,Financial/Other
2019,Chỉ số giá tiêu dùng,3,99.79,1,Total CPI,Economic Growth,False,Deflation,Spring,General/Housing
2019,Hàng ăn và dịch vụ ăn uống,3,98.58,1,Main Category,Economic Growth,False,Deflation,Spring,Food & Beverage
2019,Lương thực,3,99.45,1,Sub-category,Economic Growth,False,Deflation,Spring,Food & Beverage
2019,Thực phẩm,3,98.03,1,Sub-category,Economic Growth,False,Deflation,Spring,Food & Beverage
2019,Đồ uống và thuốc lá,3,99.92,1,Main Category,Economic Growth,False,Deflation,Spring,General/Housing
2019,"May mặc, mũ nón, giày dép",3,99.83,1,Main Category,Economic Growth,False,Deflation,Spring,General/Housing
2019,Nhà ở và vật liệu xây dựng,3,100.78,1,Main Category,Economic Growth,False,Stable,Spring,General/Housing
2019,Thiết bị và đồ dùng gia đình,3,99.97,1,Main Category,Economic Growth,False,Deflation,Spring,General/Housing
2019,Thuốc và dịch vụ y tế,3,100.03,1,Main Category,Economic Growth,False,Stable,Spring,Healthcare
2019,Giao thông,3,102.22,1,Main Category,Economic Growth,False,High Inflation,Spring,Transport
2019,Bưu chính viễn thông,3,99.93,1,Main Category,Economic Growth,False,Deflation,Spring,General/Housing
2019,Giáo dục,3,100.01,1,Main Category,Economic Growth,False,Stable,Spring,Education
2019,"Văn hóa, giải trí và du lịch",3,99.91,1,Main Category,Economic Growth,False,Deflation,Spring,General/Housing
2019,Hàng hoá và dịch vụ khác,3,99.96,1,Main Category,Economic Growth,False,Deflation,Spring,General/Housing
2019,Chỉ số giá vàng,3,99.51,1,Main Category,Economic Growth,False,Deflation,Spring,Financial/Other
2019,Chỉ số đô la Mỹ,3,100.05,1,Main Category,Economic Growth,False,Stable,Spring,Financial/Other
2018,Chỉ số giá tiêu dùng,3,99.73,1,Total CPI,Economic Growth,False,Deflation,Spring,General/Housing
2018,Hàng ăn và dịch vụ ăn uống,3,99.38,1,Main Category,Economic Growth,False,Deflation,Spring,Food & Beverage
2018,Lương thực,3,100.35,1,Sub-category,Economic Growth,False,Stable,Spring,Food & Beverage
2018,Thực phẩm,3,98.95,1,Sub-category,Economic Growth,False,Deflation,Spring,Food & Beverage
2018,Đồ uống và thuốc lá,3,99.72,1,Main Category,Economic Growth,False,Deflation,Spring,General/Housing
2018,"May mặc, mũ nón, giày dép",3,99.83,1,Main Category,Economic Growth,False,Deflation,Spring,General/Housing
2018,Nhà ở và vật liệu xây dựng,3,99.72,1,Main Category,Economic Growth,False,Deflation,Spring,General/Housing
2018,Thiết bị và đồ dùng gia đình,3,100.02,1,Main Category,Economic Growth,False,Stable,Spring,General/Housing
2018,Thuốc và dịch vụ y tế,3,101.98,1,Main Category,Economic Growth,False,High Inflation,Spring,Healthcare
2018,Giao thông,3,99.23,1,Main Category,Economic Growth,False,Deflation,Spring,Transport
2018,Bưu chính viễn thông,3,99.96,1,Main Category,Economic Growth,False,Deflation,Spring,General/Housing
2018,Giáo dục,3,100.01,1,Main Category,Economic Growth,False,Stable,Spring,Education
2018,"Văn hóa, giải trí và du lịch",3,99.91,1,Main Category,Economic Growth,False,Deflation,Spring,General/Housing
2018,Hàng hoá và dịch vụ khác,3,99.9,1,Main Category,Economic Growth,False,Deflation,Spring,General/Housing
2018,Chỉ số giá vàng,3,99.65,1,Main Category,Economic Growth,False,Deflation,Spring,Financial/Other
2018,Chỉ số đô la Mỹ,3,100.27,1,Main Category,Economic Growth,False,Stable,Spring,Financial/Other
2017,Chỉ số giá tiêu dùng,3,100.21,1,Total CPI,Economic Growth,False,Stable,Spring,General/Housing
2017,Hàng ăn và dịch vụ ăn uống,3,99.13,1,Main Category,Economic Growth,False,Deflation,Spring,Food & Beverage
2017,Lương thực,3,100.16,1,Sub-category,Economic Growth,False,Stable,Spring,Food & Beverage
2017,Thực phẩm,3,98.78,1,Sub-category,Economic Growth,False,Deflation,Spring,Food & Beverage
2017,Đồ uống và thuốc lá,3,99.98,1,Main Category,Economic Growth,False,Deflation,Spring,General/Housing
2017,"May mặc, mũ nón, giày dép",3,99.88,1,Main Category,Economic Growth,False,Deflation,Spring,General/Housing
2017,Nhà ở và vật liệu xây dựng,3,100.5,1,Main Category,Economic Growth,False,Stable,Spring,General/Housing
2017,Thiết bị và đồ dùng gia đình,3,100.06,1,Main Category,Economic Growth,False,Stable,Spring,General/Housing
2017,Thuốc và dịch vụ y tế,3,107.51,1,Main Category,Economic Growth,False,High Inflation,Spring,Healthcare
2017,Giao thông,3,100.39,1,Main Category,Economic Growth,False,Stable,Spring,Transport
2017,Bưu chính viễn thông,3,100.03,1,Main Category,Economic Growth,False,Stable,Spring,General/Housing
2017,Giáo dục,3,100.75,1,Main Category,Economic Growth,False,Stable,Spring,Education
2017,"Văn hóa, giải trí và du lịch",3,100.04,1,Main Category,Economic Growth,False,Stable,Spring,General/Housing
2017,Hàng hoá và dịch vụ khác,3,100.06,1,Main Category,Economic Growth,False,Stable,Spring,General/Housing
2017,Chỉ số giá vàng,3,99.72,1,Main Category,Economic Growth,False,Deflation,Spring,Financial/Other
2017,Chỉ số đô la Mỹ,3,100.41,1,Main Category,Economic Growth,False,Stable,Spring,Financial/Other
2016,Chỉ số giá tiêu dùng,3,100.57,1,Total CPI,Economic Growth,False,Stable,Spring,General/Housing
2016,Hàng ăn và dịch vụ ăn uống,3,99.52,1,Main Category,Economic Growth,False,Deflation,Spring,Food & Beverage
2016,Lương thực,3,100.23,1,Sub-category,Economic Growth,False,Stable,Spring,Food & Beverage
2016,Thực phẩm,3,99.33,1,Sub-category,Economic Growth,False,Deflation,Spring,Food & Beverage
2016,Đồ uống và thuốc lá,3,99.46,1,Main Category,Economic Growth,False,Deflation,Spring,General/Housing
2016,"May mặc, mũ nón, giày dép",3,99.83,1,Main Category,Economic Growth,False,Deflation,Spring,General/Housing
2016,Nhà ở và vật liệu xây dựng,3,99.99,1,Main Category,Economic Growth,False,Deflation,Spring,General/Housing
2016,Thiết bị và đồ dùng gia đình,3,99.99,1,Main Category,Economic Growth,False,Deflation,Spring,General/Housing
2016,Thuốc và dịch vụ y tế,3,124.34,1,Main Category,Economic Growth,False,High Inflation,Spring,Healthcare
2016,Giao thông,3,96.36,1,Main Category,Economic Growth,False,Deflation,Spring,Transport
2016,Bưu chính viễn thông,3,99.9,1,Main Category,Economic Growth,False,Deflation,Spring,General/Housing
2016,Giáo dục,3,100.66,1,Main Category,Economic Growth,False,Stable,Spring,Education
2016,"Văn hóa, giải trí và du lịch",3,99.9,1,Main Category,Economic Growth,False,Deflation,Spring,General/Housing
2016,Hàng hoá và dịch vụ khác,3,99.77,1,Main Category,Economic Growth,False,Deflation,Spring,General/Housing
2016,Chỉ số giá vàng,3,104.87,1,Main Category,Economic Growth,False,High Inflation,Spring,Financial/Other
2016,Chỉ số đô la Mỹ,3,99.62,1,Main Category,Economic Growth,False,Deflation,Spring,Financial/Other
2015,Chỉ số giá tiêu dùng,3,100.15,1,Total CPI,Economic Growth,False,Stable,Spring,General/Housing
2015,Hàng ăn và dịch vụ ăn uống,3,100.36,1,Main Category,Economic Growth,False,Stable,Spring,Food & Beverage
2015,Lương thực,3,99.76,1,Sub-category,Economic Growth,False,Deflation,Spring,Food & Beverage
2015,Thực phẩm,3,100.31,1,Sub-category,Economic Growth,False,Stable,Spring,Food & Beverage
2015,Đồ uống và thuốc lá,3,99.89,1,Main Category,Economic Growth,False,Deflation,Spring,General/Housing
2015,"May mặc, mũ nón, giày dép",3,99.96,1,Main Category,Economic Growth,False,Deflation,Spring,General/Housing
2015,Nhà ở và vật liệu xây dựng,3,100.16,1,Main Category,Economic Growth,False,Stable,Spring,General/Housing
2015,Thiết bị và đồ dùng gia đình,3,100.09,1,Main Category,Economic Growth,False,Stable,Spring,General/Housing
2015,Thuốc và dịch vụ y tế,3,100.04,1,Main Category,Economic Growth,False,Stable,Spring,Healthcare
2015,Giao thông,3,99.69,1,Main Category,Economic Growth,False,Deflation,Spring,Transport
2015,Bưu chính viễn thông,3,99.98,1,Main Category,Economic Growth,False,Deflation,Spring,General/Housing
2015,Giáo dục,3,100.01,1,Main Category,Economic Growth,False,Stable,Spring,Education
2015,"Văn hóa, giải trí và du lịch",3,100.18,1,Main Category,Economic Growth,False,Stable,Spring,General/Housing
2015,Hàng hoá và dịch vụ khác,3,99.99,1,Main Category,Economic Growth,False,Deflation,Spring,General/Housing
2015,Chỉ số giá vàng,3,98.37,1,Main Category,Economic Growth,False,Deflation,Spring,Financial/Other
2015,Chỉ số đô la Mỹ,3,100.16,1,Main Category,Economic Growth,False,Stable,Spring,Financial/Other
2014,Chỉ số giá tiêu dùng,3,99.56,1,Total CPI,Economic Growth,False,Deflation,Spring,General/Housing
2014,Hàng ăn và dịch vụ ăn uống,3,99.04,1,Main Category,Economic Growth,False,Deflation,Spring,Food & Beverage
2014,Lương thực,3,99.87,1,Sub-category,Economic Growth,False,Deflation,Spring,Food & Beverage
2014,Thực phẩm,3,98.46,1,Sub-category,Economic Growth,False,Deflation,Spring,Food & Beverage
2014,Đồ uống và thuốc lá,3,100.24,1,Main Category,Economic Growth,False,Stable,Spring,General/Housing
2014,"May mặc, mũ nón, giày dép",3,100.05,1,Main Category,Economic Growth,False,Stable,Spring,General/Housing
2014,Nhà ở và vật liệu xây dựng,3,99.26,1,Main Category,Economic Growth,False,Deflation,Spring,General/Housing
2014,Thiết bị và đồ dùng gia đình,3,100.16,1,Main Category,Economic Growth,False,Stable,Spring,General/Housing
2014,Thuốc và dịch vụ y tế,3,100.07,1,Main Category,Economic Growth,False,Stable,Spring,Healthcare
2014,Giao thông,3,99.97,1,Main Category,Economic Growth,False,Deflation,Spring,Transport
2014,Bưu chính viễn thông,3,99.97,1,Main Category,Economic Growth,False,Deflation,Spring,General/Housing
2014,Giáo dục,3,100.03,1,Main Category,Economic Growth,False,Stable,Spring,Education
2014,"Văn hóa, giải trí và du lịch",3,100.1,1,Main Category,Economic Growth,False,Stable,Spring,General/Housing
2014,Hàng hoá và dịch vụ khác,3,100.23,1,Main Category,Economic Growth,False,Stable,Spring,General/Housing
2014,Chỉ số giá vàng,3,103.31,1,Main Category,Economic Growth,False,High Inflation,Spring,Financial/Other
2014,Chỉ số đô la Mỹ,3,100.02,1,Main Category,Economic Growth,False,Stable,Spring,Financial/Other
2013,Chỉ số giá tiêu dùng,3,99.81,1,Total CPI,Economic Growth,False,Deflation,Spring,General/Housing
2013,Hàng ăn và dịch vụ ăn uống,3,99.47,1,Main Category,Economic Growth,False,Deflation,Spring,Food & Beverage
2013,Lương thực,3,99.41,1,Sub-category,Economic Growth,False,Deflation,Spring,Food & Beverage
2013,Thực phẩm,3,99.05,1,Sub-category,Economic Growth,False,Deflation,Spring,Food & Beverage
2013,Đồ uống và thuốc lá,3,99.92,1,Main Category,Economic Growth,False,Deflation,Spring,General/Housing
2013,"May mặc, mũ nón, giày dép",3,100.18,1,Main Category,Economic Growth,False,Stable,Spring,General/Housing
2013,Nhà ở và vật liệu xây dựng,3,100.09,1,Main Category,Economic Growth,False,Stable,Spring,General/Housing
2013,Thiết bị và đồ dùng gia đình,3,100.23,1,Main Category,Economic Growth,False,Stable,Spring,General/Housing
2013,Thuốc và dịch vụ y tế,3,100.07,1,Main Category,Economic Growth,False,Stable,Spring,Healthcare
2013,Giao thông,3,99.75,1,Main Category,Economic Growth,False,Deflation,Spring,Transport
2013,Bưu chính viễn thông,3,99.95,1,Main Category,Economic Growth,False,Deflation,Spring,General/Housing
2013,Giáo dục,3,100.04,1,Main Category,Economic Growth,False,Stable,Spring,Education
2013,"Văn hóa, giải trí và du lịch",3,100.25,1,Main Category,Economic Growth,False,Stable,Spring,General/Housing
2013,Hàng hoá và dịch vụ khác,3,100.16,1,Main Category,Economic Growth,False,Stable,Spring,General/Housing
2013,Chỉ số giá vàng,3,97.27,1,Main Category,Economic Growth,False,Deflation,Spring,Financial/Other
2013,Chỉ số đô la Mỹ,3,100.41,1,Main Category,Economic Growth,False,Stable,Spring,Financial/Other
2012,Chỉ số giá tiêu dùng,3,100.16,1,Total CPI,Economic Growth,False,Stable,Spring,General/Housing
2012,Hàng ăn và dịch vụ ăn uống,3,99.17,1,Main Category,Economic Growth,False,Deflation,Spring,Food & Beverage
2012,Lương thực,3,98.79,1,Sub-category,Economic Growth,False,Deflation,Spring,Food & Beverage
2012,Thực phẩm,3,98.75,1,Sub-category,Economic Growth,False,Deflation,Spring,Food & Beverage
2012,Đồ uống và thuốc lá,3,100.16,1,Main Category,Economic Growth,False,Stable,Spring,General/Housing
2012,"May mặc, mũ nón, giày dép",3,100.41,1,Main Category,Economic Growth,False,Stable,Spring,General/Housing
2012,Nhà ở và vật liệu xây dựng,3,102.31,1,Main Category,Economic Growth,False,High Inflation,Spring,General/Housing
2012,Thiết bị và đồ dùng gia đình,3,100.55,1,Main Category,Economic Growth,False,Stable,Spring,General/Housing
2012,Thuốc và dịch vụ y tế,3,100.48,1,Main Category,Economic Growth,False,Stable,Spring,Healthcare
2012,Giao thông,3,101.08,1,Main Category,Economic Growth,False,High Inflation,Spring,Transport
2012,Bưu chính viễn thông,3,99.98,1,Main Category,Economic Growth,False,Deflation,Spring,General/Housing
2012,Giáo dục,3,101.11,1,Main Category,Economic Growth,False,High Inflation,Spring,Education
2012,"Văn hóa, giải trí và du lịch",3,100.36,1,Main Category,Economic Growth,False,Stable,Spring,General/Housing
2012,Hàng hoá và dịch vụ khác,3,100.44,1,Main Category,Economic Growth,False,Stable,Spring,General/Housing
2012,Chỉ số giá vàng,3,99.56,1,Main Category,Economic Growth,False,Deflation,Spring,Financial/Other
2012,Chỉ số đô la Mỹ,3,99.37,1,Main Category,Economic Growth,False,Deflation,Spring,Financial/Other
2011,Chỉ số giá tiêu dùng,3,102.17,1,Total CPI,Post-Crisis Volatility,False,High Inflation,Spring,General/Housing
2011,Hàng ăn và dịch vụ ăn uống,3,101.98,1,Main Category,Post-Crisis Volatility,False,High Inflation,Spring,Food & Beverage
2011,Lương thực,3,102.18,1,Sub-category,Post-Crisis Volatility,False,High Inflation,Spring,Food & Beverage
2011,Thực phẩm,3,101.57,1,Sub-category,Post-Crisis Volatility,False,High Inflation,Spring,Food & Beverage
2011,Đồ uống và thuốc lá,3,100.88,1,Main Category,Post-Crisis Volatility,False,Stable,Spring,General/Housing
2011,"May mặc, mũ nón, giày dép",3,101.0,1,Main Category,Post-Crisis Volatility,False,Stable,Spring,General/Housing
2011,Nhà ở và vật liệu xây dựng,3,103.67,1,Main Category,Post-Crisis Volatility,False,High Inflation,Spring,General/Housing
2011,Thiết bị và đồ dùng gia đình,3,101.22,1,Main Category,Post-Crisis Volatility,False,High Inflation,Spring,General/Housing
2011,Thuốc và dịch vụ y tế,3,100.71,1,Main Category,Post-Crisis Volatility,False,Stable,Spring,Healthcare
2011,Giao thông,3,106.69,1,Main Category,Post-Crisis Volatility,False,High Inflation,Spring,Transport
2011,Bưu chính viễn thông,3,100.02,1,Main Category,Post-Crisis Volatility,False,Stable,Spring,General/Housing
2011,Giáo dục,3,100.9,1,Main Category,Post-Crisis Volatility,False,Stable,Spring,Education
2011,"Văn hóa, giải trí và du lịch",3,100.98,1,Main Category,Post-Crisis Volatility,False,Stable,Spring,General/Housing
2011,Hàng hoá và dịch vụ khác,3,101.39,1,Main Category,Post-Crisis Volatility,False,High Inflation,Spring,General/Housing
2011,Chỉ số giá vàng,3,105.0,1,Main Category,Post-Crisis Volatility,False,High Inflation,Spring,Financial/Other
2011,Chỉ số đô la Mỹ,3,103.06,1,Main Category,Post-Crisis Volatility,False,High Inflation,Spring,Financial/Other
2010,Chỉ số giá tiêu dùng,3,100.75,1,Total CPI,Post-Crisis Volatility,False,Stable,Spring,General/Housing
2010,Hàng ăn và dịch vụ ăn uống,3,101.03,1,Main Category,Post-Crisis Volatility,False,High Inflation,Spring,Food & Beverage
2010,Lương thực,3,99.1,1,Sub-category,Post-Crisis Volatility,False,Deflation,Spring,Food & Beverage
2010,Thực phẩm,3,101.5,1,Sub-category,Post-Crisis Volatility,False,High Inflation,Spring,Food & Beverage
2010,Đồ uống và thuốc lá,3,100.16,1,Main Category,Post-Crisis Volatility,False,Stable,Spring,General/Housing
2010,"May mặc, mũ nón, giày dép",3,100.15,1,Main Category,Post-Crisis Volatility,False,Stable,Spring,General/Housing
2010,Nhà ở và vật liệu xây dựng,3,101.38,1,Main Category,Post-Crisis Volatility,False,High Inflation,Spring,General/Housing
2010,Thiết bị và đồ dùng gia đình,3,100.39,1,Main Category,Post-Crisis Volatility,False,Stable,Spring,General/Housing
2010,Thuốc và dịch vụ y tế,3,100.34,1,Main Category,Post-Crisis Volatility,False,Stable,Spring,Healthcare
2010,Giao thông,3,100.92,1,Main Category,Post-Crisis Volatility,False,Stable,Spring,Transport
2010,Bưu chính viễn thông,3,99.8,1,Main Category,Post-Crisis Volatility,False,Deflation,Spring,General/Housing
2010,Giáo dục,3,100.18,1,Main Category,Post-Crisis Volatility,False,Stable,Spring,Education
2010,"Văn hóa, giải trí và du lịch",3,100.5,1,Main Category,Post-Crisis Volatility,False,Stable,Spring,General/Housing
2010,Hàng hoá và dịch vụ khác,3,100.56,1,Main Category,Post-Crisis Volatility,False,Stable,Spring,General/Housing
2010,Chỉ số giá vàng,3,101.21,1,Main Category,Post-Crisis Volatility,False,High Inflation,Spring,Financial/Other
2010,Chỉ số đô la Mỹ,3,101.28,1,Main Category,Post-Crisis Volatility,False,High Inflation,Spring,Financial/Other
2009,Chỉ số giá tiêu dùng,3,99.83,1,Total CPI,Post-Crisis Volatility,False,Deflation,Spring,General/Housing
2009,Hàng ăn và dịch vụ ăn uống,3,99.54,1,Main Category,Post-Crisis Volatility,False,Deflation,Spring,Food & Beverage
2009,Lương thực,3,101.27,1,Sub-category,Post-Crisis Volatility,False,High Inflation,Spring,Food & Beverage
2009,Thực phẩm,3,98.45,1,Sub-category,Post-Crisis Volatility,False,Deflation,Spring,Food & Beverage
2009,Đồ uống và thuốc lá,3,100.35,1,Main Category,Post-Crisis Volatility,False,Stable,Spring,General/Housing
2009,"May mặc, mũ nón, giày dép",3,100.19,1,Main Category,Post-Crisis Volatility,False,Stable,Spring,General/Housing
2009,Nhà ở và vật liệu xây dựng,3,100.3,1,Main Category,Post-Crisis Volatility,False,Stable,Spring,General/Housing
2009,Thiết bị và đồ dùng gia đình,3,100.34,1,Main Category,Post-Crisis Volatility,False,Stable,Spring,General/Housing
2009,Thuốc và dịch vụ y tế,3,100.29,1,Main Category,Post-Crisis Volatility,False,Stable,Spring,Healthcare
2009,"Phương tiện đi lại, bưu điện",3,99.45,1,Sub-category,Post-Crisis Volatility,False,Deflation,Spring,Transport
2009,Giáo dục,3,100.09,1,Main Category,Post-Crisis Volatility,False,Stable,Spring,Education
2009,"Văn hóa, giải trí và du lịch",3,99.88,1,Main Category,Post-Crisis Volatility,False,Deflation,Spring,General/Housing
2009,Hàng hoá và dịch vụ khác,3,100.26,1,Main Category,Post-Crisis Volatility,False,Stable,Spring,General/Housing
2009,Chỉ số giá vàng,3,105.44,1,Main Category,Post-Crisis Volatility,False,High Inflation,Spring,Financial/Other
2009,Chỉ số đô la Mỹ,3,100.19,1,Main Category,Post-Crisis Volatility,False,Stable,Spring,Financial/Other
2008,Chỉ số giá tiêu dùng,3,102.99,1,Total CPI,2008 Crisis,False,High Inflation,Spring,General/Housing
2008,Hàng ăn và dịch vụ ăn uống,3,103.88,1,Main Category,2008 Crisis,False,High Inflation,Spring,Food & Beverage
2008,Lương thực,3,110.5,1,Sub-category,2008 Crisis,False,High Inflation,Spring,Food & Beverage
2008,Thực phẩm,3,101.36,1,Sub-category,2008 Crisis,False,High Inflation,Spring,Food & Beverage
2008,Đồ uống và thuốc lá,3,100.66,1,Main Category,2008 Crisis,False,Stable,Spring,General/Housing
2008,"May mặc, mũ nón, giày dép",3,100.89,1,Main Category,2008 Crisis,False,Stable,Spring,General/Housing
2008,Nhà ở và vật liệu xây dựng,3,103.55,1,Main Category,2008 Crisis,False,High Inflation,Spring,General/Housing
2008,Thiết bị và đồ dùng gia đình,3,101.51,1,Main Category,2008 Crisis,False,High Inflation,Spring,General/Housing
2008,Thuốc và dịch vụ y tế,3,100.73,1,Main Category,2008 Crisis,False,Stable,Spring,Healthcare
2008,"Phương tiện đi lại, bưu điện",3,105.76,1,Sub-category,2008 Crisis,False,High Inflation,Spring,Transport
2008,Giáo dục,3,100.3,1,Main Category,2008 Crisis,False,Stable,Spring,Education
2008,"Văn hóa, giải trí và du lịch",3,101.29,1,Main Category,2008 Crisis,False,High Inflation,Spring,General/Housing
2008,Hàng hoá và dịch vụ khác,3,100.1,1,Main Category,2008 Crisis,False,Stable,Spring,General/Housing
2008,Chỉ số giá vàng,3,106.45,1,Main Category,2008 Crisis,False,High Inflation,Spring,Financial/Other
2008,Chỉ số đô la Mỹ,3,98.49,1,Main Category,2008 Crisis,False,Deflation,Spring,Financial/Other
2007,Chỉ số giá tiêu dùng,3,99.78,1,Total CPI,Stability,False,Deflation,Spring,General/Housing
2007,Hàng ăn và dịch vụ ăn uống,3,99.58,1,Main Category,Stability,False,Deflation,Spring,Food & Beverage
2007,Lương thực,3,99.95,1,Sub-category,Stability,False,Deflation,Spring,Food & Beverage
2007,Thực phẩm,3,99.39,1,Sub-category,Stability,False,Deflation,Spring,Food & Beverage
2007,Đồ uống và thuốc lá,3,99.28,1,Main Category,Stability,False,Deflation,Spring,General/Housing
2007,"May mặc, mũ nón, giày dép",3,99.75,1,Main Category,Stability,False,Deflation,Spring,General/Housing
2007,Nhà ở và vật liệu xây dựng,3,99.9,1,Main Category,Stability,False,Deflation,Spring,General/Housing
2007,Thiết bị và đồ dùng gia đình,3,100.14,1,Main Category,Stability,False,Stable,Spring,General/Housing
2007,Thuốc và dịch vụ y tế,3,100.29,1,Main Category,Stability,False,Stable,Spring,Healthcare
2007,"Phương tiện đi lại, bưu điện",3,100.57,1,Sub-category,Stability,False,Stable,Spring,Transport
2007,Giáo dục,3,100.06,1,Main Category,Stability,False,Stable,Spring,Education
2007,"Văn hóa, giải trí và du lịch",3,98.84,1,Main Category,Stability,False,Deflation,Spring,General/Housing
2007,Hàng hoá và dịch vụ khác,3,99.45,1,Main Category,Stability,False,Deflation,Spring,General/Housing
2007,Chỉ số giá vàng,3,102.59,1,Main Category,Stability,False,High Inflation,Spring,Financial/Other
2007,Chỉ số đô la Mỹ,3,99.9,1,Main Category,Stability,False,Deflation,Spring,Financial/Other
2006,Chỉ số giá tiêu dùng,3,99.5,1,Total CPI,Stability,False,Deflation,Spring,General/Housing
2006,Hàng ăn và dịch vụ ăn uống,3,99.1,1,Main Category,Stability,False,Deflation,Spring,Food & Beverage
2006,Lương thực,3,100.2,1,Sub-category,Stability,False,Stable,Spring,Food & Beverage
2006,Thực phẩm,3,98.9,1,Sub-category,Stability,False,Deflation,Spring,Food & Beverage
2006,Đồ uống và thuốc lá,3,99.5,1,Main Category,Stability,False,Deflation,Spring,General/Housing
2006,"May mặc, mũ nón, giày dép",3,100.3,1,Main Category,Stability,False,Stable,Spring,General/Housing
2006,Nhà ở và vật liệu xây dựng,3,100.1,1,Main Category,Stability,False,Stable,Spring,General/Housing
2006,Thiết bị và đồ dùng gia đình,3,100.4,1,Main Category,Stability,False,Stable,Spring,General/Housing
2006,Thuốc và dịch vụ y tế,3,100.5,1,Main Category,Stability,False,Stable,Spring,Healthcare
2006,"Phương tiện đi lại, bưu điện",3,99.4,1,Sub-category,Stability,False,Deflation,Spring,Transport
2006,Giáo dục,3,100.1,1,Main Category,Stability,False,Stable,Spring,Education
2006,"Văn hóa, giải trí và du lịch",3,99.3,1,Main Category,Stability,False,Deflation,Spring,General/Housing
2006,Hàng hoá và dịch vụ khác,3,99.6,1,Main Category,Stability,False,Deflation,Spring,General/Housing
2006,Chỉ số giá vàng,3,101.8,1,Main Category,Stability,False,High Inflation,Spring,Financial/Other
2006,Chỉ số đô la Mỹ,3,99.9,1,Main Category,Stability,False,Deflation,Spring,Financial/Other
2005,Chỉ số giá tiêu dùng,3,100.1,1,Total CPI,Stability,False,Stable,Spring,General/Housing
2005,Hàng ăn và dịch vụ ăn uống,3,100.2,1,Main Category,Stability,False,Stable,Spring,Food & Beverage
2005,Lương thực,3,101.0,1,Sub-category,Stability,False,Stable,Spring,Food & Beverage
2005,Thực phẩm,3,100.0,1,Sub-category,Stability,False,Stable,Spring,Food & Beverage
2005,Đồ uống và thuốc lá,3,99.8,1,Main Category,Stability,False,Deflation,Spring,General/Housing
2005,"May mặc, mũ nón, giày dép",3,99.8,1,Main Category,Stability,False,Deflation,Spring,General/Housing
2005,Nhà ở và vật liệu xây dựng,3,100.4,1,Main Category,Stability,False,Stable,Spring,General/Housing
2005,Thiết bị và đồ dùng gia đình,3,100.2,1,Main Category,Stability,False,Stable,Spring,General/Housing
2005,Thuốc và dịch vụ y tế,3,100.3,1,Main Category,Stability,False,Stable,Spring,Healthcare
2005,"Phương tiện đi lại, bưu điện",3,99.7,1,Sub-category,Stability,False,Deflation,Spring,Transport
2005,Giáo dục,3,100.1,1,Main Category,Stability,False,Stable,Spring,Education
2005,"Văn hóa, giải trí và du lịch",3,99.4,1,Main Category,Stability,False,Deflation,Spring,General/Housing
2005,Hàng hoá và dịch vụ khác,3,99.5,1,Main Category,Stability,False,Deflation,Spring,General/Housing
2005,Chỉ số giá vàng,3,102.0,1,Main Category,Stability,False,High Inflation,Spring,Financial/Other
2005,Chỉ số đô la Mỹ,3,100.0,1,Main Category,Stability,False,Stable,Spring,Financial/Other
2004,Chỉ số giá tiêu dùng,3,100.8,1,Total CPI,Stability,False,Stable,Spring,General/Housing
2004,Hàng ăn và dịch vụ ăn uống,3,101.6,1,Main Category,Stability,False,High Inflation,Spring,Food & Beverage
2004,Lương thực,3,102.8,1,Sub-category,Stability,False,High Inflation,Spring,Food & Beverage
2004,Thực phẩm,3,101.3,1,Sub-category,Stability,False,High Inflation,Spring,Food & Beverage
2004,Đồ uống và thuốc lá,3,98.3,1,Main Category,Stability,False,Deflation,Spring,General/Housing
2004,"May mặc, mũ nón, giày dép",3,100.5,1,Main Category,Stability,False,Stable,Spring,General/Housing
2004,Nhà ở và vật liệu xây dựng,3,102.1,1,Main Category,Stability,False,High Inflation,Spring,General/Housing
2004,Thiết bị và đồ dùng gia đình,3,99.7,1,Main Category,Stability,False,Deflation,Spring,General/Housing
2004,Thuốc và dịch vụ y tế,3,103.1,1,Main Category,Stability,False,High Inflation,Spring,Healthcare
2004,"Phương tiện đi lại, bưu điện",3,99.9,1,Sub-category,Stability,False,Deflation,Spring,Transport
2004,Giáo dục,3,96.6,1,Main Category,Stability,False,Deflation,Spring,Education
2004,"Văn hóa, giải trí và du lịch",3,100.8,1,Main Category,Stability,False,Stable,Spring,General/Housing
2004,Hàng hoá và dịch vụ khác,3,99.0,1,Main Category,Stability,False,Deflation,Spring,General/Housing
2004,Chỉ số giá vàng,3,100.2,1,Main Category,Stability,False,Stable,Spring,Financial/Other
2004,Chỉ số đô la Mỹ,3,100.5,1,Main Category,Stability,False,Stable,Spring,Financial/Other
2003,Chỉ số giá tiêu dùng,3,99.4,1,Total CPI,Stability,False,Deflation,Spring,General/Housing
2003,Hàng ăn và dịch vụ ăn uống,3,98.1,1,Main Category,Stability,False,Deflation,Spring,Food & Beverage
2003,Lương thực,3,99.1,1,Sub-category,Stability,False,Deflation,Spring,Food & Beverage
2003,Thực phẩm,3,97.6,1,Sub-category,Stability,False,Deflation,Spring,Food & Beverage
2003,Đồ uống và thuốc lá,3,99.4,1,Main Category,Stability,False,Deflation,Spring,General/Housing
2003,"May mặc, mũ nón, giày dép",3,99.8,1,Main Category,Stability,False,Deflation,Spring,General/Housing
2003,Nhà ở và vật liệu xây dựng,3,101.9,1,Main Category,Stability,False,High Inflation,Spring,General/Housing
2003,Thiết bị và đồ dùng gia đình,3,100.2,1,Main Category,Stability,False,Stable,Spring,General/Housing
2003,Thuốc và dịch vụ y tế,3,108.1,1,Main Category,Stability,False,High Inflation,Spring,Healthcare
2003,"Phương tiện đi lại, bưu điện",3,100.7,1,Sub-category,Stability,False,Stable,Spring,Transport
2003,Giáo dục,3,100.0,1,Main Category,Stability,False,Stable,Spring,Education
2003,"Văn hóa, giải trí và du lịch",3,98.6,1,Main Category,Stability,False,Deflation,Spring,General/Housing
2003,Hàng hoá và dịch vụ khác,3,98.9,1,Main Category,Stability,False,Deflation,Spring,General/Housing
2003,Chỉ số giá vàng,3,98.8,1,Main Category,Stability,False,Deflation,Spring,Financial/Other
2003,Chỉ số đô la Mỹ,3,100.0,1,Main Category,Stability,False,Stable,Spring,Financial/Other
2002,Chỉ số giá tiêu dùng,3,99.2,1,Total CPI,Stability,False,Deflation,Spring,General/Housing
2002,Hàng ăn và dịch vụ ăn uống,3,98.9,1,Main Category,Stability,False,Deflation,Spring,Food & Beverage
2002,Lương thực,3,98.9,1,Sub-category,Stability,False,Deflation,Spring,Food & Beverage
2002,Thực phẩm,3,99.3,1,Sub-category,Stability,False,Deflation,Spring,Food & Beverage
2002,Đồ uống và thuốc lá,3,99.2,1,Main Category,Stability,False,Deflation,Spring,General/Housing
2002,"May mặc, mũ nón, giày dép",3,99.7,1,Main Category,Stability,False,Deflation,Spring,General/Housing
2002,Nhà ở và vật liệu xây dựng,3,99.8,1,Main Category,Stability,False,Deflation,Spring,General/Housing
2002,Thiết bị và đồ dùng gia đình,3,99.7,1,Main Category,Stability,False,Deflation,Spring,General/Housing
2002,Thuốc và dịch vụ y tế,3,99.9,1,Main Category,Stability,False,Deflation,Spring,Healthcare
2002,"Phương tiện đi lại, bưu điện",3,99.1,1,Sub-category,Stability,False,Deflation,Spring,Transport
2002,Giáo dục,3,98.8,1,Main Category,Stability,False,Deflation,Spring,Education
2002,"Văn hóa, giải trí và du lịch",3,98.8,1,Main Category,Stability,False,Deflation,Spring,General/Housing
2002,Hàng hoá và dịch vụ khác,3,99.0,1,Main Category,Stability,False,Deflation,Spring,General/Housing
2002,Chỉ số giá vàng,3,101.8,1,Main Category,Stability,False,High Inflation,Spring,Financial/Other
2002,Chỉ số đô la Mỹ,3,100.2,1,Main Category,Stability,False,Stable,Spring,Financial/Other
2024,Chỉ số giá tiêu dùng,4,100.07,2,Total CPI,Recovery,False,Stable,Spring,General/Housing
2024,Hàng ăn và dịch vụ ăn uống,4,99.87,2,Main Category,Recovery,False,Deflation,Spring,Food & Beverage
2024,Lương thực,4,99.37,2,Sub-category,Recovery,False,Deflation,Spring,Food & Beverage
2024,Thực phẩm,4,99.82,2,Sub-category,Recovery,False,Deflation,Spring,Food & Beverage
2024,Ăn uống ngoài gia đình,4,100.21,2,Sub-category,Recovery,False,Stable,Spring,General/Housing
2024,Đồ uống và thuốc lá,4,100.09,2,Main Category,Recovery,False,Stable,Spring,General/Housing
2024,"May mặc, mũ nón, giày dép",4,100.12,2,Main Category,Recovery,False,Stable,Spring,General/Housing
2024,Nhà ở và vật liệu xây dựng,4,100.21,2,Main Category,Recovery,False,Stable,Spring,General/Housing
2024,Thiết bị và đồ dùng gia đình,4,100.11,2,Main Category,Recovery,False,Stable,Spring,General/Housing
2024,Thuốc và dịch vụ y tế,4,100.92,2,Main Category,Recovery,False,Stable,Spring,Healthcare
2024,Trong đó: Dịch vụ y tế,4,101.19,2,Sub-category,Recovery,False,High Inflation,Spring,Healthcare
2024,Giao thông,4,101.95,2,Main Category,Recovery,False,High Inflation,Spring,Transport
2024,Bưu chính viễn thông,4,99.83,2,Main Category,Recovery,False,Deflation,Spring,General/Housing
2024,Giáo dục,4,97.07,2,Main Category,Recovery,False,Deflation,Spring,Education
2024,Trong đó: Dịch vụ giáo dục,4,96.68,2,Sub-category,Recovery,False,Deflation,Spring,General/Housing
2024,"Văn hóa, giải trí và du lịch",4,100.03,2,Main Category,Recovery,False,Stable,Spring,General/Housing
2024,Hàng hoá và dịch vụ khác,4,100.27,2,Main Category,Recovery,False,Stable,Spring,General/Housing
2024,Chỉ số giá vàng,4,106.95,2,Main Category,Recovery,False,High Inflation,Spring,Financial/Other
2024,Chỉ số đô la Mỹ,4,101.2,2,Main Category,Recovery,False,High Inflation,Spring,Financial/Other
2023,Chỉ số giá tiêu dùng,4,99.66,2,Total CPI,Recovery,False,Deflation,Spring,General/Housing
2023,Hàng ăn và dịch vụ ăn uống,4,99.62,2,Main Category,Recovery,False,Deflation,Spring,Food & Beverage
2023,Lương thực,4,100.3,2,Sub-category,Recovery,False,Stable,Spring,Food & Beverage
2023,Thực phẩm,4,99.29,2,Sub-category,Recovery,False,Deflation,Spring,Food & Beverage
2023,Ăn uống ngoài gia đình,4,100.13,2,Sub-category,Recovery,False,Stable,Spring,General/Housing
2023,Đồ uống và thuốc lá,4,100.12,2,Main Category,Recovery,False,Stable,Spring,General/Housing
2023,"May mặc, mũ nón, giày dép",4,99.92,2,Main Category,Recovery,False,Deflation,Spring,General/Housing
2023,Nhà ở và vật liệu xây dựng,4,99.17,2,Main Category,Recovery,False,Deflation,Spring,General/Housing
2023,Thiết bị và đồ dùng gia đình,4,99.92,2,Main Category,Recovery,False,Deflation,Spring,General/Housing
2023,Thuốc và dịch vụ y tế,4,100.02,2,Main Category,Recovery,False,Stable,Spring,Healthcare
2023,Trong đó: Dịch vụ y tế,4,100.0,2,Sub-category,Recovery,False,Stable,Spring,Healthcare
2023,Giao thông,4,100.43,2,Main Category,Recovery,False,Stable,Spring,Transport
2023,Bưu chính viễn thông,4,99.86,2,Main Category,Recovery,False,Deflation,Spring,General/Housing
2023,Giáo dục,4,98.7,2,Main Category,Recovery,False,Deflation,Spring,Education
2023,Trong đó: Dịch vụ giáo dục,4,98.51,2,Sub-category,Recovery,False,Deflation,Spring,General/Housing
2023,"Văn hóa, giải trí và du lịch",4,99.55,2,Main Category,Recovery,False,Deflation,Spring,General/Housing
2023,Hàng hoá và dịch vụ khác,4,100.35,2,Main Category,Recovery,False,Stable,Spring,General/Housing
2023,Chỉ số giá vàng,4,102.04,2,Main Category,Recovery,False,High Inflation,Spring,Financial/Other
2023,Chỉ số đô la Mỹ,4,99.11,2,Main Category,Recovery,False,Deflation,Spring,Financial/Other
2022,Chỉ số giá tiêu dùng,4,100.18,2,Total CPI,COVID-19,False,Stable,Spring,General/Housing
2022,Hàng ăn và dịch vụ ăn uống,4,99.95,2,Main Category,COVID-19,False,Deflation,Spring,Food & Beverage
2022,Lương thực,4,100.21,2,Sub-category,COVID-19,False,Stable,Spring,Food & Beverage
2022,Thực phẩm,4,99.68,2,Sub-category,COVID-19,False,Deflation,Spring,Food & Beverage
2022,Ăn uống ngoài gia đình,4,100.51,2,Sub-category,COVID-19,False,Stable,Spring,General/Housing
2022,Đồ uống và thuốc lá,4,100.22,2,Main Category,COVID-19,False,Stable,Spring,General/Housing
2022,"May mặc, mũ nón, giày dép",4,100.12,2,Main Category,COVID-19,False,Stable,Spring,General/Housing
2022,Nhà ở và vật liệu xây dựng,4,100.58,2,Main Category,COVID-19,False,Stable,Spring,General/Housing
2022,Thiết bị và đồ dùng gia đình,4,100.32,2,Main Category,COVID-19,False,Stable,Spring,General/Housing
2022,Thuốc và dịch vụ y tế,4,100.03,2,Main Category,COVID-19,False,Stable,Spring,Healthcare
2022,Trong đó: Dịch vụ y tế,4,100.0,2,Sub-category,COVID-19,False,Stable,Spring,Healthcare
2022,Giao thông,4,99.41,2,Main Category,COVID-19,False,Deflation,Spring,Transport
2022,Bưu chính viễn thông,4,99.88,2,Main Category,COVID-19,False,Deflation,Spring,General/Housing
2022,Giáo dục,4,100.96,2,Main Category,COVID-19,False,Stable,Spring,Education
2022,Trong đó: Dịch vụ giáo dục,4,101.07,2,Sub-category,COVID-19,False,High Inflation,Spring,General/Housing
2022,"Văn hóa, giải trí và du lịch",4,101.16,2,Main Category,COVID-19,False,High Inflation,Spring,General/Housing
2022,Hàng hoá và dịch vụ khác,4,100.18,2,Main Category,COVID-19,False,Stable,Spring,General/Housing
2022,Chỉ số giá vàng,4,100.73,2,Main Category,COVID-19,False,Stable,Spring,Financial/Other
2022,Chỉ số đô la Mỹ,4,100.07,2,Main Category,COVID-19,False,Stable,Spring,Financial/Other
2021,Chỉ số giá tiêu dùng,4,99.96,2,Total CPI,COVID-19,False,Deflation,Spring,General/Housing
2021,Hàng ăn và dịch vụ ăn uống,4,99.87,2,Main Category,COVID-19,False,Deflation,Spring,Food & Beverage
2021,Lương thực,4,99.99,2,Sub-category,COVID-19,False,Deflation,Spring,Food & Beverage
2021,Thực phẩm,4,99.75,2,Sub-category,COVID-19,False,Deflation,Spring,Food & Beverage
2021,Ăn uống ngoài gia đình,4,100.14,2,Sub-category,COVID-19,False,Stable,Spring,General/Housing
2021,Đồ uống và thuốc lá,4,100.14,2,Main Category,COVID-19,False,Stable,Spring,General/Housing
2021,"May mặc, mũ nón, giày dép",4,100.0,2,Main Category,COVID-19,False,Stable,Spring,General/Housing
2021,Nhà ở và vật liệu xây dựng,4,99.57,2,Main Category,COVID-19,False,Deflation,Spring,General/Housing
2021,Thiết bị và đồ dùng gia đình,4,100.11,2,Main Category,COVID-19,False,Stable,Spring,General/Housing
2021,Thuốc và dịch vụ y tế,4,100.01,2,Main Category,COVID-19,False,Stable,Spring,Healthcare
2021,Trong đó: Dịch vụ y tế,4,100.0,2,Sub-category,COVID-19,False,Stable,Spring,Healthcare
2021,Giao thông,4,100.87,2,Main Category,COVID-19,False,Stable,Spring,Transport
2021,Bưu chính viễn thông,4,99.8,2,Main Category,COVID-19,False,Deflation,Spring,General/Housing
2021,Giáo dục,4,100.03,2,Main Category,COVID-19,False,Stable,Spring,Education
2021,Trong đó: Dịch vụ giáo dục,4,100.0,2,Sub-category,COVID-19,False,Stable,Spring,General/Housing
2021,"Văn hóa, giải trí và du lịch",4,99.89,2,Main Category,COVID-19,False,Deflation,Spring,General/Housing
2021,Hàng hoá và dịch vụ khác,4,100.07,2,Main Category,COVID-19,False,Stable,Spring,General/Housing
2021,Chỉ số giá vàng,4,98.1,2,Main Category,COVID-19,False,Deflation,Spring,Financial/Other
2021,Chỉ số đô la Mỹ,4,100.29,2,Main Category,COVID-19,False,Stable,Spring,Financial/Other
2020,Chỉ số giá tiêu dùng,4,98.46,2,Total CPI,COVID-19,False,Deflation,Spring,General/Housing
2020,Hàng ăn và dịch vụ ăn uống,4,100.66,2,Main Category,COVID-19,False,Stable,Spring,Food & Beverage
2020,Lương thực,4,102.09,2,Sub-category,COVID-19,False,High Inflation,Spring,Food & Beverage
2020,Thực phẩm,4,100.62,2,Sub-category,COVID-19,False,Stable,Spring,Food & Beverage
2020,Đồ uống và thuốc lá,4,100.13,2,Main Category,COVID-19,False,Stable,Spring,General/Housing
2020,"May mặc, mũ nón, giày dép",4,99.83,2,Main Category,COVID-19,False,Deflation,Spring,General/Housing
2020,Nhà ở và vật liệu xây dựng,4,97.67,2,Main Category,COVID-19,False,Deflation,Spring,General/Housing
2020,Thiết bị và đồ dùng gia đình,4,100.06,2,Main Category,COVID-19,False,Stable,Spring,General/Housing
2020,Thuốc và dịch vụ y tế,4,100.03,2,Main Category,COVID-19,False,Stable,Spring,Healthcare
2020,Giao thông,4,86.14,2,Main Category,COVID-19,False,Deflation,Spring,Transport
2020,Bưu chính viễn thông,4,99.98,2,Main Category,COVID-19,False,Deflation,Spring,General/Housing
2020,Giáo dục,4,100.0,2,Main Category,COVID-19,False,Stable,Spring,Education
2020,"Văn hóa, giải trí và du lịch",4,99.6,2,Main Category,COVID-19,False,Deflation,Spring,General/Housing
2020,Hàng hoá và dịch vụ khác,4,99.87,2,Main Category,COVID-19,False,Deflation,Spring,General/Housing
2020,Chỉ số giá vàng,4,100.69,2,Main Category,COVID-19,False,Stable,Spring,Financial/Other
2020,Chỉ số đô la Mỹ,4,100.95,2,Main Category,COVID-19,False,Stable,Spring,Financial/Other
2019,Chỉ số giá tiêu dùng,4,100.31,2,Total CPI,Economic Growth,False,Stable,Spring,General/Housing
2019,Hàng ăn và dịch vụ ăn uống,4,99.43,2,Main Category,Economic Growth,False,Deflation,Spring,Food & Beverage
2019,Lương thực,4,99.61,2,Sub-category,Economic Growth,False,Deflation,Spring,Food & Beverage
2019,Thực phẩm,4,99.13,2,Sub-category,Economic Growth,False,Deflation,Spring,Food & Beverage
2019,Đồ uống và thuốc lá,4,100.08,2,Main Category,Economic Growth,False,Stable,Spring,General/Housing
2019,"May mặc, mũ nón, giày dép",4,100.06,2,Main Category,Economic Growth,False,Stable,Spring,General/Housing
2019,Nhà ở và vật liệu xây dựng,4,100.6,2,Main Category,Economic Growth,False,Stable,Spring,General/Housing
2019,Thiết bị và đồ dùng gia đình,4,100.11,2,Main Category,Economic Growth,False,Stable,Spring,General/Housing
2019,Thuốc và dịch vụ y tế,4,100.01,2,Main Category,Economic Growth,False,Stable,Spring,Healthcare
2019,Giao thông,4,104.29,2,Main Category,Economic Growth,False,High Inflation,Spring,Transport
2019,Bưu chính viễn thông,4,99.93,2,Main Category,Economic Growth,False,Deflation,Spring,General/Housing
2019,Giáo dục,4,100.05,2,Main Category,Economic Growth,False,Stable,Spring,Education
2019,"Văn hóa, giải trí và du lịch",4,100.1,2,Main Category,Economic Growth,False,Stable,Spring,General/Housing
2019,Hàng hoá và dịch vụ khác,4,100.15,2,Main Category,Economic Growth,False,Stable,Spring,General/Housing
2019,Chỉ số giá vàng,4,99.5,2,Main Category,Economic Growth,False,Deflation,Spring,Financial/Other
2019,Chỉ số đô la Mỹ,4,99.98,2,Main Category,Economic Growth,False,Deflation,Spring,Financial/Other
2018,Chỉ số giá tiêu dùng,4,100.08,2,Total CPI,Economic Growth,False,Stable,Spring,General/Housing
2018,Hàng ăn và dịch vụ ăn uống,4,99.82,2,Main Category,Economic Growth,False,Deflation,Spring,Food & Beverage
2018,Lương thực,4,100.12,2,Sub-category,Economic Growth,False,Stable,Spring,Food & Beverage
2018,Thực phẩm,4,99.67,2,Sub-category,Economic Growth,False,Deflation,Spring,Food & Beverage
2018,Đồ uống và thuốc lá,4,100.0,2,Main Category,Economic Growth,False,Stable,Spring,General/Housing
2018,"May mặc, mũ nón, giày dép",4,99.99,2,Main Category,Economic Growth,False,Deflation,Spring,General/Housing
2018,Nhà ở và vật liệu xây dựng,4,100.18,2,Main Category,Economic Growth,False,Stable,Spring,General/Housing
2018,Thiết bị và đồ dùng gia đình,4,100.09,2,Main Category,Economic Growth,False,Stable,Spring,General/Housing
2018,Thuốc và dịch vụ y tế,4,100.02,2,Main Category,Economic Growth,False,Stable,Spring,Healthcare
2018,Giao thông,4,101.18,2,Main Category,Economic Growth,False,High Inflation,Spring,Transport
2018,Bưu chính viễn thông,4,99.92,2,Main Category,Economic Growth,False,Deflation,Spring,General/Housing
2018,Giáo dục,4,100.06,2,Main Category,Economic Growth,False,Stable,Spring,Education
2018,"Văn hóa, giải trí và du lịch",4,100.08,2,Main Category,Economic Growth,False,Stable,Spring,General/Housing
2018,Hàng hoá và dịch vụ khác,4,99.98,2,Main Category,Economic Growth,False,Deflation,Spring,General/Housing
2018,Chỉ số giá vàng,4,100.47,2,Main Category,Economic Growth,False,Stable,Spring,Financial/Other
2018,Chỉ số đô la Mỹ,4,100.1,2,Main Category,Economic Growth,False,Stable,Spring,Financial/Other
2017,Chỉ số giá tiêu dùng,4,100.0,2,Total CPI,Economic Growth,False,Stable,Spring,General/Housing
2017,Hàng ăn và dịch vụ ăn uống,4,99.34,2,Main Category,Economic Growth,False,Deflation,Spring,Food & Beverage
2017,Lương thực,4,100.16,2,Sub-category,Economic Growth,False,Stable,Spring,Food & Beverage
2017,Thực phẩm,4,98.89,2,Sub-category,Economic Growth,False,Deflation,Spring,Food & Beverage
2017,Đồ uống và thuốc lá,4,100.06,2,Main Category,Economic Growth,False,Stable,Spring,General/Housing
2017,"May mặc, mũ nón, giày dép",4,100.02,2,Main Category,Economic Growth,False,Stable,Spring,General/Housing
2017,Nhà ở và vật liệu xây dựng,4,99.76,2,Main Category,Economic Growth,False,Deflation,Spring,General/Housing
2017,Thiết bị và đồ dùng gia đình,4,100.1,2,Main Category,Economic Growth,False,Stable,Spring,General/Housing
2017,Thuốc và dịch vụ y tế,4,108.05,2,Main Category,Economic Growth,False,High Inflation,Spring,Healthcare
2017,Giao thông,4,98.62,2,Main Category,Economic Growth,False,Deflation,Spring,Transport
2017,Bưu chính viễn thông,4,99.97,2,Main Category,Economic Growth,False,Deflation,Spring,General/Housing
2017,Giáo dục,4,100.01,2,Main Category,Economic Growth,False,Stable,Spring,Education
2017,"Văn hóa, giải trí và du lịch",4,100.1,2,Main Category,Economic Growth,False,Stable,Spring,General/Housing
2017,Hàng hoá và dịch vụ khác,4,100.08,2,Main Category,Economic Growth,False,Stable,Spring,General/Housing
2017,Chỉ số giá vàng,4,101.01,2,Main Category,Economic Growth,False,High Inflation,Spring,Financial/Other
2017,Chỉ số đô la Mỹ,4,99.72,2,Main Category,Economic Growth,False,Deflation,Spring,Financial/Other
2016,Chỉ số giá tiêu dùng,4,100.33,2,Total CPI,Economic Growth,False,Stable,Spring,General/Housing
2016,Hàng ăn và dịch vụ ăn uống,4,100.0,2,Main Category,Economic Growth,False,Stable,Spring,Food & Beverage
2016,Lương thực,4,101.11,2,Sub-category,Economic Growth,False,High Inflation,Spring,Food & Beverage
2016,Thực phẩm,4,99.73,2,Sub-category,Economic Growth,False,Deflation,Spring,Food & Beverage
2016,Đồ uống và thuốc lá,4,100.17,2,Main Category,Economic Growth,False,Stable,Spring,General/Housing
2016,"May mặc, mũ nón, giày dép",4,100.05,2,Main Category,Economic Growth,False,Stable,Spring,General/Housing
2016,Nhà ở và vật liệu xây dựng,4,100.71,2,Main Category,Economic Growth,False,Stable,Spring,General/Housing
2016,Thiết bị và đồ dùng gia đình,4,100.1,2,Main Category,Economic Growth,False,Stable,Spring,General/Housing
2016,Thuốc và dịch vụ y tế,4,100.45,2,Main Category,Economic Growth,False,Stable,Spring,Healthcare
2016,Giao thông,4,101.73,2,Main Category,Economic Growth,False,High Inflation,Spring,Transport
2016,Bưu chính viễn thông,4,100.0,2,Main Category,Economic Growth,False,Stable,Spring,General/Housing
2016,Giáo dục,4,100.37,2,Main Category,Economic Growth,False,Stable,Spring,Education
2016,"Văn hóa, giải trí và du lịch",4,99.99,2,Main Category,Economic Growth,False,Deflation,Spring,General/Housing
2016,Hàng hoá và dịch vụ khác,4,100.1,2,Main Category,Economic Growth,False,Stable,Spring,General/Housing
2016,Chỉ số giá vàng,4,100.3,2,Main Category,Economic Growth,False,Stable,Spring,Financial/Other
2016,Chỉ số đô la Mỹ,4,100.05,2,Main Category,Economic Growth,False,Stable,Spring,Financial/Other
2015,Chỉ số giá tiêu dùng,4,100.14,2,Total CPI,Economic Growth,False,Stable,Spring,General/Housing
2015,Hàng ăn và dịch vụ ăn uống,4,99.58,2,Main Category,Economic Growth,False,Deflation,Spring,Food & Beverage
2015,Lương thực,4,99.69,2,Sub-category,Economic Growth,False,Deflation,Spring,Food & Beverage
2015,Thực phẩm,4,99.46,2,Sub-category,Economic Growth,False,Deflation,Spring,Food & Beverage
2015,Đồ uống và thuốc lá,4,99.99,2,Main Category,Economic Growth,False,Deflation,Spring,General/Housing
2015,"May mặc, mũ nón, giày dép",4,100.14,2,Main Category,Economic Growth,False,Stable,Spring,General/Housing
2015,Nhà ở và vật liệu xây dựng,4,100.84,2,Main Category,Economic Growth,False,Stable,Spring,General/Housing
2015,Thiết bị và đồ dùng gia đình,4,100.16,2,Main Category,Economic Growth,False,Stable,Spring,General/Housing
2015,Thuốc và dịch vụ y tế,4,100.19,2,Main Category,Economic Growth,False,Stable,Spring,Healthcare
2015,Giao thông,4,102.47,2,Main Category,Economic Growth,False,High Inflation,Spring,Transport
2015,Bưu chính viễn thông,4,99.91,2,Main Category,Economic Growth,False,Deflation,Spring,General/Housing
2015,Giáo dục,4,100.01,2,Main Category,Economic Growth,False,Stable,Spring,Education
2015,"Văn hóa, giải trí và du lịch",4,100.32,2,Main Category,Economic Growth,False,Stable,Spring,General/Housing
2015,Hàng hoá và dịch vụ khác,4,100.16,2,Main Category,Economic Growth,False,Stable,Spring,General/Housing
2015,Chỉ số giá vàng,4,98.96,2,Main Category,Economic Growth,False,Deflation,Spring,Financial/Other
2015,Chỉ số đô la Mỹ,4,100.74,2,Main Category,Economic Growth,False,Stable,Spring,Financial/Other
2014,Chỉ số giá tiêu dùng,4,100.08,2,Total CPI,Economic Growth,False,Stable,Spring,General/Housing
2014,Hàng ăn và dịch vụ ăn uống,4,100.15,2,Main Category,Economic Growth,False,Stable,Spring,Food & Beverage
2014,Lương thực,4,99.74,2,Sub-category,Economic Growth,False,Deflation,Spring,Food & Beverage
2014,Thực phẩm,4,100.27,2,Sub-category,Economic Growth,False,Stable,Spring,Food & Beverage
2014,Đồ uống và thuốc lá,4,100.23,2,Main Category,Economic Growth,False,Stable,Spring,General/Housing
2014,"May mặc, mũ nón, giày dép",4,100.26,2,Main Category,Economic Growth,False,Stable,Spring,General/Housing
2014,Nhà ở và vật liệu xây dựng,4,99.44,2,Main Category,Economic Growth,False,Deflation,Spring,General/Housing
2014,Thiết bị và đồ dùng gia đình,4,100.24,2,Main Category,Economic Growth,False,Stable,Spring,General/Housing
2014,Thuốc và dịch vụ y tế,4,100.04,2,Main Category,Economic Growth,False,Stable,Spring,Healthcare
2014,Giao thông,4,100.33,2,Main Category,Economic Growth,False,Stable,Spring,Transport
2014,Bưu chính viễn thông,4,99.86,2,Main Category,Economic Growth,False,Deflation,Spring,General/Housing
2014,Giáo dục,4,100.06,2,Main Category,Economic Growth,False,Stable,Spring,Education
2014,"Văn hóa, giải trí và du lịch",4,100.02,2,Main Category,Economic Growth,False,Stable,Spring,General/Housing
2014,Hàng hoá và dịch vụ khác,4,100.09,2,Main Category,Economic Growth,False,Stable,Spring,General/Housing
2014,Chỉ số giá vàng,4,98.96,2,Main Category,Economic Growth,False,Deflation,Spring,Financial/Other
2014,Chỉ số đô la Mỹ,4,99.94,2,Main Category,Economic Growth,False,Deflation,Spring,Financial/Other
2013,Chỉ số giá tiêu dùng,4,100.02,2,Total CPI,Economic Growth,False,Stable,Spring,General/Housing
2013,Hàng ăn và dịch vụ ăn uống,4,99.09,2,Main Category,Economic Growth,False,Deflation,Spring,Food & Beverage
2013,Lương thực,4,99.14,2,Sub-category,Economic Growth,False,Deflation,Spring,Food & Beverage
2013,Thực phẩm,4,98.76,2,Sub-category,Economic Growth,False,Deflation,Spring,Food & Beverage
2013,Đồ uống và thuốc lá,4,100.1,2,Main Category,Economic Growth,False,Stable,Spring,General/Housing
2013,"May mặc, mũ nón, giày dép",4,100.45,2,Main Category,Economic Growth,False,Stable,Spring,General/Housing
2013,Nhà ở và vật liệu xây dựng,4,99.56,2,Main Category,Economic Growth,False,Deflation,Spring,General/Housing
2013,Thiết bị và đồ dùng gia đình,4,100.38,2,Main Category,Economic Growth,False,Stable,Spring,General/Housing
2013,Thuốc và dịch vụ y tế,4,103.62,2,Main Category,Economic Growth,False,High Inflation,Spring,Healthcare
2013,Giao thông,4,101.2,2,Main Category,Economic Growth,False,High Inflation,Spring,Transport
2013,Bưu chính viễn thông,4,99.85,2,Main Category,Economic Growth,False,Deflation,Spring,General/Housing
2013,Giáo dục,4,100.05,2,Main Category,Economic Growth,False,Stable,Spring,Education
2013,"Văn hóa, giải trí và du lịch",4,100.33,2,Main Category,Economic Growth,False,Stable,Spring,General/Housing
2013,Hàng hoá và dịch vụ khác,4,100.33,2,Main Category,Economic Growth,False,Stable,Spring,General/Housing
2013,Chỉ số giá vàng,4,97.44,2,Main Category,Economic Growth,False,Deflation,Spring,Financial/Other
2013,Chỉ số đô la Mỹ,4,100.01,2,Main Category,Economic Growth,False,Stable,Spring,Financial/Other
2012,Chỉ số giá tiêu dùng,4,100.05,2,Total CPI,Economic Growth,False,Stable,Spring,General/Housing
2012,Hàng ăn và dịch vụ ăn uống,4,99.2,2,Main Category,Economic Growth,False,Deflation,Spring,Food & Beverage
2012,Lương thực,4,98.31,2,Sub-category,Economic Growth,False,Deflation,Spring,Food & Beverage
2012,Thực phẩm,4,99.13,2,Sub-category,Economic Growth,False,Deflation,Spring,Food & Beverage
2012,Đồ uống và thuốc lá,4,100.2,2,Main Category,Economic Growth,False,Stable,Spring,General/Housing
2012,"May mặc, mũ nón, giày dép",4,100.56,2,Main Category,Economic Growth,False,Stable,Spring,General/Housing
2012,Nhà ở và vật liệu xây dựng,4,99.56,2,Main Category,Economic Growth,False,Deflation,Spring,General/Housing
2012,Thiết bị và đồ dùng gia đình,4,100.53,2,Main Category,Economic Growth,False,Stable,Spring,General/Housing
2012,Thuốc và dịch vụ y tế,4,100.25,2,Main Category,Economic Growth,False,Stable,Spring,Healthcare
2012,Giao thông,4,102.67,2,Main Category,Economic Growth,False,High Inflation,Spring,Transport
2012,Bưu chính viễn thông,4,99.99,2,Main Category,Economic Growth,False,Deflation,Spring,General/Housing
2012,Giáo dục,4,101.63,2,Main Category,Economic Growth,False,High Inflation,Spring,Education
2012,"Văn hóa, giải trí và du lịch",4,100.27,2,Main Category,Economic Growth,False,Stable,Spring,General/Housing
2012,Hàng hoá và dịch vụ khác,4,100.38,2,Main Category,Economic Growth,False,Stable,Spring,General/Housing
2012,Chỉ số giá vàng,4,97.38,2,Main Category,Economic Growth,False,Deflation,Spring,Financial/Other
2012,Chỉ số đô la Mỹ,4,99.93,2,Main Category,Economic Growth,False,Deflation,Spring,Financial/Other
2011,Chỉ số giá tiêu dùng,4,103.32,2,Total CPI,Post-Crisis Volatility,False,High Inflation,Spring,General/Housing
2011,Hàng ăn và dịch vụ ăn uống,4,104.5,2,Main Category,Post-Crisis Volatility,False,High Inflation,Spring,Food & Beverage
2011,Lương thực,4,102.47,2,Sub-category,Post-Crisis Volatility,False,High Inflation,Spring,Food & Beverage
2011,Thực phẩm,4,105.61,2,Sub-category,Post-Crisis Volatility,False,High Inflation,Spring,Food & Beverage
2011,Đồ uống và thuốc lá,4,101.01,2,Main Category,Post-Crisis Volatility,False,High Inflation,Spring,General/Housing
2011,"May mặc, mũ nón, giày dép",4,101.63,2,Main Category,Post-Crisis Volatility,False,High Inflation,Spring,General/Housing
2011,Nhà ở và vật liệu xây dựng,4,104.38,2,Main Category,Post-Crisis Volatility,False,High Inflation,Spring,General/Housing
2011,Thiết bị và đồ dùng gia đình,4,101.38,2,Main Category,Post-Crisis Volatility,False,High Inflation,Spring,General/Housing
2011,Thuốc và dịch vụ y tế,4,101.03,2,Main Category,Post-Crisis Volatility,False,High Inflation,Spring,Healthcare
2011,Giao thông,4,106.04,2,Main Category,Post-Crisis Volatility,False,High Inflation,Spring,Transport
2011,Bưu chính viễn thông,4,100.02,2,Main Category,Post-Crisis Volatility,False,Stable,Spring,General/Housing
2011,Giáo dục,4,100.29,2,Main Category,Post-Crisis Volatility,False,Stable,Spring,Education
2011,"Văn hóa, giải trí và du lịch",4,101.31,2,Main Category,Post-Crisis Volatility,False,High Inflation,Spring,General/Housing
2011,Hàng hoá và dịch vụ khác,4,101.02,2,Main Category,Post-Crisis Volatility,False,High Inflation,Spring,General/Housing
2011,Chỉ số giá vàng,4,98.8,2,Main Category,Post-Crisis Volatility,False,Deflation,Spring,Financial/Other
2011,Chỉ số đô la Mỹ,4,98.39,2,Main Category,Post-Crisis Volatility,False,Deflation,Spring,Financial/Other
2010,Chỉ số giá tiêu dùng,4,100.14,2,Total CPI,Post-Crisis Volatility,False,Stable,Spring,General/Housing
2010,Hàng ăn và dịch vụ ăn uống,4,99.37,2,Main Category,Post-Crisis Volatility,False,Deflation,Spring,Food & Beverage
2010,Lương thực,4,98.09,2,Sub-category,Post-Crisis Volatility,False,Deflation,Spring,Food & Beverage
2010,Thực phẩm,4,99.47,2,Sub-category,Post-Crisis Volatility,False,Deflation,Spring,Food & Beverage
2010,Đồ uống và thuốc lá,4,100.37,2,Main Category,Post-Crisis Volatility,False,Stable,Spring,General/Housing
2010,"May mặc, mũ nón, giày dép",4,100.35,2,Main Category,Post-Crisis Volatility,False,Stable,Spring,General/Housing
2010,Nhà ở và vật liệu xây dựng,4,102.51,2,Main Category,Post-Crisis Volatility,False,High Inflation,Spring,General/Housing
2010,Thiết bị và đồ dùng gia đình,4,100.45,2,Main Category,Post-Crisis Volatility,False,Stable,Spring,General/Housing
2010,Thuốc và dịch vụ y tế,4,100.32,2,Main Category,Post-Crisis Volatility,False,Stable,Spring,Healthcare
2010,Giao thông,4,100.12,2,Main Category,Post-Crisis Volatility,False,Stable,Spring,Transport
2010,Bưu chính viễn thông,4,99.94,2,Main Category,Post-Crisis Volatility,False,Deflation,Spring,General/Housing
2010,Giáo dục,4,100.12,2,Main Category,Post-Crisis Volatility,False,Stable,Spring,Education
2010,"Văn hóa, giải trí và du lịch",4,100.25,2,Main Category,Post-Crisis Volatility,False,Stable,Spring,General/Housing
2010,Hàng hoá và dịch vụ khác,4,100.33,2,Main Category,Post-Crisis Volatility,False,Stable,Spring,General/Housing
2010,Chỉ số giá vàng,4,99.2,2,Main Category,Post-Crisis Volatility,False,Deflation,Spring,Financial/Other
2010,Chỉ số đô la Mỹ,4,99.72,2,Main Category,Post-Crisis Volatility,False,Deflation,Spring,Financial/Other
2009,Chỉ số giá tiêu dùng,4,100.35,2,Total CPI,Post-Crisis Volatility,False,Stable,Spring,General/Housing
2009,Hàng ăn và dịch vụ ăn uống,4,100.43,2,Main Category,Post-Crisis Volatility,False,Stable,Spring,Food & Beverage
2009,Lương thực,4,100.03,2,Sub-category,Post-Crisis Volatility,False,Stable,Spring,Food & Beverage
2009,Thực phẩm,4,100.46,2,Sub-category,Post-Crisis Volatility,False,Stable,Spring,Food & Beverage
2009,Đồ uống và thuốc lá,4,100.45,2,Main Category,Post-Crisis Volatility,False,Stable,Spring,General/Housing
2009,"May mặc, mũ nón, giày dép",4,100.2,2,Main Category,Post-Crisis Volatility,False,Stable,Spring,General/Housing
2009,Nhà ở và vật liệu xây dựng,4,100.45,2,Main Category,Post-Crisis Volatility,False,Stable,Spring,General/Housing
2009,Thiết bị và đồ dùng gia đình,4,100.28,2,Main Category,Post-Crisis Volatility,False,Stable,Spring,General/Housing
2009,Thuốc và dịch vụ y tế,4,100.24,2,Main Category,Post-Crisis Volatility,False,Stable,Spring,Healthcare
2009,"Phương tiện đi lại, bưu điện",4,100.48,2,Sub-category,Post-Crisis Volatility,False,Stable,Spring,Transport
2009,Giáo dục,4,100.1,2,Main Category,Post-Crisis Volatility,False,Stable,Spring,Education
2009,"Văn hóa, giải trí và du lịch",4,99.36,2,Main Category,Post-Crisis Volatility,False,Deflation,Spring,General/Housing
2009,Hàng hoá và dịch vụ khác,4,100.38,2,Main Category,Post-Crisis Volatility,False,Stable,Spring,General/Housing
2009,Chỉ số giá vàng,4,101.4,2,Main Category,Post-Crisis Volatility,False,High Inflation,Spring,Financial/Other
2009,Chỉ số đô la Mỹ,4,101.25,2,Main Category,Post-Crisis Volatility,False,High Inflation,Spring,Financial/Other
2008,Chỉ số giá tiêu dùng,4,102.2,2,Total CPI,2008 Crisis,False,High Inflation,Spring,General/Housing
2008,Hàng ăn và dịch vụ ăn uống,4,103.11,2,Main Category,2008 Crisis,False,High Inflation,Spring,Food & Beverage
2008,Lương thực,4,106.11,2,Sub-category,2008 Crisis,False,High Inflation,Spring,Food & Beverage
2008,Thực phẩm,4,102.22,2,Sub-category,2008 Crisis,False,High Inflation,Spring,Food & Beverage
2008,Đồ uống và thuốc lá,4,100.68,2,Main Category,2008 Crisis,False,Stable,Spring,General/Housing
2008,"May mặc, mũ nón, giày dép",4,100.96,2,Main Category,2008 Crisis,False,Stable,Spring,General/Housing
2008,Nhà ở và vật liệu xây dựng,4,102.62,2,Main Category,2008 Crisis,False,High Inflation,Spring,General/Housing
2008,Thiết bị và đồ dùng gia đình,4,100.95,2,Main Category,2008 Crisis,False,Stable,Spring,General/Housing
2008,Thuốc và dịch vụ y tế,4,100.81,2,Main Category,2008 Crisis,False,Stable,Spring,Healthcare
2008,"Phương tiện đi lại, bưu điện",4,102.33,2,Sub-category,2008 Crisis,False,High Inflation,Spring,Transport
2008,Giáo dục,4,100.38,2,Main Category,2008 Crisis,False,Stable,Spring,Education
2008,"Văn hóa, giải trí và du lịch",4,100.53,2,Main Category,2008 Crisis,False,Stable,Spring,General/Housing
2008,Hàng hoá và dịch vụ khác,4,100.53,2,Main Category,2008 Crisis,False,Stable,Spring,General/Housing
2008,Chỉ số giá vàng,4,97.86,2,Main Category,2008 Crisis,False,Deflation,Spring,Financial/Other
2008,Chỉ số đô la Mỹ,4,101.21,2,Main Category,2008 Crisis,False,High Inflation,Spring,Financial/Other
2007,Chỉ số giá tiêu dùng,4,100.49,2,Total CPI,Stability,False,Stable,Spring,General/Housing
2007,Hàng ăn và dịch vụ ăn uống,4,100.44,2,Main Category,Stability,False,Stable,Spring,Food & Beverage
2007,Lương thực,4,99.91,2,Sub-category,Stability,False,Deflation,Spring,Food & Beverage
2007,Thực phẩm,4,100.68,2,Sub-category,Stability,False,Stable,Spring,Food & Beverage
2007,Đồ uống và thuốc lá,4,99.82,2,Main Category,Stability,False,Deflation,Spring,General/Housing
2007,"May mặc, mũ nón, giày dép",4,100.48,2,Main Category,Stability,False,Stable,Spring,General/Housing
2007,Nhà ở và vật liệu xây dựng,4,100.96,2,Main Category,Stability,False,Stable,Spring,General/Housing
2007,Thiết bị và đồ dùng gia đình,4,100.44,2,Main Category,Stability,False,Stable,Spring,General/Housing
2007,Thuốc và dịch vụ y tế,4,100.51,2,Main Category,Stability,False,Stable,Spring,Healthcare
2007,"Phương tiện đi lại, bưu điện",4,101.05,2,Sub-category,Stability,False,High Inflation,Spring,Transport
2007,Giáo dục,4,100.17,2,Main Category,Stability,False,Stable,Spring,Education
2007,"Văn hóa, giải trí và du lịch",4,99.97,2,Main Category,Stability,False,Deflation,Spring,General/Housing
2007,Hàng hoá và dịch vụ khác,4,100.45,2,Main Category,Stability,False,Stable,Spring,General/Housing
2007,Chỉ số giá vàng,4,101.1,2,Main Category,Stability,False,High Inflation,Spring,Financial/Other
2007,Chỉ số đô la Mỹ,4,100.12,2,Main Category,Stability,False,Stable,Spring,Financial/Other
2006,Chỉ số giá tiêu dùng,4,100.2,2,Total CPI,Stability,False,Stable,Spring,General/Housing
2006,Hàng ăn và dịch vụ ăn uống,4,100.2,2,Main Category,Stability,False,Stable,Spring,Food & Beverage
2006,Lương thực,4,100.3,2,Sub-category,Stability,False,Stable,Spring,Food & Beverage
2006,Thực phẩm,4,100.2,2,Sub-category,Stability,False,Stable,Spring,Food & Beverage
2006,Đồ uống và thuốc lá,4,100.1,2,Main Category,Stability,False,Stable,Spring,General/Housing
2006,"May mặc, mũ nón, giày dép",4,100.2,2,Main Category,Stability,False,Stable,Spring,General/Housing
2006,Nhà ở và vật liệu xây dựng,4,99.7,2,Main Category,Stability,False,Deflation,Spring,General/Housing
2006,Thiết bị và đồ dùng gia đình,4,100.4,2,Main Category,Stability,False,Stable,Spring,General/Housing
2006,Thuốc và dịch vụ y tế,4,100.1,2,Main Category,Stability,False,Stable,Spring,Healthcare
2006,"Phương tiện đi lại, bưu điện",4,100.1,2,Sub-category,Stability,False,Stable,Spring,Transport
2006,Giáo dục,4,100.1,2,Main Category,Stability,False,Stable,Spring,Education
2006,"Văn hóa, giải trí và du lịch",4,99.8,2,Main Category,Stability,False,Deflation,Spring,General/Housing
2006,Hàng hoá và dịch vụ khác,4,100.2,2,Main Category,Stability,False,Stable,Spring,General/Housing
2006,Chỉ số giá vàng,4,104.8,2,Main Category,Stability,False,High Inflation,Spring,Financial/Other
2006,Chỉ số đô la Mỹ,4,100.1,2,Main Category,Stability,False,Stable,Spring,Financial/Other
2005,Chỉ số giá tiêu dùng,4,100.6,2,Total CPI,Stability,False,Stable,Spring,General/Housing
2005,Hàng ăn và dịch vụ ăn uống,4,100.5,2,Main Category,Stability,False,Stable,Spring,Food & Beverage
2005,Lương thực,4,100.5,2,Sub-category,Stability,False,Stable,Spring,Food & Beverage
2005,Thực phẩm,4,100.5,2,Sub-category,Stability,False,Stable,Spring,Food & Beverage
2005,Đồ uống và thuốc lá,4,100.2,2,Main Category,Stability,False,Stable,Spring,General/Housing
2005,"May mặc, mũ nón, giày dép",4,100.3,2,Main Category,Stability,False,Stable,Spring,General/Housing
2005,Nhà ở và vật liệu xây dựng,4,101.1,2,Main Category,Stability,False,High Inflation,Spring,General/Housing
2005,Thiết bị và đồ dùng gia đình,4,100.4,2,Main Category,Stability,False,Stable,Spring,General/Housing
2005,Thuốc và dịch vụ y tế,4,100.6,2,Main Category,Stability,False,Stable,Spring,Healthcare
2005,"Phương tiện đi lại, bưu điện",4,101.5,2,Sub-category,Stability,False,High Inflation,Spring,Transport
2005,Giáo dục,4,100.2,2,Main Category,Stability,False,Stable,Spring,Education
2005,"Văn hóa, giải trí và du lịch",4,99.9,2,Main Category,Stability,False,Deflation,Spring,General/Housing
2005,Hàng hoá và dịch vụ khác,4,100.2,2,Main Category,Stability,False,Stable,Spring,General/Housing
2005,Chỉ số giá vàng,4,99.2,2,Main Category,Stability,False,Deflation,Spring,Financial/Other
2005,Chỉ số đô la Mỹ,4,100.1,2,Main Category,Stability,False,Stable,Spring,Financial/Other
2004,Chỉ số giá tiêu dùng,4,100.5,2,Total CPI,Stability,False,Stable,Spring,General/Housing
2004,Hàng ăn và dịch vụ ăn uống,4,100.9,2,Main Category,Stability,False,Stable,Spring,Food & Beverage
2004,Lương thực,4,101.8,2,Sub-category,Stability,False,High Inflation,Spring,Food & Beverage
2004,Thực phẩm,4,100.6,2,Sub-category,Stability,False,Stable,Spring,Food & Beverage
2004,Đồ uống và thuốc lá,4,100.3,2,Main Category,Stability,False,Stable,Spring,General/Housing
2004,"May mặc, mũ nón, giày dép",4,100.7,2,Main Category,Stability,False,Stable,Spring,General/Housing
2004,Nhà ở và vật liệu xây dựng,4,100.4,2,Main Category,Stability,False,Stable,Spring,General/Housing
2004,Thiết bị và đồ dùng gia đình,4,100.5,2,Main Category,Stability,False,Stable,Spring,General/Housing
2004,Thuốc và dịch vụ y tế,4,101.2,2,Main Category,Stability,False,High Inflation,Spring,Healthcare
2004,"Phương tiện đi lại, bưu điện",4,100.1,2,Sub-category,Stability,False,Stable,Spring,Transport
2004,Giáo dục,4,100.1,2,Main Category,Stability,False,Stable,Spring,Education
2004,"Văn hóa, giải trí và du lịch",4,100.5,2,Main Category,Stability,False,Stable,Spring,General/Housing
2004,Hàng hoá và dịch vụ khác,4,100.0,2,Main Category,Stability,False,Stable,Spring,General/Housing
2004,Chỉ số giá vàng,4,102.3,2,Main Category,Stability,False,High Inflation,Spring,Financial/Other
2004,Chỉ số đô la Mỹ,4,99.9,2,Main Category,Stability,False,Deflation,Spring,Financial/Other
2003,Chỉ số giá tiêu dùng,4,100.0,2,Total CPI,Stability,False,Stable,Spring,General/Housing
2003,Hàng ăn và dịch vụ ăn uống,4,99.7,2,Main Category,Stability,False,Deflation,Spring,Food & Beverage
2003,Lương thực,4,99.4,2,Sub-category,Stability,False,Deflation,Spring,Food & Beverage
2003,Thực phẩm,4,99.8,2,Sub-category,Stability,False,Deflation,Spring,Food & Beverage
2003,Đồ uống và thuốc lá,4,99.8,2,Main Category,Stability,False,Deflation,Spring,General/Housing
2003,"May mặc, mũ nón, giày dép",4,100.4,2,Main Category,Stability,False,Stable,Spring,General/Housing
2003,Nhà ở và vật liệu xây dựng,4,100.4,2,Main Category,Stability,False,Stable,Spring,General/Housing
2003,Thiết bị và đồ dùng gia đình,4,100.1,2,Main Category,Stability,False,Stable,Spring,General/Housing
2003,Thuốc và dịch vụ y tế,4,102.6,2,Main Category,Stability,False,High Inflation,Spring,Healthcare
2003,"Phương tiện đi lại, bưu điện",4,99.8,2,Sub-category,Stability,False,Deflation,Spring,Transport
2003,Giáo dục,4,100.1,2,Main Category,Stability,False,Stable,Spring,Education
2003,"Văn hóa, giải trí và du lịch",4,99.9,2,Main Category,Stability,False,Deflation,Spring,General/Housing
2003,Hàng hoá và dịch vụ khác,4,100.1,2,Main Category,Stability,False,Stable,Spring,General/Housing
2003,Chỉ số giá vàng,4,96.9,2,Main Category,Stability,False,Deflation,Spring,Financial/Other
2003,Chỉ số đô la Mỹ,4,100.1,2,Main Category,Stability,False,Stable,Spring,Financial/Other
2002,Chỉ số giá tiêu dùng,4,100.0,2,Total CPI,Stability,False,Stable,Spring,General/Housing
2002,Hàng ăn và dịch vụ ăn uống,4,100.0,2,Main Category,Stability,False,Stable,Spring,Food & Beverage
2002,Lương thực,4,98.2,2,Sub-category,Stability,False,Deflation,Spring,Food & Beverage
2002,Thực phẩm,4,100.8,2,Sub-category,Stability,False,Stable,Spring,Food & Beverage
2002,Đồ uống và thuốc lá,4,99.8,2,Main Category,Stability,False,Deflation,Spring,General/Housing
2002,"May mặc, mũ nón, giày dép",4,99.9,2,Main Category,Stability,False,Deflation,Spring,General/Housing
2002,Nhà ở và vật liệu xây dựng,4,99.9,2,Main Category,Stability,False,Deflation,Spring,General/Housing
2002,Thiết bị và đồ dùng gia đình,4,100.1,2,Main Category,Stability,False,Stable,Spring,General/Housing
2002,Thuốc và dịch vụ y tế,4,100.0,2,Main Category,Stability,False,Stable,Spring,Healthcare
2002,"Phương tiện đi lại, bưu điện",4,99.9,2,Sub-category,Stability,False,Deflation,Spring,Transport
2002,Giáo dục,4,100.0,2,Main Category,Stability,False,Stable,Spring,Education
2002,"Văn hóa, giải trí và du lịch",4,99.5,2,Main Category,Stability,False,Deflation,Spring,General/Housing
2002,Hàng hoá và dịch vụ khác,4,99.9,2,Main Category,Stability,False,Deflation,Spring,General/Housing
2002,Chỉ số giá vàng,4,103.7,2,Main Category,Stability,False,High Inflation,Spring,Financial/Other
2002,Chỉ số đô la Mỹ,4,100.3,2,Main Category,Stability,False,Stable,Spring,Financial/Other
2024,Chỉ số giá tiêu dùng,5,100.05,2,Total CPI,Recovery,False,Stable,Spring,General/Housing
2024,Hàng ăn và dịch vụ ăn uống,5,100.38,2,Main Category,Recovery,False,Stable,Spring,Food & Beverage
2024,Lương thực,5,99.74,2,Sub-category,Recovery,False,Deflation,Spring,Food & Beverage
2024,Thực phẩm,5,100.59,2,Sub-category,Recovery,False,Stable,Spring,Food & Beverage
2024,Ăn uống ngoài gia đình,5,100.14,2,Sub-category,Recovery,False,Stable,Spring,General/Housing
2024,Đồ uống và thuốc lá,5,100.14,2,Main Category,Recovery,False,Stable,Spring,General/Housing
2024,"May mặc, mũ nón, giày dép",5,100.0,2,Main Category,Recovery,False,Stable,Spring,General/Housing
2024,Nhà ở và vật liệu xây dựng,5,100.38,2,Main Category,Recovery,False,Stable,Spring,General/Housing
2024,Thiết bị và đồ dùng gia đình,5,100.12,2,Main Category,Recovery,False,Stable,Spring,General/Housing
2024,Thuốc và dịch vụ y tế,5,100.01,2,Main Category,Recovery,False,Stable,Spring,Healthcare
2024,Trong đó: Dịch vụ y tế,5,100.0,2,Sub-category,Recovery,False,Stable,Spring,Healthcare
2024,Giao thông,5,98.27,2,Main Category,Recovery,False,Deflation,Spring,Transport
2024,Bưu chính viễn thông,5,99.91,2,Main Category,Recovery,False,Deflation,Spring,General/Housing
2024,Giáo dục,5,99.75,2,Main Category,Recovery,False,Deflation,Spring,Education
2024,Trong đó: Dịch vụ giáo dục,5,99.7,2,Sub-category,Recovery,False,Deflation,Spring,General/Housing
2024,"Văn hóa, giải trí và du lịch",5,100.31,2,Main Category,Recovery,False,Stable,Spring,General/Housing
2024,Hàng hoá và dịch vụ khác,5,100.2,2,Main Category,Recovery,False,Stable,Spring,General/Housing
2024,Chỉ số giá vàng,5,103.81,2,Main Category,Recovery,False,High Inflation,Spring,Financial/Other
2024,Chỉ số đô la Mỹ,5,101.15,2,Main Category,Recovery,False,High Inflation,Spring,Financial/Other
2023,Chỉ số giá tiêu dùng,5,100.01,2,Total CPI,Recovery,False,Stable,Spring,General/Housing
2023,Hàng ăn và dịch vụ ăn uống,5,100.24,2,Main Category,Recovery,False,Stable,Spring,Food & Beverage
2023,Lương thực,5,100.29,2,Sub-category,Recovery,False,Stable,Spring,Food & Beverage
2023,Thực phẩm,5,100.22,2,Sub-category,Recovery,False,Stable,Spring,Food & Beverage
2023,Ăn uống ngoài gia đình,5,100.26,2,Sub-category,Recovery,False,Stable,Spring,General/Housing
2023,Đồ uống và thuốc lá,5,100.13,2,Main Category,Recovery,False,Stable,Spring,General/Housing
2023,"May mặc, mũ nón, giày dép",5,100.1,2,Main Category,Recovery,False,Stable,Spring,General/Housing
2023,Nhà ở và vật liệu xây dựng,5,101.01,2,Main Category,Recovery,False,High Inflation,Spring,General/Housing
2023,Thiết bị và đồ dùng gia đình,5,100.16,2,Main Category,Recovery,False,Stable,Spring,General/Housing
2023,Thuốc và dịch vụ y tế,5,100.04,2,Main Category,Recovery,False,Stable,Spring,Healthcare
2023,Trong đó: Dịch vụ y tế,5,100.0,2,Sub-category,Recovery,False,Stable,Spring,Healthcare
2023,Giao thông,5,97.02,2,Main Category,Recovery,False,Deflation,Spring,Transport
2023,Bưu chính viễn thông,5,99.83,2,Main Category,Recovery,False,Deflation,Spring,General/Housing
2023,Giáo dục,5,99.9,2,Main Category,Recovery,False,Deflation,Spring,Education
2023,Trong đó: Dịch vụ giáo dục,5,99.87,2,Sub-category,Recovery,False,Deflation,Spring,General/Housing
2023,"Văn hóa, giải trí và du lịch",5,100.24,2,Main Category,Recovery,False,Stable,Spring,General/Housing
2023,Hàng hoá và dịch vụ khác,5,100.23,2,Main Category,Recovery,False,Stable,Spring,General/Housing
2023,Chỉ số giá vàng,5,101.02,2,Main Category,Recovery,False,High Inflation,Spring,Financial/Other
2023,Chỉ số đô la Mỹ,5,99.89,2,Main Category,Recovery,False,Deflation,Spring,Financial/Other
2022,Chỉ số giá tiêu dùng,5,100.38,2,Total CPI,COVID-19,False,Stable,Spring,General/Housing
2022,Hàng ăn và dịch vụ ăn uống,5,100.27,2,Main Category,COVID-19,False,Stable,Spring,Food & Beverage
2022,Lương thực,5,100.28,2,Sub-category,COVID-19,False,Stable,Spring,Food & Beverage
2022,Thực phẩm,5,100.22,2,Sub-category,COVID-19,False,Stable,Spring,Food & Beverage
2022,Ăn uống ngoài gia đình,5,100.4,2,Sub-category,COVID-19,False,Stable,Spring,General/Housing
2022,Đồ uống và thuốc lá,5,100.33,2,Main Category,COVID-19,False,Stable,Spring,General/Housing
2022,"May mặc, mũ nón, giày dép",5,100.18,2,Main Category,COVID-19,False,Stable,Spring,General/Housing
2022,Nhà ở và vật liệu xây dựng,5,99.87,2,Main Category,COVID-19,False,Deflation,Spring,General/Housing
2022,Thiết bị và đồ dùng gia đình,5,100.22,2,Main Category,COVID-19,False,Stable,Spring,General/Housing
2022,Thuốc và dịch vụ y tế,5,100.03,2,Main Category,COVID-19,False,Stable,Spring,Healthcare
2022,Trong đó: Dịch vụ y tế,5,100.0,2,Sub-category,COVID-19,False,Stable,Spring,Healthcare
2022,Giao thông,5,102.34,2,Main Category,COVID-19,False,High Inflation,Spring,Transport
2022,Bưu chính viễn thông,5,100.01,2,Main Category,COVID-19,False,Stable,Spring,General/Housing
2022,Giáo dục,5,100.17,2,Main Category,COVID-19,False,Stable,Spring,Education
2022,Trong đó: Dịch vụ giáo dục,5,100.17,2,Sub-category,COVID-19,False,Stable,Spring,General/Housing
2022,"Văn hóa, giải trí và du lịch",5,100.74,2,Main Category,COVID-19,False,Stable,Spring,General/Housing
2022,Hàng hoá và dịch vụ khác,5,100.19,2,Main Category,COVID-19,False,Stable,Spring,General/Housing
2022,Chỉ số giá vàng,5,99.48,2,Main Category,COVID-19,False,Deflation,Spring,Financial/Other
2022,Chỉ số đô la Mỹ,5,100.65,2,Main Category,COVID-19,False,Stable,Spring,Financial/Other
2021,Chỉ số giá tiêu dùng,5,100.16,2,Total CPI,COVID-19,False,Stable,Spring,General/Housing
2021,Hàng ăn và dịch vụ ăn uống,5,100.04,2,Main Category,COVID-19,False,Stable,Spring,Food & Beverage
2021,Lương thực,5,99.91,2,Sub-category,COVID-19,False,Deflation,Spring,Food & Beverage
2021,Thực phẩm,5,99.95,2,Sub-category,COVID-19,False,Deflation,Spring,Food & Beverage
2021,Ăn uống ngoài gia đình,5,100.31,2,Sub-category,COVID-19,False,Stable,Spring,General/Housing
2021,Đồ uống và thuốc lá,5,100.09,2,Main Category,COVID-19,False,Stable,Spring,General/Housing
2021,"May mặc, mũ nón, giày dép",5,99.99,2,Main Category,COVID-19,False,Deflation,Spring,General/Housing
2021,Nhà ở và vật liệu xây dựng,5,100.4,2,Main Category,COVID-19,False,Stable,Spring,General/Housing
2021,Thiết bị và đồ dùng gia đình,5,100.09,2,Main Category,COVID-19,False,Stable,Spring,General/Housing
2021,Thuốc và dịch vụ y tế,5,100.01,2,Main Category,COVID-19,False,Stable,Spring,Healthcare
2021,Trong đó: Dịch vụ y tế,5,100.0,2,Sub-category,COVID-19,False,Stable,Spring,Healthcare
2021,Giao thông,5,100.76,2,Main Category,COVID-19,False,Stable,Spring,Transport
2021,Bưu chính viễn thông,5,99.85,2,Main Category,COVID-19,False,Deflation,Spring,General/Housing
2021,Giáo dục,5,100.03,2,Main Category,COVID-19,False,Stable,Spring,Education
2021,Trong đó: Dịch vụ giáo dục,5,100.0,2,Sub-category,COVID-19,False,Stable,Spring,General/Housing
2021,"Văn hóa, giải trí và du lịch",5,99.77,2,Main Category,COVID-19,False,Deflation,Spring,General/Housing
2021,Hàng hoá và dịch vụ khác,5,100.06,2,Main Category,COVID-19,False,Stable,Spring,General/Housing
2021,Chỉ số giá vàng,5,101.68,2,Main Category,COVID-19,False,High Inflation,Spring,Financial/Other
2021,Chỉ số đô la Mỹ,5,99.79,2,Main Category,COVID-19,False,Deflation,Spring,Financial/Other
2020,Chỉ số giá tiêu dùng,5,99.97,2,Total CPI,COVID-19,False,Deflation,Spring,General/Housing
2020,Hàng ăn và dịch vụ ăn uống,5,100.34,2,Main Category,COVID-19,False,Stable,Spring,Food & Beverage
2020,Lương thực,5,99.92,2,Sub-category,COVID-19,False,Deflation,Spring,Food & Beverage
2020,Thực phẩm,5,100.43,2,Sub-category,COVID-19,False,Stable,Spring,Food & Beverage
2020,Đồ uống và thuốc lá,5,100.25,2,Main Category,COVID-19,False,Stable,Spring,General/Housing
2020,"May mặc, mũ nón, giày dép",5,99.99,2,Main Category,COVID-19,False,Deflation,Spring,General/Housing
2020,Nhà ở và vật liệu xây dựng,5,100.25,2,Main Category,COVID-19,False,Stable,Spring,General/Housing
2020,Thiết bị và đồ dùng gia đình,5,100.05,2,Main Category,COVID-19,False,Stable,Spring,General/Housing
2020,Thuốc và dịch vụ y tế,5,100.04,2,Main Category,COVID-19,False,Stable,Spring,Healthcare
2020,Giao thông,5,97.79,2,Main Category,COVID-19,False,Deflation,Spring,Transport
2020,Bưu chính viễn thông,5,99.98,2,Main Category,COVID-19,False,Deflation,Spring,General/Housing
2020,Giáo dục,5,100.0,2,Main Category,COVID-19,False,Stable,Spring,Education
2020,"Văn hóa, giải trí và du lịch",5,99.98,2,Main Category,COVID-19,False,Deflation,Spring,General/Housing
2020,Hàng hoá và dịch vụ khác,5,100.07,2,Main Category,COVID-19,False,Stable,Spring,General/Housing
2020,Chỉ số giá vàng,5,102.41,2,Main Category,COVID-19,False,High Inflation,Spring,Financial/Other
2020,Chỉ số đô la Mỹ,5,99.59,2,Main Category,COVID-19,False,Deflation,Spring,Financial/Other
2019,Chỉ số giá tiêu dùng,5,100.49,2,Total CPI,Economic Growth,False,Stable,Spring,General/Housing
2019,Hàng ăn và dịch vụ ăn uống,5,100.05,2,Main Category,Economic Growth,False,Stable,Spring,Food & Beverage
2019,Lương thực,5,99.63,2,Sub-category,Economic Growth,False,Deflation,Spring,Food & Beverage
2019,Thực phẩm,5,100.11,2,Sub-category,Economic Growth,False,Stable,Spring,Food & Beverage
2019,Đồ uống và thuốc lá,5,100.18,2,Main Category,Economic Growth,False,Stable,Spring,General/Housing
2019,"May mặc, mũ nón, giày dép",5,100.12,2,Main Category,Economic Growth,False,Stable,Spring,General/Housing
2019,Nhà ở và vật liệu xây dựng,5,101.28,2,Main Category,Economic Growth,False,High Inflation,Spring,General/Housing
2019,Thiết bị và đồ dùng gia đình,5,100.11,2,Main Category,Economic Growth,False,Stable,Spring,General/Housing
2019,Thuốc và dịch vụ y tế,5,99.94,2,Main Category,Economic Growth,False,Deflation,Spring,Healthcare
2019,Giao thông,5,102.64,2,Main Category,Economic Growth,False,High Inflation,Spring,Transport
2019,Bưu chính viễn thông,5,99.95,2,Main Category,Economic Growth,False,Deflation,Spring,General/Housing
2019,Giáo dục,5,100.05,2,Main Category,Economic Growth,False,Stable,Spring,Education
2019,"Văn hóa, giải trí và du lịch",5,100.1,2,Main Category,Economic Growth,False,Stable,Spring,General/Housing
2019,Hàng hoá và dịch vụ khác,5,100.13,2,Main Category,Economic Growth,False,Stable,Spring,General/Housing
2019,Chỉ số giá vàng,5,99.5,2,Main Category,Economic Growth,False,Deflation,Spring,Financial/Other
2019,Chỉ số đô la Mỹ,5,100.45,2,Main Category,Economic Growth,False,Stable,Spring,Financial/Other
2018,Chỉ số giá tiêu dùng,5,100.55,2,Total CPI,Economic Growth,False,Stable,Spring,General/Housing
2018,Hàng ăn và dịch vụ ăn uống,5,100.88,2,Main Category,Economic Growth,False,Stable,Spring,Food & Beverage
2018,Lương thực,5,100.03,2,Sub-category,Economic Growth,False,Stable,Spring,Food & Beverage
2018,Thực phẩm,5,101.2,2,Sub-category,Economic Growth,False,High Inflation,Spring,Food & Beverage
2018,Đồ uống và thuốc lá,5,100.08,2,Main Category,Economic Growth,False,Stable,Spring,General/Housing
2018,"May mặc, mũ nón, giày dép",5,100.08,2,Main Category,Economic Growth,False,Stable,Spring,General/Housing
2018,Nhà ở và vật liệu xây dựng,5,100.34,2,Main Category,Economic Growth,False,Stable,Spring,General/Housing
2018,Thiết bị và đồ dùng gia đình,5,100.1,2,Main Category,Economic Growth,False,Stable,Spring,General/Housing
2018,Thuốc và dịch vụ y tế,5,100.03,2,Main Category,Economic Growth,False,Stable,Spring,Healthcare
2018,Giao thông,5,101.72,2,Main Category,Economic Growth,False,High Inflation,Spring,Transport
2018,Bưu chính viễn thông,5,99.86,2,Main Category,Economic Growth,False,Deflation,Spring,General/Housing
2018,Giáo dục,5,100.0,2,Main Category,Economic Growth,False,Stable,Spring,Education
2018,"Văn hóa, giải trí và du lịch",5,100.08,2,Main Category,Economic Growth,False,Stable,Spring,General/Housing
2018,Hàng hoá và dịch vụ khác,5,100.02,2,Main Category,Economic Growth,False,Stable,Spring,General/Housing
2018,Chỉ số giá vàng,5,99.25,2,Main Category,Economic Growth,False,Deflation,Spring,Financial/Other
2018,Chỉ số đô la Mỹ,5,99.94,2,Main Category,Economic Growth,False,Deflation,Spring,Financial/Other
2017,Chỉ số giá tiêu dùng,5,99.47,2,Total CPI,Economic Growth,False,Deflation,Spring,General/Housing
2017,Hàng ăn và dịch vụ ăn uống,5,98.57,2,Main Category,Economic Growth,False,Deflation,Spring,Food & Beverage
2017,Lương thực,5,99.94,2,Sub-category,Economic Growth,False,Deflation,Spring,Food & Beverage
2017,Thực phẩm,5,97.73,2,Sub-category,Economic Growth,False,Deflation,Spring,Food & Beverage
2017,Đồ uống và thuốc lá,5,100.08,2,Main Category,Economic Growth,False,Stable,Spring,General/Housing
2017,"May mặc, mũ nón, giày dép",5,100.05,2,Main Category,Economic Growth,False,Stable,Spring,General/Housing
2017,Nhà ở và vật liệu xây dựng,5,99.98,2,Main Category,Economic Growth,False,Deflation,Spring,General/Housing
2017,Thiết bị và đồ dùng gia đình,5,100.1,2,Main Category,Economic Growth,False,Stable,Spring,General/Housing
2017,Thuốc và dịch vụ y tế,5,100.04,2,Main Category,Economic Growth,False,Stable,Spring,Healthcare
2017,Giao thông,5,99.66,2,Main Category,Economic Growth,False,Deflation,Spring,Transport
2017,Bưu chính viễn thông,5,99.95,2,Main Category,Economic Growth,False,Deflation,Spring,General/Housing
2017,Giáo dục,5,100.02,2,Main Category,Economic Growth,False,Stable,Spring,Education
2017,"Văn hóa, giải trí và du lịch",5,100.13,2,Main Category,Economic Growth,False,Stable,Spring,General/Housing
2017,Hàng hoá và dịch vụ khác,5,100.15,2,Main Category,Economic Growth,False,Stable,Spring,General/Housing
2017,Chỉ số giá vàng,5,99.9,2,Main Category,Economic Growth,False,Deflation,Spring,Financial/Other
2017,Chỉ số đô la Mỹ,5,99.97,2,Main Category,Economic Growth,False,Deflation,Spring,Financial/Other
2016,Chỉ số giá tiêu dùng,5,100.54,2,Total CPI,Economic Growth,False,Stable,Spring,General/Housing
2016,Hàng ăn và dịch vụ ăn uống,5,100.36,2,Main Category,Economic Growth,False,Stable,Spring,Food & Beverage
2016,Lương thực,5,100.68,2,Sub-category,Economic Growth,False,Stable,Spring,Food & Beverage
2016,Thực phẩm,5,100.38,2,Sub-category,Economic Growth,False,Stable,Spring,Food & Beverage
2016,Đồ uống và thuốc lá,5,100.11,2,Main Category,Economic Growth,False,Stable,Spring,General/Housing
2016,"May mặc, mũ nón, giày dép",5,100.02,2,Main Category,Economic Growth,False,Stable,Spring,General/Housing
2016,Nhà ở và vật liệu xây dựng,5,100.88,2,Main Category,Economic Growth,False,Stable,Spring,General/Housing
2016,Thiết bị và đồ dùng gia đình,5,100.09,2,Main Category,Economic Growth,False,Stable,Spring,General/Housing
2016,Thuốc và dịch vụ y tế,5,100.05,2,Main Category,Economic Growth,False,Stable,Spring,Healthcare
2016,Giao thông,5,102.39,2,Main Category,Economic Growth,False,High Inflation,Spring,Transport
2016,Bưu chính viễn thông,5,100.03,2,Main Category,Economic Growth,False,Stable,Spring,General/Housing
2016,Giáo dục,5,100.02,2,Main Category,Economic Growth,False,Stable,Spring,Education
2016,"Văn hóa, giải trí và du lịch",5,100.34,2,Main Category,Economic Growth,False,Stable,Spring,General/Housing
2016,Hàng hoá và dịch vụ khác,5,100.56,2,Main Category,Economic Growth,False,Stable,Spring,General/Housing
2016,Chỉ số giá vàng,5,101.45,2,Main Category,Economic Growth,False,High Inflation,Spring,Financial/Other
2016,Chỉ số đô la Mỹ,5,99.9,2,Main Category,Economic Growth,False,Deflation,Spring,Financial/Other
2015,Chỉ số giá tiêu dùng,5,100.16,2,Total CPI,Economic Growth,False,Stable,Spring,General/Housing
2015,Hàng ăn và dịch vụ ăn uống,5,99.78,2,Main Category,Economic Growth,False,Deflation,Spring,Food & Beverage
2015,Lương thực,5,99.54,2,Sub-category,Economic Growth,False,Deflation,Spring,Food & Beverage
2015,Thực phẩm,5,99.71,2,Sub-category,Economic Growth,False,Deflation,Spring,Food & Beverage
2015,Đồ uống và thuốc lá,5,100.2,2,Main Category,Economic Growth,False,Stable,Spring,General/Housing
2015,"May mặc, mũ nón, giày dép",5,100.14,2,Main Category,Economic Growth,False,Stable,Spring,General/Housing
2015,Nhà ở và vật liệu xây dựng,5,101.27,2,Main Category,Economic Growth,False,High Inflation,Spring,General/Housing
2015,Thiết bị và đồ dùng gia đình,5,100.13,2,Main Category,Economic Growth,False,Stable,Spring,General/Housing
2015,Thuốc và dịch vụ y tế,5,100.03,2,Main Category,Economic Growth,False,Stable,Spring,Healthcare
2015,Giao thông,5,101.02,2,Main Category,Economic Growth,False,High Inflation,Spring,Transport
2015,Bưu chính viễn thông,5,100.01,2,Main Category,Economic Growth,False,Stable,Spring,General/Housing
2015,Giáo dục,5,100.0,2,Main Category,Economic Growth,False,Stable,Spring,Education
2015,"Văn hóa, giải trí và du lịch",5,100.39,2,Main Category,Economic Growth,False,Stable,Spring,General/Housing
2015,Hàng hoá và dịch vụ khác,5,100.17,2,Main Category,Economic Growth,False,Stable,Spring,General/Housing
2015,Chỉ số giá vàng,5,99.73,2,Main Category,Economic Growth,False,Deflation,Spring,Financial/Other
2015,Chỉ số đô la Mỹ,5,100.36,2,Main Category,Economic Growth,False,Stable,Spring,Financial/Other
2014,Chỉ số giá tiêu dùng,5,100.2,2,Total CPI,Economic Growth,False,Stable,Spring,General/Housing
2014,Hàng ăn và dịch vụ ăn uống,5,100.17,2,Main Category,Economic Growth,False,Stable,Spring,Food & Beverage
2014,Lương thực,5,99.49,2,Sub-category,Economic Growth,False,Deflation,Spring,Food & Beverage
2014,Thực phẩm,5,100.37,2,Sub-category,Economic Growth,False,Stable,Spring,Food & Beverage
2014,Đồ uống và thuốc lá,5,100.13,2,Main Category,Economic Growth,False,Stable,Spring,General/Housing
2014,"May mặc, mũ nón, giày dép",5,100.2,2,Main Category,Economic Growth,False,Stable,Spring,General/Housing
2014,Nhà ở và vật liệu xây dựng,5,100.43,2,Main Category,Economic Growth,False,Stable,Spring,General/Housing
2014,Thiết bị và đồ dùng gia đình,5,100.25,2,Main Category,Economic Growth,False,Stable,Spring,General/Housing
2014,Thuốc và dịch vụ y tế,5,100.06,2,Main Category,Economic Growth,False,Stable,Spring,Healthcare
2014,Giao thông,5,100.36,2,Main Category,Economic Growth,False,Stable,Spring,Transport
2014,Bưu chính viễn thông,5,99.97,2,Main Category,Economic Growth,False,Deflation,Spring,General/Housing
2014,Giáo dục,5,100.01,2,Main Category,Economic Growth,False,Stable,Spring,Education
2014,"Văn hóa, giải trí và du lịch",5,100.26,2,Main Category,Economic Growth,False,Stable,Spring,General/Housing
2014,Hàng hoá và dịch vụ khác,5,100.22,2,Main Category,Economic Growth,False,Stable,Spring,General/Housing
2014,Chỉ số giá vàng,5,99.15,2,Main Category,Economic Growth,False,Deflation,Spring,Financial/Other
2014,Chỉ số đô la Mỹ,5,99.96,2,Main Category,Economic Growth,False,Deflation,Spring,Financial/Other
2013,Chỉ số giá tiêu dùng,5,99.94,2,Total CPI,Economic Growth,False,Deflation,Spring,General/Housing
2013,Hàng ăn và dịch vụ ăn uống,5,99.65,2,Main Category,Economic Growth,False,Deflation,Spring,Food & Beverage
2013,Lương thực,5,99.31,2,Sub-category,Economic Growth,False,Deflation,Spring,Food & Beverage
2013,Thực phẩm,5,99.55,2,Sub-category,Economic Growth,False,Deflation,Spring,Food & Beverage
2013,Đồ uống và thuốc lá,5,100.41,2,Main Category,Economic Growth,False,Stable,Spring,General/Housing
2013,"May mặc, mũ nón, giày dép",5,100.36,2,Main Category,Economic Growth,False,Stable,Spring,General/Housing
2013,Nhà ở và vật liệu xây dựng,5,99.47,2,Main Category,Economic Growth,False,Deflation,Spring,General/Housing
2013,Thiết bị và đồ dùng gia đình,5,100.36,2,Main Category,Economic Growth,False,Stable,Spring,General/Housing
2013,Thuốc và dịch vụ y tế,5,101.58,2,Main Category,Economic Growth,False,High Inflation,Spring,Healthcare
2013,Giao thông,5,99.43,2,Main Category,Economic Growth,False,Deflation,Spring,Transport
2013,Bưu chính viễn thông,5,99.93,2,Main Category,Economic Growth,False,Deflation,Spring,General/Housing
2013,Giáo dục,5,100.02,2,Main Category,Economic Growth,False,Stable,Spring,Education
2013,"Văn hóa, giải trí và du lịch",5,100.23,2,Main Category,Economic Growth,False,Stable,Spring,General/Housing
2013,Hàng hoá và dịch vụ khác,5,100.08,2,Main Category,Economic Growth,False,Stable,Spring,General/Housing
2013,Chỉ số giá vàng,5,95.38,2,Main Category,Economic Growth,False,Deflation,Spring,Financial/Other
2013,Chỉ số đô la Mỹ,5,100.21,2,Main Category,Economic Growth,False,Stable,Spring,Financial/Other
2012,Chỉ số giá tiêu dùng,5,100.18,2,Total CPI,Economic Growth,False,Stable,Spring,General/Housing
2012,Hàng ăn và dịch vụ ăn uống,5,99.86,2,Main Category,Economic Growth,False,Deflation,Spring,Food & Beverage
2012,Lương thực,5,99.46,2,Sub-category,Economic Growth,False,Deflation,Spring,Food & Beverage
2012,Thực phẩm,5,99.74,2,Sub-category,Economic Growth,False,Deflation,Spring,Food & Beverage
2012,Đồ uống và thuốc lá,5,100.43,2,Main Category,Economic Growth,False,Stable,Spring,General/Housing
2012,"May mặc, mũ nón, giày dép",5,100.58,2,Main Category,Economic Growth,False,Stable,Spring,General/Housing
2012,Nhà ở và vật liệu xây dựng,5,99.03,2,Main Category,Economic Growth,False,Deflation,Spring,General/Housing
2012,Thiết bị và đồ dùng gia đình,5,100.57,2,Main Category,Economic Growth,False,Stable,Spring,General/Housing
2012,Thuốc và dịch vụ y tế,5,100.33,2,Main Category,Economic Growth,False,Stable,Spring,Healthcare
2012,Giao thông,5,101.32,2,Main Category,Economic Growth,False,High Inflation,Spring,Transport
2012,Bưu chính viễn thông,5,100.0,2,Main Category,Economic Growth,False,Stable,Spring,General/Housing
2012,Giáo dục,5,100.07,2,Main Category,Economic Growth,False,Stable,Spring,Education
2012,"Văn hóa, giải trí và du lịch",5,100.63,2,Main Category,Economic Growth,False,Stable,Spring,General/Housing
2012,Hàng hoá và dịch vụ khác,5,103.09,2,Main Category,Economic Growth,False,High Inflation,Spring,General/Housing
2012,Chỉ số giá vàng,5,97.83,2,Main Category,Economic Growth,False,Deflation,Spring,Financial/Other
2012,Chỉ số đô la Mỹ,5,100.06,2,Main Category,Economic Growth,False,Stable,Spring,Financial/Other
2011,Chỉ số giá tiêu dùng,5,102.21,2,Total CPI,Post-Crisis Volatility,False,High Inflation,Spring,General/Housing
2011,Hàng ăn và dịch vụ ăn uống,5,103.01,2,Main Category,Post-Crisis Volatility,False,High Inflation,Spring,Food & Beverage
2011,Lương thực,5,101.77,2,Sub-category,Post-Crisis Volatility,False,High Inflation,Spring,Food & Beverage
2011,Thực phẩm,5,103.53,2,Sub-category,Post-Crisis Volatility,False,High Inflation,Spring,Food & Beverage
2011,Đồ uống và thuốc lá,5,100.92,2,Main Category,Post-Crisis Volatility,False,Stable,Spring,General/Housing
2011,"May mặc, mũ nón, giày dép",5,101.17,2,Main Category,Post-Crisis Volatility,False,High Inflation,Spring,General/Housing
2011,Nhà ở và vật liệu xây dựng,5,103.19,2,Main Category,Post-Crisis Volatility,False,High Inflation,Spring,General/Housing
2011,Thiết bị và đồ dùng gia đình,5,100.97,2,Main Category,Post-Crisis Volatility,False,Stable,Spring,General/Housing
2011,Thuốc và dịch vụ y tế,5,101.2,2,Main Category,Post-Crisis Volatility,False,High Inflation,Spring,Healthcare
2011,Giao thông,5,102.67,2,Main Category,Post-Crisis Volatility,False,High Inflation,Spring,Transport
2011,Bưu chính viễn thông,5,98.32,2,Main Category,Post-Crisis Volatility,False,Deflation,Spring,General/Housing
2011,Giáo dục,5,100.25,2,Main Category,Post-Crisis Volatility,False,Stable,Spring,Education
2011,"Văn hóa, giải trí và du lịch",5,100.88,2,Main Category,Post-Crisis Volatility,False,Stable,Spring,General/Housing
2011,Hàng hoá và dịch vụ khác,5,102.06,2,Main Category,Post-Crisis Volatility,False,High Inflation,Spring,General/Housing
2011,Chỉ số giá vàng,5,101.43,2,Main Category,Post-Crisis Volatility,False,High Inflation,Spring,Financial/Other
2011,Chỉ số đô la Mỹ,5,99.02,2,Main Category,Post-Crisis Volatility,False,Deflation,Spring,Financial/Other
2010,Chỉ số giá tiêu dùng,5,100.27,2,Total CPI,Post-Crisis Volatility,False,Stable,Spring,General/Housing
2010,Hàng ăn và dịch vụ ăn uống,5,99.88,2,Main Category,Post-Crisis Volatility,False,Deflation,Spring,Food & Beverage
2010,Lương thực,5,98.71,2,Sub-category,Post-Crisis Volatility,False,Deflation,Spring,Food & Beverage
2010,Thực phẩm,5,100.09,2,Sub-category,Post-Crisis Volatility,False,Stable,Spring,Food & Beverage
2010,Đồ uống và thuốc lá,5,100.32,2,Main Category,Post-Crisis Volatility,False,Stable,Spring,General/Housing
2010,"May mặc, mũ nón, giày dép",5,100.32,2,Main Category,Post-Crisis Volatility,False,Stable,Spring,General/Housing
2010,Nhà ở và vật liệu xây dựng,5,101.46,2,Main Category,Post-Crisis Volatility,False,High Inflation,Spring,General/Housing
2010,Thiết bị và đồ dùng gia đình,5,100.39,2,Main Category,Post-Crisis Volatility,False,Stable,Spring,General/Housing
2010,Thuốc và dịch vụ y tế,5,100.27,2,Main Category,Post-Crisis Volatility,False,Stable,Spring,Healthcare
2010,Giao thông,5,100.12,2,Main Category,Post-Crisis Volatility,False,Stable,Spring,Transport
2010,Bưu chính viễn thông,5,99.95,2,Main Category,Post-Crisis Volatility,False,Deflation,Spring,General/Housing
2010,Giáo dục,5,100.07,2,Main Category,Post-Crisis Volatility,False,Stable,Spring,Education
2010,"Văn hóa, giải trí và du lịch",5,100.37,2,Main Category,Post-Crisis Volatility,False,Stable,Spring,General/Housing
2010,Hàng hoá và dịch vụ khác,5,101.34,2,Main Category,Post-Crisis Volatility,False,High Inflation,Spring,General/Housing
2010,Chỉ số giá vàng,5,101.91,2,Main Category,Post-Crisis Volatility,False,High Inflation,Spring,Financial/Other
2010,Chỉ số đô la Mỹ,5,99.37,2,Main Category,Post-Crisis Volatility,False,Deflation,Spring,Financial/Other
2009,Chỉ số giá tiêu dùng,5,100.44,2,Total CPI,Post-Crisis Volatility,False,Stable,Spring,General/Housing
2009,Hàng ăn và dịch vụ ăn uống,5,100.18,2,Main Category,Post-Crisis Volatility,False,Stable,Spring,Food & Beverage
2009,Lương thực,5,99.63,2,Sub-category,Post-Crisis Volatility,False,Deflation,Spring,Food & Beverage
2009,Thực phẩm,5,100.36,2,Sub-category,Post-Crisis Volatility,False,Stable,Spring,Food & Beverage
2009,Đồ uống và thuốc lá,5,100.31,2,Main Category,Post-Crisis Volatility,False,Stable,Spring,General/Housing
2009,"May mặc, mũ nón, giày dép",5,100.26,2,Main Category,Post-Crisis Volatility,False,Stable,Spring,General/Housing
2009,Nhà ở và vật liệu xây dựng,5,100.97,2,Main Category,Post-Crisis Volatility,False,Stable,Spring,General/Housing
2009,Thiết bị và đồ dùng gia đình,5,100.51,2,Main Category,Post-Crisis Volatility,False,Stable,Spring,General/Housing
2009,Thuốc và dịch vụ y tế,5,100.18,2,Main Category,Post-Crisis Volatility,False,Stable,Spring,Healthcare
2009,"Phương tiện đi lại, bưu điện",5,101.8,2,Sub-category,Post-Crisis Volatility,False,High Inflation,Spring,Transport
2009,Giáo dục,5,100.04,2,Main Category,Post-Crisis Volatility,False,Stable,Spring,Education
2009,"Văn hóa, giải trí và du lịch",5,100.03,2,Main Category,Post-Crisis Volatility,False,Stable,Spring,General/Housing
2009,Hàng hoá và dịch vụ khác,5,101.44,2,Main Category,Post-Crisis Volatility,False,High Inflation,Spring,General/Housing
2009,Chỉ số giá vàng,5,100.61,2,Main Category,Post-Crisis Volatility,False,Stable,Spring,Financial/Other
2009,Chỉ số đô la Mỹ,5,101.25,2,Main Category,Post-Crisis Volatility,False,High Inflation,Spring,Financial/Other
2008,Chỉ số giá tiêu dùng,5,103.91,2,Total CPI,2008 Crisis,False,High Inflation,Spring,General/Housing
2008,Hàng ăn và dịch vụ ăn uống,5,107.25,2,Main Category,2008 Crisis,False,High Inflation,Spring,Food & Beverage
2008,Lương thực,5,122.19,2,Sub-category,2008 Crisis,False,High Inflation,Spring,Food & Beverage
2008,Thực phẩm,5,102.28,2,Sub-category,2008 Crisis,False,High Inflation,Spring,Food & Beverage
2008,Đồ uống và thuốc lá,5,101.88,2,Main Category,2008 Crisis,False,High Inflation,Spring,General/Housing
2008,"May mặc, mũ nón, giày dép",5,100.96,2,Main Category,2008 Crisis,False,Stable,Spring,General/Housing
2008,Nhà ở và vật liệu xây dựng,5,101.2,2,Main Category,2008 Crisis,False,High Inflation,Spring,General/Housing
2008,Thiết bị và đồ dùng gia đình,5,100.93,2,Main Category,2008 Crisis,False,Stable,Spring,General/Housing
2008,Thuốc và dịch vụ y tế,5,100.48,2,Main Category,2008 Crisis,False,Stable,Spring,Healthcare
2008,"Phương tiện đi lại, bưu điện",5,100.34,2,Sub-category,2008 Crisis,False,Stable,Spring,Transport
2008,Giáo dục,5,100.45,2,Main Category,2008 Crisis,False,Stable,Spring,Education
2008,"Văn hóa, giải trí và du lịch",5,100.57,2,Main Category,2008 Crisis,False,Stable,Spring,General/Housing
2008,Hàng hoá và dịch vụ khác,5,100.33,2,Main Category,2008 Crisis,False,Stable,Spring,General/Housing
2008,Chỉ số giá vàng,5,96.11,2,Main Category,2008 Crisis,False,Deflation,Spring,Financial/Other
2008,Chỉ số đô la Mỹ,5,101.02,2,Main Category,2008 Crisis,False,High Inflation,Spring,Financial/Other
2007,Chỉ số giá tiêu dùng,5,100.77,2,Total CPI,Stability,False,Stable,Spring,General/Housing
2007,Hàng ăn và dịch vụ ăn uống,5,101.04,2,Main Category,Stability,False,High Inflation,Spring,Food & Beverage
2007,Lương thực,5,100.62,2,Sub-category,Stability,False,Stable,Spring,Food & Beverage
2007,Thực phẩm,5,100.95,2,Sub-category,Stability,False,Stable,Spring,Food & Beverage
2007,Đồ uống và thuốc lá,5,100.22,2,Main Category,Stability,False,Stable,Spring,General/Housing
2007,"May mặc, mũ nón, giày dép",5,100.48,2,Main Category,Stability,False,Stable,Spring,General/Housing
2007,Nhà ở và vật liệu xây dựng,5,100.87,2,Main Category,Stability,False,Stable,Spring,General/Housing
2007,Thiết bị và đồ dùng gia đình,5,100.64,2,Main Category,Stability,False,Stable,Spring,General/Housing
2007,Thuốc và dịch vụ y tế,5,100.61,2,Main Category,Stability,False,Stable,Spring,Healthcare
2007,"Phương tiện đi lại, bưu điện",5,100.57,2,Sub-category,Stability,False,Stable,Spring,Transport
2007,Giáo dục,5,100.07,2,Main Category,Stability,False,Stable,Spring,Education
2007,"Văn hóa, giải trí và du lịch",5,100.43,2,Main Category,Stability,False,Stable,Spring,General/Housing
2007,Hàng hoá và dịch vụ khác,5,100.71,2,Main Category,Stability,False,Stable,Spring,General/Housing
2007,Chỉ số giá vàng,5,102.33,2,Main Category,Stability,False,High Inflation,Spring,Financial/Other
2007,Chỉ số đô la Mỹ,5,100.15,2,Main Category,Stability,False,Stable,Spring,Financial/Other
2006,Chỉ số giá tiêu dùng,5,100.6,2,Total CPI,Stability,False,Stable,Spring,General/Housing
2006,Hàng ăn và dịch vụ ăn uống,5,100.2,2,Main Category,Stability,False,Stable,Spring,Food & Beverage
2006,Lương thực,5,100.3,2,Sub-category,Stability,False,Stable,Spring,Food & Beverage
2006,Thực phẩm,5,100.1,2,Sub-category,Stability,False,Stable,Spring,Food & Beverage
2006,Đồ uống và thuốc lá,5,100.4,2,Main Category,Stability,False,Stable,Spring,General/Housing
2006,"May mặc, mũ nón, giày dép",5,100.4,2,Main Category,Stability,False,Stable,Spring,General/Housing
2006,Nhà ở và vật liệu xây dựng,5,100.9,2,Main Category,Stability,False,Stable,Spring,General/Housing
2006,Thiết bị và đồ dùng gia đình,5,100.5,2,Main Category,Stability,False,Stable,Spring,General/Housing
2006,Thuốc và dịch vụ y tế,5,100.4,2,Main Category,Stability,False,Stable,Spring,Healthcare
2006,"Phương tiện đi lại, bưu điện",5,102.9,2,Sub-category,Stability,False,High Inflation,Spring,Transport
2006,Giáo dục,5,100.3,2,Main Category,Stability,False,Stable,Spring,Education
2006,"Văn hóa, giải trí và du lịch",5,100.9,2,Main Category,Stability,False,Stable,Spring,General/Housing
2006,Hàng hoá và dịch vụ khác,5,101.0,2,Main Category,Stability,False,Stable,Spring,General/Housing
2006,Chỉ số giá vàng,5,117.6,2,Main Category,Stability,False,High Inflation,Spring,Financial/Other
2006,Chỉ số đô la Mỹ,5,100.8,2,Main Category,Stability,False,Stable,Spring,Financial/Other
2005,Chỉ số giá tiêu dùng,5,100.5,2,Total CPI,Stability,False,Stable,Spring,General/Housing
2005,Hàng ăn và dịch vụ ăn uống,5,100.6,2,Main Category,Stability,False,Stable,Spring,Food & Beverage
2005,Lương thực,5,100.2,2,Sub-category,Stability,False,Stable,Spring,Food & Beverage
2005,Thực phẩm,5,100.8,2,Sub-category,Stability,False,Stable,Spring,Food & Beverage
2005,Đồ uống và thuốc lá,5,100.8,2,Main Category,Stability,False,Stable,Spring,General/Housing
2005,"May mặc, mũ nón, giày dép",5,100.4,2,Main Category,Stability,False,Stable,Spring,General/Housing
2005,Nhà ở và vật liệu xây dựng,5,100.8,2,Main Category,Stability,False,Stable,Spring,General/Housing
2005,Thiết bị và đồ dùng gia đình,5,100.3,2,Main Category,Stability,False,Stable,Spring,General/Housing
2005,Thuốc và dịch vụ y tế,5,100.4,2,Main Category,Stability,False,Stable,Spring,Healthcare
2005,"Phương tiện đi lại, bưu điện",5,100.4,2,Sub-category,Stability,False,Stable,Spring,Transport
2005,Giáo dục,5,100.1,2,Main Category,Stability,False,Stable,Spring,Education
2005,"Văn hóa, giải trí và du lịch",5,100.2,2,Main Category,Stability,False,Stable,Spring,General/Housing
2005,Hàng hoá và dịch vụ khác,5,100.4,2,Main Category,Stability,False,Stable,Spring,General/Housing
2005,Chỉ số giá vàng,5,99.8,2,Main Category,Stability,False,Deflation,Spring,Financial/Other
2005,Chỉ số đô la Mỹ,5,100.1,2,Main Category,Stability,False,Stable,Spring,Financial/Other
2004,Chỉ số giá tiêu dùng,5,100.9,2,Total CPI,Stability,False,Stable,Spring,General/Housing
2004,Hàng ăn và dịch vụ ăn uống,5,101.8,2,Main Category,Stability,False,High Inflation,Spring,Food & Beverage
2004,Lương thực,5,102.3,2,Sub-category,Stability,False,High Inflation,Spring,Food & Beverage
2004,Thực phẩm,5,101.8,2,Sub-category,Stability,False,High Inflation,Spring,Food & Beverage
2004,Đồ uống và thuốc lá,5,100.4,2,Main Category,Stability,False,Stable,Spring,General/Housing
2004,"May mặc, mũ nón, giày dép",5,99.9,2,Main Category,Stability,False,Deflation,Spring,General/Housing
2004,Nhà ở và vật liệu xây dựng,5,100.2,2,Main Category,Stability,False,Stable,Spring,General/Housing
2004,Thiết bị và đồ dùng gia đình,5,100.1,2,Main Category,Stability,False,Stable,Spring,General/Housing
2004,Thuốc và dịch vụ y tế,5,101.0,2,Main Category,Stability,False,Stable,Spring,Healthcare
2004,"Phương tiện đi lại, bưu điện",5,100.2,2,Sub-category,Stability,False,Stable,Spring,Transport
2004,Giáo dục,5,100.1,2,Main Category,Stability,False,Stable,Spring,Education
2004,"Văn hóa, giải trí và du lịch",5,100.0,2,Main Category,Stability,False,Stable,Spring,General/Housing
2004,Hàng hoá và dịch vụ khác,5,100.4,2,Main Category,Stability,False,Stable,Spring,General/Housing
2004,Chỉ số giá vàng,5,95.9,2,Main Category,Stability,False,Deflation,Spring,Financial/Other
2004,Chỉ số đô la Mỹ,5,99.7,2,Main Category,Stability,False,Deflation,Spring,Financial/Other
2003,Chỉ số giá tiêu dùng,5,99.9,2,Total CPI,Stability,False,Deflation,Spring,General/Housing
2003,Hàng ăn và dịch vụ ăn uống,5,99.7,2,Main Category,Stability,False,Deflation,Spring,Food & Beverage
2003,Lương thực,5,99.1,2,Sub-category,Stability,False,Deflation,Spring,Food & Beverage
2003,Thực phẩm,5,99.9,2,Sub-category,Stability,False,Deflation,Spring,Food & Beverage
2003,Đồ uống và thuốc lá,5,99.8,2,Main Category,Stability,False,Deflation,Spring,General/Housing
2003,"May mặc, mũ nón, giày dép",5,100.5,2,Main Category,Stability,False,Stable,Spring,General/Housing
2003,Nhà ở và vật liệu xây dựng,5,99.5,2,Main Category,Stability,False,Deflation,Spring,General/Housing
2003,Thiết bị và đồ dùng gia đình,5,100.2,2,Main Category,Stability,False,Stable,Spring,General/Housing
2003,Thuốc và dịch vụ y tế,5,101.3,2,Main Category,Stability,False,High Inflation,Spring,Healthcare
2003,"Phương tiện đi lại, bưu điện",5,99.8,2,Sub-category,Stability,False,Deflation,Spring,Transport
2003,Giáo dục,5,100.0,2,Main Category,Stability,False,Stable,Spring,Education
2003,"Văn hóa, giải trí và du lịch",5,99.7,2,Main Category,Stability,False,Deflation,Spring,General/Housing
2003,Hàng hoá và dịch vụ khác,5,100.3,2,Main Category,Stability,False,Stable,Spring,General/Housing
2003,Chỉ số giá vàng,5,100.2,2,Main Category,Stability,False,Stable,Spring,Financial/Other
2003,Chỉ số đô la Mỹ,5,100.0,2,Main Category,Stability,False,Stable,Spring,Financial/Other
2002,Chỉ số giá tiêu dùng,5,100.3,2,Total CPI,Stability,False,Stable,Spring,General/Housing
2002,Hàng ăn và dịch vụ ăn uống,5,100.7,2,Main Category,Stability,False,Stable,Spring,Food & Beverage
2002,Lương thực,5,99.5,2,Sub-category,Stability,False,Deflation,Spring,Food & Beverage
2002,Thực phẩm,5,101.3,2,Sub-category,Stability,False,High Inflation,Spring,Food & Beverage
2002,Đồ uống và thuốc lá,5,100.4,2,Main Category,Stability,False,Stable,Spring,General/Housing
2002,"May mặc, mũ nón, giày dép",5,99.8,2,Main Category,Stability,False,Deflation,Spring,General/Housing
2002,Nhà ở và vật liệu xây dựng,5,100.3,2,Main Category,Stability,False,Stable,Spring,General/Housing
2002,Thiết bị và đồ dùng gia đình,5,100.0,2,Main Category,Stability,False,Stable,Spring,General/Housing
2002,Thuốc và dịch vụ y tế,5,100.2,2,Main Category,Stability,False,Stable,Spring,Healthcare
2002,"Phương tiện đi lại, bưu điện",5,99.9,2,Sub-category,Stability,False,Deflation,Spring,Transport
2002,Giáo dục,5,99.9,2,Main Category,Stability,False,Deflation,Spring,Education
2002,"Văn hóa, giải trí và du lịch",5,99.8,2,Main Category,Stability,False,Deflation,Spring,General/Housing
2002,Hàng hoá và dịch vụ khác,5,99.8,2,Main Category,Stability,False,Deflation,Spring,General/Housing
2002,Chỉ số giá vàng,5,102.6,2,Main Category,Stability,False,High Inflation,Spring,Financial/Other
2002,Chỉ số đô la Mỹ,5,100.2,2,Main Category,Stability,False,Stable,Spring,Financial/Other
2024,Chỉ số giá tiêu dùng,6,100.17,2,Total CPI,Recovery,False,Stable,Summer,General/Housing
2024,Hàng ăn và dịch vụ ăn uống,6,100.75,2,Main Category,Recovery,False,Stable,Summer,Food & Beverage
2024,Lương thực,6,100.05,2,Sub-category,Recovery,False,Stable,Summer,Food & Beverage
2024,Thực phẩm,6,101.07,2,Sub-category,Recovery,False,High Inflation,Summer,Food & Beverage
2024,Ăn uống ngoài gia đình,6,100.26,2,Sub-category,Recovery,False,Stable,Summer,General/Housing
2024,Đồ uống và thuốc lá,6,100.17,2,Main Category,Recovery,False,Stable,Summer,General/Housing
2024,"May mặc, mũ nón, giày dép",6,99.89,2,Main Category,Recovery,False,Deflation,Summer,General/Housing
2024,Nhà ở và vật liệu xây dựng,6,100.35,2,Main Category,Recovery,False,Stable,Summer,General/Housing
2024,Thiết bị và đồ dùng gia đình,6,100.09,2,Main Category,Recovery,False,Stable,Summer,General/Housing
2024,Thuốc và dịch vụ y tế,6,100.6,2,Main Category,Recovery,False,Stable,Summer,Healthcare
2024,Trong đó: Dịch vụ y tế,6,100.76,2,Sub-category,Recovery,False,Stable,Summer,Healthcare
2024,Giao thông,6,97.73,2,Main Category,Recovery,False,Deflation,Summer,Transport
2024,Bưu chính viễn thông,6,100.02,2,Main Category,Recovery,False,Stable,Summer,General/Housing
2024,Giáo dục,6,99.99,2,Main Category,Recovery,False,Deflation,Summer,Education
2024,Trong đó: Dịch vụ giáo dục,6,100.0,2,Sub-category,Recovery,False,Stable,Summer,General/Housing
2024,"Văn hóa, giải trí và du lịch",6,100.68,2,Main Category,Recovery,False,Stable,Summer,General/Housing
2024,Hàng hoá và dịch vụ khác,6,100.05,2,Main Category,Recovery,False,Stable,Summer,General/Housing
2024,Chỉ số giá vàng,6,97.36,2,Main Category,Recovery,False,Deflation,Summer,Financial/Other
2024,Chỉ số đô la Mỹ,6,99.96,2,Main Category,Recovery,False,Deflation,Summer,Financial/Other
2023,Chỉ số giá tiêu dùng,6,100.27,2,Total CPI,Recovery,False,Stable,Summer,General/Housing
2023,Hàng ăn và dịch vụ ăn uống,6,100.57,2,Main Category,Recovery,False,Stable,Summer,Food & Beverage
2023,Lương thực,6,100.09,2,Sub-category,Recovery,False,Stable,Summer,Food & Beverage
2023,Thực phẩm,6,100.72,2,Sub-category,Recovery,False,Stable,Summer,Food & Beverage
2023,Ăn uống ngoài gia đình,6,100.42,2,Sub-category,Recovery,False,Stable,Summer,General/Housing
2023,Đồ uống và thuốc lá,6,100.16,2,Main Category,Recovery,False,Stable,Summer,General/Housing
2023,"May mặc, mũ nón, giày dép",6,100.11,2,Main Category,Recovery,False,Stable,Summer,General/Housing
2023,Nhà ở và vật liệu xây dựng,6,100.07,2,Main Category,Recovery,False,Stable,Summer,General/Housing
2023,Thiết bị và đồ dùng gia đình,6,100.19,2,Main Category,Recovery,False,Stable,Summer,General/Housing
2023,Thuốc và dịch vụ y tế,6,100.01,2,Main Category,Recovery,False,Stable,Summer,Healthcare
2023,Trong đó: Dịch vụ y tế,6,100.0,2,Sub-category,Recovery,False,Stable,Summer,Healthcare
2023,Giao thông,6,100.16,2,Main Category,Recovery,False,Stable,Summer,Transport
2023,Bưu chính viễn thông,6,99.77,2,Main Category,Recovery,False,Deflation,Summer,General/Housing
2023,Giáo dục,6,100.11,2,Main Category,Recovery,False,Stable,Summer,Education
2023,Trong đó: Dịch vụ giáo dục,6,100.1,2,Sub-category,Recovery,False,Stable,Summer,General/Housing
2023,"Văn hóa, giải trí và du lịch",6,100.34,2,Main Category,Recovery,False,Stable,Summer,General/Housing
2023,Hàng hoá và dịch vụ khác,6,100.26,2,Main Category,Recovery,False,Stable,Summer,General/Housing
2023,Chỉ số giá vàng,6,99.36,2,Main Category,Recovery,False,Deflation,Summer,Financial/Other
2023,Chỉ số đô la Mỹ,6,100.14,2,Main Category,Recovery,False,Stable,Summer,Financial/Other
2022,Chỉ số giá tiêu dùng,6,100.69,2,Total CPI,COVID-19,False,Stable,Summer,General/Housing
2022,Hàng ăn và dịch vụ ăn uống,6,100.8,2,Main Category,COVID-19,False,Stable,Summer,Food & Beverage
2022,Lương thực,6,100.16,2,Sub-category,COVID-19,False,Stable,Summer,Food & Beverage
2022,Thực phẩm,6,100.98,2,Sub-category,COVID-19,False,Stable,Summer,Food & Beverage
2022,Ăn uống ngoài gia đình,6,100.65,2,Sub-category,COVID-19,False,Stable,Summer,General/Housing
2022,Đồ uống và thuốc lá,6,100.35,2,Main Category,COVID-19,False,Stable,Summer,General/Housing
2022,"May mặc, mũ nón, giày dép",6,100.17,2,Main Category,COVID-19,False,Stable,Summer,General/Housing
2022,Nhà ở và vật liệu xây dựng,6,99.99,2,Main Category,COVID-19,False,Deflation,Summer,General/Housing
2022,Thiết bị và đồ dùng gia đình,6,100.31,2,Main Category,COVID-19,False,Stable,Summer,General/Housing
2022,Thuốc và dịch vụ y tế,6,100.04,2,Main Category,COVID-19,False,Stable,Summer,Healthcare
2022,Trong đó: Dịch vụ y tế,6,100.01,2,Sub-category,COVID-19,False,Stable,Summer,Healthcare
2022,Giao thông,6,103.62,2,Main Category,COVID-19,False,High Inflation,Summer,Transport
2022,Bưu chính viễn thông,6,99.84,2,Main Category,COVID-19,False,Deflation,Summer,General/Housing
2022,Giáo dục,6,100.07,2,Main Category,COVID-19,False,Stable,Summer,Education
2022,Trong đó: Dịch vụ giáo dục,6,100.03,2,Sub-category,COVID-19,False,Stable,Summer,General/Housing
2022,"Văn hóa, giải trí và du lịch",6,100.52,2,Main Category,COVID-19,False,Stable,Summer,General/Housing
2022,Hàng hoá và dịch vụ khác,6,100.24,2,Main Category,COVID-19,False,Stable,Summer,General/Housing
2022,Chỉ số giá vàng,6,98.86,2,Main Category,COVID-19,False,Deflation,Summer,Financial/Other
2022,Chỉ số đô la Mỹ,6,100.72,2,Main Category,COVID-19,False,Stable,Summer,Financial/Other
2021,Chỉ số giá tiêu dùng,6,100.19,2,Total CPI,COVID-19,False,Stable,Summer,General/Housing
2021,Hàng ăn và dịch vụ ăn uống,6,99.87,2,Main Category,COVID-19,False,Deflation,Summer,Food & Beverage
2021,Lương thực,6,99.72,2,Sub-category,COVID-19,False,Deflation,Summer,Food & Beverage
2021,Thực phẩm,6,99.81,2,Sub-category,COVID-19,False,Deflation,Summer,Food & Beverage
2021,Ăn uống ngoài gia đình,6,100.07,2,Sub-category,COVID-19,False,Stable,Summer,General/Housing
2021,Đồ uống và thuốc lá,6,100.11,2,Main Category,COVID-19,False,Stable,Summer,General/Housing
2021,"May mặc, mũ nón, giày dép",6,100.0,2,Main Category,COVID-19,False,Stable,Summer,General/Housing
2021,Nhà ở và vật liệu xây dựng,6,100.63,2,Main Category,COVID-19,False,Stable,Summer,General/Housing
2021,Thiết bị và đồ dùng gia đình,6,100.1,2,Main Category,COVID-19,False,Stable,Summer,General/Housing
2021,Thuốc và dịch vụ y tế,6,100.02,2,Main Category,COVID-19,False,Stable,Summer,Healthcare
2021,Trong đó: Dịch vụ y tế,6,100.01,2,Sub-category,COVID-19,False,Stable,Summer,Healthcare
2021,Giao thông,6,101.07,2,Main Category,COVID-19,False,High Inflation,Summer,Transport
2021,Bưu chính viễn thông,6,100.01,2,Main Category,COVID-19,False,Stable,Summer,General/Housing
2021,Giáo dục,6,100.03,2,Main Category,COVID-19,False,Stable,Summer,Education
2021,Trong đó: Dịch vụ giáo dục,6,100.0,2,Sub-category,COVID-19,False,Stable,Summer,General/Housing
2021,"Văn hóa, giải trí và du lịch",6,99.92,2,Main Category,COVID-19,False,Deflation,Summer,General/Housing
2021,Hàng hoá và dịch vụ khác,6,100.06,2,Main Category,COVID-19,False,Stable,Summer,General/Housing
2021,Chỉ số giá vàng,6,101.12,2,Main Category,COVID-19,False,High Inflation,Summer,Financial/Other
2021,Chỉ số đô la Mỹ,6,99.7,2,Main Category,COVID-19,False,Deflation,Summer,Financial/Other
2020,Chỉ số giá tiêu dùng,6,100.66,2,Total CPI,COVID-19,False,Stable,Summer,General/Housing
2020,Hàng ăn và dịch vụ ăn uống,6,100.44,2,Main Category,COVID-19,False,Stable,Summer,Food & Beverage
2020,Lương thực,6,99.6,2,Sub-category,COVID-19,False,Deflation,Summer,Food & Beverage
2020,Thực phẩm,6,100.72,2,Sub-category,COVID-19,False,Stable,Summer,Food & Beverage
2020,Đồ uống và thuốc lá,6,100.09,2,Main Category,COVID-19,False,Stable,Summer,General/Housing
2020,"May mặc, mũ nón, giày dép",6,100.0,2,Main Category,COVID-19,False,Stable,Summer,General/Housing
2020,Nhà ở và vật liệu xây dựng,6,99.58,2,Main Category,COVID-19,False,Deflation,Summer,General/Housing
2020,Thiết bị và đồ dùng gia đình,6,100.07,2,Main Category,COVID-19,False,Stable,Summer,General/Housing
2020,Thuốc và dịch vụ y tế,6,100.01,2,Main Category,COVID-19,False,Stable,Summer,Healthcare
2020,Giao thông,6,106.05,2,Main Category,COVID-19,False,High Inflation,Summer,Transport
2020,Bưu chính viễn thông,6,99.96,2,Main Category,COVID-19,False,Deflation,Summer,General/Housing
2020,Giáo dục,6,100.01,2,Main Category,COVID-19,False,Stable,Summer,Education
2020,"Văn hóa, giải trí và du lịch",6,99.99,2,Main Category,COVID-19,False,Deflation,Summer,General/Housing
2020,Hàng hoá và dịch vụ khác,6,100.19,2,Main Category,COVID-19,False,Stable,Summer,General/Housing
2020,Chỉ số giá vàng,6,101.71,2,Main Category,COVID-19,False,High Inflation,Summer,Financial/Other
2020,Chỉ số đô la Mỹ,6,99.42,2,Main Category,COVID-19,False,Deflation,Summer,Financial/Other
2019,Chỉ số giá tiêu dùng,6,99.91,2,Total CPI,Economic Growth,False,Deflation,Summer,General/Housing
2019,Hàng ăn và dịch vụ ăn uống,6,100.12,2,Main Category,Economic Growth,False,Stable,Summer,Food & Beverage
2019,Lương thực,6,99.66,2,Sub-category,Economic Growth,False,Deflation,Summer,Food & Beverage
2019,Thực phẩm,6,100.23,2,Sub-category,Economic Growth,False,Stable,Summer,Food & Beverage
2019,Đồ uống và thuốc lá,6,100.33,2,Main Category,Economic Growth,False,Stable,Summer,General/Housing
2019,"May mặc, mũ nón, giày dép",6,100.14,2,Main Category,Economic Growth,False,Stable,Summer,General/Housing
2019,Nhà ở và vật liệu xây dựng,6,99.8,2,Main Category,Economic Growth,False,Deflation,Summer,General/Housing
2019,Thiết bị và đồ dùng gia đình,6,100.14,2,Main Category,Economic Growth,False,Stable,Summer,General/Housing
2019,Thuốc và dịch vụ y tế,6,100.05,2,Main Category,Economic Growth,False,Stable,Summer,Healthcare
2019,Giao thông,6,98.27,2,Main Category,Economic Growth,False,Deflation,Summer,Transport
2019,Bưu chính viễn thông,6,99.9,2,Main Category,Economic Growth,False,Deflation,Summer,General/Housing
2019,Giáo dục,6,100.23,2,Main Category,Economic Growth,False,Stable,Summer,Education
2019,"Văn hóa, giải trí và du lịch",6,100.2,2,Main Category,Economic Growth,False,Stable,Summer,General/Housing
2019,Hàng hoá và dịch vụ khác,6,100.15,2,Main Category,Economic Growth,False,Stable,Summer,General/Housing
2019,Chỉ số giá vàng,6,101.98,2,Main Category,Economic Growth,False,High Inflation,Summer,Financial/Other
2019,Chỉ số đô la Mỹ,6,100.3,2,Main Category,Economic Growth,False,Stable,Summer,Financial/Other
2018,Chỉ số giá tiêu dùng,6,100.61,2,Total CPI,Economic Growth,False,Stable,Summer,General/Housing
2018,Hàng ăn và dịch vụ ăn uống,6,101.08,2,Main Category,Economic Growth,False,High Inflation,Summer,Food & Beverage
2018,Lương thực,6,99.55,2,Sub-category,Economic Growth,False,Deflation,Summer,Food & Beverage
2018,Thực phẩm,6,101.75,2,Sub-category,Economic Growth,False,High Inflation,Summer,Food & Beverage
2018,Đồ uống và thuốc lá,6,100.09,2,Main Category,Economic Growth,False,Stable,Summer,General/Housing
2018,"May mặc, mũ nón, giày dép",6,100.06,2,Main Category,Economic Growth,False,Stable,Summer,General/Housing
2018,Nhà ở và vật liệu xây dựng,6,100.65,2,Main Category,Economic Growth,False,Stable,Summer,General/Housing
2018,Thiết bị và đồ dùng gia đình,6,100.03,2,Main Category,Economic Growth,False,Stable,Summer,General/Housing
2018,Thuốc và dịch vụ y tế,6,100.03,2,Main Category,Economic Growth,False,Stable,Summer,Healthcare
2018,Giao thông,6,101.04,2,Main Category,Economic Growth,False,High Inflation,Summer,Transport
2018,Bưu chính viễn thông,6,99.89,2,Main Category,Economic Growth,False,Deflation,Summer,General/Housing
2018,Giáo dục,6,100.11,2,Main Category,Economic Growth,False,Stable,Summer,Education
2018,"Văn hóa, giải trí và du lịch",6,100.13,2,Main Category,Economic Growth,False,Stable,Summer,General/Housing
2018,Hàng hoá và dịch vụ khác,6,100.02,2,Main Category,Economic Growth,False,Stable,Summer,General/Housing
2018,Chỉ số giá vàng,6,99.21,2,Main Category,Economic Growth,False,Deflation,Summer,Financial/Other
2018,Chỉ số đô la Mỹ,6,100.2,2,Main Category,Economic Growth,False,Stable,Summer,Financial/Other
2017,Chỉ số giá tiêu dùng,6,99.83,2,Total CPI,Economic Growth,False,Deflation,Summer,General/Housing
2017,Hàng ăn và dịch vụ ăn uống,6,99.41,2,Main Category,Economic Growth,False,Deflation,Summer,Food & Beverage
2017,Lương thực,6,99.49,2,Sub-category,Economic Growth,False,Deflation,Summer,Food & Beverage
2017,Thực phẩm,6,99.15,2,Sub-category,Economic Growth,False,Deflation,Summer,Food & Beverage
2017,Đồ uống và thuốc lá,6,100.1,2,Main Category,Economic Growth,False,Stable,Summer,General/Housing
2017,"May mặc, mũ nón, giày dép",6,100.05,2,Main Category,Economic Growth,False,Stable,Summer,General/Housing
2017,Nhà ở và vật liệu xây dựng,6,100.53,2,Main Category,Economic Growth,False,Stable,Summer,General/Housing
2017,Thiết bị và đồ dùng gia đình,6,100.08,2,Main Category,Economic Growth,False,Stable,Summer,General/Housing
2017,Thuốc và dịch vụ y tế,6,100.01,2,Main Category,Economic Growth,False,Stable,Summer,Healthcare
2017,Giao thông,6,99.29,2,Main Category,Economic Growth,False,Deflation,Summer,Transport
2017,Bưu chính viễn thông,6,99.99,2,Main Category,Economic Growth,False,Deflation,Summer,General/Housing
2017,Giáo dục,6,100.09,2,Main Category,Economic Growth,False,Stable,Summer,Education
2017,"Văn hóa, giải trí và du lịch",6,100.19,2,Main Category,Economic Growth,False,Stable,Summer,General/Housing
2017,Hàng hoá và dịch vụ khác,6,100.05,2,Main Category,Economic Growth,False,Stable,Summer,General/Housing
2017,Chỉ số giá vàng,6,100.25,2,Main Category,Economic Growth,False,Stable,Summer,Financial/Other
2017,Chỉ số đô la Mỹ,6,99.93,2,Main Category,Economic Growth,False,Deflation,Summer,Financial/Other
2016,Chỉ số giá tiêu dùng,6,100.46,2,Total CPI,Economic Growth,False,Stable,Summer,General/Housing
2016,Hàng ăn và dịch vụ ăn uống,6,100.21,2,Main Category,Economic Growth,False,Stable,Summer,Food & Beverage
2016,Lương thực,6,99.76,2,Sub-category,Economic Growth,False,Deflation,Summer,Food & Beverage
2016,Thực phẩm,6,100.36,2,Sub-category,Economic Growth,False,Stable,Summer,Food & Beverage
2016,Đồ uống và thuốc lá,6,100.13,2,Main Category,Economic Growth,False,Stable,Summer,General/Housing
2016,"May mặc, mũ nón, giày dép",6,100.06,2,Main Category,Economic Growth,False,Stable,Summer,General/Housing
2016,Nhà ở và vật liệu xây dựng,6,100.55,2,Main Category,Economic Growth,False,Stable,Summer,General/Housing
2016,Thiết bị và đồ dùng gia đình,6,100.06,2,Main Category,Economic Growth,False,Stable,Summer,General/Housing
2016,Thuốc và dịch vụ y tế,6,100.05,2,Main Category,Economic Growth,False,Stable,Summer,Healthcare
2016,Giao thông,6,102.99,2,Main Category,Economic Growth,False,High Inflation,Summer,Transport
2016,Bưu chính viễn thông,6,99.94,2,Main Category,Economic Growth,False,Deflation,Summer,General/Housing
2016,Giáo dục,6,100.06,2,Main Category,Economic Growth,False,Stable,Summer,Education
2016,"Văn hóa, giải trí và du lịch",6,100.18,2,Main Category,Economic Growth,False,Stable,Summer,General/Housing
2016,Hàng hoá và dịch vụ khác,6,100.03,2,Main Category,Economic Growth,False,Stable,Summer,General/Housing
2016,Chỉ số giá vàng,6,99.99,2,Main Category,Economic Growth,False,Deflation,Summer,Financial/Other
2016,Chỉ số đô la Mỹ,6,100.09,2,Main Category,Economic Growth,False,Stable,Summer,Financial/Other
2015,Chỉ số giá tiêu dùng,6,100.35,2,Total CPI,Economic Growth,False,Stable,Summer,General/Housing
2015,Hàng ăn và dịch vụ ăn uống,6,99.97,2,Main Category,Economic Growth,False,Deflation,Summer,Food & Beverage
2015,Lương thực,6,99.38,2,Sub-category,Economic Growth,False,Deflation,Summer,Food & Beverage
2015,Thực phẩm,6,100.1,2,Sub-category,Economic Growth,False,Stable,Summer,Food & Beverage
2015,Đồ uống và thuốc lá,6,100.24,2,Main Category,Economic Growth,False,Stable,Summer,General/Housing
2015,"May mặc, mũ nón, giày dép",6,100.17,2,Main Category,Economic Growth,False,Stable,Summer,General/Housing
2015,Nhà ở và vật liệu xây dựng,6,100.3,2,Main Category,Economic Growth,False,Stable,Summer,General/Housing
2015,Thiết bị và đồ dùng gia đình,6,100.12,2,Main Category,Economic Growth,False,Stable,Summer,General/Housing
2015,Thuốc và dịch vụ y tế,6,100.38,2,Main Category,Economic Growth,False,Stable,Summer,Healthcare
2015,Giao thông,6,103.54,2,Main Category,Economic Growth,False,High Inflation,Summer,Transport
2015,Bưu chính viễn thông,6,99.97,2,Main Category,Economic Growth,False,Deflation,Summer,General/Housing
2015,Giáo dục,6,100.0,2,Main Category,Economic Growth,False,Stable,Summer,Education
2015,"Văn hóa, giải trí và du lịch",6,100.26,2,Main Category,Economic Growth,False,Stable,Summer,General/Housing
2015,Hàng hoá và dịch vụ khác,6,100.12,2,Main Category,Economic Growth,False,Stable,Summer,General/Housing
2015,Chỉ số giá vàng,6,99.92,2,Main Category,Economic Growth,False,Deflation,Summer,Financial/Other
2015,Chỉ số đô la Mỹ,6,100.62,2,Main Category,Economic Growth,False,Stable,Summer,Financial/Other
2014,Chỉ số giá tiêu dùng,6,100.3,2,Total CPI,Economic Growth,False,Stable,Summer,General/Housing
2014,Hàng ăn và dịch vụ ăn uống,6,100.28,2,Main Category,Economic Growth,False,Stable,Summer,Food & Beverage
2014,Lương thực,6,99.57,2,Sub-category,Economic Growth,False,Deflation,Summer,Food & Beverage
2014,Thực phẩm,6,100.54,2,Sub-category,Economic Growth,False,Stable,Summer,Food & Beverage
2014,Đồ uống và thuốc lá,6,100.3,2,Main Category,Economic Growth,False,Stable,Summer,General/Housing
2014,"May mặc, mũ nón, giày dép",6,100.22,2,Main Category,Economic Growth,False,Stable,Summer,General/Housing
2014,Nhà ở và vật liệu xây dựng,6,100.61,2,Main Category,Economic Growth,False,Stable,Summer,General/Housing
2014,Thiết bị và đồ dùng gia đình,6,100.2,2,Main Category,Economic Growth,False,Stable,Summer,General/Housing
2014,Thuốc và dịch vụ y tế,6,100.74,2,Main Category,Economic Growth,False,Stable,Summer,Healthcare
2014,Giao thông,6,100.18,2,Main Category,Economic Growth,False,Stable,Summer,Transport
2014,Bưu chính viễn thông,6,99.87,2,Main Category,Economic Growth,False,Deflation,Summer,General/Housing
2014,Giáo dục,6,100.01,2,Main Category,Economic Growth,False,Stable,Summer,Education
2014,"Văn hóa, giải trí và du lịch",6,100.27,2,Main Category,Economic Growth,False,Stable,Summer,General/Housing
2014,Hàng hoá và dịch vụ khác,6,100.23,2,Main Category,Economic Growth,False,Stable,Summer,General/Housing
2014,Chỉ số giá vàng,6,99.88,2,Main Category,Economic Growth,False,Deflation,Summer,Financial/Other
2014,Chỉ số đô la Mỹ,6,100.49,2,Main Category,Economic Growth,False,Stable,Summer,Financial/Other
2013,Chỉ số giá tiêu dùng,6,100.05,2,Total CPI,Economic Growth,False,Stable,Summer,General/Housing
2013,Hàng ăn và dịch vụ ăn uống,6,99.92,2,Main Category,Economic Growth,False,Deflation,Summer,Food & Beverage
2013,Lương thực,6,99.38,2,Sub-category,Economic Growth,False,Deflation,Summer,Food & Beverage
2013,Thực phẩm,6,99.97,2,Sub-category,Economic Growth,False,Deflation,Summer,Food & Beverage
2013,Đồ uống và thuốc lá,6,100.32,2,Main Category,Economic Growth,False,Stable,Summer,General/Housing
2013,"May mặc, mũ nón, giày dép",6,100.42,2,Main Category,Economic Growth,False,Stable,Summer,General/Housing
2013,Nhà ở và vật liệu xây dựng,6,100.02,2,Main Category,Economic Growth,False,Stable,Summer,General/Housing
2013,Thiết bị và đồ dùng gia đình,6,100.33,2,Main Category,Economic Growth,False,Stable,Summer,General/Housing
2013,Thuốc và dịch vụ y tế,6,100.09,2,Main Category,Economic Growth,False,Stable,Summer,Healthcare
2013,Giao thông,6,99.91,2,Main Category,Economic Growth,False,Deflation,Summer,Transport
2013,Bưu chính viễn thông,6,99.87,2,Main Category,Economic Growth,False,Deflation,Summer,General/Housing
2013,Giáo dục,6,100.03,2,Main Category,Economic Growth,False,Stable,Summer,Education
2013,"Văn hóa, giải trí và du lịch",6,100.4,2,Main Category,Economic Growth,False,Stable,Summer,General/Housing
2013,Hàng hoá và dịch vụ khác,6,100.15,2,Main Category,Economic Growth,False,Stable,Summer,General/Housing
2013,Chỉ số giá vàng,6,95.89,2,Main Category,Economic Growth,False,Deflation,Summer,Financial/Other
2013,Chỉ số đô la Mỹ,6,100.26,2,Main Category,Economic Growth,False,Stable,Summer,Financial/Other
2012,Chỉ số giá tiêu dùng,6,99.74,2,Total CPI,Economic Growth,False,Deflation,Summer,General/Housing
2012,Hàng ăn và dịch vụ ăn uống,6,99.77,2,Main Category,Economic Growth,False,Deflation,Summer,Food & Beverage
2012,Lương thực,6,99.22,2,Sub-category,Economic Growth,False,Deflation,Summer,Food & Beverage
2012,Thực phẩm,6,99.69,2,Sub-category,Economic Growth,False,Deflation,Summer,Food & Beverage
2012,Đồ uống và thuốc lá,6,100.33,2,Main Category,Economic Growth,False,Stable,Summer,General/Housing
2012,"May mặc, mũ nón, giày dép",6,100.62,2,Main Category,Economic Growth,False,Stable,Summer,General/Housing
2012,Nhà ở và vật liệu xây dựng,6,98.79,2,Main Category,Economic Growth,False,Deflation,Summer,General/Housing
2012,Thiết bị và đồ dùng gia đình,6,100.46,2,Main Category,Economic Growth,False,Stable,Summer,General/Housing
2012,Thuốc và dịch vụ y tế,6,100.46,2,Main Category,Economic Growth,False,Stable,Summer,Healthcare
2012,Giao thông,6,98.36,2,Main Category,Economic Growth,False,Deflation,Summer,Transport
2012,Bưu chính viễn thông,6,99.98,2,Main Category,Economic Growth,False,Deflation,Summer,General/Housing
2012,Giáo dục,6,100.1,2,Main Category,Economic Growth,False,Stable,Summer,Education
2012,"Văn hóa, giải trí và du lịch",6,99.73,2,Main Category,Economic Growth,False,Deflation,Summer,General/Housing
2012,Hàng hoá và dịch vụ khác,6,100.35,2,Main Category,Economic Growth,False,Stable,Summer,General/Housing
2012,Chỉ số giá vàng,6,97.97,2,Main Category,Economic Growth,False,Deflation,Summer,Financial/Other
2012,Chỉ số đô la Mỹ,6,100.2,2,Main Category,Economic Growth,False,Stable,Summer,Financial/Other
2011,Chỉ số giá tiêu dùng,6,101.09,2,Total CPI,Post-Crisis Volatility,False,High Inflation,Summer,General/Housing
2011,Hàng ăn và dịch vụ ăn uống,6,101.79,2,Main Category,Post-Crisis Volatility,False,High Inflation,Summer,Food & Beverage
2011,Lương thực,6,100.33,2,Sub-category,Post-Crisis Volatility,False,Stable,Summer,Food & Beverage
2011,Thực phẩm,6,102.47,2,Sub-category,Post-Crisis Volatility,False,High Inflation,Summer,Food & Beverage
2011,Đồ uống và thuốc lá,6,100.76,2,Main Category,Post-Crisis Volatility,False,Stable,Summer,General/Housing
2011,"May mặc, mũ nón, giày dép",6,100.62,2,Main Category,Post-Crisis Volatility,False,Stable,Summer,General/Housing
2011,Nhà ở và vật liệu xây dựng,6,100.56,2,Main Category,Post-Crisis Volatility,False,Stable,Summer,General/Housing
2011,Thiết bị và đồ dùng gia đình,6,100.72,2,Main Category,Post-Crisis Volatility,False,Stable,Summer,General/Housing
2011,Thuốc và dịch vụ y tế,6,100.25,2,Main Category,Post-Crisis Volatility,False,Stable,Summer,Healthcare
2011,Giao thông,6,100.39,2,Main Category,Post-Crisis Volatility,False,Stable,Summer,Transport
2011,Bưu chính viễn thông,6,99.99,2,Main Category,Post-Crisis Volatility,False,Deflation,Summer,General/Housing
2011,Giáo dục,6,100.47,2,Main Category,Post-Crisis Volatility,False,Stable,Summer,Education
2011,"Văn hóa, giải trí và du lịch",6,100.77,2,Main Category,Post-Crisis Volatility,False,Stable,Summer,General/Housing
2011,Hàng hoá và dịch vụ khác,6,100.86,2,Main Category,Post-Crisis Volatility,False,Stable,Summer,General/Housing
2011,Chỉ số giá vàng,6,100.36,2,Main Category,Post-Crisis Volatility,False,Stable,Summer,Financial/Other
2011,Chỉ số đô la Mỹ,6,99.22,2,Main Category,Post-Crisis Volatility,False,Deflation,Summer,Financial/Other
2010,Chỉ số giá tiêu dùng,6,100.22,2,Total CPI,Post-Crisis Volatility,False,Stable,Summer,General/Housing
2010,Hàng ăn và dịch vụ ăn uống,6,100.37,2,Main Category,Post-Crisis Volatility,False,Stable,Summer,Food & Beverage
2010,Lương thực,6,99.17,2,Sub-category,Post-Crisis Volatility,False,Deflation,Summer,Food & Beverage
2010,Thực phẩm,6,100.71,2,Sub-category,Post-Crisis Volatility,False,Stable,Summer,Food & Beverage
2010,Đồ uống và thuốc lá,6,100.62,2,Main Category,Post-Crisis Volatility,False,Stable,Summer,General/Housing
2010,"May mặc, mũ nón, giày dép",6,100.33,2,Main Category,Post-Crisis Volatility,False,Stable,Summer,General/Housing
2010,Nhà ở và vật liệu xây dựng,6,100.01,2,Main Category,Post-Crisis Volatility,False,Stable,Summer,General/Housing
2010,Thiết bị và đồ dùng gia đình,6,100.48,2,Main Category,Post-Crisis Volatility,False,Stable,Summer,General/Housing
2010,Thuốc và dịch vụ y tế,6,100.21,2,Main Category,Post-Crisis Volatility,False,Stable,Summer,Healthcare
2010,Giao thông,6,99.29,2,Main Category,Post-Crisis Volatility,False,Deflation,Summer,Transport
2010,Bưu chính viễn thông,6,100.49,2,Main Category,Post-Crisis Volatility,False,Stable,Summer,General/Housing
2010,Giáo dục,6,100.09,2,Main Category,Post-Crisis Volatility,False,Stable,Summer,Education
2010,"Văn hóa, giải trí và du lịch",6,100.36,2,Main Category,Post-Crisis Volatility,False,Stable,Summer,General/Housing
2010,Hàng hoá và dịch vụ khác,6,100.46,2,Main Category,Post-Crisis Volatility,False,Stable,Summer,General/Housing
2010,Chỉ số giá vàng,6,103.09,2,Main Category,Post-Crisis Volatility,False,High Inflation,Summer,Financial/Other
2010,Chỉ số đô la Mỹ,6,99.83,2,Main Category,Post-Crisis Volatility,False,Deflation,Summer,Financial/Other
2009,Chỉ số giá tiêu dùng,6,100.55,2,Total CPI,Post-Crisis Volatility,False,Stable,Summer,General/Housing
2009,Hàng ăn và dịch vụ ăn uống,6,100.28,2,Main Category,Post-Crisis Volatility,False,Stable,Summer,Food & Beverage
2009,Lương thực,6,98.9,2,Sub-category,Post-Crisis Volatility,False,Deflation,Summer,Food & Beverage
2009,Thực phẩm,6,100.67,2,Sub-category,Post-Crisis Volatility,False,Stable,Summer,Food & Beverage
2009,Đồ uống và thuốc lá,6,100.64,2,Main Category,Post-Crisis Volatility,False,Stable,Summer,General/Housing
2009,"May mặc, mũ nón, giày dép",6,100.47,2,Main Category,Post-Crisis Volatility,False,Stable,Summer,General/Housing
2009,Nhà ở và vật liệu xây dựng,6,101.45,2,Main Category,Post-Crisis Volatility,False,High Inflation,Summer,General/Housing
2009,Thiết bị và đồ dùng gia đình,6,100.66,2,Main Category,Post-Crisis Volatility,False,Stable,Summer,General/Housing
2009,Thuốc và dịch vụ y tế,6,100.27,2,Main Category,Post-Crisis Volatility,False,Stable,Summer,Healthcare
2009,"Phương tiện đi lại, bưu điện",6,101.35,2,Sub-category,Post-Crisis Volatility,False,High Inflation,Summer,Transport
2009,Giáo dục,6,100.07,2,Main Category,Post-Crisis Volatility,False,Stable,Summer,Education
2009,"Văn hóa, giải trí và du lịch",6,100.3,2,Main Category,Post-Crisis Volatility,False,Stable,Summer,General/Housing
2009,Hàng hoá và dịch vụ khác,6,101.36,2,Main Category,Post-Crisis Volatility,False,High Inflation,Summer,General/Housing
2009,Chỉ số giá vàng,6,105.57,2,Main Category,Post-Crisis Volatility,False,High Inflation,Summer,Financial/Other
2009,Chỉ số đô la Mỹ,6,100.14,2,Main Category,Post-Crisis Volatility,False,Stable,Summer,Financial/Other
2008,Chỉ số giá tiêu dùng,6,102.14,2,Total CPI,2008 Crisis,False,High Inflation,Summer,General/Housing
2008,Hàng ăn và dịch vụ ăn uống,6,103.29,2,Main Category,2008 Crisis,False,High Inflation,Summer,Food & Beverage
2008,Lương thực,6,104.29,2,Sub-category,2008 Crisis,False,High Inflation,Summer,Food & Beverage
2008,Thực phẩm,6,103.05,2,Sub-category,2008 Crisis,False,High Inflation,Summer,Food & Beverage
2008,Đồ uống và thuốc lá,6,101.07,2,Main Category,2008 Crisis,False,High Inflation,Summer,General/Housing
2008,"May mặc, mũ nón, giày dép",6,100.92,2,Main Category,2008 Crisis,False,Stable,Summer,General/Housing
2008,Nhà ở và vật liệu xây dựng,6,101.93,2,Main Category,2008 Crisis,False,High Inflation,Summer,General/Housing
2008,Thiết bị và đồ dùng gia đình,6,101.28,2,Main Category,2008 Crisis,False,High Inflation,Summer,General/Housing
2008,Thuốc và dịch vụ y tế,6,100.66,2,Main Category,2008 Crisis,False,Stable,Summer,Healthcare
2008,"Phương tiện đi lại, bưu điện",6,100.35,2,Sub-category,2008 Crisis,False,Stable,Summer,Transport
2008,Giáo dục,6,100.67,2,Main Category,2008 Crisis,False,Stable,Summer,Education
2008,"Văn hóa, giải trí và du lịch",6,100.4,2,Main Category,2008 Crisis,False,Stable,Summer,General/Housing
2008,Hàng hoá và dịch vụ khác,6,100.96,2,Main Category,2008 Crisis,False,Stable,Summer,General/Housing
2008,Chỉ số giá vàng,6,104.36,2,Main Category,2008 Crisis,False,High Inflation,Summer,Financial/Other
2008,Chỉ số đô la Mỹ,6,104.69,2,Main Category,2008 Crisis,False,High Inflation,Summer,Financial/Other
2007,Chỉ số giá tiêu dùng,6,100.85,2,Total CPI,Stability,False,Stable,Summer,General/Housing
2007,Hàng ăn và dịch vụ ăn uống,6,101.02,2,Main Category,Stability,False,High Inflation,Summer,Food & Beverage
2007,Lương thực,6,100.43,2,Sub-category,Stability,False,Stable,Summer,Food & Beverage
2007,Thực phẩm,6,101.44,2,Sub-category,Stability,False,High Inflation,Summer,Food & Beverage
2007,Đồ uống và thuốc lá,6,100.16,2,Main Category,Stability,False,Stable,Summer,General/Housing
2007,"May mặc, mũ nón, giày dép",6,100.48,2,Main Category,Stability,False,Stable,Summer,General/Housing
2007,Nhà ở và vật liệu xây dựng,6,101.33,2,Main Category,Stability,False,High Inflation,Summer,General/Housing
2007,Thiết bị và đồ dùng gia đình,6,100.38,2,Main Category,Stability,False,Stable,Summer,General/Housing
2007,Thuốc và dịch vụ y tế,6,100.81,2,Main Category,Stability,False,Stable,Summer,Healthcare
2007,"Phương tiện đi lại, bưu điện",6,100.91,2,Sub-category,Stability,False,Stable,Summer,Transport
2007,Giáo dục,6,100.17,2,Main Category,Stability,False,Stable,Summer,Education
2007,"Văn hóa, giải trí và du lịch",6,101.25,2,Main Category,Stability,False,High Inflation,Summer,General/Housing
2007,Hàng hoá và dịch vụ khác,6,100.49,2,Main Category,Stability,False,Stable,Summer,General/Housing
2007,Chỉ số giá vàng,6,98.03,2,Main Category,Stability,False,Deflation,Summer,Financial/Other
2007,Chỉ số đô la Mỹ,6,100.26,2,Main Category,Stability,False,Stable,Summer,Financial/Other
2006,Chỉ số giá tiêu dùng,6,100.4,2,Total CPI,Stability,False,Stable,Summer,General/Housing
2006,Hàng ăn và dịch vụ ăn uống,6,100.4,2,Main Category,Stability,False,Stable,Summer,Food & Beverage
2006,Lương thực,6,100.2,2,Sub-category,Stability,False,Stable,Summer,Food & Beverage
2006,Thực phẩm,6,100.4,2,Sub-category,Stability,False,Stable,Summer,Food & Beverage
2006,Đồ uống và thuốc lá,6,100.3,2,Main Category,Stability,False,Stable,Summer,General/Housing
2006,"May mặc, mũ nón, giày dép",6,100.4,2,Main Category,Stability,False,Stable,Summer,General/Housing
2006,Nhà ở và vật liệu xây dựng,6,101.0,2,Main Category,Stability,False,Stable,Summer,General/Housing
2006,Thiết bị và đồ dùng gia đình,6,100.7,2,Main Category,Stability,False,Stable,Summer,General/Housing
2006,Thuốc và dịch vụ y tế,6,100.5,2,Main Category,Stability,False,Stable,Summer,Healthcare
2006,"Phương tiện đi lại, bưu điện",6,100.1,2,Sub-category,Stability,False,Stable,Summer,Transport
2006,Giáo dục,6,99.8,2,Main Category,Stability,False,Deflation,Summer,Education
2006,"Văn hóa, giải trí và du lịch",6,100.0,2,Main Category,Stability,False,Stable,Summer,General/Housing
2006,Hàng hoá và dịch vụ khác,6,99.7,2,Main Category,Stability,False,Deflation,Summer,General/Housing
2006,Chỉ số giá vàng,6,94.4,2,Main Category,Stability,False,Deflation,Summer,Financial/Other
2006,Chỉ số đô la Mỹ,6,99.7,2,Main Category,Stability,False,Deflation,Summer,Financial/Other
2005,Chỉ số giá tiêu dùng,6,100.4,2,Total CPI,Stability,False,Stable,Summer,General/Housing
2005,Hàng ăn và dịch vụ ăn uống,6,100.5,2,Main Category,Stability,False,Stable,Summer,Food & Beverage
2005,Lương thực,6,99.5,2,Sub-category,Stability,False,Deflation,Summer,Food & Beverage
2005,Thực phẩm,6,100.9,2,Sub-category,Stability,False,Stable,Summer,Food & Beverage
2005,Đồ uống và thuốc lá,6,99.8,2,Main Category,Stability,False,Deflation,Summer,General/Housing
2005,"May mặc, mũ nón, giày dép",6,100.3,2,Main Category,Stability,False,Stable,Summer,General/Housing
2005,Nhà ở và vật liệu xây dựng,6,100.0,2,Main Category,Stability,False,Stable,Summer,General/Housing
2005,Thiết bị và đồ dùng gia đình,6,100.3,2,Main Category,Stability,False,Stable,Summer,General/Housing
2005,Thuốc và dịch vụ y tế,6,100.5,2,Main Category,Stability,False,Stable,Summer,Healthcare
2005,"Phương tiện đi lại, bưu điện",6,100.1,2,Sub-category,Stability,False,Stable,Summer,Transport
2005,Giáo dục,6,100.7,2,Main Category,Stability,False,Stable,Summer,Education
2005,"Văn hóa, giải trí và du lịch",6,100.5,2,Main Category,Stability,False,Stable,Summer,General/Housing
2005,Hàng hoá và dịch vụ khác,6,100.3,2,Main Category,Stability,False,Stable,Summer,General/Housing
2005,Chỉ số giá vàng,6,98.5,2,Main Category,Stability,False,Deflation,Summer,Financial/Other
2005,Chỉ số đô la Mỹ,6,100.0,2,Main Category,Stability,False,Stable,Summer,Financial/Other
2004,Chỉ số giá tiêu dùng,6,100.8,2,Total CPI,Stability,False,Stable,Summer,General/Housing
2004,Hàng ăn và dịch vụ ăn uống,6,101.5,2,Main Category,Stability,False,High Inflation,Summer,Food & Beverage
2004,Lương thực,6,100.5,2,Sub-category,Stability,False,Stable,Summer,Food & Beverage
2004,Thực phẩm,6,101.8,2,Sub-category,Stability,False,High Inflation,Summer,Food & Beverage
2004,Đồ uống và thuốc lá,6,100.0,2,Main Category,Stability,False,Stable,Summer,General/Housing
2004,"May mặc, mũ nón, giày dép",6,100.1,2,Main Category,Stability,False,Stable,Summer,General/Housing
2004,Nhà ở và vật liệu xây dựng,6,99.8,2,Main Category,Stability,False,Deflation,Summer,General/Housing
2004,Thiết bị và đồ dùng gia đình,6,100.1,2,Main Category,Stability,False,Stable,Summer,General/Housing
2004,Thuốc và dịch vụ y tế,6,99.9,2,Main Category,Stability,False,Deflation,Summer,Healthcare
2004,"Phương tiện đi lại, bưu điện",6,100.0,2,Sub-category,Stability,False,Stable,Summer,Transport
2004,Giáo dục,6,99.9,2,Main Category,Stability,False,Deflation,Summer,Education
2004,"Văn hóa, giải trí và du lịch",6,99.6,2,Main Category,Stability,False,Deflation,Summer,General/Housing
2004,Hàng hoá và dịch vụ khác,6,100.0,2,Main Category,Stability,False,Stable,Summer,General/Housing
2004,Chỉ số giá vàng,6,98.6,2,Main Category,Stability,False,Deflation,Summer,Financial/Other
2004,Chỉ số đô la Mỹ,6,100.0,2,Main Category,Stability,False,Stable,Summer,Financial/Other
2003,Chỉ số giá tiêu dùng,6,99.7,2,Total CPI,Stability,False,Deflation,Summer,General/Housing
2003,Hàng ăn và dịch vụ ăn uống,6,99.5,2,Main Category,Stability,False,Deflation,Summer,Food & Beverage
2003,Lương thực,6,98.4,2,Sub-category,Stability,False,Deflation,Summer,Food & Beverage
2003,Thực phẩm,6,99.9,2,Sub-category,Stability,False,Deflation,Summer,Food & Beverage
2003,Đồ uống và thuốc lá,6,100.0,2,Main Category,Stability,False,Stable,Summer,General/Housing
2003,"May mặc, mũ nón, giày dép",6,100.0,2,Main Category,Stability,False,Stable,Summer,General/Housing
2003,Nhà ở và vật liệu xây dựng,6,99.6,2,Main Category,Stability,False,Deflation,Summer,General/Housing
2003,Thiết bị và đồ dùng gia đình,6,100.1,2,Main Category,Stability,False,Stable,Summer,General/Housing
2003,Thuốc và dịch vụ y tế,6,99.8,2,Main Category,Stability,False,Deflation,Summer,Healthcare
2003,"Phương tiện đi lại, bưu điện",6,99.9,2,Sub-category,Stability,False,Deflation,Summer,Transport
2003,Giáo dục,6,100.5,2,Main Category,Stability,False,Stable,Summer,Education
2003,"Văn hóa, giải trí và du lịch",6,99.8,2,Main Category,Stability,False,Deflation,Summer,General/Housing
2003,Hàng hoá và dịch vụ khác,6,100.1,2,Main Category,Stability,False,Stable,Summer,General/Housing
2003,Chỉ số giá vàng,6,103.8,2,Main Category,Stability,False,High Inflation,Summer,Financial/Other
2003,Chỉ số đô la Mỹ,6,100.1,2,Main Category,Stability,False,Stable,Summer,Financial/Other
2002,Chỉ số giá tiêu dùng,6,100.1,2,Total CPI,Stability,False,Stable,Summer,General/Housing
2002,Hàng ăn và dịch vụ ăn uống,6,100.2,2,Main Category,Stability,False,Stable,Summer,Food & Beverage
2002,Lương thực,6,97.5,2,Sub-category,Stability,False,Deflation,Summer,Food & Beverage
2002,Thực phẩm,6,101.4,2,Sub-category,Stability,False,High Inflation,Summer,Food & Beverage
2002,Đồ uống và thuốc lá,6,100.1,2,Main Category,Stability,False,Stable,Summer,General/Housing
2002,"May mặc, mũ nón, giày dép",6,100.0,2,Main Category,Stability,False,Stable,Summer,General/Housing
2002,Nhà ở và vật liệu xây dựng,6,100.5,2,Main Category,Stability,False,Stable,Summer,General/Housing
2002,Thiết bị và đồ dùng gia đình,6,100.0,2,Main Category,Stability,False,Stable,Summer,General/Housing
2002,Thuốc và dịch vụ y tế,6,100.0,2,Main Category,Stability,False,Stable,Summer,Healthcare
2002,"Phương tiện đi lại, bưu điện",6,100.0,2,Sub-category,Stability,False,Stable,Summer,Transport
2002,Giáo dục,6,100.3,2,Main Category,Stability,False,Stable,Summer,Education
2002,"Văn hóa, giải trí và du lịch",6,100.0,2,Main Category,Stability,False,Stable,Summer,General/Housing
2002,Hàng hoá và dịch vụ khác,6,100.0,2,Main Category,Stability,False,Stable,Summer,General/Housing
2002,Chỉ số giá vàng,6,103.9,2,Main Category,Stability,False,High Inflation,Summer,Financial/Other
2002,Chỉ số đô la Mỹ,6,100.3,2,Main Category,Stability,False,Stable,Summer,Financial/Other
2024,Chỉ số giá tiêu dùng,7,100.48,3,Total CPI,Recovery,False,Stable,Summer,General/Housing
2024,Hàng ăn và dịch vụ ăn uống,7,100.26,3,Main Category,Recovery,False,Stable,Summer,Food & Beverage
2024,Lương thực,7,99.97,3,Sub-category,Recovery,False,Deflation,Summer,Food & Beverage
2024,Thực phẩm,7,100.31,3,Sub-category,Recovery,False,Stable,Summer,Food & Beverage
2024,Ăn uống ngoài gia đình,7,100.25,3,Sub-category,Recovery,False,Stable,Summer,General/Housing
2024,Đồ uống và thuốc lá,7,100.11,3,Main Category,Recovery,False,Stable,Summer,General/Housing
2024,"May mặc, mũ nón, giày dép",7,100.03,3,Main Category,Recovery,False,Stable,Summer,General/Housing
2024,Nhà ở và vật liệu xây dựng,7,100.5,3,Main Category,Recovery,False,Stable,Summer,General/Housing
2024,Thiết bị và đồ dùng gia đình,7,100.07,3,Main Category,Recovery,False,Stable,Summer,General/Housing
2024,Thuốc và dịch vụ y tế,7,100.13,3,Main Category,Recovery,False,Stable,Summer,Healthcare
2024,Trong đó: Dịch vụ y tế,7,100.14,3,Sub-category,Recovery,False,Stable,Summer,Healthcare
2024,Giao thông,7,101.45,3,Main Category,Recovery,False,High Inflation,Summer,Transport
2024,Bưu chính viễn thông,7,100.0,3,Main Category,Recovery,False,Stable,Summer,General/Housing
2024,Giáo dục,7,100.02,3,Main Category,Recovery,False,Stable,Summer,Education
2024,Trong đó: Dịch vụ giáo dục,7,100.0,3,Sub-category,Recovery,False,Stable,Summer,General/Housing
2024,"Văn hóa, giải trí và du lịch",7,100.14,3,Main Category,Recovery,False,Stable,Summer,General/Housing
2024,Hàng hoá và dịch vụ khác,7,103.77,3,Main Category,Recovery,False,High Inflation,Summer,General/Housing
2024,Chỉ số giá vàng,7,99.88,3,Main Category,Recovery,False,Deflation,Summer,Financial/Other
2024,Chỉ số đô la Mỹ,7,100.05,3,Main Category,Recovery,False,Stable,Summer,Financial/Other
2023,Chỉ số giá tiêu dùng,7,100.45,3,Total CPI,Recovery,False,Stable,Summer,General/Housing
2023,Hàng ăn và dịch vụ ăn uống,7,100.63,3,Main Category,Recovery,False,Stable,Summer,Food & Beverage
2023,Lương thực,7,100.31,3,Sub-category,Recovery,False,Stable,Summer,Food & Beverage
2023,Thực phẩm,7,100.79,3,Sub-category,Recovery,False,Stable,Summer,Food & Beverage
2023,Ăn uống ngoài gia đình,7,100.39,3,Sub-category,Recovery,False,Stable,Summer,General/Housing
2023,Đồ uống và thuốc lá,7,100.22,3,Main Category,Recovery,False,Stable,Summer,General/Housing
2023,"May mặc, mũ nón, giày dép",7,100.18,3,Main Category,Recovery,False,Stable,Summer,General/Housing
2023,Nhà ở và vật liệu xây dựng,7,100.51,3,Main Category,Recovery,False,Stable,Summer,General/Housing
2023,Thiết bị và đồ dùng gia đình,7,100.15,3,Main Category,Recovery,False,Stable,Summer,General/Housing
2023,Thuốc và dịch vụ y tế,7,100.05,3,Main Category,Recovery,False,Stable,Summer,Healthcare
2023,Trong đó: Dịch vụ y tế,7,100.02,3,Sub-category,Recovery,False,Stable,Summer,Healthcare
2023,Giao thông,7,100.11,3,Main Category,Recovery,False,Stable,Summer,Transport
2023,Bưu chính viễn thông,7,99.88,3,Main Category,Recovery,False,Deflation,Summer,General/Housing
2023,Giáo dục,7,100.03,3,Main Category,Recovery,False,Stable,Summer,Education
2023,Trong đó: Dịch vụ giáo dục,7,100.01,3,Sub-category,Recovery,False,Stable,Summer,General/Housing
2023,"Văn hóa, giải trí và du lịch",7,100.19,3,Main Category,Recovery,False,Stable,Summer,General/Housing
2023,Hàng hoá và dịch vụ khác,7,102.84,3,Main Category,Recovery,False,High Inflation,Summer,General/Housing
2023,Chỉ số giá vàng,7,99.97,3,Main Category,Recovery,False,Deflation,Summer,Financial/Other
2023,Chỉ số đô la Mỹ,7,100.53,3,Main Category,Recovery,False,Stable,Summer,Financial/Other
2022,Chỉ số giá tiêu dùng,7,100.4,3,Total CPI,COVID-19,False,Stable,Summer,General/Housing
2022,Hàng ăn và dịch vụ ăn uống,7,101.37,3,Main Category,COVID-19,False,High Inflation,Summer,Food & Beverage
2022,Lương thực,7,100.31,3,Sub-category,COVID-19,False,Stable,Summer,Food & Beverage
2022,Thực phẩm,7,101.6,3,Sub-category,COVID-19,False,High Inflation,Summer,Food & Beverage
2022,Ăn uống ngoài gia đình,7,101.28,3,Sub-category,COVID-19,False,High Inflation,Summer,General/Housing
2022,Đồ uống và thuốc lá,7,100.39,3,Main Category,COVID-19,False,Stable,Summer,General/Housing
2022,"May mặc, mũ nón, giày dép",7,100.32,3,Main Category,COVID-19,False,Stable,Summer,General/Housing
2022,Nhà ở và vật liệu xây dựng,7,100.49,3,Main Category,COVID-19,False,Stable,Summer,General/Housing
2022,Thiết bị và đồ dùng gia đình,7,100.32,3,Main Category,COVID-19,False,Stable,Summer,General/Housing
2022,Thuốc và dịch vụ y tế,7,100.05,3,Main Category,COVID-19,False,Stable,Summer,Healthcare
2022,Trong đó: Dịch vụ y tế,7,100.0,3,Sub-category,COVID-19,False,Stable,Summer,Healthcare
2022,Giao thông,7,97.15,3,Main Category,COVID-19,False,Deflation,Summer,Transport
2022,Bưu chính viễn thông,7,100.26,3,Main Category,COVID-19,False,Stable,Summer,General/Housing
2022,Giáo dục,7,100.2,3,Main Category,COVID-19,False,Stable,Summer,Education
2022,Trong đó: Dịch vụ giáo dục,7,100.16,3,Sub-category,COVID-19,False,Stable,Summer,General/Housing
2022,"Văn hóa, giải trí và du lịch",7,100.79,3,Main Category,COVID-19,False,Stable,Summer,General/Housing
2022,Hàng hoá và dịch vụ khác,7,100.43,3,Main Category,COVID-19,False,Stable,Summer,General/Housing
2022,Chỉ số giá vàng,7,97.61,3,Main Category,COVID-19,False,Deflation,Summer,Financial/Other
2022,Chỉ số đô la Mỹ,7,100.62,3,Main Category,COVID-19,False,Stable,Summer,Financial/Other
2021,Chỉ số giá tiêu dùng,7,100.62,3,Total CPI,COVID-19,False,Stable,Summer,General/Housing
2021,Hàng ăn và dịch vụ ăn uống,7,100.67,3,Main Category,COVID-19,False,Stable,Summer,Food & Beverage
2021,Lương thực,7,100.36,3,Sub-category,COVID-19,False,Stable,Summer,Food & Beverage
2021,Thực phẩm,7,100.95,3,Sub-category,COVID-19,False,Stable,Summer,Food & Beverage
2021,Ăn uống ngoài gia đình,7,100.11,3,Sub-category,COVID-19,False,Stable,Summer,General/Housing
2021,Đồ uống và thuốc lá,7,100.18,3,Main Category,COVID-19,False,Stable,Summer,General/Housing
2021,"May mặc, mũ nón, giày dép",7,99.97,3,Main Category,COVID-19,False,Deflation,Summer,General/Housing
2021,Nhà ở và vật liệu xây dựng,7,100.88,3,Main Category,COVID-19,False,Stable,Summer,General/Housing
2021,Thiết bị và đồ dùng gia đình,7,100.06,3,Main Category,COVID-19,False,Stable,Summer,General/Housing
2021,Thuốc và dịch vụ y tế,7,100.03,3,Main Category,COVID-19,False,Stable,Summer,Healthcare
2021,Trong đó: Dịch vụ y tế,7,100.0,3,Sub-category,COVID-19,False,Stable,Summer,Healthcare
2021,Giao thông,7,102.36,3,Main Category,COVID-19,False,High Inflation,Summer,Transport
2021,Bưu chính viễn thông,7,99.95,3,Main Category,COVID-19,False,Deflation,Summer,General/Housing
2021,Giáo dục,7,100.03,3,Main Category,COVID-19,False,Stable,Summer,Education
2021,Trong đó: Dịch vụ giáo dục,7,100.0,3,Sub-category,COVID-19,False,Stable,Summer,General/Housing
2021,"Văn hóa, giải trí và du lịch",7,99.9,3,Main Category,COVID-19,False,Deflation,Summer,General/Housing
2021,Hàng hoá và dịch vụ khác,7,100.0,3,Main Category,COVID-19,False,Stable,Summer,General/Housing
2021,Chỉ số giá vàng,7,98.61,3,Main Category,COVID-19,False,Deflation,Summer,Financial/Other
2021,Chỉ số đô la Mỹ,7,100.09,3,Main Category,COVID-19,False,Stable,Summer,Financial/Other
2020,Chỉ số giá tiêu dùng,7,100.4,3,Total CPI,COVID-19,False,Stable,Summer,General/Housing
2020,Hàng ăn và dịch vụ ăn uống,7,99.82,3,Main Category,COVID-19,False,Deflation,Summer,Food & Beverage
2020,Lương thực,7,99.8,3,Sub-category,COVID-19,False,Deflation,Summer,Food & Beverage
2020,Thực phẩm,7,99.7,3,Sub-category,COVID-19,False,Deflation,Summer,Food & Beverage
2020,Đồ uống và thuốc lá,7,100.02,3,Main Category,COVID-19,False,Stable,Summer,General/Housing
2020,"May mặc, mũ nón, giày dép",7,100.06,3,Main Category,COVID-19,False,Stable,Summer,General/Housing
2020,Nhà ở và vật liệu xây dựng,7,100.47,3,Main Category,COVID-19,False,Stable,Summer,General/Housing
2020,Thiết bị và đồ dùng gia đình,7,100.07,3,Main Category,COVID-19,False,Stable,Summer,General/Housing
2020,Thuốc và dịch vụ y tế,7,100.02,3,Main Category,COVID-19,False,Stable,Summer,Healthcare
2020,Giao thông,7,103.91,3,Main Category,COVID-19,False,High Inflation,Summer,Transport
2020,Bưu chính viễn thông,7,99.98,3,Main Category,COVID-19,False,Deflation,Summer,General/Housing
2020,Giáo dục,7,100.02,3,Main Category,COVID-19,False,Stable,Summer,Education
2020,"Văn hóa, giải trí và du lịch",7,100.3,3,Main Category,COVID-19,False,Stable,Summer,General/Housing
2020,Hàng hoá và dịch vụ khác,7,100.17,3,Main Category,COVID-19,False,Stable,Summer,General/Housing
2020,Chỉ số giá vàng,7,103.49,3,Main Category,COVID-19,False,High Inflation,Summer,Financial/Other
2020,Chỉ số đô la Mỹ,7,99.77,3,Main Category,COVID-19,False,Deflation,Summer,Financial/Other
2019,Chỉ số giá tiêu dùng,7,100.18,3,Total CPI,Economic Growth,False,Stable,Summer,General/Housing
2019,Hàng ăn và dịch vụ ăn uống,7,100.33,3,Main Category,Economic Growth,False,Stable,Summer,Food & Beverage
2019,Lương thực,7,100.05,3,Sub-category,Economic Growth,False,Stable,Summer,Food & Beverage
2019,Thực phẩm,7,100.4,3,Sub-category,Economic Growth,False,Stable,Summer,Food & Beverage
2019,Đồ uống và thuốc lá,7,100.12,3,Main Category,Economic Growth,False,Stable,Summer,General/Housing
2019,"May mặc, mũ nón, giày dép",7,100.1,3,Main Category,Economic Growth,False,Stable,Summer,General/Housing
2019,Nhà ở và vật liệu xây dựng,7,99.97,3,Main Category,Economic Growth,False,Deflation,Summer,General/Housing
2019,Thiết bị và đồ dùng gia đình,7,100.08,3,Main Category,Economic Growth,False,Stable,Summer,General/Housing
2019,Thuốc và dịch vụ y tế,7,100.02,3,Main Category,Economic Growth,False,Stable,Summer,Healthcare
2019,Giao thông,7,99.97,3,Main Category,Economic Growth,False,Deflation,Summer,Transport
2019,Bưu chính viễn thông,7,100.01,3,Main Category,Economic Growth,False,Stable,Summer,General/Housing
2019,Giáo dục,7,100.22,3,Main Category,Economic Growth,False,Stable,Summer,Education
2019,"Văn hóa, giải trí và du lịch",7,100.15,3,Main Category,Economic Growth,False,Stable,Summer,General/Housing
2019,Hàng hoá và dịch vụ khác,7,100.94,3,Main Category,Economic Growth,False,Stable,Summer,General/Housing
2019,Chỉ số giá vàng,7,104.79,3,Main Category,Economic Growth,False,High Inflation,Summer,Financial/Other
2019,Chỉ số đô la Mỹ,7,99.5,3,Main Category,Economic Growth,False,Deflation,Summer,Financial/Other
2018,Chỉ số giá tiêu dùng,7,99.91,3,Total CPI,Economic Growth,False,Deflation,Summer,General/Housing
2018,Hàng ăn và dịch vụ ăn uống,7,100.43,3,Main Category,Economic Growth,False,Stable,Summer,Food & Beverage
2018,Lương thực,7,99.08,3,Sub-category,Economic Growth,False,Deflation,Summer,Food & Beverage
2018,Thực phẩm,7,100.87,3,Sub-category,Economic Growth,False,Stable,Summer,Food & Beverage
2018,Đồ uống và thuốc lá,7,100.05,3,Main Category,Economic Growth,False,Stable,Summer,General/Housing
2018,"May mặc, mũ nón, giày dép",7,100.12,3,Main Category,Economic Growth,False,Stable,Summer,General/Housing
2018,Nhà ở và vật liệu xây dựng,7,100.37,3,Main Category,Economic Growth,False,Stable,Summer,General/Housing
2018,Thiết bị và đồ dùng gia đình,7,100.11,3,Main Category,Economic Growth,False,Stable,Summer,General/Housing
2018,Thuốc và dịch vụ y tế,7,94.15,3,Main Category,Economic Growth,False,Deflation,Summer,Healthcare
2018,Giao thông,7,99.48,3,Main Category,Economic Growth,False,Deflation,Summer,Transport
2018,Bưu chính viễn thông,7,99.95,3,Main Category,Economic Growth,False,Deflation,Summer,General/Housing
2018,Giáo dục,7,100.05,3,Main Category,Economic Growth,False,Stable,Summer,Education
2018,"Văn hóa, giải trí và du lịch",7,100.26,3,Main Category,Economic Growth,False,Stable,Summer,General/Housing
2018,Hàng hoá và dịch vụ khác,7,100.56,3,Main Category,Economic Growth,False,Stable,Summer,General/Housing
2018,Chỉ số giá vàng,7,98.43,3,Main Category,Economic Growth,False,Deflation,Summer,Financial/Other
2018,Chỉ số đô la Mỹ,7,100.84,3,Main Category,Economic Growth,False,Stable,Summer,Financial/Other
2017,Chỉ số giá tiêu dùng,7,100.11,3,Total CPI,Economic Growth,False,Stable,Summer,General/Housing
2017,Hàng ăn và dịch vụ ăn uống,7,100.54,3,Main Category,Economic Growth,False,Stable,Summer,Food & Beverage
2017,Lương thực,7,99.92,3,Sub-category,Economic Growth,False,Deflation,Summer,Food & Beverage
2017,Thực phẩm,7,100.87,3,Sub-category,Economic Growth,False,Stable,Summer,Food & Beverage
2017,Đồ uống và thuốc lá,7,100.04,3,Main Category,Economic Growth,False,Stable,Summer,General/Housing
2017,"May mặc, mũ nón, giày dép",7,100.04,3,Main Category,Economic Growth,False,Stable,Summer,General/Housing
2017,Nhà ở và vật liệu xây dựng,7,100.03,3,Main Category,Economic Growth,False,Stable,Summer,General/Housing
2017,Thiết bị và đồ dùng gia đình,7,100.09,3,Main Category,Economic Growth,False,Stable,Summer,General/Housing
2017,Thuốc và dịch vụ y tế,7,100.36,3,Main Category,Economic Growth,False,Stable,Summer,Healthcare
2017,Giao thông,7,98.48,3,Main Category,Economic Growth,False,Deflation,Summer,Transport
2017,Bưu chính viễn thông,7,99.94,3,Main Category,Economic Growth,False,Deflation,Summer,General/Housing
2017,Giáo dục,7,100.05,3,Main Category,Economic Growth,False,Stable,Summer,Education
2017,"Văn hóa, giải trí và du lịch",7,99.97,3,Main Category,Economic Growth,False,Deflation,Summer,General/Housing
2017,Hàng hoá và dịch vụ khác,7,100.73,3,Main Category,Economic Growth,False,Stable,Summer,General/Housing
2017,Chỉ số giá vàng,7,99.12,3,Main Category,Economic Growth,False,Deflation,Summer,Financial/Other
2017,Chỉ số đô la Mỹ,7,100.09,3,Main Category,Economic Growth,False,Stable,Summer,Financial/Other
2016,Chỉ số giá tiêu dùng,7,100.13,3,Total CPI,Economic Growth,False,Stable,Summer,General/Housing
2016,Hàng ăn và dịch vụ ăn uống,7,99.95,3,Main Category,Economic Growth,False,Deflation,Summer,Food & Beverage
2016,Lương thực,7,99.36,3,Sub-category,Economic Growth,False,Deflation,Summer,Food & Beverage
2016,Thực phẩm,7,99.99,3,Sub-category,Economic Growth,False,Deflation,Summer,Food & Beverage
2016,Đồ uống và thuốc lá,7,100.09,3,Main Category,Economic Growth,False,Stable,Summer,General/Housing
2016,"May mặc, mũ nón, giày dép",7,100.04,3,Main Category,Economic Growth,False,Stable,Summer,General/Housing
2016,Nhà ở và vật liệu xây dựng,7,100.14,3,Main Category,Economic Growth,False,Stable,Summer,General/Housing
2016,Thiết bị và đồ dùng gia đình,7,100.06,3,Main Category,Economic Growth,False,Stable,Summer,General/Housing
2016,Thuốc và dịch vụ y tế,7,100.02,3,Main Category,Economic Growth,False,Stable,Summer,Healthcare
2016,Giao thông,7,101.19,3,Main Category,Economic Growth,False,High Inflation,Summer,Transport
2016,Bưu chính viễn thông,7,99.9,3,Main Category,Economic Growth,False,Deflation,Summer,General/Housing
2016,Giáo dục,7,100.0,3,Main Category,Economic Growth,False,Stable,Summer,Education
2016,"Văn hóa, giải trí và du lịch",7,100.01,3,Main Category,Economic Growth,False,Stable,Summer,General/Housing
2016,Hàng hoá và dịch vụ khác,7,100.17,3,Main Category,Economic Growth,False,Stable,Summer,General/Housing
2016,Chỉ số giá vàng,7,105.36,3,Main Category,Economic Growth,False,High Inflation,Summer,Financial/Other
2016,Chỉ số đô la Mỹ,7,99.79,3,Main Category,Economic Growth,False,Deflation,Summer,Financial/Other
2015,Chỉ số giá tiêu dùng,7,100.13,3,Total CPI,Economic Growth,False,Stable,Summer,General/Housing
2015,Hàng ăn và dịch vụ ăn uống,7,100.1,3,Main Category,Economic Growth,False,Stable,Summer,Food & Beverage
2015,Lương thực,7,99.62,3,Sub-category,Economic Growth,False,Deflation,Summer,Food & Beverage
2015,Thực phẩm,7,100.24,3,Sub-category,Economic Growth,False,Stable,Summer,Food & Beverage
2015,Đồ uống và thuốc lá,7,100.18,3,Main Category,Economic Growth,False,Stable,Summer,General/Housing
2015,"May mặc, mũ nón, giày dép",7,100.25,3,Main Category,Economic Growth,False,Stable,Summer,General/Housing
2015,Nhà ở và vật liệu xây dựng,7,100.22,3,Main Category,Economic Growth,False,Stable,Summer,General/Housing
2015,Thiết bị và đồ dùng gia đình,7,100.14,3,Main Category,Economic Growth,False,Stable,Summer,General/Housing
2015,Thuốc và dịch vụ y tế,7,100.15,3,Main Category,Economic Growth,False,Stable,Summer,Healthcare
2015,Giao thông,7,100.16,3,Main Category,Economic Growth,False,Stable,Summer,Transport
2015,Bưu chính viễn thông,7,99.98,3,Main Category,Economic Growth,False,Deflation,Summer,General/Housing
2015,Giáo dục,7,100.01,3,Main Category,Economic Growth,False,Stable,Summer,Education
2015,"Văn hóa, giải trí và du lịch",7,100.16,3,Main Category,Economic Growth,False,Stable,Summer,General/Housing
2015,Hàng hoá và dịch vụ khác,7,100.08,3,Main Category,Economic Growth,False,Stable,Summer,General/Housing
2015,Chỉ số giá vàng,7,98.76,3,Main Category,Economic Growth,False,Deflation,Summer,Financial/Other
2015,Chỉ số đô la Mỹ,7,100.09,3,Main Category,Economic Growth,False,Stable,Summer,Financial/Other
2014,Chỉ số giá tiêu dùng,7,100.23,3,Total CPI,Economic Growth,False,Stable,Summer,General/Housing
2014,Hàng ăn và dịch vụ ăn uống,7,100.26,3,Main Category,Economic Growth,False,Stable,Summer,Food & Beverage
2014,Lương thực,7,99.37,3,Sub-category,Economic Growth,False,Deflation,Summer,Food & Beverage
2014,Thực phẩm,7,100.58,3,Sub-category,Economic Growth,False,Stable,Summer,Food & Beverage
2014,Đồ uống và thuốc lá,7,100.2,3,Main Category,Economic Growth,False,Stable,Summer,General/Housing
2014,"May mặc, mũ nón, giày dép",7,100.2,3,Main Category,Economic Growth,False,Stable,Summer,General/Housing
2014,Nhà ở và vật liệu xây dựng,7,100.43,3,Main Category,Economic Growth,False,Stable,Summer,General/Housing
2014,Thiết bị và đồ dùng gia đình,7,100.12,3,Main Category,Economic Growth,False,Stable,Summer,General/Housing
2014,Thuốc và dịch vụ y tế,7,100.05,3,Main Category,Economic Growth,False,Stable,Summer,Healthcare
2014,Giao thông,7,100.44,3,Main Category,Economic Growth,False,Stable,Summer,Transport
2014,Bưu chính viễn thông,7,99.99,3,Main Category,Economic Growth,False,Deflation,Summer,General/Housing
2014,Giáo dục,7,100.03,3,Main Category,Economic Growth,False,Stable,Summer,Education
2014,"Văn hóa, giải trí và du lịch",7,100.04,3,Main Category,Economic Growth,False,Stable,Summer,General/Housing
2014,Hàng hoá và dịch vụ khác,7,100.24,3,Main Category,Economic Growth,False,Stable,Summer,General/Housing
2014,Chỉ số giá vàng,7,101.38,3,Main Category,Economic Growth,False,High Inflation,Summer,Financial/Other
2014,Chỉ số đô la Mỹ,7,100.36,3,Main Category,Economic Growth,False,Stable,Summer,Financial/Other
2013,Chỉ số giá tiêu dùng,7,100.27,3,Total CPI,Economic Growth,False,Stable,Summer,General/Housing
2013,Hàng ăn và dịch vụ ăn uống,7,100.1,3,Main Category,Economic Growth,False,Stable,Summer,Food & Beverage
2013,Lương thực,7,99.7,3,Sub-category,Economic Growth,False,Deflation,Summer,Food & Beverage
2013,Thực phẩm,7,100.18,3,Sub-category,Economic Growth,False,Stable,Summer,Food & Beverage
2013,Đồ uống và thuốc lá,7,100.29,3,Main Category,Economic Growth,False,Stable,Summer,General/Housing
2013,"May mặc, mũ nón, giày dép",7,100.25,3,Main Category,Economic Growth,False,Stable,Summer,General/Housing
2013,Nhà ở và vật liệu xây dựng,7,100.43,3,Main Category,Economic Growth,False,Stable,Summer,General/Housing
2013,Thiết bị và đồ dùng gia đình,7,100.26,3,Main Category,Economic Growth,False,Stable,Summer,General/Housing
2013,Thuốc và dịch vụ y tế,7,100.05,3,Main Category,Economic Growth,False,Stable,Summer,Healthcare
2013,Giao thông,7,101.34,3,Main Category,Economic Growth,False,High Inflation,Summer,Transport
2013,Bưu chính viễn thông,7,100.0,3,Main Category,Economic Growth,False,Stable,Summer,General/Housing
2013,Giáo dục,7,100.09,3,Main Category,Economic Growth,False,Stable,Summer,Education
2013,"Văn hóa, giải trí và du lịch",7,100.31,3,Main Category,Economic Growth,False,Stable,Summer,General/Housing
2013,Hàng hoá và dịch vụ khác,7,100.14,3,Main Category,Economic Growth,False,Stable,Summer,General/Housing
2013,Chỉ số giá vàng,7,93.72,3,Main Category,Economic Growth,False,Deflation,Summer,Financial/Other
2013,Chỉ số đô la Mỹ,7,100.68,3,Main Category,Economic Growth,False,Stable,Summer,Financial/Other
2012,Chỉ số giá tiêu dùng,7,99.71,3,Total CPI,Economic Growth,False,Deflation,Summer,General/Housing
2012,Hàng ăn và dịch vụ ăn uống,7,99.53,3,Main Category,Economic Growth,False,Deflation,Summer,Food & Beverage
2012,Lương thực,7,98.51,3,Sub-category,Economic Growth,False,Deflation,Summer,Food & Beverage
2012,Thực phẩm,7,99.55,3,Sub-category,Economic Growth,False,Deflation,Summer,Food & Beverage
2012,Đồ uống và thuốc lá,7,100.33,3,Main Category,Economic Growth,False,Stable,Summer,General/Housing
2012,"May mặc, mũ nón, giày dép",7,100.46,3,Main Category,Economic Growth,False,Stable,Summer,General/Housing
2012,Nhà ở và vật liệu xây dựng,7,99.07,3,Main Category,Economic Growth,False,Deflation,Summer,General/Housing
2012,Thiết bị và đồ dùng gia đình,7,100.4,3,Main Category,Economic Growth,False,Stable,Summer,General/Housing
2012,Thuốc và dịch vụ y tế,7,103.36,3,Main Category,Economic Growth,False,High Inflation,Summer,Healthcare
2012,Giao thông,7,97.29,3,Main Category,Economic Growth,False,Deflation,Summer,Transport
2012,Bưu chính viễn thông,7,99.92,3,Main Category,Economic Growth,False,Deflation,Summer,General/Housing
2012,Giáo dục,7,100.11,3,Main Category,Economic Growth,False,Stable,Summer,Education
2012,"Văn hóa, giải trí và du lịch",7,100.22,3,Main Category,Economic Growth,False,Stable,Summer,General/Housing
2012,Hàng hoá và dịch vụ khác,7,100.4,3,Main Category,Economic Growth,False,Stable,Summer,General/Housing
2012,Chỉ số giá vàng,7,99.69,3,Main Category,Economic Growth,False,Deflation,Summer,Financial/Other
2012,Chỉ số đô la Mỹ,7,99.95,3,Main Category,Economic Growth,False,Deflation,Summer,Financial/Other
2011,Chỉ số giá tiêu dùng,7,101.17,3,Total CPI,Post-Crisis Volatility,False,High Inflation,Summer,General/Housing
2011,Hàng ăn và dịch vụ ăn uống,7,102.12,3,Main Category,Post-Crisis Volatility,False,High Inflation,Summer,Food & Beverage
2011,Lương thực,7,99.12,3,Sub-category,Post-Crisis Volatility,False,Deflation,Summer,Food & Beverage
2011,Thực phẩm,7,103.2,3,Sub-category,Post-Crisis Volatility,False,High Inflation,Summer,Food & Beverage
2011,Đồ uống và thuốc lá,7,100.63,3,Main Category,Post-Crisis Volatility,False,Stable,Summer,General/Housing
2011,"May mặc, mũ nón, giày dép",7,100.74,3,Main Category,Post-Crisis Volatility,False,Stable,Summer,General/Housing
2011,Nhà ở và vật liệu xây dựng,7,100.36,3,Main Category,Post-Crisis Volatility,False,Stable,Summer,General/Housing
2011,Thiết bị và đồ dùng gia đình,7,100.61,3,Main Category,Post-Crisis Volatility,False,Stable,Summer,General/Housing
2011,Thuốc và dịch vụ y tế,7,100.4,3,Main Category,Post-Crisis Volatility,False,Stable,Summer,Healthcare
2011,Giao thông,7,100.26,3,Main Category,Post-Crisis Volatility,False,Stable,Summer,Transport
2011,Bưu chính viễn thông,7,99.98,3,Main Category,Post-Crisis Volatility,False,Deflation,Summer,General/Housing
2011,Giáo dục,7,100.26,3,Main Category,Post-Crisis Volatility,False,Stable,Summer,Education
2011,"Văn hóa, giải trí và du lịch",7,100.44,3,Main Category,Post-Crisis Volatility,False,Stable,Summer,General/Housing
2011,Hàng hoá và dịch vụ khác,7,100.49,3,Main Category,Post-Crisis Volatility,False,Stable,Summer,General/Housing
2011,Chỉ số giá vàng,7,100.87,3,Main Category,Post-Crisis Volatility,False,Stable,Summer,Financial/Other
2011,Chỉ số đô la Mỹ,7,99.82,3,Main Category,Post-Crisis Volatility,False,Deflation,Summer,Financial/Other
2010,Chỉ số giá tiêu dùng,7,100.06,3,Total CPI,Post-Crisis Volatility,False,Stable,Summer,General/Housing
2010,Hàng ăn và dịch vụ ăn uống,7,100.21,3,Main Category,Post-Crisis Volatility,False,Stable,Summer,Food & Beverage
2010,Lương thực,7,99.03,3,Sub-category,Post-Crisis Volatility,False,Deflation,Summer,Food & Beverage
2010,Thực phẩm,7,100.5,3,Sub-category,Post-Crisis Volatility,False,Stable,Summer,Food & Beverage
2010,Đồ uống và thuốc lá,7,100.41,3,Main Category,Post-Crisis Volatility,False,Stable,Summer,General/Housing
2010,"May mặc, mũ nón, giày dép",7,100.35,3,Main Category,Post-Crisis Volatility,False,Stable,Summer,General/Housing
2010,Nhà ở và vật liệu xây dựng,7,99.53,3,Main Category,Post-Crisis Volatility,False,Deflation,Summer,General/Housing
2010,Thiết bị và đồ dùng gia đình,7,100.39,3,Main Category,Post-Crisis Volatility,False,Stable,Summer,General/Housing
2010,Thuốc và dịch vụ y tế,7,100.22,3,Main Category,Post-Crisis Volatility,False,Stable,Summer,Healthcare
2010,Giao thông,7,99.06,3,Main Category,Post-Crisis Volatility,False,Deflation,Summer,Transport
2010,Bưu chính viễn thông,7,99.93,3,Main Category,Post-Crisis Volatility,False,Deflation,Summer,General/Housing
2010,Giáo dục,7,100.11,3,Main Category,Post-Crisis Volatility,False,Stable,Summer,Education
2010,"Văn hóa, giải trí và du lịch",7,100.25,3,Main Category,Post-Crisis Volatility,False,Stable,Summer,General/Housing
2010,Hàng hoá và dịch vụ khác,7,100.3,3,Main Category,Post-Crisis Volatility,False,Stable,Summer,General/Housing
2010,Chỉ số giá vàng,7,102.15,3,Main Category,Post-Crisis Volatility,False,High Inflation,Summer,Financial/Other
2010,Chỉ số đô la Mỹ,7,100.38,3,Main Category,Post-Crisis Volatility,False,Stable,Summer,Financial/Other
2009,Chỉ số giá tiêu dùng,7,100.52,3,Total CPI,Post-Crisis Volatility,False,Stable,Summer,General/Housing
2009,Hàng ăn và dịch vụ ăn uống,7,99.95,3,Main Category,Post-Crisis Volatility,False,Deflation,Summer,Food & Beverage
2009,Lương thực,7,99.08,3,Sub-category,Post-Crisis Volatility,False,Deflation,Summer,Food & Beverage
2009,Thực phẩm,7,99.95,3,Sub-category,Post-Crisis Volatility,False,Deflation,Summer,Food & Beverage
2009,Đồ uống và thuốc lá,7,100.47,3,Main Category,Post-Crisis Volatility,False,Stable,Summer,General/Housing
2009,"May mặc, mũ nón, giày dép",7,100.29,3,Main Category,Post-Crisis Volatility,False,Stable,Summer,General/Housing
2009,Nhà ở và vật liệu xây dựng,7,101.89,3,Main Category,Post-Crisis Volatility,False,High Inflation,Summer,General/Housing
2009,Thiết bị và đồ dùng gia đình,7,100.37,3,Main Category,Post-Crisis Volatility,False,Stable,Summer,General/Housing
2009,Thuốc và dịch vụ y tế,7,100.36,3,Main Category,Post-Crisis Volatility,False,Stable,Summer,Healthcare
2009,"Phương tiện đi lại, bưu điện",7,103.05,3,Sub-category,Post-Crisis Volatility,False,High Inflation,Summer,Transport
2009,Giáo dục,7,100.21,3,Main Category,Post-Crisis Volatility,False,Stable,Summer,Education
2009,"Văn hóa, giải trí và du lịch",7,100.45,3,Main Category,Post-Crisis Volatility,False,Stable,Summer,General/Housing
2009,Hàng hoá và dịch vụ khác,7,100.45,3,Main Category,Post-Crisis Volatility,False,Stable,Summer,General/Housing
2009,Chỉ số giá vàng,7,99.57,3,Main Category,Post-Crisis Volatility,False,Deflation,Summer,Financial/Other
2009,Chỉ số đô la Mỹ,7,100.85,3,Main Category,Post-Crisis Volatility,False,Stable,Summer,Financial/Other
2008,Chỉ số giá tiêu dùng,7,101.13,3,Total CPI,2008 Crisis,False,High Inflation,Summer,General/Housing
2008,Hàng ăn và dịch vụ ăn uống,7,100.99,3,Main Category,2008 Crisis,False,Stable,Summer,Food & Beverage
2008,Lương thực,7,99.63,3,Sub-category,2008 Crisis,False,Deflation,Summer,Food & Beverage
2008,Thực phẩm,7,101.33,3,Sub-category,2008 Crisis,False,High Inflation,Summer,Food & Beverage
2008,Đồ uống và thuốc lá,7,100.98,3,Main Category,2008 Crisis,False,Stable,Summer,General/Housing
2008,"May mặc, mũ nón, giày dép",7,101.4,3,Main Category,2008 Crisis,False,High Inflation,Summer,General/Housing
2008,Nhà ở và vật liệu xây dựng,7,101.67,3,Main Category,2008 Crisis,False,High Inflation,Summer,General/Housing
2008,Thiết bị và đồ dùng gia đình,7,101.53,3,Main Category,2008 Crisis,False,High Inflation,Summer,General/Housing
2008,Thuốc và dịch vụ y tế,7,102.0,3,Main Category,2008 Crisis,False,High Inflation,Summer,Healthcare
2008,"Phương tiện đi lại, bưu điện",7,100.55,3,Sub-category,2008 Crisis,False,Stable,Summer,Transport
2008,Giáo dục,7,101.02,3,Main Category,2008 Crisis,False,High Inflation,Summer,Education
2008,"Văn hóa, giải trí và du lịch",7,100.85,3,Main Category,2008 Crisis,False,Stable,Summer,General/Housing
2008,Hàng hoá và dịch vụ khác,7,101.14,3,Main Category,2008 Crisis,False,High Inflation,Summer,General/Housing
2008,Chỉ số giá vàng,7,103.2,3,Main Category,2008 Crisis,False,High Inflation,Summer,Financial/Other
2008,Chỉ số đô la Mỹ,7,101.83,3,Main Category,2008 Crisis,False,High Inflation,Summer,Financial/Other
2007,Chỉ số giá tiêu dùng,7,100.94,3,Total CPI,Stability,False,Stable,Summer,General/Housing
2007,Hàng ăn và dịch vụ ăn uống,7,101.59,3,Main Category,Stability,False,High Inflation,Summer,Food & Beverage
2007,Lương thực,7,100.54,3,Sub-category,Stability,False,Stable,Summer,Food & Beverage
2007,Thực phẩm,7,102.29,3,Sub-category,Stability,False,High Inflation,Summer,Food & Beverage
2007,Đồ uống và thuốc lá,7,100.27,3,Main Category,Stability,False,Stable,Summer,General/Housing
2007,"May mặc, mũ nón, giày dép",7,100.49,3,Main Category,Stability,False,Stable,Summer,General/Housing
2007,Nhà ở và vật liệu xây dựng,7,100.73,3,Main Category,Stability,False,Stable,Summer,General/Housing
2007,Thiết bị và đồ dùng gia đình,7,100.49,3,Main Category,Stability,False,Stable,Summer,General/Housing
2007,Thuốc và dịch vụ y tế,7,100.69,3,Main Category,Stability,False,Stable,Summer,Healthcare
2007,"Phương tiện đi lại, bưu điện",7,100.16,3,Sub-category,Stability,False,Stable,Summer,Transport
2007,Giáo dục,7,100.08,3,Main Category,Stability,False,Stable,Summer,Education
2007,"Văn hóa, giải trí và du lịch",7,100.27,3,Main Category,Stability,False,Stable,Summer,General/Housing
2007,Hàng hoá và dịch vụ khác,7,100.46,3,Main Category,Stability,False,Stable,Summer,General/Housing
2007,Chỉ số giá vàng,7,99.41,3,Main Category,Stability,False,Deflation,Summer,Financial/Other
2007,Chỉ số đô la Mỹ,7,100.22,3,Main Category,Stability,False,Stable,Summer,Financial/Other
2006,Chỉ số giá tiêu dùng,7,100.4,3,Total CPI,Stability,False,Stable,Summer,General/Housing
2006,Hàng ăn và dịch vụ ăn uống,7,100.4,3,Main Category,Stability,False,Stable,Summer,Food & Beverage
2006,Lương thực,7,100.4,3,Sub-category,Stability,False,Stable,Summer,Food & Beverage
2006,Thực phẩm,7,100.5,3,Sub-category,Stability,False,Stable,Summer,Food & Beverage
2006,Đồ uống và thuốc lá,7,100.6,3,Main Category,Stability,False,Stable,Summer,General/Housing
2006,"May mặc, mũ nón, giày dép",7,100.3,3,Main Category,Stability,False,Stable,Summer,General/Housing
2006,Nhà ở và vật liệu xây dựng,7,100.8,3,Main Category,Stability,False,Stable,Summer,General/Housing
2006,Thiết bị và đồ dùng gia đình,7,100.3,3,Main Category,Stability,False,Stable,Summer,General/Housing
2006,Thuốc và dịch vụ y tế,7,100.3,3,Main Category,Stability,False,Stable,Summer,Healthcare
2006,"Phương tiện đi lại, bưu điện",7,100.2,3,Sub-category,Stability,False,Stable,Summer,Transport
2006,Giáo dục,7,100.3,3,Main Category,Stability,False,Stable,Summer,Education
2006,"Văn hóa, giải trí và du lịch",7,100.0,3,Main Category,Stability,False,Stable,Summer,General/Housing
2006,Hàng hoá và dịch vụ khác,7,100.5,3,Main Category,Stability,False,Stable,Summer,General/Housing
2006,Chỉ số giá vàng,7,96.9,3,Main Category,Stability,False,Deflation,Summer,Financial/Other
2006,Chỉ số đô la Mỹ,7,99.8,3,Main Category,Stability,False,Deflation,Summer,Financial/Other
2005,Chỉ số giá tiêu dùng,7,100.4,3,Total CPI,Stability,False,Stable,Summer,General/Housing
2005,Hàng ăn và dịch vụ ăn uống,7,100.0,3,Main Category,Stability,False,Stable,Summer,Food & Beverage
2005,Lương thực,7,99.4,3,Sub-category,Stability,False,Deflation,Summer,Food & Beverage
2005,Thực phẩm,7,100.2,3,Sub-category,Stability,False,Stable,Summer,Food & Beverage
2005,Đồ uống và thuốc lá,7,100.2,3,Main Category,Stability,False,Stable,Summer,General/Housing
2005,"May mặc, mũ nón, giày dép",7,100.3,3,Main Category,Stability,False,Stable,Summer,General/Housing
2005,Nhà ở và vật liệu xây dựng,7,101.7,3,Main Category,Stability,False,High Inflation,Summer,General/Housing
2005,Thiết bị và đồ dùng gia đình,7,100.3,3,Main Category,Stability,False,Stable,Summer,General/Housing
2005,Thuốc và dịch vụ y tế,7,100.4,3,Main Category,Stability,False,Stable,Summer,Healthcare
2005,"Phương tiện đi lại, bưu điện",7,102.0,3,Sub-category,Stability,False,High Inflation,Summer,Transport
2005,Giáo dục,7,100.6,3,Main Category,Stability,False,Stable,Summer,Education
2005,"Văn hóa, giải trí và du lịch",7,100.0,3,Main Category,Stability,False,Stable,Summer,General/Housing
2005,Hàng hoá và dịch vụ khác,7,100.6,3,Main Category,Stability,False,Stable,Summer,General/Housing
2005,Chỉ số giá vàng,7,101.2,3,Main Category,Stability,False,High Inflation,Summer,Financial/Other
2005,Chỉ số đô la Mỹ,7,100.2,3,Main Category,Stability,False,Stable,Summer,Financial/Other
2004,Chỉ số giá tiêu dùng,7,100.5,3,Total CPI,Stability,False,Stable,Summer,General/Housing
2004,Hàng ăn và dịch vụ ăn uống,7,100.4,3,Main Category,Stability,False,Stable,Summer,Food & Beverage
2004,Lương thực,7,99.7,3,Sub-category,Stability,False,Deflation,Summer,Food & Beverage
2004,Thực phẩm,7,100.7,3,Sub-category,Stability,False,Stable,Summer,Food & Beverage
2004,Đồ uống và thuốc lá,7,100.2,3,Main Category,Stability,False,Stable,Summer,General/Housing
2004,"May mặc, mũ nón, giày dép",7,100.2,3,Main Category,Stability,False,Stable,Summer,General/Housing
2004,Nhà ở và vật liệu xây dựng,7,100.0,3,Main Category,Stability,False,Stable,Summer,General/Housing
2004,Thiết bị và đồ dùng gia đình,7,100.5,3,Main Category,Stability,False,Stable,Summer,General/Housing
2004,Thuốc và dịch vụ y tế,7,101.0,3,Main Category,Stability,False,Stable,Summer,Healthcare
2004,"Phương tiện đi lại, bưu điện",7,103.1,3,Sub-category,Stability,False,High Inflation,Summer,Transport
2004,Giáo dục,7,100.4,3,Main Category,Stability,False,Stable,Summer,Education
2004,"Văn hóa, giải trí và du lịch",7,99.8,3,Main Category,Stability,False,Deflation,Summer,General/Housing
2004,Hàng hoá và dịch vụ khác,7,100.9,3,Main Category,Stability,False,Stable,Summer,General/Housing
2004,Chỉ số giá vàng,7,100.5,3,Main Category,Stability,False,Stable,Summer,Financial/Other
2004,Chỉ số đô la Mỹ,7,99.9,3,Main Category,Stability,False,Deflation,Summer,Financial/Other
2003,Chỉ số giá tiêu dùng,7,99.7,3,Total CPI,Stability,False,Deflation,Summer,General/Housing
2003,Hàng ăn và dịch vụ ăn uống,7,99.5,3,Main Category,Stability,False,Deflation,Summer,Food & Beverage
2003,Lương thực,7,98.8,3,Sub-category,Stability,False,Deflation,Summer,Food & Beverage
2003,Thực phẩm,7,99.7,3,Sub-category,Stability,False,Deflation,Summer,Food & Beverage
2003,Đồ uống và thuốc lá,7,100.0,3,Main Category,Stability,False,Stable,Summer,General/Housing
2003,"May mặc, mũ nón, giày dép",7,100.0,3,Main Category,Stability,False,Stable,Summer,General/Housing
2003,Nhà ở và vật liệu xây dựng,7,100.2,3,Main Category,Stability,False,Stable,Summer,General/Housing
2003,Thiết bị và đồ dùng gia đình,7,100.0,3,Main Category,Stability,False,Stable,Summer,General/Housing
2003,Thuốc và dịch vụ y tế,7,100.4,3,Main Category,Stability,False,Stable,Summer,Healthcare
2003,"Phương tiện đi lại, bưu điện",7,99.9,3,Sub-category,Stability,False,Deflation,Summer,Transport
2003,Giáo dục,7,100.0,3,Main Category,Stability,False,Stable,Summer,Education
2003,"Văn hóa, giải trí và du lịch",7,99.6,3,Main Category,Stability,False,Deflation,Summer,General/Housing
2003,Hàng hoá và dịch vụ khác,7,100.0,3,Main Category,Stability,False,Stable,Summer,General/Housing
2003,Chỉ số giá vàng,7,99.8,3,Main Category,Stability,False,Deflation,Summer,Financial/Other
2003,Chỉ số đô la Mỹ,7,100.2,3,Main Category,Stability,False,Stable,Summer,Financial/Other
2002,Chỉ số giá tiêu dùng,7,99.9,3,Total CPI,Stability,False,Deflation,Summer,General/Housing
2002,Hàng ăn và dịch vụ ăn uống,7,99.6,3,Main Category,Stability,False,Deflation,Summer,Food & Beverage
2002,Lương thực,7,98.6,3,Sub-category,Stability,False,Deflation,Summer,Food & Beverage
2002,Thực phẩm,7,100.1,3,Sub-category,Stability,False,Stable,Summer,Food & Beverage
2002,Đồ uống và thuốc lá,7,100.2,3,Main Category,Stability,False,Stable,Summer,General/Housing
2002,"May mặc, mũ nón, giày dép",7,99.9,3,Main Category,Stability,False,Deflation,Summer,General/Housing
2002,Nhà ở và vật liệu xây dựng,7,100.2,3,Main Category,Stability,False,Stable,Summer,General/Housing
2002,Thiết bị và đồ dùng gia đình,7,100.0,3,Main Category,Stability,False,Stable,Summer,General/Housing
2002,Thuốc và dịch vụ y tế,7,100.1,3,Main Category,Stability,False,Stable,Summer,Healthcare
2002,"Phương tiện đi lại, bưu điện",7,100.0,3,Sub-category,Stability,False,Stable,Summer,Transport
2002,Giáo dục,7,100.8,3,Main Category,Stability,False,Stable,Summer,Education
2002,"Văn hóa, giải trí và du lịch",7,99.0,3,Main Category,Stability,False,Deflation,Summer,General/Housing
2002,Hàng hoá và dịch vụ khác,7,99.7,3,Main Category,Stability,False,Deflation,Summer,General/Housing
2002,Chỉ số giá vàng,7,99.8,3,Main Category,Stability,False,Deflation,Summer,Financial/Other
2002,Chỉ số đô la Mỹ,7,100.1,3,Main Category,Stability,False,Stable,Summer,Financial/Other
2024,Chỉ số giá tiêu dùng,8,100.0,3,Total CPI,Recovery,False,Stable,Summer,General/Housing
2024,Hàng ăn và dịch vụ ăn uống,8,100.27,3,Main Category,Recovery,False,Stable,Summer,Food & Beverage
2024,Lương thực,8,100.19,3,Sub-category,Recovery,False,Stable,Summer,Food & Beverage
2024,Thực phẩm,8,100.28,3,Sub-category,Recovery,False,Stable,Summer,Food & Beverage
2024,Ăn uống ngoài gia đình,8,100.26,3,Sub-category,Recovery,False,Stable,Summer,General/Housing
2024,Đồ uống và thuốc lá,8,100.15,3,Main Category,Recovery,False,Stable,Summer,General/Housing
2024,"May mặc, mũ nón, giày dép",8,100.05,3,Main Category,Recovery,False,Stable,Summer,General/Housing
2024,Nhà ở và vật liệu xây dựng,8,100.29,3,Main Category,Recovery,False,Stable,Summer,General/Housing
2024,Thiết bị và đồ dùng gia đình,8,100.09,3,Main Category,Recovery,False,Stable,Summer,General/Housing
2024,Thuốc và dịch vụ y tế,8,100.18,3,Main Category,Recovery,False,Stable,Summer,Healthcare
2024,Trong đó: Dịch vụ y tế,8,100.21,3,Sub-category,Recovery,False,Stable,Summer,Healthcare
2024,Giao thông,8,98.02,3,Main Category,Recovery,False,Deflation,Summer,Transport
2024,Bưu chính viễn thông,8,100.15,3,Main Category,Recovery,False,Stable,Summer,General/Housing
2024,Giáo dục,8,100.14,3,Main Category,Recovery,False,Stable,Summer,Education
2024,Trong đó: Dịch vụ giáo dục,8,100.13,3,Sub-category,Recovery,False,Stable,Summer,General/Housing
2024,"Văn hóa, giải trí và du lịch",8,100.12,3,Main Category,Recovery,False,Stable,Summer,General/Housing
2024,Hàng hoá và dịch vụ khác,8,100.2,3,Main Category,Recovery,False,Stable,Summer,General/Housing
2024,Chỉ số giá vàng,8,101.93,3,Main Category,Recovery,False,High Inflation,Summer,Financial/Other
2024,Chỉ số đô la Mỹ,8,99.36,3,Main Category,Recovery,False,Deflation,Summer,Financial/Other
2023,Chỉ số giá tiêu dùng,8,100.88,3,Total CPI,Recovery,False,Stable,Summer,General/Housing
2023,Hàng ăn và dịch vụ ăn uống,8,100.78,3,Main Category,Recovery,False,Stable,Summer,Food & Beverage
2023,Lương thực,8,103.28,3,Sub-category,Recovery,False,High Inflation,Summer,Food & Beverage
2023,Thực phẩm,8,100.48,3,Sub-category,Recovery,False,Stable,Summer,Food & Beverage
2023,Ăn uống ngoài gia đình,8,100.47,3,Sub-category,Recovery,False,Stable,Summer,General/Housing
2023,Đồ uống và thuốc lá,8,100.28,3,Main Category,Recovery,False,Stable,Summer,General/Housing
2023,"May mặc, mũ nón, giày dép",8,100.19,3,Main Category,Recovery,False,Stable,Summer,General/Housing
2023,Nhà ở và vật liệu xây dựng,8,100.85,3,Main Category,Recovery,False,Stable,Summer,General/Housing
2023,Thiết bị và đồ dùng gia đình,8,100.1,3,Main Category,Recovery,False,Stable,Summer,General/Housing
2023,Thuốc và dịch vụ y tế,8,100.03,3,Main Category,Recovery,False,Stable,Summer,Healthcare
2023,Trong đó: Dịch vụ y tế,8,100.0,3,Sub-category,Recovery,False,Stable,Summer,Healthcare
2023,Giao thông,8,103.85,3,Main Category,Recovery,False,High Inflation,Summer,Transport
2023,Bưu chính viễn thông,8,99.83,3,Main Category,Recovery,False,Deflation,Summer,General/Housing
2023,Giáo dục,8,100.96,3,Main Category,Recovery,False,Stable,Summer,Education
2023,Trong đó: Dịch vụ giáo dục,8,100.82,3,Sub-category,Recovery,False,Stable,Summer,General/Housing
2023,"Văn hóa, giải trí và du lịch",8,100.09,3,Main Category,Recovery,False,Stable,Summer,General/Housing
2023,Hàng hoá và dịch vụ khác,8,100.22,3,Main Category,Recovery,False,Stable,Summer,General/Housing
2023,Chỉ số giá vàng,8,100.64,3,Main Category,Recovery,False,Stable,Summer,Financial/Other
2023,Chỉ số đô la Mỹ,8,100.57,3,Main Category,Recovery,False,Stable,Summer,Financial/Other
2022,Chỉ số giá tiêu dùng,8,100.0,3,Total CPI,COVID-19,False,Stable,Summer,General/Housing
2022,Hàng ăn và dịch vụ ăn uống,8,101.05,3,Main Category,COVID-19,False,High Inflation,Summer,Food & Beverage
2022,Lương thực,8,100.19,3,Sub-category,COVID-19,False,Stable,Summer,Food & Beverage
2022,Thực phẩm,8,101.33,3,Sub-category,COVID-19,False,High Inflation,Summer,Food & Beverage
2022,Ăn uống ngoài gia đình,8,100.73,3,Sub-category,COVID-19,False,Stable,Summer,General/Housing
2022,Đồ uống và thuốc lá,8,100.27,3,Main Category,COVID-19,False,Stable,Summer,General/Housing
2022,"May mặc, mũ nón, giày dép",8,100.18,3,Main Category,COVID-19,False,Stable,Summer,General/Housing
2022,Nhà ở và vật liệu xây dựng,8,100.26,3,Main Category,COVID-19,False,Stable,Summer,General/Housing
2022,Thiết bị và đồ dùng gia đình,8,100.21,3,Main Category,COVID-19,False,Stable,Summer,General/Housing
2022,Thuốc và dịch vụ y tế,8,100.09,3,Main Category,COVID-19,False,Stable,Summer,Healthcare
2022,Trong đó: Dịch vụ y tế,8,100.01,3,Sub-category,COVID-19,False,Stable,Summer,Healthcare
2022,Giao thông,8,94.49,3,Main Category,COVID-19,False,Deflation,Summer,Transport
2022,Bưu chính viễn thông,8,99.99,3,Main Category,COVID-19,False,Deflation,Summer,General/Housing
2022,Giáo dục,8,101.46,3,Main Category,COVID-19,False,High Inflation,Summer,Education
2022,Trong đó: Dịch vụ giáo dục,8,101.51,3,Sub-category,COVID-19,False,High Inflation,Summer,General/Housing
2022,"Văn hóa, giải trí và du lịch",8,100.43,3,Main Category,COVID-19,False,Stable,Summer,General/Housing
2022,Hàng hoá và dịch vụ khác,8,100.2,3,Main Category,COVID-19,False,Stable,Summer,General/Housing
2022,Chỉ số giá vàng,8,99.1,3,Main Category,COVID-19,False,Deflation,Summer,Financial/Other
2022,Chỉ số đô la Mỹ,8,100.18,3,Main Category,COVID-19,False,Stable,Summer,Financial/Other
2021,Chỉ số giá tiêu dùng,8,100.25,3,Total CPI,COVID-19,False,Stable,Summer,General/Housing
2021,Hàng ăn và dịch vụ ăn uống,8,100.74,3,Main Category,COVID-19,False,Stable,Summer,Food & Beverage
2021,Lương thực,8,100.69,3,Sub-category,COVID-19,False,Stable,Summer,Food & Beverage
2021,Thực phẩm,8,100.97,3,Sub-category,COVID-19,False,Stable,Summer,Food & Beverage
2021,Ăn uống ngoài gia đình,8,100.19,3,Sub-category,COVID-19,False,Stable,Summer,General/Housing
2021,Đồ uống và thuốc lá,8,100.22,3,Main Category,COVID-19,False,Stable,Summer,General/Housing
2021,"May mặc, mũ nón, giày dép",8,99.97,3,Main Category,COVID-19,False,Deflation,Summer,General/Housing
2021,Nhà ở và vật liệu xây dựng,8,100.0,3,Main Category,COVID-19,False,Stable,Summer,General/Housing
2021,Thiết bị và đồ dùng gia đình,8,100.0,3,Main Category,COVID-19,False,Stable,Summer,General/Housing
2021,Thuốc và dịch vụ y tế,8,100.02,3,Main Category,COVID-19,False,Stable,Summer,Healthcare
2021,Trong đó: Dịch vụ y tế,8,100.0,3,Sub-category,COVID-19,False,Stable,Summer,Healthcare
2021,Giao thông,8,99.94,3,Main Category,COVID-19,False,Deflation,Summer,Transport
2021,Bưu chính viễn thông,8,99.95,3,Main Category,COVID-19,False,Deflation,Summer,General/Housing
2021,Giáo dục,8,100.04,3,Main Category,COVID-19,False,Stable,Summer,Education
2021,Trong đó: Dịch vụ giáo dục,8,100.0,3,Sub-category,COVID-19,False,Stable,Summer,General/Housing
2021,"Văn hóa, giải trí và du lịch",8,99.97,3,Main Category,COVID-19,False,Deflation,Summer,General/Housing
2021,Hàng hoá và dịch vụ khác,8,100.0,3,Main Category,COVID-19,False,Stable,Summer,General/Housing
2021,Chỉ số giá vàng,8,99.51,3,Main Category,COVID-19,False,Deflation,Summer,Financial/Other
2021,Chỉ số đô la Mỹ,8,99.56,3,Main Category,COVID-19,False,Deflation,Summer,Financial/Other
2020,Chỉ số giá tiêu dùng,8,100.07,3,Total CPI,COVID-19,False,Stable,Summer,General/Housing
2020,Hàng ăn và dịch vụ ăn uống,8,100.11,3,Main Category,COVID-19,False,Stable,Summer,Food & Beverage
2020,Lương thực,8,100.6,3,Sub-category,COVID-19,False,Stable,Summer,Food & Beverage
2020,Thực phẩm,8,100.08,3,Sub-category,COVID-19,False,Stable,Summer,Food & Beverage
2020,Đồ uống và thuốc lá,8,100.05,3,Main Category,COVID-19,False,Stable,Summer,General/Housing
2020,"May mặc, mũ nón, giày dép",8,99.97,3,Main Category,COVID-19,False,Deflation,Summer,General/Housing
2020,Nhà ở và vật liệu xây dựng,8,100.1,3,Main Category,COVID-19,False,Stable,Summer,General/Housing
2020,Thiết bị và đồ dùng gia đình,8,100.0,3,Main Category,COVID-19,False,Stable,Summer,General/Housing
2020,Thuốc và dịch vụ y tế,8,100.02,3,Main Category,COVID-19,False,Stable,Summer,Healthcare
2020,Giao thông,8,100.1,3,Main Category,COVID-19,False,Stable,Summer,Transport
2020,Bưu chính viễn thông,8,99.95,3,Main Category,COVID-19,False,Deflation,Summer,General/Housing
2020,Giáo dục,8,100.18,3,Main Category,COVID-19,False,Stable,Summer,Education
2020,"Văn hóa, giải trí và du lịch",8,99.8,3,Main Category,COVID-19,False,Deflation,Summer,General/Housing
2020,Hàng hoá và dịch vụ khác,8,100.2,3,Main Category,COVID-19,False,Stable,Summer,General/Housing
2020,Chỉ số giá vàng,8,109.86,3,Main Category,COVID-19,False,High Inflation,Summer,Financial/Other
2020,Chỉ số đô la Mỹ,8,99.93,3,Main Category,COVID-19,False,Deflation,Summer,Financial/Other
2019,Chỉ số giá tiêu dùng,8,100.28,3,Total CPI,Economic Growth,False,Stable,Summer,General/Housing
2019,Hàng ăn và dịch vụ ăn uống,8,100.24,3,Main Category,Economic Growth,False,Stable,Summer,Food & Beverage
2019,Lương thực,8,100.31,3,Sub-category,Economic Growth,False,Stable,Summer,Food & Beverage
2019,Thực phẩm,8,100.29,3,Sub-category,Economic Growth,False,Stable,Summer,Food & Beverage
2019,Đồ uống và thuốc lá,8,100.03,3,Main Category,Economic Growth,False,Stable,Summer,General/Housing
2019,"May mặc, mũ nón, giày dép",8,100.09,3,Main Category,Economic Growth,False,Stable,Summer,General/Housing
2019,Nhà ở và vật liệu xây dựng,8,100.33,3,Main Category,Economic Growth,False,Stable,Summer,General/Housing
2019,Thiết bị và đồ dùng gia đình,8,100.05,3,Main Category,Economic Growth,False,Stable,Summer,General/Housing
2019,Thuốc và dịch vụ y tế,8,102.81,3,Main Category,Economic Growth,False,High Inflation,Summer,Healthcare
2019,Giao thông,8,99.54,3,Main Category,Economic Growth,False,Deflation,Summer,Transport
2019,Bưu chính viễn thông,8,99.95,3,Main Category,Economic Growth,False,Deflation,Summer,General/Housing
2019,Giáo dục,8,100.57,3,Main Category,Economic Growth,False,Stable,Summer,Education
2019,"Văn hóa, giải trí và du lịch",8,99.94,3,Main Category,Economic Growth,False,Deflation,Summer,General/Housing
2019,Hàng hoá và dịch vụ khác,8,100.14,3,Main Category,Economic Growth,False,Stable,Summer,General/Housing
2019,Chỉ số giá vàng,8,104.61,3,Main Category,Economic Growth,False,High Inflation,Summer,Financial/Other
2019,Chỉ số đô la Mỹ,8,99.83,3,Main Category,Economic Growth,False,Deflation,Summer,Financial/Other
2018,Chỉ số giá tiêu dùng,8,100.45,3,Total CPI,Economic Growth,False,Stable,Summer,General/Housing
2018,Hàng ăn và dịch vụ ăn uống,8,100.87,3,Main Category,Economic Growth,False,Stable,Summer,Food & Beverage
2018,Lương thực,8,100.1,3,Sub-category,Economic Growth,False,Stable,Summer,Food & Beverage
2018,Thực phẩm,8,101.12,3,Sub-category,Economic Growth,False,High Inflation,Summer,Food & Beverage
2018,Đồ uống và thuốc lá,8,100.11,3,Main Category,Economic Growth,False,Stable,Summer,General/Housing
2018,"May mặc, mũ nón, giày dép",8,100.1,3,Main Category,Economic Growth,False,Stable,Summer,General/Housing
2018,Nhà ở và vật liệu xây dựng,8,100.44,3,Main Category,Economic Growth,False,Stable,Summer,General/Housing
2018,Thiết bị và đồ dùng gia đình,8,100.1,3,Main Category,Economic Growth,False,Stable,Summer,General/Housing
2018,Thuốc và dịch vụ y tế,8,100.02,3,Main Category,Economic Growth,False,Stable,Summer,Healthcare
2018,Giao thông,8,100.13,3,Main Category,Economic Growth,False,Stable,Summer,Transport
2018,Bưu chính viễn thông,8,99.93,3,Main Category,Economic Growth,False,Deflation,Summer,General/Housing
2018,Giáo dục,8,100.46,3,Main Category,Economic Growth,False,Stable,Summer,Education
2018,"Văn hóa, giải trí và du lịch",8,100.19,3,Main Category,Economic Growth,False,Stable,Summer,General/Housing
2018,Hàng hoá và dịch vụ khác,8,100.13,3,Main Category,Economic Growth,False,Stable,Summer,General/Housing
2018,Chỉ số giá vàng,8,98.59,3,Main Category,Economic Growth,False,Deflation,Summer,Financial/Other
2018,Chỉ số đô la Mỹ,8,101.12,3,Main Category,Economic Growth,False,High Inflation,Summer,Financial/Other
2017,Chỉ số giá tiêu dùng,8,100.92,3,Total CPI,Economic Growth,False,Stable,Summer,General/Housing
2017,Hàng ăn và dịch vụ ăn uống,8,101.06,3,Main Category,Economic Growth,False,High Inflation,Summer,Food & Beverage
2017,Lương thực,8,100.31,3,Sub-category,Economic Growth,False,Stable,Summer,Food & Beverage
2017,Thực phẩm,8,101.64,3,Sub-category,Economic Growth,False,High Inflation,Summer,Food & Beverage
2017,Đồ uống và thuốc lá,8,100.07,3,Main Category,Economic Growth,False,Stable,Summer,General/Housing
2017,"May mặc, mũ nón, giày dép",8,100.09,3,Main Category,Economic Growth,False,Stable,Summer,General/Housing
2017,Nhà ở và vật liệu xây dựng,8,100.93,3,Main Category,Economic Growth,False,Stable,Summer,General/Housing
2017,Thiết bị và đồ dùng gia đình,8,100.03,3,Main Category,Economic Growth,False,Stable,Summer,General/Housing
2017,Thuốc và dịch vụ y tế,8,102.86,3,Main Category,Economic Growth,False,High Inflation,Summer,Healthcare
2017,Giao thông,8,102.13,3,Main Category,Economic Growth,False,High Inflation,Summer,Transport
2017,Bưu chính viễn thông,8,99.96,3,Main Category,Economic Growth,False,Deflation,Summer,General/Housing
2017,Giáo dục,8,100.57,3,Main Category,Economic Growth,False,Stable,Summer,Education
2017,"Văn hóa, giải trí và du lịch",8,100.01,3,Main Category,Economic Growth,False,Stable,Summer,General/Housing
2017,Hàng hoá và dịch vụ khác,8,100.1,3,Main Category,Economic Growth,False,Stable,Summer,General/Housing
2017,Chỉ số giá vàng,8,101.11,3,Main Category,Economic Growth,False,High Inflation,Summer,Financial/Other
2017,Chỉ số đô la Mỹ,8,99.97,3,Main Category,Economic Growth,False,Deflation,Summer,Financial/Other
2016,Chỉ số giá tiêu dùng,8,100.1,3,Total CPI,Economic Growth,False,Stable,Summer,General/Housing
2016,Hàng ăn và dịch vụ ăn uống,8,99.86,3,Main Category,Economic Growth,False,Deflation,Summer,Food & Beverage
2016,Lương thực,8,99.65,3,Sub-category,Economic Growth,False,Deflation,Summer,Food & Beverage
2016,Thực phẩm,8,99.81,3,Sub-category,Economic Growth,False,Deflation,Summer,Food & Beverage
2016,Đồ uống và thuốc lá,8,100.05,3,Main Category,Economic Growth,False,Stable,Summer,General/Housing
2016,"May mặc, mũ nón, giày dép",8,100.14,3,Main Category,Economic Growth,False,Stable,Summer,General/Housing
2016,Nhà ở và vật liệu xây dựng,8,99.98,3,Main Category,Economic Growth,False,Deflation,Summer,General/Housing
2016,Thiết bị và đồ dùng gia đình,8,100.05,3,Main Category,Economic Growth,False,Stable,Summer,General/Housing
2016,Thuốc và dịch vụ y tế,8,106.18,3,Main Category,Economic Growth,False,High Inflation,Summer,Healthcare
2016,Giao thông,8,98.03,3,Main Category,Economic Growth,False,Deflation,Summer,Transport
2016,Bưu chính viễn thông,8,99.97,3,Main Category,Economic Growth,False,Deflation,Summer,General/Housing
2016,Giáo dục,8,100.47,3,Main Category,Economic Growth,False,Stable,Summer,Education
2016,"Văn hóa, giải trí và du lịch",8,99.88,3,Main Category,Economic Growth,False,Deflation,Summer,General/Housing
2016,Hàng hoá và dịch vụ khác,8,100.11,3,Main Category,Economic Growth,False,Stable,Summer,General/Housing
2016,Chỉ số giá vàng,8,101.72,3,Main Category,Economic Growth,False,High Inflation,Summer,Financial/Other
2016,Chỉ số đô la Mỹ,8,99.95,3,Main Category,Economic Growth,False,Deflation,Summer,Financial/Other
2015,Chỉ số giá tiêu dùng,8,99.93,3,Total CPI,Economic Growth,False,Deflation,Summer,General/Housing
2015,Hàng ăn và dịch vụ ăn uống,8,100.1,3,Main Category,Economic Growth,False,Stable,Summer,Food & Beverage
2015,Lương thực,8,99.84,3,Sub-category,Economic Growth,False,Deflation,Summer,Food & Beverage
2015,Thực phẩm,8,100.16,3,Sub-category,Economic Growth,False,Stable,Summer,Food & Beverage
2015,Đồ uống và thuốc lá,8,100.07,3,Main Category,Economic Growth,False,Stable,Summer,General/Housing
2015,"May mặc, mũ nón, giày dép",8,100.28,3,Main Category,Economic Growth,False,Stable,Summer,General/Housing
2015,Nhà ở và vật liệu xây dựng,8,99.55,3,Main Category,Economic Growth,False,Deflation,Summer,General/Housing
2015,Thiết bị và đồ dùng gia đình,8,100.11,3,Main Category,Economic Growth,False,Stable,Summer,General/Housing
2015,Thuốc và dịch vụ y tế,8,100.03,3,Main Category,Economic Growth,False,Stable,Summer,Healthcare
2015,Giao thông,8,97.88,3,Main Category,Economic Growth,False,Deflation,Summer,Transport
2015,Bưu chính viễn thông,8,99.98,3,Main Category,Economic Growth,False,Deflation,Summer,General/Housing
2015,Giáo dục,8,100.87,3,Main Category,Economic Growth,False,Stable,Summer,Education
2015,"Văn hóa, giải trí và du lịch",8,100.04,3,Main Category,Economic Growth,False,Stable,Summer,General/Housing
2015,Hàng hoá và dịch vụ khác,8,99.98,3,Main Category,Economic Growth,False,Deflation,Summer,General/Housing
2015,Chỉ số giá vàng,8,96.08,3,Main Category,Economic Growth,False,Deflation,Summer,Financial/Other
2015,Chỉ số đô la Mỹ,8,100.31,3,Main Category,Economic Growth,False,Stable,Summer,Financial/Other
2014,Chỉ số giá tiêu dùng,8,100.22,3,Total CPI,Economic Growth,False,Stable,Summer,General/Housing
2014,Hàng ăn và dịch vụ ăn uống,8,100.45,3,Main Category,Economic Growth,False,Stable,Summer,Food & Beverage
2014,Lương thực,8,100.45,3,Sub-category,Economic Growth,False,Stable,Summer,Food & Beverage
2014,Thực phẩm,8,100.54,3,Sub-category,Economic Growth,False,Stable,Summer,Food & Beverage
2014,Đồ uống và thuốc lá,8,100.13,3,Main Category,Economic Growth,False,Stable,Summer,General/Housing
2014,"May mặc, mũ nón, giày dép",8,100.32,3,Main Category,Economic Growth,False,Stable,Summer,General/Housing
2014,Nhà ở và vật liệu xây dựng,8,99.69,3,Main Category,Economic Growth,False,Deflation,Summer,General/Housing
2014,Thiết bị và đồ dùng gia đình,8,100.09,3,Main Category,Economic Growth,False,Stable,Summer,General/Housing
2014,Thuốc và dịch vụ y tế,8,100.22,3,Main Category,Economic Growth,False,Stable,Summer,Healthcare
2014,Giao thông,8,99.94,3,Main Category,Economic Growth,False,Deflation,Summer,Transport
2014,Bưu chính viễn thông,8,99.98,3,Main Category,Economic Growth,False,Deflation,Summer,General/Housing
2014,Giáo dục,8,100.22,3,Main Category,Economic Growth,False,Stable,Summer,Education
2014,"Văn hóa, giải trí và du lịch",8,100.06,3,Main Category,Economic Growth,False,Stable,Summer,General/Housing
2014,Hàng hoá và dịch vụ khác,8,100.18,3,Main Category,Economic Growth,False,Stable,Summer,General/Housing
2014,Chỉ số giá vàng,8,99.66,3,Main Category,Economic Growth,False,Deflation,Summer,Financial/Other
2014,Chỉ số đô la Mỹ,8,99.74,3,Main Category,Economic Growth,False,Deflation,Summer,Financial/Other
2013,Chỉ số giá tiêu dùng,8,100.83,3,Total CPI,Economic Growth,False,Stable,Summer,General/Housing
2013,Hàng ăn và dịch vụ ăn uống,8,100.54,3,Main Category,Economic Growth,False,Stable,Summer,Food & Beverage
2013,Lương thực,8,100.7,3,Sub-category,Economic Growth,False,Stable,Summer,Food & Beverage
2013,Thực phẩm,8,100.62,3,Sub-category,Economic Growth,False,Stable,Summer,Food & Beverage
2013,Đồ uống và thuốc lá,8,100.27,3,Main Category,Economic Growth,False,Stable,Summer,General/Housing
2013,"May mặc, mũ nón, giày dép",8,100.44,3,Main Category,Economic Growth,False,Stable,Summer,General/Housing
2013,Nhà ở và vật liệu xây dựng,8,100.88,3,Main Category,Economic Growth,False,Stable,Summer,General/Housing
2013,Thiết bị và đồ dùng gia đình,8,100.22,3,Main Category,Economic Growth,False,Stable,Summer,General/Housing
2013,Thuốc và dịch vụ y tế,8,104.11,3,Main Category,Economic Growth,False,High Inflation,Summer,Healthcare
2013,Giao thông,8,101.11,3,Main Category,Economic Growth,False,High Inflation,Summer,Transport
2013,Bưu chính viễn thông,8,99.98,3,Main Category,Economic Growth,False,Deflation,Summer,General/Housing
2013,Giáo dục,8,100.9,3,Main Category,Economic Growth,False,Stable,Summer,Education
2013,"Văn hóa, giải trí và du lịch",8,100.27,3,Main Category,Economic Growth,False,Stable,Summer,General/Housing
2013,Hàng hoá và dịch vụ khác,8,100.35,3,Main Category,Economic Growth,False,Stable,Summer,General/Housing
2013,Chỉ số giá vàng,8,100.32,3,Main Category,Economic Growth,False,Stable,Summer,Financial/Other
2013,Chỉ số đô la Mỹ,8,100.06,3,Main Category,Economic Growth,False,Stable,Summer,Financial/Other
2012,Chỉ số giá tiêu dùng,8,100.63,3,Total CPI,Economic Growth,False,Stable,Summer,General/Housing
2012,Hàng ăn và dịch vụ ăn uống,8,99.82,3,Main Category,Economic Growth,False,Deflation,Summer,Food & Beverage
2012,Lương thực,8,99.57,3,Sub-category,Economic Growth,False,Deflation,Summer,Food & Beverage
2012,Thực phẩm,8,99.73,3,Sub-category,Economic Growth,False,Deflation,Summer,Food & Beverage
2012,Đồ uống và thuốc lá,8,100.24,3,Main Category,Economic Growth,False,Stable,Summer,General/Housing
2012,"May mặc, mũ nón, giày dép",8,100.57,3,Main Category,Economic Growth,False,Stable,Summer,General/Housing
2012,Nhà ở và vật liệu xây dựng,8,102.03,3,Main Category,Economic Growth,False,High Inflation,Summer,General/Housing
2012,Thiết bị và đồ dùng gia đình,8,100.35,3,Main Category,Economic Growth,False,Stable,Summer,General/Housing
2012,Thuốc và dịch vụ y tế,8,105.44,3,Main Category,Economic Growth,False,High Inflation,Summer,Healthcare
2012,Giao thông,8,101.07,3,Main Category,Economic Growth,False,High Inflation,Summer,Transport
2012,Bưu chính viễn thông,8,99.99,3,Main Category,Economic Growth,False,Deflation,Summer,General/Housing
2012,Giáo dục,8,100.48,3,Main Category,Economic Growth,False,Stable,Summer,Education
2012,"Văn hóa, giải trí và du lịch",8,100.95,3,Main Category,Economic Growth,False,Stable,Summer,General/Housing
2012,Hàng hoá và dịch vụ khác,8,100.42,3,Main Category,Economic Growth,False,Stable,Summer,General/Housing
2012,Chỉ số giá vàng,8,100.41,3,Main Category,Economic Growth,False,Stable,Summer,Financial/Other
2012,Chỉ số đô la Mỹ,8,99.85,3,Main Category,Economic Growth,False,Deflation,Summer,Financial/Other
2011,Chỉ số giá tiêu dùng,8,100.93,3,Total CPI,Post-Crisis Volatility,False,Stable,Summer,General/Housing
2011,Hàng ăn và dịch vụ ăn uống,8,101.35,3,Main Category,Post-Crisis Volatility,False,High Inflation,Summer,Food & Beverage
2011,Lương thực,8,100.46,3,Sub-category,Post-Crisis Volatility,False,Stable,Summer,Food & Beverage
2011,Thực phẩm,8,101.55,3,Sub-category,Post-Crisis Volatility,False,High Inflation,Summer,Food & Beverage
2011,Đồ uống và thuốc lá,8,100.55,3,Main Category,Post-Crisis Volatility,False,Stable,Summer,General/Housing
2011,"May mặc, mũ nón, giày dép",8,100.79,3,Main Category,Post-Crisis Volatility,False,Stable,Summer,General/Housing
2011,Nhà ở và vật liệu xây dựng,8,100.89,3,Main Category,Post-Crisis Volatility,False,Stable,Summer,General/Housing
2011,Thiết bị và đồ dùng gia đình,8,100.51,3,Main Category,Post-Crisis Volatility,False,Stable,Summer,General/Housing
2011,Thuốc và dịch vụ y tế,8,100.25,3,Main Category,Post-Crisis Volatility,False,Stable,Summer,Healthcare
2011,Giao thông,8,100.21,3,Main Category,Post-Crisis Volatility,False,Stable,Summer,Transport
2011,Bưu chính viễn thông,8,99.94,3,Main Category,Post-Crisis Volatility,False,Deflation,Summer,General/Housing
2011,Giáo dục,8,101.13,3,Main Category,Post-Crisis Volatility,False,High Inflation,Summer,Education
2011,"Văn hóa, giải trí và du lịch",8,100.34,3,Main Category,Post-Crisis Volatility,False,Stable,Summer,General/Housing
2011,Hàng hoá và dịch vụ khác,8,101.01,3,Main Category,Post-Crisis Volatility,False,High Inflation,Summer,General/Housing
2011,Chỉ số giá vàng,8,108.7,3,Main Category,Post-Crisis Volatility,False,High Inflation,Summer,Financial/Other
2011,Chỉ số đô la Mỹ,8,100.26,3,Main Category,Post-Crisis Volatility,False,Stable,Summer,Financial/Other
2010,Chỉ số giá tiêu dùng,8,100.23,3,Total CPI,Post-Crisis Volatility,False,Stable,Summer,General/Housing
2010,Hàng ăn và dịch vụ ăn uống,8,100.27,3,Main Category,Post-Crisis Volatility,False,Stable,Summer,Food & Beverage
2010,Lương thực,8,100.67,3,Sub-category,Post-Crisis Volatility,False,Stable,Summer,Food & Beverage
2010,Thực phẩm,8,100.1,3,Sub-category,Post-Crisis Volatility,False,Stable,Summer,Food & Beverage
2010,Đồ uống và thuốc lá,8,100.32,3,Main Category,Post-Crisis Volatility,False,Stable,Summer,General/Housing
2010,"May mặc, mũ nón, giày dép",8,100.51,3,Main Category,Post-Crisis Volatility,False,Stable,Summer,General/Housing
2010,Nhà ở và vật liệu xây dựng,8,100.07,3,Main Category,Post-Crisis Volatility,False,Stable,Summer,General/Housing
2010,Thiết bị và đồ dùng gia đình,8,100.38,3,Main Category,Post-Crisis Volatility,False,Stable,Summer,General/Housing
2010,Thuốc và dịch vụ y tế,8,100.41,3,Main Category,Post-Crisis Volatility,False,Stable,Summer,Healthcare
2010,Giao thông,8,100.37,3,Main Category,Post-Crisis Volatility,False,Stable,Summer,Transport
2010,Bưu chính viễn thông,8,95.45,3,Main Category,Post-Crisis Volatility,False,Deflation,Summer,General/Housing
2010,Giáo dục,8,101.29,3,Main Category,Post-Crisis Volatility,False,High Inflation,Summer,Education
2010,"Văn hóa, giải trí và du lịch",8,100.14,3,Main Category,Post-Crisis Volatility,False,Stable,Summer,General/Housing
2010,Hàng hoá và dịch vụ khác,8,100.19,3,Main Category,Post-Crisis Volatility,False,Stable,Summer,General/Housing
2010,Chỉ số giá vàng,8,99.12,3,Main Category,Post-Crisis Volatility,False,Deflation,Summer,Financial/Other
2010,Chỉ số đô la Mỹ,8,100.48,3,Main Category,Post-Crisis Volatility,False,Stable,Summer,Financial/Other
2009,Chỉ số giá tiêu dùng,8,100.24,3,Total CPI,Post-Crisis Volatility,False,Stable,Summer,General/Housing
2009,Hàng ăn và dịch vụ ăn uống,8,99.92,3,Main Category,Post-Crisis Volatility,False,Deflation,Summer,Food & Beverage
2009,Lương thực,8,99.58,3,Sub-category,Post-Crisis Volatility,False,Deflation,Summer,Food & Beverage
2009,Thực phẩm,8,99.91,3,Sub-category,Post-Crisis Volatility,False,Deflation,Summer,Food & Beverage
2009,Đồ uống và thuốc lá,8,100.11,3,Main Category,Post-Crisis Volatility,False,Stable,Summer,General/Housing
2009,"May mặc, mũ nón, giày dép",8,100.52,3,Main Category,Post-Crisis Volatility,False,Stable,Summer,General/Housing
2009,Nhà ở và vật liệu xây dựng,8,100.93,3,Main Category,Post-Crisis Volatility,False,Stable,Summer,General/Housing
2009,Thiết bị và đồ dùng gia đình,8,100.3,3,Main Category,Post-Crisis Volatility,False,Stable,Summer,General/Housing
2009,Thuốc và dịch vụ y tế,8,100.16,3,Main Category,Post-Crisis Volatility,False,Stable,Summer,Healthcare
2009,"Phương tiện đi lại, bưu điện",8,101.31,3,Sub-category,Post-Crisis Volatility,False,High Inflation,Summer,Transport
2009,Giáo dục,8,100.15,3,Main Category,Post-Crisis Volatility,False,Stable,Summer,Education
2009,"Văn hóa, giải trí và du lịch",8,100.12,3,Main Category,Post-Crisis Volatility,False,Stable,Summer,General/Housing
2009,Hàng hoá và dịch vụ khác,8,100.4,3,Main Category,Post-Crisis Volatility,False,Stable,Summer,General/Housing
2009,Chỉ số giá vàng,8,101.75,3,Main Category,Post-Crisis Volatility,False,High Inflation,Summer,Financial/Other
2009,Chỉ số đô la Mỹ,8,100.13,3,Main Category,Post-Crisis Volatility,False,Stable,Summer,Financial/Other
2008,Chỉ số giá tiêu dùng,8,101.56,3,Total CPI,2008 Crisis,False,High Inflation,Summer,General/Housing
2008,Hàng ăn và dịch vụ ăn uống,8,100.5,3,Main Category,2008 Crisis,False,Stable,Summer,Food & Beverage
2008,Lương thực,8,98.9,3,Sub-category,2008 Crisis,False,Deflation,Summer,Food & Beverage
2008,Thực phẩm,8,100.53,3,Sub-category,2008 Crisis,False,Stable,Summer,Food & Beverage
2008,Đồ uống và thuốc lá,8,100.67,3,Main Category,2008 Crisis,False,Stable,Summer,General/Housing
2008,"May mặc, mũ nón, giày dép",8,101.0,3,Main Category,2008 Crisis,False,Stable,Summer,General/Housing
2008,Nhà ở và vật liệu xây dựng,8,102.18,3,Main Category,2008 Crisis,False,High Inflation,Summer,General/Housing
2008,Thiết bị và đồ dùng gia đình,8,101.11,3,Main Category,2008 Crisis,False,High Inflation,Summer,General/Housing
2008,Thuốc và dịch vụ y tế,8,101.23,3,Main Category,2008 Crisis,False,High Inflation,Summer,Healthcare
2008,"Phương tiện đi lại, bưu điện",8,109.07,3,Sub-category,2008 Crisis,False,High Inflation,Summer,Transport
2008,Giáo dục,8,101.16,3,Main Category,2008 Crisis,False,High Inflation,Summer,Education
2008,"Văn hóa, giải trí và du lịch",8,101.08,3,Main Category,2008 Crisis,False,High Inflation,Summer,General/Housing
2008,Hàng hoá và dịch vụ khác,8,100.9,3,Main Category,2008 Crisis,False,Stable,Summer,General/Housing
2008,Chỉ số giá vàng,8,97.04,3,Main Category,2008 Crisis,False,Deflation,Summer,Financial/Other
2008,Chỉ số đô la Mỹ,8,97.04,3,Main Category,2008 Crisis,False,Deflation,Summer,Financial/Other
2007,Chỉ số giá tiêu dùng,8,100.55,3,Total CPI,Stability,False,Stable,Summer,General/Housing
2007,Hàng ăn và dịch vụ ăn uống,8,100.88,3,Main Category,Stability,False,Stable,Summer,Food & Beverage
2007,Lương thực,8,100.86,3,Sub-category,Stability,False,Stable,Summer,Food & Beverage
2007,Thực phẩm,8,100.92,3,Sub-category,Stability,False,Stable,Summer,Food & Beverage
2007,Đồ uống và thuốc lá,8,100.5,3,Main Category,Stability,False,Stable,Summer,General/Housing
2007,"May mặc, mũ nón, giày dép",8,100.38,3,Main Category,Stability,False,Stable,Summer,General/Housing
2007,Nhà ở và vật liệu xây dựng,8,100.15,3,Main Category,Stability,False,Stable,Summer,General/Housing
2007,Thiết bị và đồ dùng gia đình,8,100.28,3,Main Category,Stability,False,Stable,Summer,General/Housing
2007,Thuốc và dịch vụ y tế,8,100.65,3,Main Category,Stability,False,Stable,Summer,Healthcare
2007,"Phương tiện đi lại, bưu điện",8,100.15,3,Sub-category,Stability,False,Stable,Summer,Transport
2007,Giáo dục,8,100.28,3,Main Category,Stability,False,Stable,Summer,Education
2007,"Văn hóa, giải trí và du lịch",8,100.16,3,Main Category,Stability,False,Stable,Summer,General/Housing
2007,Hàng hoá và dịch vụ khác,8,100.48,3,Main Category,Stability,False,Stable,Summer,General/Housing
2007,Chỉ số giá vàng,8,101.49,3,Main Category,Stability,False,High Inflation,Summer,Financial/Other
2007,Chỉ số đô la Mỹ,8,100.16,3,Main Category,Stability,False,Stable,Summer,Financial/Other
2006,Chỉ số giá tiêu dùng,8,100.4,3,Total CPI,Stability,False,Stable,Summer,General/Housing
2006,Hàng ăn và dịch vụ ăn uống,8,100.2,3,Main Category,Stability,False,Stable,Summer,Food & Beverage
2006,Lương thực,8,100.3,3,Sub-category,Stability,False,Stable,Summer,Food & Beverage
2006,Thực phẩm,8,100.1,3,Sub-category,Stability,False,Stable,Summer,Food & Beverage
2006,Đồ uống và thuốc lá,8,100.2,3,Main Category,Stability,False,Stable,Summer,General/Housing
2006,"May mặc, mũ nón, giày dép",8,100.5,3,Main Category,Stability,False,Stable,Summer,General/Housing
2006,Nhà ở và vật liệu xây dựng,8,101.1,3,Main Category,Stability,False,High Inflation,Summer,General/Housing
2006,Thiết bị và đồ dùng gia đình,8,100.3,3,Main Category,Stability,False,Stable,Summer,General/Housing
2006,Thuốc và dịch vụ y tế,8,100.3,3,Main Category,Stability,False,Stable,Summer,Healthcare
2006,"Phương tiện đi lại, bưu điện",8,100.9,3,Sub-category,Stability,False,Stable,Summer,Transport
2006,Giáo dục,8,100.3,3,Main Category,Stability,False,Stable,Summer,Education
2006,"Văn hóa, giải trí và du lịch",8,100.3,3,Main Category,Stability,False,Stable,Summer,General/Housing
2006,Hàng hoá và dịch vụ khác,8,100.2,3,Main Category,Stability,False,Stable,Summer,General/Housing
2006,Chỉ số giá vàng,8,102.3,3,Main Category,Stability,False,High Inflation,Summer,Financial/Other
2006,Chỉ số đô la Mỹ,8,100.1,3,Main Category,Stability,False,Stable,Summer,Financial/Other
2005,Chỉ số giá tiêu dùng,8,100.4,3,Total CPI,Stability,False,Stable,Summer,General/Housing
2005,Hàng ăn và dịch vụ ăn uống,8,100.3,3,Main Category,Stability,False,Stable,Summer,Food & Beverage
2005,Lương thực,8,100.0,3,Sub-category,Stability,False,Stable,Summer,Food & Beverage
2005,Thực phẩm,8,100.4,3,Sub-category,Stability,False,Stable,Summer,Food & Beverage
2005,Đồ uống và thuốc lá,8,100.4,3,Main Category,Stability,False,Stable,Summer,General/Housing
2005,"May mặc, mũ nón, giày dép",8,100.6,3,Main Category,Stability,False,Stable,Summer,General/Housing
2005,Nhà ở và vật liệu xây dựng,8,100.6,3,Main Category,Stability,False,Stable,Summer,General/Housing
2005,Thiết bị và đồ dùng gia đình,8,100.5,3,Main Category,Stability,False,Stable,Summer,General/Housing
2005,Thuốc và dịch vụ y tế,8,100.2,3,Main Category,Stability,False,Stable,Summer,Healthcare
2005,"Phương tiện đi lại, bưu điện",8,100.9,3,Sub-category,Stability,False,Stable,Summer,Transport
2005,Giáo dục,8,100.6,3,Main Category,Stability,False,Stable,Summer,Education
2005,"Văn hóa, giải trí và du lịch",8,100.1,3,Main Category,Stability,False,Stable,Summer,General/Housing
2005,Hàng hoá và dịch vụ khác,8,100.5,3,Main Category,Stability,False,Stable,Summer,General/Housing
2005,Chỉ số giá vàng,8,100.3,3,Main Category,Stability,False,Stable,Summer,Financial/Other
2005,Chỉ số đô la Mỹ,8,100.1,3,Main Category,Stability,False,Stable,Summer,Financial/Other
2004,Chỉ số giá tiêu dùng,8,100.6,3,Total CPI,Stability,False,Stable,Summer,General/Housing
2004,Hàng ăn và dịch vụ ăn uống,8,100.7,3,Main Category,Stability,False,Stable,Summer,Food & Beverage
2004,Lương thực,8,100.8,3,Sub-category,Stability,False,Stable,Summer,Food & Beverage
2004,Thực phẩm,8,100.8,3,Sub-category,Stability,False,Stable,Summer,Food & Beverage
2004,Đồ uống và thuốc lá,8,100.4,3,Main Category,Stability,False,Stable,Summer,General/Housing
2004,"May mặc, mũ nón, giày dép",8,100.4,3,Main Category,Stability,False,Stable,Summer,General/Housing
2004,Nhà ở và vật liệu xây dựng,8,100.6,3,Main Category,Stability,False,Stable,Summer,General/Housing
2004,Thiết bị và đồ dùng gia đình,8,100.4,3,Main Category,Stability,False,Stable,Summer,General/Housing
2004,Thuốc và dịch vụ y tế,8,100.8,3,Main Category,Stability,False,Stable,Summer,Healthcare
2004,"Phương tiện đi lại, bưu điện",8,100.0,3,Sub-category,Stability,False,Stable,Summer,Transport
2004,Giáo dục,8,100.4,3,Main Category,Stability,False,Stable,Summer,Education
2004,"Văn hóa, giải trí và du lịch",8,99.9,3,Main Category,Stability,False,Deflation,Summer,General/Housing
2004,Hàng hoá và dịch vụ khác,8,100.4,3,Main Category,Stability,False,Stable,Summer,General/Housing
2004,Chỉ số giá vàng,8,100.4,3,Main Category,Stability,False,Stable,Summer,Financial/Other
2004,Chỉ số đô la Mỹ,8,100.1,3,Main Category,Stability,False,Stable,Summer,Financial/Other
2003,Chỉ số giá tiêu dùng,8,99.9,3,Total CPI,Stability,False,Deflation,Summer,General/Housing
2003,Hàng ăn và dịch vụ ăn uống,8,99.8,3,Main Category,Stability,False,Deflation,Summer,Food & Beverage
2003,Lương thực,8,100.1,3,Sub-category,Stability,False,Stable,Summer,Food & Beverage
2003,Thực phẩm,8,99.6,3,Sub-category,Stability,False,Deflation,Summer,Food & Beverage
2003,Đồ uống và thuốc lá,8,100.1,3,Main Category,Stability,False,Stable,Summer,General/Housing
2003,"May mặc, mũ nón, giày dép",8,100.0,3,Main Category,Stability,False,Stable,Summer,General/Housing
2003,Nhà ở và vật liệu xây dựng,8,100.2,3,Main Category,Stability,False,Stable,Summer,General/Housing
2003,Thiết bị và đồ dùng gia đình,8,99.7,3,Main Category,Stability,False,Deflation,Summer,General/Housing
2003,Thuốc và dịch vụ y tế,8,100.3,3,Main Category,Stability,False,Stable,Summer,Healthcare
2003,"Phương tiện đi lại, bưu điện",8,99.9,3,Sub-category,Stability,False,Deflation,Summer,Transport
2003,Giáo dục,8,100.3,3,Main Category,Stability,False,Stable,Summer,Education
2003,"Văn hóa, giải trí và du lịch",8,99.9,3,Main Category,Stability,False,Deflation,Summer,General/Housing
2003,Hàng hoá và dịch vụ khác,8,100.1,3,Main Category,Stability,False,Stable,Summer,General/Housing
2003,Chỉ số giá vàng,8,100.1,3,Main Category,Stability,False,Stable,Summer,Financial/Other
2003,Chỉ số đô la Mỹ,8,100.1,3,Main Category,Stability,False,Stable,Summer,Financial/Other
2002,Chỉ số giá tiêu dùng,8,100.1,3,Total CPI,Stability,False,Stable,Summer,General/Housing
2002,Hàng ăn và dịch vụ ăn uống,8,100.0,3,Main Category,Stability,False,Stable,Summer,Food & Beverage
2002,Lương thực,8,99.9,3,Sub-category,Stability,False,Deflation,Summer,Food & Beverage
2002,Thực phẩm,8,100.0,3,Sub-category,Stability,False,Stable,Summer,Food & Beverage
2002,Đồ uống và thuốc lá,8,100.2,3,Main Category,Stability,False,Stable,Summer,General/Housing
2002,"May mặc, mũ nón, giày dép",8,100.1,3,Main Category,Stability,False,Stable,Summer,General/Housing
2002,Nhà ở và vật liệu xây dựng,8,100.2,3,Main Category,Stability,False,Stable,Summer,General/Housing
2002,Thiết bị và đồ dùng gia đình,8,100.1,3,Main Category,Stability,False,Stable,Summer,General/Housing
2002,Thuốc và dịch vụ y tế,8,99.8,3,Main Category,Stability,False,Deflation,Summer,Healthcare
2002,"Phương tiện đi lại, bưu điện",8,100.1,3,Sub-category,Stability,False,Stable,Summer,Transport
2002,Giáo dục,8,99.4,3,Main Category,Stability,False,Deflation,Summer,Education
2002,"Văn hóa, giải trí và du lịch",8,100.4,3,Main Category,Stability,False,Stable,Summer,General/Housing
2002,Hàng hoá và dịch vụ khác,8,100.3,3,Main Category,Stability,False,Stable,Summer,General/Housing
2002,Chỉ số giá vàng,8,99.8,3,Main Category,Stability,False,Deflation,Summer,Financial/Other
2002,Chỉ số đô la Mỹ,8,100.2,3,Main Category,Stability,False,Stable,Summer,Financial/Other
2024,Chỉ số giá tiêu dùng,9,100.29,3,Total CPI,Recovery,False,Stable,Autumn,General/Housing
2024,Hàng ăn và dịch vụ ăn uống,9,100.92,3,Main Category,Recovery,False,Stable,Autumn,Food & Beverage
2024,Lương thực,9,100.77,3,Sub-category,Recovery,False,Stable,Autumn,Food & Beverage
2024,Thực phẩm,9,101.06,3,Sub-category,Recovery,False,High Inflation,Autumn,Food & Beverage
2024,Ăn uống ngoài gia đình,9,100.65,3,Sub-category,Recovery,False,Stable,Autumn,General/Housing
2024,Đồ uống và thuốc lá,9,100.03,3,Main Category,Recovery,False,Stable,Autumn,General/Housing
2024,"May mặc, mũ nón, giày dép",9,100.15,3,Main Category,Recovery,False,Stable,Autumn,General/Housing
2024,Nhà ở và vật liệu xây dựng,9,100.52,3,Main Category,Recovery,False,Stable,Autumn,General/Housing
2024,Thiết bị và đồ dùng gia đình,9,100.14,3,Main Category,Recovery,False,Stable,Autumn,General/Housing
2024,Thuốc và dịch vụ y tế,9,100.05,3,Main Category,Recovery,False,Stable,Autumn,Healthcare
2024,Trong đó: Dịch vụ y tế,9,100.0,3,Sub-category,Recovery,False,Stable,Autumn,Healthcare
2024,Giao thông,9,97.23,3,Main Category,Recovery,False,Deflation,Autumn,Transport
2024,Bưu chính viễn thông,9,100.09,3,Main Category,Recovery,False,Stable,Autumn,General/Housing
2024,Giáo dục,9,102.09,3,Main Category,Recovery,False,High Inflation,Autumn,Education
2024,Trong đó: Dịch vụ giáo dục,9,102.33,3,Sub-category,Recovery,False,High Inflation,Autumn,General/Housing
2024,"Văn hóa, giải trí và du lịch",9,99.76,3,Main Category,Recovery,False,Deflation,Autumn,General/Housing
2024,Hàng hoá và dịch vụ khác,9,100.24,3,Main Category,Recovery,False,Stable,Autumn,General/Housing
2024,Chỉ số giá vàng,9,101.88,3,Main Category,Recovery,False,High Inflation,Autumn,Financial/Other
2024,Chỉ số đô la Mỹ,9,98.21,3,Main Category,Recovery,False,Deflation,Autumn,Financial/Other
2023,Chỉ số giá tiêu dùng,9,101.08,3,Total CPI,Recovery,False,High Inflation,Autumn,General/Housing
2023,Hàng ăn và dịch vụ ăn uống,9,100.73,3,Main Category,Recovery,False,Stable,Autumn,Food & Beverage
2023,Lương thực,9,103.19,3,Sub-category,Recovery,False,High Inflation,Autumn,Food & Beverage
2023,Thực phẩm,9,100.38,3,Sub-category,Recovery,False,Stable,Autumn,Food & Beverage
2023,Ăn uống ngoài gia đình,9,100.54,3,Sub-category,Recovery,False,Stable,Autumn,General/Housing
2023,Đồ uống và thuốc lá,9,100.11,3,Main Category,Recovery,False,Stable,Autumn,General/Housing
2023,"May mặc, mũ nón, giày dép",9,100.19,3,Main Category,Recovery,False,Stable,Autumn,General/Housing
2023,Nhà ở và vật liệu xây dựng,9,101.12,3,Main Category,Recovery,False,High Inflation,Autumn,General/Housing
2023,Thiết bị và đồ dùng gia đình,9,100.12,3,Main Category,Recovery,False,Stable,Autumn,General/Housing
2023,Thuốc và dịch vụ y tế,9,100.07,3,Main Category,Recovery,False,Stable,Autumn,Healthcare
2023,Trong đó: Dịch vụ y tế,9,100.05,3,Sub-category,Recovery,False,Stable,Autumn,Healthcare
2023,Giao thông,9,101.21,3,Main Category,Recovery,False,High Inflation,Autumn,Transport
2023,Bưu chính viễn thông,9,99.77,3,Main Category,Recovery,False,Deflation,Autumn,General/Housing
2023,Giáo dục,9,108.06,3,Main Category,Recovery,False,High Inflation,Autumn,Education
2023,Trong đó: Dịch vụ giáo dục,9,108.99,3,Sub-category,Recovery,False,High Inflation,Autumn,General/Housing
2023,"Văn hóa, giải trí và du lịch",9,100.06,3,Main Category,Recovery,False,Stable,Autumn,General/Housing
2023,Hàng hoá và dịch vụ khác,9,100.17,3,Main Category,Recovery,False,Stable,Autumn,General/Housing
2023,Chỉ số giá vàng,9,100.94,3,Main Category,Recovery,False,Stable,Autumn,Financial/Other
2023,Chỉ số đô la Mỹ,9,101.53,3,Main Category,Recovery,False,High Inflation,Autumn,Financial/Other
2022,Chỉ số giá tiêu dùng,9,100.4,3,Total CPI,COVID-19,False,Stable,Autumn,General/Housing
2022,Hàng ăn và dịch vụ ăn uống,9,100.18,3,Main Category,COVID-19,False,Stable,Autumn,Food & Beverage
2022,Lương thực,9,99.92,3,Sub-category,COVID-19,False,Deflation,Autumn,Food & Beverage
2022,Thực phẩm,9,100.16,3,Sub-category,COVID-19,False,Stable,Autumn,Food & Beverage
2022,Ăn uống ngoài gia đình,9,100.32,3,Sub-category,COVID-19,False,Stable,Autumn,General/Housing
2022,Đồ uống và thuốc lá,9,100.13,3,Main Category,COVID-19,False,Stable,Autumn,General/Housing
2022,"May mặc, mũ nón, giày dép",9,100.16,3,Main Category,COVID-19,False,Stable,Autumn,General/Housing
2022,Nhà ở và vật liệu xây dựng,9,100.94,3,Main Category,COVID-19,False,Stable,Autumn,General/Housing
2022,Thiết bị và đồ dùng gia đình,9,100.16,3,Main Category,COVID-19,False,Stable,Autumn,General/Housing
2022,Thuốc và dịch vụ y tế,9,100.03,3,Main Category,COVID-19,False,Stable,Autumn,Healthcare
2022,Trong đó: Dịch vụ y tế,9,100.01,3,Sub-category,COVID-19,False,Stable,Autumn,Healthcare
2022,Giao thông,9,97.77,3,Main Category,COVID-19,False,Deflation,Autumn,Transport
2022,Bưu chính viễn thông,9,99.96,3,Main Category,COVID-19,False,Deflation,Autumn,General/Housing
2022,Giáo dục,9,105.84,3,Main Category,COVID-19,False,High Inflation,Autumn,Education
2022,Trong đó: Dịch vụ giáo dục,9,106.48,3,Sub-category,COVID-19,False,High Inflation,Autumn,General/Housing
2022,"Văn hóa, giải trí và du lịch",9,100.03,3,Main Category,COVID-19,False,Stable,Autumn,General/Housing
2022,Hàng hoá và dịch vụ khác,9,100.14,3,Main Category,COVID-19,False,Stable,Autumn,General/Housing
2022,Chỉ số giá vàng,9,98.29,3,Main Category,COVID-19,False,Deflation,Autumn,Financial/Other
2022,Chỉ số đô la Mỹ,9,100.53,3,Main Category,COVID-19,False,Stable,Autumn,Financial/Other
2021,Chỉ số giá tiêu dùng,9,99.38,3,Total CPI,COVID-19,False,Deflation,Autumn,General/Housing
2021,Hàng ăn và dịch vụ ăn uống,9,99.84,3,Main Category,COVID-19,False,Deflation,Autumn,Food & Beverage
2021,Lương thực,9,100.12,3,Sub-category,COVID-19,False,Stable,Autumn,Food & Beverage
2021,Thực phẩm,9,99.7,3,Sub-category,COVID-19,False,Deflation,Autumn,Food & Beverage
2021,Ăn uống ngoài gia đình,9,100.04,3,Sub-category,COVID-19,False,Stable,Autumn,General/Housing
2021,Đồ uống và thuốc lá,9,100.17,3,Main Category,COVID-19,False,Stable,Autumn,General/Housing
2021,"May mặc, mũ nón, giày dép",9,100.02,3,Main Category,COVID-19,False,Stable,Autumn,General/Housing
2021,Nhà ở và vật liệu xây dựng,9,98.01,3,Main Category,COVID-19,False,Deflation,Autumn,General/Housing
2021,Thiết bị và đồ dùng gia đình,9,100.09,3,Main Category,COVID-19,False,Stable,Autumn,General/Housing
2021,Thuốc và dịch vụ y tế,9,100.03,3,Main Category,COVID-19,False,Stable,Autumn,Healthcare
2021,Trong đó: Dịch vụ y tế,9,100.0,3,Sub-category,COVID-19,False,Stable,Autumn,Healthcare
2021,Giao thông,9,99.84,3,Main Category,COVID-19,False,Deflation,Autumn,Transport
2021,Bưu chính viễn thông,9,99.94,3,Main Category,COVID-19,False,Deflation,Autumn,General/Housing
2021,Giáo dục,9,97.11,3,Main Category,COVID-19,False,Deflation,Autumn,Education
2021,Trong đó: Dịch vụ giáo dục,9,96.65,3,Sub-category,COVID-19,False,Deflation,Autumn,General/Housing
2021,"Văn hóa, giải trí và du lịch",9,100.01,3,Main Category,COVID-19,False,Stable,Autumn,General/Housing
2021,Hàng hoá và dịch vụ khác,9,100.02,3,Main Category,COVID-19,False,Stable,Autumn,General/Housing
2021,Chỉ số giá vàng,9,100.0,3,Main Category,COVID-19,False,Stable,Autumn,Financial/Other
2021,Chỉ số đô la Mỹ,9,99.52,3,Main Category,COVID-19,False,Deflation,Autumn,Financial/Other
2020,Chỉ số giá tiêu dùng,9,100.12,3,Total CPI,COVID-19,False,Stable,Autumn,General/Housing
2020,Hàng ăn và dịch vụ ăn uống,9,99.69,3,Main Category,COVID-19,False,Deflation,Autumn,Food & Beverage
2020,Lương thực,9,100.53,3,Sub-category,COVID-19,False,Stable,Autumn,Food & Beverage
2020,Thực phẩm,9,99.41,3,Sub-category,COVID-19,False,Deflation,Autumn,Food & Beverage
2020,Đồ uống và thuốc lá,9,100.05,3,Main Category,COVID-19,False,Stable,Autumn,General/Housing
2020,"May mặc, mũ nón, giày dép",9,100.1,3,Main Category,COVID-19,False,Stable,Autumn,General/Housing
2020,Nhà ở và vật liệu xây dựng,9,100.62,3,Main Category,COVID-19,False,Stable,Autumn,General/Housing
2020,Thiết bị và đồ dùng gia đình,9,99.94,3,Main Category,COVID-19,False,Deflation,Autumn,General/Housing
2020,Thuốc và dịch vụ y tế,9,100.01,3,Main Category,COVID-19,False,Stable,Autumn,Healthcare
2020,Giao thông,9,99.88,3,Main Category,COVID-19,False,Deflation,Autumn,Transport
2020,Bưu chính viễn thông,9,99.98,3,Main Category,COVID-19,False,Deflation,Autumn,General/Housing
2020,Giáo dục,9,102.08,3,Main Category,COVID-19,False,High Inflation,Autumn,Education
2020,"Văn hóa, giải trí và du lịch",9,99.8,3,Main Category,COVID-19,False,Deflation,Autumn,General/Housing
2020,Hàng hoá và dịch vụ khác,9,100.02,3,Main Category,COVID-19,False,Stable,Autumn,General/Housing
2020,Chỉ số giá vàng,9,99.67,3,Main Category,COVID-19,False,Deflation,Autumn,Financial/Other
2020,Chỉ số đô la Mỹ,9,99.95,3,Main Category,COVID-19,False,Deflation,Autumn,Financial/Other
2019,Chỉ số giá tiêu dùng,9,100.32,3,Total CPI,Economic Growth,False,Stable,Autumn,General/Housing
2019,Hàng ăn và dịch vụ ăn uống,9,100.56,3,Main Category,Economic Growth,False,Stable,Autumn,Food & Beverage
2019,Lương thực,9,100.3,3,Sub-category,Economic Growth,False,Stable,Autumn,Food & Beverage
2019,Thực phẩm,9,100.76,3,Sub-category,Economic Growth,False,Stable,Autumn,Food & Beverage
2019,Đồ uống và thuốc lá,9,100.06,3,Main Category,Economic Growth,False,Stable,Autumn,General/Housing
2019,"May mặc, mũ nón, giày dép",9,100.09,3,Main Category,Economic Growth,False,Stable,Autumn,General/Housing
2019,Nhà ở và vật liệu xây dựng,9,100.12,3,Main Category,Economic Growth,False,Stable,Autumn,General/Housing
2019,Thiết bị và đồ dùng gia đình,9,100.13,3,Main Category,Economic Growth,False,Stable,Autumn,General/Housing
2019,Thuốc và dịch vụ y tế,9,99.99,3,Main Category,Economic Growth,False,Deflation,Autumn,Healthcare
2019,Giao thông,9,98.76,3,Main Category,Economic Growth,False,Deflation,Autumn,Transport
2019,Bưu chính viễn thông,9,100.0,3,Main Category,Economic Growth,False,Stable,Autumn,General/Housing
2019,Giáo dục,9,103.15,3,Main Category,Economic Growth,False,High Inflation,Autumn,Education
2019,"Văn hóa, giải trí và du lịch",9,100.06,3,Main Category,Economic Growth,False,Stable,Autumn,General/Housing
2019,Hàng hoá và dịch vụ khác,9,100.25,3,Main Category,Economic Growth,False,Stable,Autumn,General/Housing
2019,Chỉ số giá vàng,9,103.25,3,Main Category,Economic Growth,False,High Inflation,Autumn,Financial/Other
2019,Chỉ số đô la Mỹ,9,99.89,3,Main Category,Economic Growth,False,Deflation,Autumn,Financial/Other
2018,Chỉ số giá tiêu dùng,9,100.59,3,Total CPI,Economic Growth,False,Stable,Autumn,General/Housing
2018,Hàng ăn và dịch vụ ăn uống,9,100.44,3,Main Category,Economic Growth,False,Stable,Autumn,Food & Beverage
2018,Lương thực,9,100.28,3,Sub-category,Economic Growth,False,Stable,Autumn,Food & Beverage
2018,Thực phẩm,9,100.51,3,Sub-category,Economic Growth,False,Stable,Autumn,Food & Beverage
2018,Đồ uống và thuốc lá,9,100.09,3,Main Category,Economic Growth,False,Stable,Autumn,General/Housing
2018,"May mặc, mũ nón, giày dép",9,100.11,3,Main Category,Economic Growth,False,Stable,Autumn,General/Housing
2018,Nhà ở và vật liệu xây dựng,9,100.2,3,Main Category,Economic Growth,False,Stable,Autumn,General/Housing
2018,Thiết bị và đồ dùng gia đình,9,100.13,3,Main Category,Economic Growth,False,Stable,Autumn,General/Housing
2018,Thuốc và dịch vụ y tế,9,100.04,3,Main Category,Economic Growth,False,Stable,Autumn,Healthcare
2018,Giao thông,9,100.82,3,Main Category,Economic Growth,False,Stable,Autumn,Transport
2018,Bưu chính viễn thông,9,99.92,3,Main Category,Economic Growth,False,Deflation,Autumn,General/Housing
2018,Giáo dục,9,105.07,3,Main Category,Economic Growth,False,High Inflation,Autumn,Education
2018,"Văn hóa, giải trí và du lịch",9,100.09,3,Main Category,Economic Growth,False,Stable,Autumn,General/Housing
2018,Hàng hoá và dịch vụ khác,9,100.14,3,Main Category,Economic Growth,False,Stable,Autumn,General/Housing
2018,Chỉ số giá vàng,9,99.03,3,Main Category,Economic Growth,False,Deflation,Autumn,Financial/Other
2018,Chỉ số đô la Mỹ,9,100.16,3,Main Category,Economic Growth,False,Stable,Autumn,Financial/Other
2017,Chỉ số giá tiêu dùng,9,100.59,3,Total CPI,Economic Growth,False,Stable,Autumn,General/Housing
2017,Hàng ăn và dịch vụ ăn uống,9,100.08,3,Main Category,Economic Growth,False,Stable,Autumn,Food & Beverage
2017,Lương thực,9,100.14,3,Sub-category,Economic Growth,False,Stable,Autumn,Food & Beverage
2017,Thực phẩm,9,100.06,3,Sub-category,Economic Growth,False,Stable,Autumn,Food & Beverage
2017,Đồ uống và thuốc lá,9,100.02,3,Main Category,Economic Growth,False,Stable,Autumn,General/Housing
2017,"May mặc, mũ nón, giày dép",9,100.05,3,Main Category,Economic Growth,False,Stable,Autumn,General/Housing
2017,Nhà ở và vật liệu xây dựng,9,100.69,3,Main Category,Economic Growth,False,Stable,Autumn,General/Housing
2017,Thiết bị và đồ dùng gia đình,9,100.06,3,Main Category,Economic Growth,False,Stable,Autumn,General/Housing
2017,Thuốc và dịch vụ y tế,9,100.25,3,Main Category,Economic Growth,False,Stable,Autumn,Healthcare
2017,Giao thông,9,101.51,3,Main Category,Economic Growth,False,High Inflation,Autumn,Transport
2017,Bưu chính viễn thông,9,99.96,3,Main Category,Economic Growth,False,Deflation,Autumn,General/Housing
2017,Giáo dục,9,105.0,3,Main Category,Economic Growth,False,High Inflation,Autumn,Education
2017,"Văn hóa, giải trí và du lịch",9,99.92,3,Main Category,Economic Growth,False,Deflation,Autumn,General/Housing
2017,Hàng hoá và dịch vụ khác,9,100.11,3,Main Category,Economic Growth,False,Stable,Autumn,General/Housing
2017,Chỉ số giá vàng,9,102.61,3,Main Category,Economic Growth,False,High Inflation,Autumn,Financial/Other
2017,Chỉ số đô la Mỹ,9,100.03,3,Main Category,Economic Growth,False,Stable,Autumn,Financial/Other
2016,Chỉ số giá tiêu dùng,9,100.54,3,Total CPI,Economic Growth,False,Stable,Autumn,General/Housing
2016,Hàng ăn và dịch vụ ăn uống,9,100.09,3,Main Category,Economic Growth,False,Stable,Autumn,Food & Beverage
2016,Lương thực,9,100.16,3,Sub-category,Economic Growth,False,Stable,Autumn,Food & Beverage
2016,Thực phẩm,9,100.1,3,Sub-category,Economic Growth,False,Stable,Autumn,Food & Beverage
2016,Đồ uống và thuốc lá,9,100.04,3,Main Category,Economic Growth,False,Stable,Autumn,General/Housing
2016,"May mặc, mũ nón, giày dép",9,100.14,3,Main Category,Economic Growth,False,Stable,Autumn,General/Housing
2016,Nhà ở và vật liệu xây dựng,9,100.09,3,Main Category,Economic Growth,False,Stable,Autumn,General/Housing
2016,Thiết bị và đồ dùng gia đình,9,100.11,3,Main Category,Economic Growth,False,Stable,Autumn,General/Housing
2016,Thuốc và dịch vụ y tế,9,100.02,3,Main Category,Economic Growth,False,Stable,Autumn,Healthcare
2016,Giao thông,9,100.55,3,Main Category,Economic Growth,False,Stable,Autumn,Transport
2016,Bưu chính viễn thông,9,99.93,3,Main Category,Economic Growth,False,Deflation,Autumn,General/Housing
2016,Giáo dục,9,107.19,3,Main Category,Economic Growth,False,High Inflation,Autumn,Education
2016,"Văn hóa, giải trí và du lịch",9,100.18,3,Main Category,Economic Growth,False,Stable,Autumn,General/Housing
2016,Hàng hoá và dịch vụ khác,9,100.05,3,Main Category,Economic Growth,False,Stable,Autumn,General/Housing
2016,Chỉ số giá vàng,9,99.64,3,Main Category,Economic Growth,False,Deflation,Autumn,Financial/Other
2016,Chỉ số đô la Mỹ,9,100.07,3,Main Category,Economic Growth,False,Stable,Autumn,Financial/Other
2015,Chỉ số giá tiêu dùng,9,99.79,3,Total CPI,Economic Growth,False,Deflation,Autumn,General/Housing
2015,Hàng ăn và dịch vụ ăn uống,9,99.87,3,Main Category,Economic Growth,False,Deflation,Autumn,Food & Beverage
2015,Lương thực,9,99.76,3,Sub-category,Economic Growth,False,Deflation,Autumn,Food & Beverage
2015,Thực phẩm,9,99.86,3,Sub-category,Economic Growth,False,Deflation,Autumn,Food & Beverage
2015,Đồ uống và thuốc lá,9,100.1,3,Main Category,Economic Growth,False,Stable,Autumn,General/Housing
2015,"May mặc, mũ nón, giày dép",9,100.21,3,Main Category,Economic Growth,False,Stable,Autumn,General/Housing
2015,Nhà ở và vật liệu xây dựng,9,99.32,3,Main Category,Economic Growth,False,Deflation,Autumn,General/Housing
2015,Thiết bị và đồ dùng gia đình,9,100.07,3,Main Category,Economic Growth,False,Stable,Autumn,General/Housing
2015,Thuốc và dịch vụ y tế,9,100.43,3,Main Category,Economic Growth,False,Stable,Autumn,Healthcare
2015,Giao thông,9,96.83,3,Main Category,Economic Growth,False,Deflation,Autumn,Transport
2015,Bưu chính viễn thông,9,99.93,3,Main Category,Economic Growth,False,Deflation,Autumn,General/Housing
2015,Giáo dục,9,101.24,3,Main Category,Economic Growth,False,High Inflation,Autumn,Education
2015,"Văn hóa, giải trí và du lịch",9,100.03,3,Main Category,Economic Growth,False,Stable,Autumn,General/Housing
2015,Hàng hoá và dịch vụ khác,9,100.19,3,Main Category,Economic Growth,False,Stable,Autumn,General/Housing
2015,Chỉ số giá vàng,9,103.54,3,Main Category,Economic Growth,False,High Inflation,Autumn,Financial/Other
2015,Chỉ số đô la Mỹ,9,102.71,3,Main Category,Economic Growth,False,High Inflation,Autumn,Financial/Other
2014,Chỉ số giá tiêu dùng,9,100.4,3,Total CPI,Economic Growth,False,Stable,Autumn,General/Housing
2014,Hàng ăn và dịch vụ ăn uống,9,100.22,3,Main Category,Economic Growth,False,Stable,Autumn,Food & Beverage
2014,Lương thực,9,100.35,3,Sub-category,Economic Growth,False,Stable,Autumn,Food & Beverage
2014,Thực phẩm,9,100.21,3,Sub-category,Economic Growth,False,Stable,Autumn,Food & Beverage
2014,Đồ uống và thuốc lá,9,100.08,3,Main Category,Economic Growth,False,Stable,Autumn,General/Housing
2014,"May mặc, mũ nón, giày dép",9,100.32,3,Main Category,Economic Growth,False,Stable,Autumn,General/Housing
2014,Nhà ở và vật liệu xây dựng,9,99.62,3,Main Category,Economic Growth,False,Deflation,Autumn,General/Housing
2014,Thiết bị và đồ dùng gia đình,9,100.21,3,Main Category,Economic Growth,False,Stable,Autumn,General/Housing
2014,Thuốc và dịch vụ y tế,9,100.23,3,Main Category,Economic Growth,False,Stable,Autumn,Healthcare
2014,Giao thông,9,98.15,3,Main Category,Economic Growth,False,Deflation,Autumn,Transport
2014,Bưu chính viễn thông,9,100.0,3,Main Category,Economic Growth,False,Stable,Autumn,General/Housing
2014,Giáo dục,9,106.38,3,Main Category,Economic Growth,False,High Inflation,Autumn,Education
2014,"Văn hóa, giải trí và du lịch",9,100.09,3,Main Category,Economic Growth,False,Stable,Autumn,General/Housing
2014,Hàng hoá và dịch vụ khác,9,100.12,3,Main Category,Economic Growth,False,Stable,Autumn,General/Housing
2014,Chỉ số giá vàng,9,98.34,3,Main Category,Economic Growth,False,Deflation,Autumn,Financial/Other
2014,Chỉ số đô la Mỹ,9,99.85,3,Main Category,Economic Growth,False,Deflation,Autumn,Financial/Other
2013,Chỉ số giá tiêu dùng,9,101.06,3,Total CPI,Economic Growth,False,High Inflation,Autumn,General/Housing
2013,Hàng ăn và dịch vụ ăn uống,9,100.65,3,Main Category,Economic Growth,False,Stable,Autumn,Food & Beverage
2013,Lương thực,9,100.41,3,Sub-category,Economic Growth,False,Stable,Autumn,Food & Beverage
2013,Thực phẩm,9,100.87,3,Sub-category,Economic Growth,False,Stable,Autumn,Food & Beverage
2013,Đồ uống và thuốc lá,9,100.22,3,Main Category,Economic Growth,False,Stable,Autumn,General/Housing
2013,"May mặc, mũ nón, giày dép",9,100.29,3,Main Category,Economic Growth,False,Stable,Autumn,General/Housing
2013,Nhà ở và vật liệu xây dựng,9,100.91,3,Main Category,Economic Growth,False,Stable,Autumn,General/Housing
2013,Thiết bị và đồ dùng gia đình,9,100.23,3,Main Category,Economic Growth,False,Stable,Autumn,General/Housing
2013,Thuốc và dịch vụ y tế,9,100.04,3,Main Category,Economic Growth,False,Stable,Autumn,Healthcare
2013,Giao thông,9,99.76,3,Main Category,Economic Growth,False,Deflation,Autumn,Transport
2013,Bưu chính viễn thông,9,99.99,3,Main Category,Economic Growth,False,Deflation,Autumn,General/Housing
2013,Giáo dục,9,109.38,3,Main Category,Economic Growth,False,High Inflation,Autumn,Education
2013,"Văn hóa, giải trí và du lịch",9,100.09,3,Main Category,Economic Growth,False,Stable,Autumn,General/Housing
2013,Hàng hoá và dịch vụ khác,9,101.33,3,Main Category,Economic Growth,False,High Inflation,Autumn,General/Housing
2013,Chỉ số giá vàng,9,101.97,3,Main Category,Economic Growth,False,High Inflation,Autumn,Financial/Other
2013,Chỉ số đô la Mỹ,9,99.74,3,Main Category,Economic Growth,False,Deflation,Autumn,Financial/Other
2012,Chỉ số giá tiêu dùng,9,102.2,3,Total CPI,Economic Growth,False,High Inflation,Autumn,General/Housing
2012,Hàng ăn và dịch vụ ăn uống,9,100.08,3,Main Category,Economic Growth,False,Stable,Autumn,Food & Beverage
2012,Lương thực,9,100.35,3,Sub-category,Economic Growth,False,Stable,Autumn,Food & Beverage
2012,Thực phẩm,9,99.93,3,Sub-category,Economic Growth,False,Deflation,Autumn,Food & Beverage
2012,Đồ uống và thuốc lá,9,100.14,3,Main Category,Economic Growth,False,Stable,Autumn,General/Housing
2012,"May mặc, mũ nón, giày dép",9,100.46,3,Main Category,Economic Growth,False,Stable,Autumn,General/Housing
2012,Nhà ở và vật liệu xây dựng,9,102.18,3,Main Category,Economic Growth,False,High Inflation,Autumn,General/Housing
2012,Thiết bị và đồ dùng gia đình,9,100.31,3,Main Category,Economic Growth,False,Stable,Autumn,General/Housing
2012,Thuốc và dịch vụ y tế,9,117.02,3,Main Category,Economic Growth,False,High Inflation,Autumn,Healthcare
2012,Giao thông,9,103.83,3,Main Category,Economic Growth,False,High Inflation,Autumn,Transport
2012,Bưu chính viễn thông,9,100.01,3,Main Category,Economic Growth,False,Stable,Autumn,General/Housing
2012,Giáo dục,9,110.54,3,Main Category,Economic Growth,False,High Inflation,Autumn,Education
2012,"Văn hóa, giải trí và du lịch",9,100.33,3,Main Category,Economic Growth,False,Stable,Autumn,General/Housing
2012,Hàng hoá và dịch vụ khác,9,100.61,3,Main Category,Economic Growth,False,Stable,Autumn,General/Housing
2012,Chỉ số giá vàng,9,105.25,3,Main Category,Economic Growth,False,High Inflation,Autumn,Financial/Other
2012,Chỉ số đô la Mỹ,9,100.06,3,Main Category,Economic Growth,False,Stable,Autumn,Financial/Other
2011,Chỉ số giá tiêu dùng,9,100.82,3,Total CPI,Post-Crisis Volatility,False,Stable,Autumn,General/Housing
2011,Hàng ăn và dịch vụ ăn uống,9,100.28,3,Main Category,Post-Crisis Volatility,False,Stable,Autumn,Food & Beverage
2011,Lương thực,9,101.53,3,Sub-category,Post-Crisis Volatility,False,High Inflation,Autumn,Food & Beverage
2011,Thực phẩm,9,99.72,3,Sub-category,Post-Crisis Volatility,False,Deflation,Autumn,Food & Beverage
2011,Đồ uống và thuốc lá,9,100.59,3,Main Category,Post-Crisis Volatility,False,Stable,Autumn,General/Housing
2011,"May mặc, mũ nón, giày dép",9,100.92,3,Main Category,Post-Crisis Volatility,False,Stable,Autumn,General/Housing
2011,Nhà ở và vật liệu xây dựng,9,100.37,3,Main Category,Post-Crisis Volatility,False,Stable,Autumn,General/Housing
2011,Thiết bị và đồ dùng gia đình,9,100.51,3,Main Category,Post-Crisis Volatility,False,Stable,Autumn,General/Housing
2011,Thuốc và dịch vụ y tế,9,100.28,3,Main Category,Post-Crisis Volatility,False,Stable,Autumn,Healthcare
2011,Giao thông,9,99.76,3,Main Category,Post-Crisis Volatility,False,Deflation,Autumn,Transport
2011,Bưu chính viễn thông,9,99.93,3,Main Category,Post-Crisis Volatility,False,Deflation,Autumn,General/Housing
2011,Giáo dục,9,108.62,3,Main Category,Post-Crisis Volatility,False,High Inflation,Autumn,Education
2011,"Văn hóa, giải trí và du lịch",9,100.62,3,Main Category,Post-Crisis Volatility,False,Stable,Autumn,General/Housing
2011,Hàng hoá và dịch vụ khác,9,101.37,3,Main Category,Post-Crisis Volatility,False,High Inflation,Autumn,General/Housing
2011,Chỉ số giá vàng,9,113.14,3,Main Category,Post-Crisis Volatility,False,High Inflation,Autumn,Financial/Other
2011,Chỉ số đô la Mỹ,9,100.8,3,Main Category,Post-Crisis Volatility,False,Stable,Autumn,Financial/Other
2010,Chỉ số giá tiêu dùng,9,101.31,3,Total CPI,Post-Crisis Volatility,False,High Inflation,Autumn,General/Housing
2010,Hàng ăn và dịch vụ ăn uống,9,100.79,3,Main Category,Post-Crisis Volatility,False,Stable,Autumn,Food & Beverage
2010,Lương thực,9,102.32,3,Sub-category,Post-Crisis Volatility,False,High Inflation,Autumn,Food & Beverage
2010,Thực phẩm,9,100.39,3,Sub-category,Post-Crisis Volatility,False,Stable,Autumn,Food & Beverage
2010,Đồ uống và thuốc lá,9,100.44,3,Main Category,Post-Crisis Volatility,False,Stable,Autumn,General/Housing
2010,"May mặc, mũ nón, giày dép",9,100.34,3,Main Category,Post-Crisis Volatility,False,Stable,Autumn,General/Housing
2010,Nhà ở và vật liệu xây dựng,9,101.08,3,Main Category,Post-Crisis Volatility,False,High Inflation,Autumn,General/Housing
2010,Thiết bị và đồ dùng gia đình,9,100.34,3,Main Category,Post-Crisis Volatility,False,Stable,Autumn,General/Housing
2010,Thuốc và dịch vụ y tế,9,100.35,3,Main Category,Post-Crisis Volatility,False,Stable,Autumn,Healthcare
2010,Giao thông,9,100.91,3,Main Category,Post-Crisis Volatility,False,Stable,Autumn,Transport
2010,Bưu chính viễn thông,9,99.93,3,Main Category,Post-Crisis Volatility,False,Deflation,Autumn,General/Housing
2010,Giáo dục,9,112.02,3,Main Category,Post-Crisis Volatility,False,High Inflation,Autumn,Education
2010,"Văn hóa, giải trí và du lịch",9,100.48,3,Main Category,Post-Crisis Volatility,False,Stable,Autumn,General/Housing
2010,Hàng hoá và dịch vụ khác,9,100.57,3,Main Category,Post-Crisis Volatility,False,Stable,Autumn,General/Housing
2010,Chỉ số giá vàng,9,103.58,3,Main Category,Post-Crisis Volatility,False,High Inflation,Autumn,Financial/Other
2010,Chỉ số đô la Mỹ,9,101.61,3,Main Category,Post-Crisis Volatility,False,High Inflation,Autumn,Financial/Other
2009,Chỉ số giá tiêu dùng,9,100.62,3,Total CPI,Post-Crisis Volatility,False,Stable,Autumn,General/Housing
2009,Hàng ăn và dịch vụ ăn uống,9,100.05,3,Main Category,Post-Crisis Volatility,False,Stable,Autumn,Food & Beverage
2009,Lương thực,9,99.15,3,Sub-category,Post-Crisis Volatility,False,Deflation,Autumn,Food & Beverage
2009,Thực phẩm,9,100.17,3,Sub-category,Post-Crisis Volatility,False,Stable,Autumn,Food & Beverage
2009,Đồ uống và thuốc lá,9,100.75,3,Main Category,Post-Crisis Volatility,False,Stable,Autumn,General/Housing
2009,"May mặc, mũ nón, giày dép",9,100.67,3,Main Category,Post-Crisis Volatility,False,Stable,Autumn,General/Housing
2009,Nhà ở và vật liệu xây dựng,9,100.87,3,Main Category,Post-Crisis Volatility,False,Stable,Autumn,General/Housing
2009,Thiết bị và đồ dùng gia đình,9,100.37,3,Main Category,Post-Crisis Volatility,False,Stable,Autumn,General/Housing
2009,Thuốc và dịch vụ y tế,9,100.19,3,Main Category,Post-Crisis Volatility,False,Stable,Autumn,Healthcare
2009,"Phương tiện đi lại, bưu điện",9,102.37,3,Sub-category,Post-Crisis Volatility,False,High Inflation,Autumn,Transport
2009,Giáo dục,9,104.33,3,Main Category,Post-Crisis Volatility,False,High Inflation,Autumn,Education
2009,"Văn hóa, giải trí và du lịch",9,100.25,3,Main Category,Post-Crisis Volatility,False,Stable,Autumn,General/Housing
2009,Hàng hoá và dịch vụ khác,9,100.48,3,Main Category,Post-Crisis Volatility,False,Stable,Autumn,General/Housing
2009,Chỉ số giá vàng,9,102.04,3,Main Category,Post-Crisis Volatility,False,High Inflation,Autumn,Financial/Other
2009,Chỉ số đô la Mỹ,9,99.77,3,Main Category,Post-Crisis Volatility,False,Deflation,Autumn,Financial/Other
2008,Chỉ số giá tiêu dùng,9,100.18,3,Total CPI,2008 Crisis,False,Stable,Autumn,General/Housing
2008,Hàng ăn và dịch vụ ăn uống,9,100.0,3,Main Category,2008 Crisis,False,Stable,Autumn,Food & Beverage
2008,Lương thực,9,98.25,3,Sub-category,2008 Crisis,False,Deflation,Autumn,Food & Beverage
2008,Thực phẩm,9,100.26,3,Sub-category,2008 Crisis,False,Stable,Autumn,Food & Beverage
2008,Đồ uống và thuốc lá,9,100.54,3,Main Category,2008 Crisis,False,Stable,Autumn,General/Housing
2008,"May mặc, mũ nón, giày dép",9,100.74,3,Main Category,2008 Crisis,False,Stable,Autumn,General/Housing
2008,Nhà ở và vật liệu xây dựng,9,99.37,3,Main Category,2008 Crisis,False,Deflation,Autumn,General/Housing
2008,Thiết bị và đồ dùng gia đình,9,101.11,3,Main Category,2008 Crisis,False,High Inflation,Autumn,General/Housing
2008,Thuốc và dịch vụ y tế,9,100.81,3,Main Category,2008 Crisis,False,Stable,Autumn,Healthcare
2008,"Phương tiện đi lại, bưu điện",9,99.52,3,Sub-category,2008 Crisis,False,Deflation,Autumn,Transport
2008,Giáo dục,9,101.4,3,Main Category,2008 Crisis,False,High Inflation,Autumn,Education
2008,"Văn hóa, giải trí và du lịch",9,101.45,3,Main Category,2008 Crisis,False,High Inflation,Autumn,General/Housing
2008,Hàng hoá và dịch vụ khác,9,100.36,3,Main Category,2008 Crisis,False,Stable,Autumn,General/Housing
2008,Chỉ số giá vàng,9,93.64,3,Main Category,2008 Crisis,False,Deflation,Autumn,Financial/Other
2008,Chỉ số đô la Mỹ,9,99.25,3,Main Category,2008 Crisis,False,Deflation,Autumn,Financial/Other
2007,Chỉ số giá tiêu dùng,9,100.51,3,Total CPI,Stability,False,Stable,Autumn,General/Housing
2007,Hàng ăn và dịch vụ ăn uống,9,101.02,3,Main Category,Stability,False,High Inflation,Autumn,Food & Beverage
2007,Lương thực,9,100.85,3,Sub-category,Stability,False,Stable,Autumn,Food & Beverage
2007,Thực phẩm,9,101.26,3,Sub-category,Stability,False,High Inflation,Autumn,Food & Beverage
2007,Đồ uống và thuốc lá,9,100.06,3,Main Category,Stability,False,Stable,Autumn,General/Housing
2007,"May mặc, mũ nón, giày dép",9,100.31,3,Main Category,Stability,False,Stable,Autumn,General/Housing
2007,Nhà ở và vật liệu xây dựng,9,100.43,3,Main Category,Stability,False,Stable,Autumn,General/Housing
2007,Thiết bị và đồ dùng gia đình,9,100.25,3,Main Category,Stability,False,Stable,Autumn,General/Housing
2007,Thuốc và dịch vụ y tế,9,100.91,3,Main Category,Stability,False,Stable,Autumn,Healthcare
2007,"Phương tiện đi lại, bưu điện",9,99.16,3,Sub-category,Stability,False,Deflation,Autumn,Transport
2007,Giáo dục,9,100.39,3,Main Category,Stability,False,Stable,Autumn,Education
2007,"Văn hóa, giải trí và du lịch",9,99.11,3,Main Category,Stability,False,Deflation,Autumn,General/Housing
2007,Hàng hoá và dịch vụ khác,9,100.42,3,Main Category,Stability,False,Stable,Autumn,General/Housing
2007,Chỉ số giá vàng,9,101.93,3,Main Category,Stability,False,High Inflation,Autumn,Financial/Other
2007,Chỉ số đô la Mỹ,9,100.57,3,Main Category,Stability,False,Stable,Autumn,Financial/Other
2006,Chỉ số giá tiêu dùng,9,100.3,3,Total CPI,Stability,False,Stable,Autumn,General/Housing
2006,Hàng ăn và dịch vụ ăn uống,9,99.8,3,Main Category,Stability,False,Deflation,Autumn,Food & Beverage
2006,Lương thực,9,100.4,3,Sub-category,Stability,False,Stable,Autumn,Food & Beverage
2006,Thực phẩm,9,99.3,3,Sub-category,Stability,False,Deflation,Autumn,Food & Beverage
2006,Đồ uống và thuốc lá,9,100.3,3,Main Category,Stability,False,Stable,Autumn,General/Housing
2006,"May mặc, mũ nón, giày dép",9,100.7,3,Main Category,Stability,False,Stable,Autumn,General/Housing
2006,Nhà ở và vật liệu xây dựng,9,100.9,3,Main Category,Stability,False,Stable,Autumn,General/Housing
2006,Thiết bị và đồ dùng gia đình,9,100.4,3,Main Category,Stability,False,Stable,Autumn,General/Housing
2006,Thuốc và dịch vụ y tế,9,100.2,3,Main Category,Stability,False,Stable,Autumn,Healthcare
2006,"Phương tiện đi lại, bưu điện",9,101.7,3,Sub-category,Stability,False,High Inflation,Autumn,Transport
2006,Giáo dục,9,100.7,3,Main Category,Stability,False,Stable,Autumn,Education
2006,"Văn hóa, giải trí và du lịch",9,100.4,3,Main Category,Stability,False,Stable,Autumn,General/Housing
2006,Hàng hoá và dịch vụ khác,9,100.0,3,Main Category,Stability,False,Stable,Autumn,General/Housing
2006,Chỉ số giá vàng,9,97.1,3,Main Category,Stability,False,Deflation,Autumn,Financial/Other
2006,Chỉ số đô la Mỹ,9,100.1,3,Main Category,Stability,False,Stable,Autumn,Financial/Other
2005,Chỉ số giá tiêu dùng,9,100.8,3,Total CPI,Stability,False,Stable,Autumn,General/Housing
2005,Hàng ăn và dịch vụ ăn uống,9,100.4,3,Main Category,Stability,False,Stable,Autumn,Food & Beverage
2005,Lương thực,9,100.2,3,Sub-category,Stability,False,Stable,Autumn,Food & Beverage
2005,Thực phẩm,9,100.4,3,Sub-category,Stability,False,Stable,Autumn,Food & Beverage
2005,Đồ uống và thuốc lá,9,100.0,3,Main Category,Stability,False,Stable,Autumn,General/Housing
2005,"May mặc, mũ nón, giày dép",9,100.6,3,Main Category,Stability,False,Stable,Autumn,General/Housing
2005,Nhà ở và vật liệu xây dựng,9,101.7,3,Main Category,Stability,False,High Inflation,Autumn,General/Housing
2005,Thiết bị và đồ dùng gia đình,9,100.3,3,Main Category,Stability,False,Stable,Autumn,General/Housing
2005,Thuốc và dịch vụ y tế,9,100.5,3,Main Category,Stability,False,Stable,Autumn,Healthcare
2005,"Phương tiện đi lại, bưu điện",9,103.8,3,Sub-category,Stability,False,High Inflation,Autumn,Transport
2005,Giáo dục,9,101.3,3,Main Category,Stability,False,High Inflation,Autumn,Education
2005,"Văn hóa, giải trí và du lịch",9,100.0,3,Main Category,Stability,False,Stable,Autumn,General/Housing
2005,Hàng hoá và dịch vụ khác,9,100.4,3,Main Category,Stability,False,Stable,Autumn,General/Housing
2005,Chỉ số giá vàng,9,101.6,3,Main Category,Stability,False,High Inflation,Autumn,Financial/Other
2005,Chỉ số đô la Mỹ,9,100.0,3,Main Category,Stability,False,Stable,Autumn,Financial/Other
2004,Chỉ số giá tiêu dùng,9,100.3,3,Total CPI,Stability,False,Stable,Autumn,General/Housing
2004,Hàng ăn và dịch vụ ăn uống,9,100.4,3,Main Category,Stability,False,Stable,Autumn,Food & Beverage
2004,Lương thực,9,100.4,3,Sub-category,Stability,False,Stable,Autumn,Food & Beverage
2004,Thực phẩm,9,100.4,3,Sub-category,Stability,False,Stable,Autumn,Food & Beverage
2004,Đồ uống và thuốc lá,9,100.4,3,Main Category,Stability,False,Stable,Autumn,General/Housing
2004,"May mặc, mũ nón, giày dép",9,100.5,3,Main Category,Stability,False,Stable,Autumn,General/Housing
2004,Nhà ở và vật liệu xây dựng,9,100.5,3,Main Category,Stability,False,Stable,Autumn,General/Housing
2004,Thiết bị và đồ dùng gia đình,9,100.3,3,Main Category,Stability,False,Stable,Autumn,General/Housing
2004,Thuốc và dịch vụ y tế,9,100.1,3,Main Category,Stability,False,Stable,Autumn,Healthcare
2004,"Phương tiện đi lại, bưu điện",9,100.1,3,Sub-category,Stability,False,Stable,Autumn,Transport
2004,Giáo dục,9,100.4,3,Main Category,Stability,False,Stable,Autumn,Education
2004,"Văn hóa, giải trí và du lịch",9,99.9,3,Main Category,Stability,False,Deflation,Autumn,General/Housing
2004,Hàng hoá và dịch vụ khác,9,100.3,3,Main Category,Stability,False,Stable,Autumn,General/Housing
2004,Chỉ số giá vàng,9,101.5,3,Main Category,Stability,False,High Inflation,Autumn,Financial/Other
2004,Chỉ số đô la Mỹ,9,100.1,3,Main Category,Stability,False,Stable,Autumn,Financial/Other
2003,Chỉ số giá tiêu dùng,9,100.1,3,Total CPI,Stability,False,Stable,Autumn,General/Housing
2003,Hàng ăn và dịch vụ ăn uống,9,99.9,3,Main Category,Stability,False,Deflation,Autumn,Food & Beverage
2003,Lương thực,9,100.0,3,Sub-category,Stability,False,Stable,Autumn,Food & Beverage
2003,Thực phẩm,9,99.8,3,Sub-category,Stability,False,Deflation,Autumn,Food & Beverage
2003,Đồ uống và thuốc lá,9,100.1,3,Main Category,Stability,False,Stable,Autumn,General/Housing
2003,"May mặc, mũ nón, giày dép",9,100.2,3,Main Category,Stability,False,Stable,Autumn,General/Housing
2003,Nhà ở và vật liệu xây dựng,9,100.1,3,Main Category,Stability,False,Stable,Autumn,General/Housing
2003,Thiết bị và đồ dùng gia đình,9,100.0,3,Main Category,Stability,False,Stable,Autumn,General/Housing
2003,Thuốc và dịch vụ y tế,9,102.7,3,Main Category,Stability,False,High Inflation,Autumn,Healthcare
2003,"Phương tiện đi lại, bưu điện",9,100.0,3,Sub-category,Stability,False,Stable,Autumn,Transport
2003,Giáo dục,9,102.0,3,Main Category,Stability,False,High Inflation,Autumn,Education
2003,"Văn hóa, giải trí và du lịch",9,99.8,3,Main Category,Stability,False,Deflation,Autumn,General/Housing
2003,Hàng hoá và dịch vụ khác,9,100.1,3,Main Category,Stability,False,Stable,Autumn,General/Housing
2003,Chỉ số giá vàng,9,102.9,3,Main Category,Stability,False,High Inflation,Autumn,Financial/Other
2003,Chỉ số đô la Mỹ,9,100.1,3,Main Category,Stability,False,Stable,Autumn,Financial/Other
2002,Chỉ số giá tiêu dùng,9,100.2,3,Total CPI,Stability,False,Stable,Autumn,General/Housing
2002,Hàng ăn và dịch vụ ăn uống,9,100.3,3,Main Category,Stability,False,Stable,Autumn,Food & Beverage
2002,Lương thực,9,100.6,3,Sub-category,Stability,False,Stable,Autumn,Food & Beverage
2002,Thực phẩm,9,100.1,3,Sub-category,Stability,False,Stable,Autumn,Food & Beverage
2002,Đồ uống và thuốc lá,9,100.3,3,Main Category,Stability,False,Stable,Autumn,General/Housing
2002,"May mặc, mũ nón, giày dép",9,100.4,3,Main Category,Stability,False,Stable,Autumn,General/Housing
2002,Nhà ở và vật liệu xây dựng,9,100.4,3,Main Category,Stability,False,Stable,Autumn,General/Housing
2002,Thiết bị và đồ dùng gia đình,9,100.1,3,Main Category,Stability,False,Stable,Autumn,General/Housing
2002,Thuốc và dịch vụ y tế,9,99.9,3,Main Category,Stability,False,Deflation,Autumn,Healthcare
2002,"Phương tiện đi lại, bưu điện",9,100.0,3,Sub-category,Stability,False,Stable,Autumn,Transport
2002,Giáo dục,9,100.4,3,Main Category,Stability,False,Stable,Autumn,Education
2002,"Văn hóa, giải trí và du lịch",9,100.0,3,Main Category,Stability,False,Stable,Autumn,General/Housing
2002,Hàng hoá và dịch vụ khác,9,100.1,3,Main Category,Stability,False,Stable,Autumn,General/Housing
2002,Chỉ số giá vàng,9,100.4,3,Main Category,Stability,False,Stable,Autumn,Financial/Other
2002,Chỉ số đô la Mỹ,9,100.1,3,Main Category,Stability,False,Stable,Autumn,Financial/Other
2024,Chỉ số giá tiêu dùng,10,100.33,4,Total CPI,Recovery,False,Stable,Autumn,General/Housing
2024,Hàng ăn và dịch vụ ăn uống,10,100.55,4,Main Category,Recovery,False,Stable,Autumn,Food & Beverage
2024,Lương thực,10,100.77,4,Sub-category,Recovery,False,Stable,Autumn,Food & Beverage
2024,Thực phẩm,10,100.66,4,Sub-category,Recovery,False,Stable,Autumn,Food & Beverage
2024,Ăn uống ngoài gia đình,10,100.19,4,Sub-category,Recovery,False,Stable,Autumn,General/Housing
2024,Đồ uống và thuốc lá,10,100.11,4,Main Category,Recovery,False,Stable,Autumn,General/Housing
2024,"May mặc, mũ nón, giày dép",10,100.09,4,Main Category,Recovery,False,Stable,Autumn,General/Housing
2024,Nhà ở và vật liệu xây dựng,10,100.11,4,Main Category,Recovery,False,Stable,Autumn,General/Housing
2024,Thiết bị và đồ dùng gia đình,10,100.2,4,Main Category,Recovery,False,Stable,Autumn,General/Housing
2024,Thuốc và dịch vụ y tế,10,100.02,4,Main Category,Recovery,False,Stable,Autumn,Healthcare
2024,Trong đó: Dịch vụ y tế,10,100.0,4,Sub-category,Recovery,False,Stable,Autumn,Healthcare
2024,Giao thông,10,100.66,4,Main Category,Recovery,False,Stable,Autumn,Transport
2024,Bưu chính viễn thông,10,99.95,4,Main Category,Recovery,False,Deflation,Autumn,General/Housing
2024,Giáo dục,10,100.48,4,Main Category,Recovery,False,Stable,Autumn,Education
2024,Trong đó: Dịch vụ giáo dục,10,100.53,4,Sub-category,Recovery,False,Stable,Autumn,General/Housing
2024,"Văn hóa, giải trí và du lịch",10,100.09,4,Main Category,Recovery,False,Stable,Autumn,General/Housing
2024,Hàng hoá và dịch vụ khác,10,100.26,4,Main Category,Recovery,False,Stable,Autumn,General/Housing
2024,Chỉ số giá vàng,10,105.96,4,Main Category,Recovery,False,High Inflation,Autumn,Financial/Other
2024,Chỉ số đô la Mỹ,10,100.7,4,Main Category,Recovery,False,Stable,Autumn,Financial/Other
2023,Chỉ số giá tiêu dùng,10,100.08,4,Total CPI,Recovery,False,Stable,Autumn,General/Housing
2023,Hàng ăn và dịch vụ ăn uống,10,100.06,4,Main Category,Recovery,False,Stable,Autumn,Food & Beverage
2023,Lương thực,10,100.9,4,Sub-category,Recovery,False,Stable,Autumn,Food & Beverage
2023,Thực phẩm,10,99.86,4,Sub-category,Recovery,False,Deflation,Autumn,Food & Beverage
2023,Ăn uống ngoài gia đình,10,100.21,4,Sub-category,Recovery,False,Stable,Autumn,General/Housing
2023,Đồ uống và thuốc lá,10,100.15,4,Main Category,Recovery,False,Stable,Autumn,General/Housing
2023,"May mặc, mũ nón, giày dép",10,100.12,4,Main Category,Recovery,False,Stable,Autumn,General/Housing
2023,Nhà ở và vật liệu xây dựng,10,100.27,4,Main Category,Recovery,False,Stable,Autumn,General/Housing
2023,Thiết bị và đồ dùng gia đình,10,100.03,4,Main Category,Recovery,False,Stable,Autumn,General/Housing
2023,Thuốc và dịch vụ y tế,10,100.02,4,Main Category,Recovery,False,Stable,Autumn,Healthcare
2023,Trong đó: Dịch vụ y tế,10,100.0,4,Sub-category,Recovery,False,Stable,Autumn,Healthcare
2023,Giao thông,10,98.49,4,Main Category,Recovery,False,Deflation,Autumn,Transport
2023,Bưu chính viễn thông,10,99.89,4,Main Category,Recovery,False,Deflation,Autumn,General/Housing
2023,Giáo dục,10,102.25,4,Main Category,Recovery,False,High Inflation,Autumn,Education
2023,Trong đó: Dịch vụ giáo dục,10,102.54,4,Sub-category,Recovery,False,High Inflation,Autumn,General/Housing
2023,"Văn hóa, giải trí và du lịch",10,100.02,4,Main Category,Recovery,False,Stable,Autumn,General/Housing
2023,Hàng hoá và dịch vụ khác,10,100.21,4,Main Category,Recovery,False,Stable,Autumn,General/Housing
2023,Chỉ số giá vàng,10,100.92,4,Main Category,Recovery,False,Stable,Autumn,Financial/Other
2023,Chỉ số đô la Mỹ,10,101.2,4,Main Category,Recovery,False,High Inflation,Autumn,Financial/Other
2022,Chỉ số giá tiêu dùng,10,100.15,4,Total CPI,COVID-19,False,Stable,Autumn,General/Housing
2022,Hàng ăn và dịch vụ ăn uống,10,100.13,4,Main Category,COVID-19,False,Stable,Autumn,Food & Beverage
2022,Lương thực,10,100.13,4,Sub-category,COVID-19,False,Stable,Autumn,Food & Beverage
2022,Thực phẩm,10,100.1,4,Sub-category,COVID-19,False,Stable,Autumn,Food & Beverage
2022,Ăn uống ngoài gia đình,10,100.21,4,Sub-category,COVID-19,False,Stable,Autumn,General/Housing
2022,Đồ uống và thuốc lá,10,100.34,4,Main Category,COVID-19,False,Stable,Autumn,General/Housing
2022,"May mặc, mũ nón, giày dép",10,100.2,4,Main Category,COVID-19,False,Stable,Autumn,General/Housing
2022,Nhà ở và vật liệu xây dựng,10,100.69,4,Main Category,COVID-19,False,Stable,Autumn,General/Housing
2022,Thiết bị và đồ dùng gia đình,10,100.12,4,Main Category,COVID-19,False,Stable,Autumn,General/Housing
2022,Thuốc và dịch vụ y tế,10,100.06,4,Main Category,COVID-19,False,Stable,Autumn,Healthcare
2022,Trong đó: Dịch vụ y tế,10,100.01,4,Sub-category,COVID-19,False,Stable,Autumn,Healthcare
2022,Giao thông,10,97.83,4,Main Category,COVID-19,False,Deflation,Autumn,Transport
2022,Bưu chính viễn thông,10,99.94,4,Main Category,COVID-19,False,Deflation,Autumn,General/Housing
2022,Giáo dục,10,102.35,4,Main Category,COVID-19,False,High Inflation,Autumn,Education
2022,Trong đó: Dịch vụ giáo dục,10,102.64,4,Sub-category,COVID-19,False,High Inflation,Autumn,General/Housing
2022,"Văn hóa, giải trí và du lịch",10,100.06,4,Main Category,COVID-19,False,Stable,Autumn,General/Housing
2022,Hàng hoá và dịch vụ khác,10,100.23,4,Main Category,COVID-19,False,Stable,Autumn,General/Housing
2022,Chỉ số giá vàng,10,100.5,4,Main Category,COVID-19,False,Stable,Autumn,Financial/Other
2022,Chỉ số đô la Mỹ,10,101.84,4,Main Category,COVID-19,False,High Inflation,Autumn,Financial/Other
2021,Chỉ số giá tiêu dùng,10,99.8,4,Total CPI,COVID-19,False,Deflation,Autumn,General/Housing
2021,Hàng ăn và dịch vụ ăn uống,10,98.72,4,Main Category,COVID-19,False,Deflation,Autumn,Food & Beverage
2021,Lương thực,10,99.83,4,Sub-category,COVID-19,False,Deflation,Autumn,Food & Beverage
2021,Thực phẩm,10,97.95,4,Sub-category,COVID-19,False,Deflation,Autumn,Food & Beverage
2021,Ăn uống ngoài gia đình,10,100.18,4,Sub-category,COVID-19,False,Stable,Autumn,General/Housing
2021,Đồ uống và thuốc lá,10,100.19,4,Main Category,COVID-19,False,Stable,Autumn,General/Housing
2021,"May mặc, mũ nón, giày dép",10,100.13,4,Main Category,COVID-19,False,Stable,Autumn,General/Housing
2021,Nhà ở và vật liệu xây dựng,10,99.74,4,Main Category,COVID-19,False,Deflation,Autumn,General/Housing
2021,Thiết bị và đồ dùng gia đình,10,100.06,4,Main Category,COVID-19,False,Stable,Autumn,General/Housing
2021,Thuốc và dịch vụ y tế,10,100.02,4,Main Category,COVID-19,False,Stable,Autumn,Healthcare
2021,Trong đó: Dịch vụ y tế,10,100.0,4,Sub-category,COVID-19,False,Stable,Autumn,Healthcare
2021,Giao thông,10,102.51,4,Main Category,COVID-19,False,High Inflation,Autumn,Transport
2021,Bưu chính viễn thông,10,99.96,4,Main Category,COVID-19,False,Deflation,Autumn,General/Housing
2021,Giáo dục,10,100.25,4,Main Category,COVID-19,False,Stable,Autumn,Education
2021,Trong đó: Dịch vụ giáo dục,10,100.22,4,Sub-category,COVID-19,False,Stable,Autumn,General/Housing
2021,"Văn hóa, giải trí và du lịch",10,100.04,4,Main Category,COVID-19,False,Stable,Autumn,General/Housing
2021,Hàng hoá và dịch vụ khác,10,100.12,4,Main Category,COVID-19,False,Stable,Autumn,General/Housing
2021,Chỉ số giá vàng,10,99.79,4,Main Category,COVID-19,False,Deflation,Autumn,Financial/Other
2021,Chỉ số đô la Mỹ,10,99.94,4,Main Category,COVID-19,False,Deflation,Autumn,Financial/Other
2020,Chỉ số giá tiêu dùng,10,100.09,4,Total CPI,COVID-19,False,Stable,Autumn,General/Housing
2020,Hàng ăn và dịch vụ ăn uống,10,99.87,4,Main Category,COVID-19,False,Deflation,Autumn,Food & Beverage
2020,Lương thực,10,100.16,4,Sub-category,COVID-19,False,Stable,Autumn,Food & Beverage
2020,Thực phẩm,10,99.72,4,Sub-category,COVID-19,False,Deflation,Autumn,Food & Beverage
2020,Đồ uống và thuốc lá,10,100.08,4,Main Category,COVID-19,False,Stable,Autumn,General/Housing
2020,"May mặc, mũ nón, giày dép",10,100.06,4,Main Category,COVID-19,False,Stable,Autumn,General/Housing
2020,Nhà ở và vật liệu xây dựng,10,100.29,4,Main Category,COVID-19,False,Stable,Autumn,General/Housing
2020,Thiết bị và đồ dùng gia đình,10,100.0,4,Main Category,COVID-19,False,Stable,Autumn,General/Housing
2020,Thuốc và dịch vụ y tế,10,100.01,4,Main Category,COVID-19,False,Stable,Autumn,Healthcare
2020,Giao thông,10,99.92,4,Main Category,COVID-19,False,Deflation,Autumn,Transport
2020,Bưu chính viễn thông,10,99.97,4,Main Category,COVID-19,False,Deflation,Autumn,General/Housing
2020,Giáo dục,10,101.35,4,Main Category,COVID-19,False,High Inflation,Autumn,Education
2020,"Văn hóa, giải trí và du lịch",10,99.82,4,Main Category,COVID-19,False,Deflation,Autumn,General/Housing
2020,Hàng hoá và dịch vụ khác,10,100.09,4,Main Category,COVID-19,False,Stable,Autumn,General/Housing
2020,Chỉ số giá vàng,10,98.9,4,Main Category,COVID-19,False,Deflation,Autumn,Financial/Other
2020,Chỉ số đô la Mỹ,10,100.07,4,Main Category,COVID-19,False,Stable,Autumn,Financial/Other
2019,Chỉ số giá tiêu dùng,10,100.59,4,Total CPI,Economic Growth,False,Stable,Autumn,General/Housing
2019,Hàng ăn và dịch vụ ăn uống,10,101.04,4,Main Category,Economic Growth,False,High Inflation,Autumn,Food & Beverage
2019,Lương thực,10,100.05,4,Sub-category,Economic Growth,False,Stable,Autumn,Food & Beverage
2019,Thực phẩm,10,101.57,4,Sub-category,Economic Growth,False,High Inflation,Autumn,Food & Beverage
2019,Đồ uống và thuốc lá,10,100.04,4,Main Category,Economic Growth,False,Stable,Autumn,General/Housing
2019,"May mặc, mũ nón, giày dép",10,100.06,4,Main Category,Economic Growth,False,Stable,Autumn,General/Housing
2019,Nhà ở và vật liệu xây dựng,10,100.53,4,Main Category,Economic Growth,False,Stable,Autumn,General/Housing
2019,Thiết bị và đồ dùng gia đình,10,100.09,4,Main Category,Economic Growth,False,Stable,Autumn,General/Housing
2019,Thuốc và dịch vụ y tế,10,100.04,4,Main Category,Economic Growth,False,Stable,Autumn,Healthcare
2019,Giao thông,10,100.99,4,Main Category,Economic Growth,False,Stable,Autumn,Transport
2019,Bưu chính viễn thông,10,99.94,4,Main Category,Economic Growth,False,Deflation,Autumn,General/Housing
2019,Giáo dục,10,100.19,4,Main Category,Economic Growth,False,Stable,Autumn,Education
2019,"Văn hóa, giải trí và du lịch",10,100.12,4,Main Category,Economic Growth,False,Stable,Autumn,General/Housing
2019,Hàng hoá và dịch vụ khác,10,100.17,4,Main Category,Economic Growth,False,Stable,Autumn,General/Housing
2019,Chỉ số giá vàng,10,99.43,4,Main Category,Economic Growth,False,Deflation,Autumn,Financial/Other
2019,Chỉ số đô la Mỹ,10,100.03,4,Main Category,Economic Growth,False,Stable,Autumn,Financial/Other
2018,Chỉ số giá tiêu dùng,10,100.33,4,Total CPI,Economic Growth,False,Stable,Autumn,General/Housing
2018,Hàng ăn và dịch vụ ăn uống,10,100.22,4,Main Category,Economic Growth,False,Stable,Autumn,Food & Beverage
2018,Lương thực,10,100.15,4,Sub-category,Economic Growth,False,Stable,Autumn,Food & Beverage
2018,Thực phẩm,10,100.18,4,Sub-category,Economic Growth,False,Stable,Autumn,Food & Beverage
2018,Đồ uống và thuốc lá,10,100.03,4,Main Category,Economic Growth,False,Stable,Autumn,General/Housing
2018,"May mặc, mũ nón, giày dép",10,100.15,4,Main Category,Economic Growth,False,Stable,Autumn,General/Housing
2018,Nhà ở và vật liệu xây dựng,10,100.31,4,Main Category,Economic Growth,False,Stable,Autumn,General/Housing
2018,Thiết bị và đồ dùng gia đình,10,100.11,4,Main Category,Economic Growth,False,Stable,Autumn,General/Housing
2018,Thuốc và dịch vụ y tế,10,100.02,4,Main Category,Economic Growth,False,Stable,Autumn,Healthcare
2018,Giao thông,10,101.55,4,Main Category,Economic Growth,False,High Inflation,Autumn,Transport
2018,Bưu chính viễn thông,10,99.96,4,Main Category,Economic Growth,False,Deflation,Autumn,General/Housing
2018,Giáo dục,10,100.58,4,Main Category,Economic Growth,False,Stable,Autumn,Education
2018,"Văn hóa, giải trí và du lịch",10,100.09,4,Main Category,Economic Growth,False,Stable,Autumn,General/Housing
2018,Hàng hoá và dịch vụ khác,10,100.09,4,Main Category,Economic Growth,False,Stable,Autumn,General/Housing
2018,Chỉ số giá vàng,10,100.12,4,Main Category,Economic Growth,False,Stable,Autumn,Financial/Other
2018,Chỉ số đô la Mỹ,10,100.2,4,Main Category,Economic Growth,False,Stable,Autumn,Financial/Other
2017,Chỉ số giá tiêu dùng,10,100.41,4,Total CPI,Economic Growth,False,Stable,Autumn,General/Housing
2017,Hàng ăn và dịch vụ ăn uống,10,100.31,4,Main Category,Economic Growth,False,Stable,Autumn,Food & Beverage
2017,Lương thực,10,100.57,4,Sub-category,Economic Growth,False,Stable,Autumn,Food & Beverage
2017,Thực phẩm,10,100.37,4,Sub-category,Economic Growth,False,Stable,Autumn,Food & Beverage
2017,Đồ uống và thuốc lá,10,100.01,4,Main Category,Economic Growth,False,Stable,Autumn,General/Housing
2017,"May mặc, mũ nón, giày dép",10,100.17,4,Main Category,Economic Growth,False,Stable,Autumn,General/Housing
2017,Nhà ở và vật liệu xây dựng,10,100.63,4,Main Category,Economic Growth,False,Stable,Autumn,General/Housing
2017,Thiết bị và đồ dùng gia đình,10,100.1,4,Main Category,Economic Growth,False,Stable,Autumn,General/Housing
2017,Thuốc và dịch vụ y tế,10,102.14,4,Main Category,Economic Growth,False,High Inflation,Autumn,Healthcare
2017,Giao thông,10,100.61,4,Main Category,Economic Growth,False,Stable,Autumn,Transport
2017,Bưu chính viễn thông,10,100.01,4,Main Category,Economic Growth,False,Stable,Autumn,General/Housing
2017,Giáo dục,10,100.19,4,Main Category,Economic Growth,False,Stable,Autumn,Education
2017,"Văn hóa, giải trí và du lịch",10,100.06,4,Main Category,Economic Growth,False,Stable,Autumn,General/Housing
2017,Hàng hoá và dịch vụ khác,10,100.12,4,Main Category,Economic Growth,False,Stable,Autumn,General/Housing
2017,Chỉ số giá vàng,10,99.12,4,Main Category,Economic Growth,False,Deflation,Autumn,Financial/Other
2017,Chỉ số đô la Mỹ,10,99.97,4,Main Category,Economic Growth,False,Deflation,Autumn,Financial/Other
2016,Chỉ số giá tiêu dùng,10,100.83,4,Total CPI,Economic Growth,False,Stable,Autumn,General/Housing
2016,Hàng ăn và dịch vụ ăn uống,10,100.17,4,Main Category,Economic Growth,False,Stable,Autumn,Food & Beverage
2016,Lương thực,10,100.03,4,Sub-category,Economic Growth,False,Stable,Autumn,Food & Beverage
2016,Thực phẩm,10,100.26,4,Sub-category,Economic Growth,False,Stable,Autumn,Food & Beverage
2016,Đồ uống và thuốc lá,10,100.06,4,Main Category,Economic Growth,False,Stable,Autumn,General/Housing
2016,"May mặc, mũ nón, giày dép",10,100.05,4,Main Category,Economic Growth,False,Stable,Autumn,General/Housing
2016,Nhà ở và vật liệu xây dựng,10,100.31,4,Main Category,Economic Growth,False,Stable,Autumn,General/Housing
2016,Thiết bị và đồ dùng gia đình,10,100.04,4,Main Category,Economic Growth,False,Stable,Autumn,General/Housing
2016,Thuốc và dịch vụ y tế,10,110.07,4,Main Category,Economic Growth,False,High Inflation,Autumn,Healthcare
2016,Giao thông,10,102.02,4,Main Category,Economic Growth,False,High Inflation,Autumn,Transport
2016,Bưu chính viễn thông,10,99.88,4,Main Category,Economic Growth,False,Deflation,Autumn,General/Housing
2016,Giáo dục,10,100.61,4,Main Category,Economic Growth,False,Stable,Autumn,Education
2016,"Văn hóa, giải trí và du lịch",10,99.98,4,Main Category,Economic Growth,False,Deflation,Autumn,General/Housing
2016,Hàng hoá và dịch vụ khác,10,100.17,4,Main Category,Economic Growth,False,Stable,Autumn,General/Housing
2016,Chỉ số giá vàng,10,98.31,4,Main Category,Economic Growth,False,Deflation,Autumn,Financial/Other
2016,Chỉ số đô la Mỹ,10,100.07,4,Main Category,Economic Growth,False,Stable,Autumn,Financial/Other
2015,Chỉ số giá tiêu dùng,10,100.11,4,Total CPI,Economic Growth,False,Stable,Autumn,General/Housing
2015,Hàng ăn và dịch vụ ăn uống,10,100.19,4,Main Category,Economic Growth,False,Stable,Autumn,Food & Beverage
2015,Lương thực,10,99.83,4,Sub-category,Economic Growth,False,Deflation,Autumn,Food & Beverage
2015,Thực phẩm,10,100.34,4,Sub-category,Economic Growth,False,Stable,Autumn,Food & Beverage
2015,Đồ uống và thuốc lá,10,100.11,4,Main Category,Economic Growth,False,Stable,Autumn,General/Housing
2015,"May mặc, mũ nón, giày dép",10,100.2,4,Main Category,Economic Growth,False,Stable,Autumn,General/Housing
2015,Nhà ở và vật liệu xây dựng,10,99.99,4,Main Category,Economic Growth,False,Deflation,Autumn,General/Housing
2015,Thiết bị và đồ dùng gia đình,10,100.12,4,Main Category,Economic Growth,False,Stable,Autumn,General/Housing
2015,Thuốc và dịch vụ y tế,10,100.01,4,Main Category,Economic Growth,False,Stable,Autumn,Healthcare
2015,Giao thông,10,99.95,4,Main Category,Economic Growth,False,Deflation,Autumn,Transport
2015,Bưu chính viễn thông,10,99.97,4,Main Category,Economic Growth,False,Deflation,Autumn,General/Housing
2015,Giáo dục,10,100.05,4,Main Category,Economic Growth,False,Stable,Autumn,Education
2015,"Văn hóa, giải trí và du lịch",10,99.94,4,Main Category,Economic Growth,False,Deflation,Autumn,General/Housing
2015,Hàng hoá và dịch vụ khác,10,100.1,4,Main Category,Economic Growth,False,Stable,Autumn,General/Housing
2015,Chỉ số giá vàng,10,99.95,4,Main Category,Economic Growth,False,Deflation,Autumn,Financial/Other
2015,Chỉ số đô la Mỹ,10,99.84,4,Main Category,Economic Growth,False,Deflation,Autumn,Financial/Other
2014,Chỉ số giá tiêu dùng,10,100.11,4,Total CPI,Economic Growth,False,Stable,Autumn,General/Housing
2014,Hàng ăn và dịch vụ ăn uống,10,100.05,4,Main Category,Economic Growth,False,Stable,Autumn,Food & Beverage
2014,Lương thực,10,100.2,4,Sub-category,Economic Growth,False,Stable,Autumn,Food & Beverage
2014,Thực phẩm,10,100.01,4,Sub-category,Economic Growth,False,Stable,Autumn,Food & Beverage
2014,Đồ uống và thuốc lá,10,100.06,4,Main Category,Economic Growth,False,Stable,Autumn,General/Housing
2014,"May mặc, mũ nón, giày dép",10,100.19,4,Main Category,Economic Growth,False,Stable,Autumn,General/Housing
2014,Nhà ở và vật liệu xây dựng,10,99.92,4,Main Category,Economic Growth,False,Deflation,Autumn,General/Housing
2014,Thiết bị và đồ dùng gia đình,10,100.22,4,Main Category,Economic Growth,False,Stable,Autumn,General/Housing
2014,Thuốc và dịch vụ y tế,10,100.53,4,Main Category,Economic Growth,False,Stable,Autumn,Healthcare
2014,Giao thông,10,98.98,4,Main Category,Economic Growth,False,Deflation,Autumn,Transport
2014,Bưu chính viễn thông,10,99.97,4,Main Category,Economic Growth,False,Deflation,Autumn,General/Housing
2014,Giáo dục,10,101.31,4,Main Category,Economic Growth,False,High Inflation,Autumn,Education
2014,"Văn hóa, giải trí và du lịch",10,100.02,4,Main Category,Economic Growth,False,Stable,Autumn,General/Housing
2014,Hàng hoá và dịch vụ khác,10,100.17,4,Main Category,Economic Growth,False,Stable,Autumn,General/Housing
2014,Chỉ số giá vàng,10,97.18,4,Main Category,Economic Growth,False,Deflation,Autumn,Financial/Other
2014,Chỉ số đô la Mỹ,10,100.18,4,Main Category,Economic Growth,False,Stable,Autumn,Financial/Other
2013,Chỉ số giá tiêu dùng,10,100.49,4,Total CPI,Economic Growth,False,Stable,Autumn,General/Housing
2013,Hàng ăn và dịch vụ ăn uống,10,100.86,4,Main Category,Economic Growth,False,Stable,Autumn,Food & Beverage
2013,Lương thực,10,100.91,4,Sub-category,Economic Growth,False,Stable,Autumn,Food & Beverage
2013,Thực phẩm,10,101.04,4,Sub-category,Economic Growth,False,High Inflation,Autumn,Food & Beverage
2013,Đồ uống và thuốc lá,10,100.12,4,Main Category,Economic Growth,False,Stable,Autumn,General/Housing
2013,"May mặc, mũ nón, giày dép",10,100.35,4,Main Category,Economic Growth,False,Stable,Autumn,General/Housing
2013,Nhà ở và vật liệu xây dựng,10,100.5,4,Main Category,Economic Growth,False,Stable,Autumn,General/Housing
2013,Thiết bị và đồ dùng gia đình,10,100.24,4,Main Category,Economic Growth,False,Stable,Autumn,General/Housing
2013,Thuốc và dịch vụ y tế,10,100.1,4,Main Category,Economic Growth,False,Stable,Autumn,Healthcare
2013,Giao thông,10,99.83,4,Main Category,Economic Growth,False,Deflation,Autumn,Transport
2013,Bưu chính viễn thông,10,99.97,4,Main Category,Economic Growth,False,Deflation,Autumn,General/Housing
2013,Giáo dục,10,100.53,4,Main Category,Economic Growth,False,Stable,Autumn,Education
2013,"Văn hóa, giải trí và du lịch",10,100.14,4,Main Category,Economic Growth,False,Stable,Autumn,General/Housing
2013,Hàng hoá và dịch vụ khác,10,100.23,4,Main Category,Economic Growth,False,Stable,Autumn,General/Housing
2013,Chỉ số giá vàng,10,97.13,4,Main Category,Economic Growth,False,Deflation,Autumn,Financial/Other
2013,Chỉ số đô la Mỹ,10,99.82,4,Main Category,Economic Growth,False,Deflation,Autumn,Financial/Other
2012,Chỉ số giá tiêu dùng,10,100.85,4,Total CPI,Economic Growth,False,Stable,Autumn,General/Housing
2012,Hàng ăn và dịch vụ ăn uống,10,100.29,4,Main Category,Economic Growth,False,Stable,Autumn,Food & Beverage
2012,Lương thực,10,100.37,4,Sub-category,Economic Growth,False,Stable,Autumn,Food & Beverage
2012,Thực phẩm,10,100.28,4,Sub-category,Economic Growth,False,Stable,Autumn,Food & Beverage
2012,Đồ uống và thuốc lá,10,100.17,4,Main Category,Economic Growth,False,Stable,Autumn,General/Housing
2012,"May mặc, mũ nón, giày dép",10,100.55,4,Main Category,Economic Growth,False,Stable,Autumn,General/Housing
2012,Nhà ở và vật liệu xây dựng,10,101.09,4,Main Category,Economic Growth,False,High Inflation,Autumn,General/Housing
2012,Thiết bị và đồ dùng gia đình,10,100.3,4,Main Category,Economic Growth,False,Stable,Autumn,General/Housing
2012,Thuốc và dịch vụ y tế,10,105.94,4,Main Category,Economic Growth,False,High Inflation,Autumn,Healthcare
2012,Giao thông,10,100.61,4,Main Category,Economic Growth,False,Stable,Autumn,Transport
2012,Bưu chính viễn thông,10,99.98,4,Main Category,Economic Growth,False,Deflation,Autumn,General/Housing
2012,Giáo dục,10,101.88,4,Main Category,Economic Growth,False,High Inflation,Autumn,Education
2012,"Văn hóa, giải trí và du lịch",10,100.24,4,Main Category,Economic Growth,False,Stable,Autumn,General/Housing
2012,Hàng hoá và dịch vụ khác,10,100.71,4,Main Category,Economic Growth,False,Stable,Autumn,General/Housing
2012,Chỉ số giá vàng,10,104.64,4,Main Category,Economic Growth,False,High Inflation,Autumn,Financial/Other
2012,Chỉ số đô la Mỹ,10,100.06,4,Main Category,Economic Growth,False,Stable,Autumn,Financial/Other
2011,Chỉ số giá tiêu dùng,10,100.36,4,Total CPI,Post-Crisis Volatility,False,Stable,Autumn,General/Housing
2011,Hàng ăn và dịch vụ ăn uống,10,100.06,4,Main Category,Post-Crisis Volatility,False,Stable,Autumn,Food & Beverage
2011,Lương thực,10,101.27,4,Sub-category,Post-Crisis Volatility,False,High Inflation,Autumn,Food & Beverage
2011,Thực phẩm,10,99.51,4,Sub-category,Post-Crisis Volatility,False,Deflation,Autumn,Food & Beverage
2011,Đồ uống và thuốc lá,10,100.49,4,Main Category,Post-Crisis Volatility,False,Stable,Autumn,General/Housing
2011,"May mặc, mũ nón, giày dép",10,100.63,4,Main Category,Post-Crisis Volatility,False,Stable,Autumn,General/Housing
2011,Nhà ở và vật liệu xây dựng,10,99.97,4,Main Category,Post-Crisis Volatility,False,Deflation,Autumn,General/Housing
2011,Thiết bị và đồ dùng gia đình,10,100.73,4,Main Category,Post-Crisis Volatility,False,Stable,Autumn,General/Housing
2011,Thuốc và dịch vụ y tế,10,100.45,4,Main Category,Post-Crisis Volatility,False,Stable,Autumn,Healthcare
2011,Giao thông,10,99.87,4,Main Category,Post-Crisis Volatility,False,Deflation,Autumn,Transport
2011,Bưu chính viễn thông,10,99.83,4,Main Category,Post-Crisis Volatility,False,Deflation,Autumn,General/Housing
2011,Giáo dục,10,103.2,4,Main Category,Post-Crisis Volatility,False,High Inflation,Autumn,Education
2011,"Văn hóa, giải trí và du lịch",10,100.3,4,Main Category,Post-Crisis Volatility,False,Stable,Autumn,General/Housing
2011,Hàng hoá và dịch vụ khác,10,100.2,4,Main Category,Post-Crisis Volatility,False,Stable,Autumn,General/Housing
2011,Chỉ số giá vàng,10,95.78,4,Main Category,Post-Crisis Volatility,False,Deflation,Autumn,Financial/Other
2011,Chỉ số đô la Mỹ,10,100.39,4,Main Category,Post-Crisis Volatility,False,Stable,Autumn,Financial/Other
2010,Chỉ số giá tiêu dùng,10,101.05,4,Total CPI,Post-Crisis Volatility,False,High Inflation,Autumn,General/Housing
2010,Hàng ăn và dịch vụ ăn uống,10,101.32,4,Main Category,Post-Crisis Volatility,False,High Inflation,Autumn,Food & Beverage
2010,Lương thực,10,101.89,4,Sub-category,Post-Crisis Volatility,False,High Inflation,Autumn,Food & Beverage
2010,Thực phẩm,10,101.22,4,Sub-category,Post-Crisis Volatility,False,High Inflation,Autumn,Food & Beverage
2010,Đồ uống và thuốc lá,10,100.9,4,Main Category,Post-Crisis Volatility,False,Stable,Autumn,General/Housing
2010,"May mặc, mũ nón, giày dép",10,100.4,4,Main Category,Post-Crisis Volatility,False,Stable,Autumn,General/Housing
2010,Nhà ở và vật liệu xây dựng,10,101.04,4,Main Category,Post-Crisis Volatility,False,High Inflation,Autumn,General/Housing
2010,Thiết bị và đồ dùng gia đình,10,100.48,4,Main Category,Post-Crisis Volatility,False,Stable,Autumn,General/Housing
2010,Thuốc và dịch vụ y tế,10,100.27,4,Main Category,Post-Crisis Volatility,False,Stable,Autumn,Healthcare
2010,Giao thông,10,100.2,4,Main Category,Post-Crisis Volatility,False,Stable,Autumn,Transport
2010,Bưu chính viễn thông,10,99.93,4,Main Category,Post-Crisis Volatility,False,Deflation,Autumn,General/Housing
2010,Giáo dục,10,103.9,4,Main Category,Post-Crisis Volatility,False,High Inflation,Autumn,Education
2010,"Văn hóa, giải trí và du lịch",10,100.16,4,Main Category,Post-Crisis Volatility,False,Stable,Autumn,General/Housing
2010,Hàng hoá và dịch vụ khác,10,100.7,4,Main Category,Post-Crisis Volatility,False,Stable,Autumn,General/Housing
2010,Chỉ số giá vàng,10,107.87,4,Main Category,Post-Crisis Volatility,False,High Inflation,Autumn,Financial/Other
2010,Chỉ số đô la Mỹ,10,100.6,4,Main Category,Post-Crisis Volatility,False,Stable,Autumn,Financial/Other
2009,Chỉ số giá tiêu dùng,10,100.37,4,Total CPI,Post-Crisis Volatility,False,Stable,Autumn,General/Housing
2009,Hàng ăn và dịch vụ ăn uống,10,100.32,4,Main Category,Post-Crisis Volatility,False,Stable,Autumn,Food & Beverage
2009,Lương thực,10,100.03,4,Sub-category,Post-Crisis Volatility,False,Stable,Autumn,Food & Beverage
2009,Thực phẩm,10,100.49,4,Sub-category,Post-Crisis Volatility,False,Stable,Autumn,Food & Beverage
2009,Đồ uống và thuốc lá,10,100.14,4,Main Category,Post-Crisis Volatility,False,Stable,Autumn,General/Housing
2009,"May mặc, mũ nón, giày dép",10,100.27,4,Main Category,Post-Crisis Volatility,False,Stable,Autumn,General/Housing
2009,Nhà ở và vật liệu xây dựng,10,100.55,4,Main Category,Post-Crisis Volatility,False,Stable,Autumn,General/Housing
2009,Thiết bị và đồ dùng gia đình,10,100.22,4,Main Category,Post-Crisis Volatility,False,Stable,Autumn,General/Housing
2009,Thuốc và dịch vụ y tế,10,100.16,4,Main Category,Post-Crisis Volatility,False,Stable,Autumn,Healthcare
2009,"Phương tiện đi lại, bưu điện",10,100.77,4,Sub-category,Post-Crisis Volatility,False,Stable,Autumn,Transport
2009,Giáo dục,10,100.73,4,Main Category,Post-Crisis Volatility,False,Stable,Autumn,Education
2009,"Văn hóa, giải trí và du lịch",10,100.02,4,Main Category,Post-Crisis Volatility,False,Stable,Autumn,General/Housing
2009,Hàng hoá và dịch vụ khác,10,100.48,4,Main Category,Post-Crisis Volatility,False,Stable,Autumn,General/Housing
2009,Chỉ số giá vàng,10,105.01,4,Main Category,Post-Crisis Volatility,False,High Inflation,Autumn,Financial/Other
2009,Chỉ số đô la Mỹ,10,99.65,4,Main Category,Post-Crisis Volatility,False,Deflation,Autumn,Financial/Other
2008,Chỉ số giá tiêu dùng,10,99.81,4,Total CPI,2008 Crisis,False,Deflation,Autumn,General/Housing
2008,Hàng ăn và dịch vụ ăn uống,10,99.58,4,Main Category,2008 Crisis,False,Deflation,Autumn,Food & Beverage
2008,Lương thực,10,98.09,4,Sub-category,2008 Crisis,False,Deflation,Autumn,Food & Beverage
2008,Thực phẩm,10,100.01,4,Sub-category,2008 Crisis,False,Stable,Autumn,Food & Beverage
2008,Đồ uống và thuốc lá,10,100.67,4,Main Category,2008 Crisis,False,Stable,Autumn,General/Housing
2008,"May mặc, mũ nón, giày dép",10,100.7,4,Main Category,2008 Crisis,False,Stable,Autumn,General/Housing
2008,Nhà ở và vật liệu xây dựng,10,98.92,4,Main Category,2008 Crisis,False,Deflation,Autumn,General/Housing
2008,Thiết bị và đồ dùng gia đình,10,100.73,4,Main Category,2008 Crisis,False,Stable,Autumn,General/Housing
2008,Thuốc và dịch vụ y tế,10,100.58,4,Main Category,2008 Crisis,False,Stable,Autumn,Healthcare
2008,"Phương tiện đi lại, bưu điện",10,99.06,4,Sub-category,2008 Crisis,False,Deflation,Autumn,Transport
2008,Giáo dục,10,100.69,4,Main Category,2008 Crisis,False,Stable,Autumn,Education
2008,"Văn hóa, giải trí và du lịch",10,100.38,4,Main Category,2008 Crisis,False,Stable,Autumn,General/Housing
2008,Hàng hoá và dịch vụ khác,10,100.85,4,Main Category,2008 Crisis,False,Stable,Autumn,General/Housing
2008,Chỉ số giá vàng,10,103.21,4,Main Category,2008 Crisis,False,High Inflation,Autumn,Financial/Other
2008,Chỉ số đô la Mỹ,10,99.95,4,Main Category,2008 Crisis,False,Deflation,Autumn,Financial/Other
2007,Chỉ số giá tiêu dùng,10,100.74,4,Total CPI,Stability,False,Stable,Autumn,General/Housing
2007,Hàng ăn và dịch vụ ăn uống,10,101.09,4,Main Category,Stability,False,High Inflation,Autumn,Food & Beverage
2007,Lương thực,10,101.11,4,Sub-category,Stability,False,High Inflation,Autumn,Food & Beverage
2007,Thực phẩm,10,101.19,4,Sub-category,Stability,False,High Inflation,Autumn,Food & Beverage
2007,Đồ uống và thuốc lá,10,100.41,4,Main Category,Stability,False,Stable,Autumn,General/Housing
2007,"May mặc, mũ nón, giày dép",10,100.29,4,Main Category,Stability,False,Stable,Autumn,General/Housing
2007,Nhà ở và vật liệu xây dựng,10,101.51,4,Main Category,Stability,False,High Inflation,Autumn,General/Housing
2007,Thiết bị và đồ dùng gia đình,10,100.21,4,Main Category,Stability,False,Stable,Autumn,General/Housing
2007,Thuốc và dịch vụ y tế,10,100.81,4,Main Category,Stability,False,Stable,Autumn,Healthcare
2007,"Phương tiện đi lại, bưu điện",10,100.04,4,Sub-category,Stability,False,Stable,Autumn,Transport
2007,Giáo dục,10,100.2,4,Main Category,Stability,False,Stable,Autumn,Education
2007,"Văn hóa, giải trí và du lịch",10,99.27,4,Main Category,Stability,False,Deflation,Autumn,General/Housing
2007,Hàng hoá và dịch vụ khác,10,100.45,4,Main Category,Stability,False,Stable,Autumn,General/Housing
2007,Chỉ số giá vàng,10,106.04,4,Main Category,Stability,False,High Inflation,Autumn,Financial/Other
2007,Chỉ số đô la Mỹ,10,99.4,4,Main Category,Stability,False,Deflation,Autumn,Financial/Other
2006,Chỉ số giá tiêu dùng,10,100.2,4,Total CPI,Stability,False,Stable,Autumn,General/Housing
2006,Hàng ăn và dịch vụ ăn uống,10,100.5,4,Main Category,Stability,False,Stable,Autumn,Food & Beverage
2006,Lương thực,10,101.3,4,Sub-category,Stability,False,High Inflation,Autumn,Food & Beverage
2006,Thực phẩm,10,100.2,4,Sub-category,Stability,False,Stable,Autumn,Food & Beverage
2006,Đồ uống và thuốc lá,10,100.3,4,Main Category,Stability,False,Stable,Autumn,General/Housing
2006,"May mặc, mũ nón, giày dép",10,100.4,4,Main Category,Stability,False,Stable,Autumn,General/Housing
2006,Nhà ở và vật liệu xây dựng,10,99.5,4,Main Category,Stability,False,Deflation,Autumn,General/Housing
2006,Thiết bị và đồ dùng gia đình,10,100.5,4,Main Category,Stability,False,Stable,Autumn,General/Housing
2006,Thuốc và dịch vụ y tế,10,100.6,4,Main Category,Stability,False,Stable,Autumn,Healthcare
2006,"Phương tiện đi lại, bưu điện",10,98.2,4,Sub-category,Stability,False,Deflation,Autumn,Transport
2006,Giáo dục,10,101.6,4,Main Category,Stability,False,High Inflation,Autumn,Education
2006,"Văn hóa, giải trí và du lịch",10,100.2,4,Main Category,Stability,False,Stable,Autumn,General/Housing
2006,Hàng hoá và dịch vụ khác,10,100.9,4,Main Category,Stability,False,Stable,Autumn,General/Housing
2006,Chỉ số giá vàng,10,96.9,4,Main Category,Stability,False,Deflation,Autumn,Financial/Other
2006,Chỉ số đô la Mỹ,10,100.2,4,Main Category,Stability,False,Stable,Autumn,Financial/Other
2005,Chỉ số giá tiêu dùng,10,100.4,4,Total CPI,Stability,False,Stable,Autumn,General/Housing
2005,Hàng ăn và dịch vụ ăn uống,10,100.4,4,Main Category,Stability,False,Stable,Autumn,Food & Beverage
2005,Lương thực,10,100.6,4,Sub-category,Stability,False,Stable,Autumn,Food & Beverage
2005,Thực phẩm,10,100.3,4,Sub-category,Stability,False,Stable,Autumn,Food & Beverage
2005,Đồ uống và thuốc lá,10,100.4,4,Main Category,Stability,False,Stable,Autumn,General/Housing
2005,"May mặc, mũ nón, giày dép",10,100.4,4,Main Category,Stability,False,Stable,Autumn,General/Housing
2005,Nhà ở và vật liệu xây dựng,10,101.1,4,Main Category,Stability,False,High Inflation,Autumn,General/Housing
2005,Thiết bị và đồ dùng gia đình,10,100.4,4,Main Category,Stability,False,Stable,Autumn,General/Housing
2005,Thuốc và dịch vụ y tế,10,100.4,4,Main Category,Stability,False,Stable,Autumn,Healthcare
2005,"Phương tiện đi lại, bưu điện",10,100.3,4,Sub-category,Stability,False,Stable,Autumn,Transport
2005,Giáo dục,10,100.7,4,Main Category,Stability,False,Stable,Autumn,Education
2005,"Văn hóa, giải trí và du lịch",10,100.1,4,Main Category,Stability,False,Stable,Autumn,General/Housing
2005,Hàng hoá và dịch vụ khác,10,100.4,4,Main Category,Stability,False,Stable,Autumn,General/Housing
2005,Chỉ số giá vàng,10,104.1,4,Main Category,Stability,False,High Inflation,Autumn,Financial/Other
2005,Chỉ số đô la Mỹ,10,100.1,4,Main Category,Stability,False,Stable,Autumn,Financial/Other
2004,Chỉ số giá tiêu dùng,10,100.0,4,Total CPI,Stability,False,Stable,Autumn,General/Housing
2004,Hàng ăn và dịch vụ ăn uống,10,99.8,4,Main Category,Stability,False,Deflation,Autumn,Food & Beverage
2004,Lương thực,10,99.8,4,Sub-category,Stability,False,Deflation,Autumn,Food & Beverage
2004,Thực phẩm,10,99.8,4,Sub-category,Stability,False,Deflation,Autumn,Food & Beverage
2004,Đồ uống và thuốc lá,10,100.0,4,Main Category,Stability,False,Stable,Autumn,General/Housing
2004,"May mặc, mũ nón, giày dép",10,100.2,4,Main Category,Stability,False,Stable,Autumn,General/Housing
2004,Nhà ở và vật liệu xây dựng,10,100.5,4,Main Category,Stability,False,Stable,Autumn,General/Housing
2004,Thiết bị và đồ dùng gia đình,10,100.4,4,Main Category,Stability,False,Stable,Autumn,General/Housing
2004,Thuốc và dịch vụ y tế,10,100.2,4,Main Category,Stability,False,Stable,Autumn,Healthcare
2004,"Phương tiện đi lại, bưu điện",10,100.1,4,Sub-category,Stability,False,Stable,Autumn,Transport
2004,Giáo dục,10,100.3,4,Main Category,Stability,False,Stable,Autumn,Education
2004,"Văn hóa, giải trí và du lịch",10,99.6,4,Main Category,Stability,False,Deflation,Autumn,General/Housing
2004,Hàng hoá và dịch vụ khác,10,100.4,4,Main Category,Stability,False,Stable,Autumn,General/Housing
2004,Chỉ số giá vàng,10,101.7,4,Main Category,Stability,False,High Inflation,Autumn,Financial/Other
2004,Chỉ số đô la Mỹ,10,100.0,4,Main Category,Stability,False,Stable,Autumn,Financial/Other
2003,Chỉ số giá tiêu dùng,10,99.8,4,Total CPI,Stability,False,Deflation,Autumn,General/Housing
2003,Hàng ăn và dịch vụ ăn uống,10,100.0,4,Main Category,Stability,False,Stable,Autumn,Food & Beverage
2003,Lương thực,10,100.5,4,Sub-category,Stability,False,Stable,Autumn,Food & Beverage
2003,Thực phẩm,10,99.7,4,Sub-category,Stability,False,Deflation,Autumn,Food & Beverage
2003,Đồ uống và thuốc lá,10,100.3,4,Main Category,Stability,False,Stable,Autumn,General/Housing
2003,"May mặc, mũ nón, giày dép",10,100.1,4,Main Category,Stability,False,Stable,Autumn,General/Housing
2003,Nhà ở và vật liệu xây dựng,10,100.0,4,Main Category,Stability,False,Stable,Autumn,General/Housing
2003,Thiết bị và đồ dùng gia đình,10,100.2,4,Main Category,Stability,False,Stable,Autumn,General/Housing
2003,Thuốc và dịch vụ y tế,10,102.0,4,Main Category,Stability,False,High Inflation,Autumn,Healthcare
2003,"Phương tiện đi lại, bưu điện",10,96.7,4,Sub-category,Stability,False,Deflation,Autumn,Transport
2003,Giáo dục,10,101.1,4,Main Category,Stability,False,High Inflation,Autumn,Education
2003,"Văn hóa, giải trí và du lịch",10,100.0,4,Main Category,Stability,False,Stable,Autumn,General/Housing
2003,Hàng hoá và dịch vụ khác,10,100.0,4,Main Category,Stability,False,Stable,Autumn,General/Housing
2003,Chỉ số giá vàng,10,103.4,4,Main Category,Stability,False,High Inflation,Autumn,Financial/Other
2003,Chỉ số đô la Mỹ,10,100.2,4,Main Category,Stability,False,Stable,Autumn,Financial/Other
2002,Chỉ số giá tiêu dùng,10,100.3,4,Total CPI,Stability,False,Stable,Autumn,General/Housing
2002,Hàng ăn và dịch vụ ăn uống,10,99.8,4,Main Category,Stability,False,Deflation,Autumn,Food & Beverage
2002,Lương thực,10,100.2,4,Sub-category,Stability,False,Stable,Autumn,Food & Beverage
2002,Thực phẩm,10,99.6,4,Sub-category,Stability,False,Deflation,Autumn,Food & Beverage
2002,Đồ uống và thuốc lá,10,100.6,4,Main Category,Stability,False,Stable,Autumn,General/Housing
2002,"May mặc, mũ nón, giày dép",10,100.0,4,Main Category,Stability,False,Stable,Autumn,General/Housing
2002,Nhà ở và vật liệu xây dựng,10,103.1,4,Main Category,Stability,False,High Inflation,Autumn,General/Housing
2002,Thiết bị và đồ dùng gia đình,10,99.9,4,Main Category,Stability,False,Deflation,Autumn,General/Housing
2002,Thuốc và dịch vụ y tế,10,100.0,4,Main Category,Stability,False,Stable,Autumn,Healthcare
2002,"Phương tiện đi lại, bưu điện",10,101.0,4,Sub-category,Stability,False,Stable,Autumn,Transport
2002,Giáo dục,10,100.6,4,Main Category,Stability,False,Stable,Autumn,Education
2002,"Văn hóa, giải trí và du lịch",10,99.8,4,Main Category,Stability,False,Deflation,Autumn,General/Housing
2002,Hàng hoá và dịch vụ khác,10,100.6,4,Main Category,Stability,False,Stable,Autumn,General/Housing
2002,Chỉ số giá vàng,10,101.8,4,Main Category,Stability,False,High Inflation,Autumn,Financial/Other
2002,Chỉ số đô la Mỹ,10,100.2,4,Main Category,Stability,False,Stable,Autumn,Financial/Other
2024,Chỉ số giá tiêu dùng,11,100.13,4,Total CPI,Recovery,False,Stable,Autumn,General/Housing
2024,Hàng ăn và dịch vụ ăn uống,11,99.78,4,Main Category,Recovery,False,Deflation,Autumn,Food & Beverage
2024,Lương thực,11,100.33,4,Sub-category,Recovery,False,Stable,Autumn,Food & Beverage
2024,Thực phẩm,11,99.5,4,Sub-category,Recovery,False,Deflation,Autumn,Food & Beverage
2024,Ăn uống ngoài gia đình,11,100.26,4,Sub-category,Recovery,False,Stable,Autumn,General/Housing
2024,Đồ uống và thuốc lá,11,100.26,4,Main Category,Recovery,False,Stable,Autumn,General/Housing
2024,"May mặc, mũ nón, giày dép",11,100.21,4,Main Category,Recovery,False,Stable,Autumn,General/Housing
2024,Nhà ở và vật liệu xây dựng,11,100.87,4,Main Category,Recovery,False,Stable,Autumn,General/Housing
2024,Thiết bị và đồ dùng gia đình,11,100.08,4,Main Category,Recovery,False,Stable,Autumn,General/Housing
2024,Thuốc và dịch vụ y tế,11,100.05,4,Main Category,Recovery,False,Stable,Autumn,Healthcare
2024,Trong đó: Dịch vụ y tế,11,100.01,4,Sub-category,Recovery,False,Stable,Autumn,Healthcare
2024,Giao thông,11,99.93,4,Main Category,Recovery,False,Deflation,Autumn,Transport
2024,Bưu chính viễn thông,11,99.7,4,Main Category,Recovery,False,Deflation,Autumn,General/Housing
2024,Giáo dục,11,100.11,4,Main Category,Recovery,False,Stable,Autumn,Education
2024,Trong đó: Dịch vụ giáo dục,11,100.11,4,Sub-category,Recovery,False,Stable,Autumn,General/Housing
2024,"Văn hóa, giải trí và du lịch",11,100.2,4,Main Category,Recovery,False,Stable,Autumn,General/Housing
2024,Hàng hoá và dịch vụ khác,11,100.29,4,Main Category,Recovery,False,Stable,Autumn,General/Housing
2024,Chỉ số giá vàng,11,102.26,4,Main Category,Recovery,False,High Inflation,Autumn,Financial/Other
2024,Chỉ số đô la Mỹ,11,101.76,4,Main Category,Recovery,False,High Inflation,Autumn,Financial/Other
2023,Chỉ số giá tiêu dùng,11,100.25,4,Total CPI,Recovery,False,Stable,Autumn,General/Housing
2023,Hàng ăn và dịch vụ ăn uống,11,100.1,4,Main Category,Recovery,False,Stable,Autumn,Food & Beverage
2023,Lương thực,11,102.31,4,Sub-category,Recovery,False,High Inflation,Autumn,Food & Beverage
2023,Thực phẩm,11,99.68,4,Sub-category,Recovery,False,Deflation,Autumn,Food & Beverage
2023,Ăn uống ngoài gia đình,11,100.2,4,Sub-category,Recovery,False,Stable,Autumn,General/Housing
2023,Đồ uống và thuốc lá,11,100.19,4,Main Category,Recovery,False,Stable,Autumn,General/Housing
2023,"May mặc, mũ nón, giày dép",11,100.2,4,Main Category,Recovery,False,Stable,Autumn,General/Housing
2023,Nhà ở và vật liệu xây dựng,11,100.05,4,Main Category,Recovery,False,Stable,Autumn,General/Housing
2023,Thiết bị và đồ dùng gia đình,11,100.0,4,Main Category,Recovery,False,Stable,Autumn,General/Housing
2023,Thuốc và dịch vụ y tế,11,102.9,4,Main Category,Recovery,False,High Inflation,Autumn,Healthcare
2023,Trong đó: Dịch vụ y tế,11,103.79,4,Sub-category,Recovery,False,High Inflation,Autumn,Healthcare
2023,Giao thông,11,99.99,4,Main Category,Recovery,False,Deflation,Autumn,Transport
2023,Bưu chính viễn thông,11,99.89,4,Main Category,Recovery,False,Deflation,Autumn,General/Housing
2023,Giáo dục,11,100.38,4,Main Category,Recovery,False,Stable,Autumn,Education
2023,Trong đó: Dịch vụ giáo dục,11,100.42,4,Sub-category,Recovery,False,Stable,Autumn,General/Housing
2023,"Văn hóa, giải trí và du lịch",11,100.09,4,Main Category,Recovery,False,Stable,Autumn,General/Housing
2023,Hàng hoá và dịch vụ khác,11,100.32,4,Main Category,Recovery,False,Stable,Autumn,General/Housing
2023,Chỉ số giá vàng,11,102.77,4,Main Category,Recovery,False,High Inflation,Autumn,Financial/Other
2023,Chỉ số đô la Mỹ,11,100.05,4,Main Category,Recovery,False,Stable,Autumn,Financial/Other
2022,Chỉ số giá tiêu dùng,11,100.39,4,Total CPI,COVID-19,False,Stable,Autumn,General/Housing
2022,Hàng ăn và dịch vụ ăn uống,11,99.93,4,Main Category,COVID-19,False,Deflation,Autumn,Food & Beverage
2022,Lương thực,11,100.59,4,Sub-category,COVID-19,False,Stable,Autumn,Food & Beverage
2022,Thực phẩm,11,99.7,4,Sub-category,COVID-19,False,Deflation,Autumn,Food & Beverage
2022,Ăn uống ngoài gia đình,11,100.22,4,Sub-category,COVID-19,False,Stable,Autumn,General/Housing
2022,Đồ uống và thuốc lá,11,100.26,4,Main Category,COVID-19,False,Stable,Autumn,General/Housing
2022,"May mặc, mũ nón, giày dép",11,100.22,4,Main Category,COVID-19,False,Stable,Autumn,General/Housing
2022,Nhà ở và vật liệu xây dựng,11,100.97,4,Main Category,COVID-19,False,Stable,Autumn,General/Housing
2022,Thiết bị và đồ dùng gia đình,11,100.21,4,Main Category,COVID-19,False,Stable,Autumn,General/Housing
2022,Thuốc và dịch vụ y tế,11,100.06,4,Main Category,COVID-19,False,Stable,Autumn,Healthcare
2022,Trong đó: Dịch vụ y tế,11,100.0,4,Sub-category,COVID-19,False,Stable,Autumn,Healthcare
2022,Giao thông,11,102.23,4,Main Category,COVID-19,False,High Inflation,Autumn,Transport
2022,Bưu chính viễn thông,11,99.98,4,Main Category,COVID-19,False,Deflation,Autumn,General/Housing
2022,Giáo dục,11,99.37,4,Main Category,COVID-19,False,Deflation,Autumn,Education
2022,Trong đó: Dịch vụ giáo dục,11,99.29,4,Sub-category,COVID-19,False,Deflation,Autumn,General/Housing
2022,"Văn hóa, giải trí và du lịch",11,100.21,4,Main Category,COVID-19,False,Stable,Autumn,General/Housing
2022,Hàng hoá và dịch vụ khác,11,100.22,4,Main Category,COVID-19,False,Stable,Autumn,General/Housing
2022,Chỉ số giá vàng,11,101.82,4,Main Category,COVID-19,False,High Inflation,Autumn,Financial/Other
2022,Chỉ số đô la Mỹ,11,102.91,4,Main Category,COVID-19,False,High Inflation,Autumn,Financial/Other
2021,Chỉ số giá tiêu dùng,11,100.32,4,Total CPI,COVID-19,False,Stable,Autumn,General/Housing
2021,Hàng ăn và dịch vụ ăn uống,11,99.83,4,Main Category,COVID-19,False,Deflation,Autumn,Food & Beverage
2021,Lương thực,11,100.22,4,Sub-category,COVID-19,False,Stable,Autumn,Food & Beverage
2021,Thực phẩm,11,99.6,4,Sub-category,COVID-19,False,Deflation,Autumn,Food & Beverage
2021,Ăn uống ngoài gia đình,11,100.23,4,Sub-category,COVID-19,False,Stable,Autumn,General/Housing
2021,Đồ uống và thuốc lá,11,100.33,4,Main Category,COVID-19,False,Stable,Autumn,General/Housing
2021,"May mặc, mũ nón, giày dép",11,100.25,4,Main Category,COVID-19,False,Stable,Autumn,General/Housing
2021,Nhà ở và vật liệu xây dựng,11,100.46,4,Main Category,COVID-19,False,Stable,Autumn,General/Housing
2021,Thiết bị và đồ dùng gia đình,11,100.19,4,Main Category,COVID-19,False,Stable,Autumn,General/Housing
2021,Thuốc và dịch vụ y tế,11,100.04,4,Main Category,COVID-19,False,Stable,Autumn,Healthcare
2021,Trong đó: Dịch vụ y tế,11,100.0,4,Sub-category,COVID-19,False,Stable,Autumn,Healthcare
2021,Giao thông,11,103.11,4,Main Category,COVID-19,False,High Inflation,Autumn,Transport
2021,Bưu chính viễn thông,11,100.03,4,Main Category,COVID-19,False,Stable,Autumn,General/Housing
2021,Giáo dục,11,99.08,4,Main Category,COVID-19,False,Deflation,Autumn,Education
2021,Trong đó: Dịch vụ giáo dục,11,98.94,4,Sub-category,COVID-19,False,Deflation,Autumn,General/Housing
2021,"Văn hóa, giải trí và du lịch",11,100.09,4,Main Category,COVID-19,False,Stable,Autumn,General/Housing
2021,Hàng hoá và dịch vụ khác,11,100.25,4,Main Category,COVID-19,False,Stable,Autumn,General/Housing
2021,Chỉ số giá vàng,11,102.65,4,Main Category,COVID-19,False,High Inflation,Autumn,Financial/Other
2021,Chỉ số đô la Mỹ,11,99.79,4,Main Category,COVID-19,False,Deflation,Autumn,Financial/Other
2020,Chỉ số giá tiêu dùng,11,99.99,4,Total CPI,COVID-19,False,Deflation,Autumn,General/Housing
2020,Hàng ăn và dịch vụ ăn uống,11,100.05,4,Main Category,COVID-19,False,Stable,Autumn,Food & Beverage
2020,Lương thực,11,100.59,4,Sub-category,COVID-19,False,Stable,Autumn,Food & Beverage
2020,Thực phẩm,11,99.94,4,Sub-category,COVID-19,False,Deflation,Autumn,Food & Beverage
2020,Đồ uống và thuốc lá,11,100.06,4,Main Category,COVID-19,False,Stable,Autumn,General/Housing
2020,"May mặc, mũ nón, giày dép",11,100.14,4,Main Category,COVID-19,False,Stable,Autumn,General/Housing
2020,Nhà ở và vật liệu xây dựng,11,100.07,4,Main Category,COVID-19,False,Stable,Autumn,General/Housing
2020,Thiết bị và đồ dùng gia đình,11,100.03,4,Main Category,COVID-19,False,Stable,Autumn,General/Housing
2020,Thuốc và dịch vụ y tế,11,100.01,4,Main Category,COVID-19,False,Stable,Autumn,Healthcare
2020,Giao thông,11,99.53,4,Main Category,COVID-19,False,Deflation,Autumn,Transport
2020,Bưu chính viễn thông,11,99.83,4,Main Category,COVID-19,False,Deflation,Autumn,General/Housing
2020,Giáo dục,11,100.0,4,Main Category,COVID-19,False,Stable,Autumn,Education
2020,"Văn hóa, giải trí và du lịch",11,99.94,4,Main Category,COVID-19,False,Deflation,Autumn,General/Housing
2020,Hàng hoá và dịch vụ khác,11,100.12,4,Main Category,COVID-19,False,Stable,Autumn,General/Housing
2020,Chỉ số giá vàng,11,100.87,4,Main Category,COVID-19,False,Stable,Autumn,Financial/Other
2020,Chỉ số đô la Mỹ,11,99.95,4,Main Category,COVID-19,False,Deflation,Autumn,Financial/Other
2019,Chỉ số giá tiêu dùng,11,100.96,4,Total CPI,Economic Growth,False,Stable,Autumn,General/Housing
2019,Hàng ăn và dịch vụ ăn uống,11,102.74,4,Main Category,Economic Growth,False,High Inflation,Autumn,Food & Beverage
2019,Lương thực,11,100.26,4,Sub-category,Economic Growth,False,Stable,Autumn,Food & Beverage
2019,Thực phẩm,11,104.11,4,Sub-category,Economic Growth,False,High Inflation,Autumn,Food & Beverage
2019,Đồ uống và thuốc lá,11,100.2,4,Main Category,Economic Growth,False,Stable,Autumn,General/Housing
2019,"May mặc, mũ nón, giày dép",11,100.12,4,Main Category,Economic Growth,False,Stable,Autumn,General/Housing
2019,Nhà ở và vật liệu xây dựng,11,100.13,4,Main Category,Economic Growth,False,Stable,Autumn,General/Housing
2019,Thiết bị và đồ dùng gia đình,11,100.1,4,Main Category,Economic Growth,False,Stable,Autumn,General/Housing
2019,Thuốc và dịch vụ y tế,11,100.04,4,Main Category,Economic Growth,False,Stable,Autumn,Healthcare
2019,Giao thông,11,99.27,4,Main Category,Economic Growth,False,Deflation,Autumn,Transport
2019,Bưu chính viễn thông,11,99.91,4,Main Category,Economic Growth,False,Deflation,Autumn,General/Housing
2019,Giáo dục,11,100.04,4,Main Category,Economic Growth,False,Stable,Autumn,Education
2019,"Văn hóa, giải trí và du lịch",11,100.03,4,Main Category,Economic Growth,False,Stable,Autumn,General/Housing
2019,Hàng hoá và dịch vụ khác,11,100.16,4,Main Category,Economic Growth,False,Stable,Autumn,General/Housing
2019,Chỉ số giá vàng,11,99.37,4,Main Category,Economic Growth,False,Deflation,Autumn,Financial/Other
2019,Chỉ số đô la Mỹ,11,99.87,4,Main Category,Economic Growth,False,Deflation,Autumn,Financial/Other
2018,Chỉ số giá tiêu dùng,11,99.71,4,Total CPI,Economic Growth,False,Deflation,Autumn,General/Housing
2018,Hàng ăn và dịch vụ ăn uống,11,99.86,4,Main Category,Economic Growth,False,Deflation,Autumn,Food & Beverage
2018,Lương thực,11,100.27,4,Sub-category,Economic Growth,False,Stable,Autumn,Food & Beverage
2018,Thực phẩm,11,99.7,4,Sub-category,Economic Growth,False,Deflation,Autumn,Food & Beverage
2018,Đồ uống và thuốc lá,11,100.07,4,Main Category,Economic Growth,False,Stable,Autumn,General/Housing
2018,"May mặc, mũ nón, giày dép",11,100.26,4,Main Category,Economic Growth,False,Stable,Autumn,General/Housing
2018,Nhà ở và vật liệu xây dựng,11,99.36,4,Main Category,Economic Growth,False,Deflation,Autumn,General/Housing
2018,Thiết bị và đồ dùng gia đình,11,100.08,4,Main Category,Economic Growth,False,Stable,Autumn,General/Housing
2018,Thuốc và dịch vụ y tế,11,100.01,4,Main Category,Economic Growth,False,Stable,Autumn,Healthcare
2018,Giao thông,11,98.19,4,Main Category,Economic Growth,False,Deflation,Autumn,Transport
2018,Bưu chính viễn thông,11,99.94,4,Main Category,Economic Growth,False,Deflation,Autumn,General/Housing
2018,Giáo dục,11,100.05,4,Main Category,Economic Growth,False,Stable,Autumn,Education
2018,"Văn hóa, giải trí và du lịch",11,100.05,4,Main Category,Economic Growth,False,Stable,Autumn,General/Housing
2018,Hàng hoá và dịch vụ khác,11,100.15,4,Main Category,Economic Growth,False,Stable,Autumn,General/Housing
2018,Chỉ số giá vàng,11,100.98,4,Main Category,Economic Growth,False,Stable,Autumn,Financial/Other
2018,Chỉ số đô la Mỹ,11,99.97,4,Main Category,Economic Growth,False,Deflation,Autumn,Financial/Other
2017,Chỉ số giá tiêu dùng,11,100.13,4,Total CPI,Economic Growth,False,Stable,Autumn,General/Housing
2017,Hàng ăn và dịch vụ ăn uống,11,100.11,4,Main Category,Economic Growth,False,Stable,Autumn,Food & Beverage
2017,Lương thực,11,101.12,4,Sub-category,Economic Growth,False,High Inflation,Autumn,Food & Beverage
2017,Thực phẩm,11,99.94,4,Sub-category,Economic Growth,False,Deflation,Autumn,Food & Beverage
2017,Đồ uống và thuốc lá,11,100.05,4,Main Category,Economic Growth,False,Stable,Autumn,General/Housing
2017,"May mặc, mũ nón, giày dép",11,100.15,4,Main Category,Economic Growth,False,Stable,Autumn,General/Housing
2017,Nhà ở và vật liệu xây dựng,11,99.96,4,Main Category,Economic Growth,False,Deflation,Autumn,General/Housing
2017,Thiết bị và đồ dùng gia đình,11,100.09,4,Main Category,Economic Growth,False,Stable,Autumn,General/Housing
2017,Thuốc và dịch vụ y tế,11,100.2,4,Main Category,Economic Growth,False,Stable,Autumn,Healthcare
2017,Giao thông,11,100.68,4,Main Category,Economic Growth,False,Stable,Autumn,Transport
2017,Bưu chính viễn thông,11,99.97,4,Main Category,Economic Growth,False,Deflation,Autumn,General/Housing
2017,Giáo dục,11,100.03,4,Main Category,Economic Growth,False,Stable,Autumn,Education
2017,"Văn hóa, giải trí và du lịch",11,99.99,4,Main Category,Economic Growth,False,Deflation,Autumn,General/Housing
2017,Hàng hoá và dịch vụ khác,11,100.14,4,Main Category,Economic Growth,False,Stable,Autumn,General/Housing
2017,Chỉ số giá vàng,11,99.7,4,Main Category,Economic Growth,False,Deflation,Autumn,Financial/Other
2017,Chỉ số đô la Mỹ,11,99.99,4,Main Category,Economic Growth,False,Deflation,Autumn,Financial/Other
2016,Chỉ số giá tiêu dùng,11,100.48,4,Total CPI,Economic Growth,False,Stable,Autumn,General/Housing
2016,Hàng ăn và dịch vụ ăn uống,11,100.49,4,Main Category,Economic Growth,False,Stable,Autumn,Food & Beverage
2016,Lương thực,11,100.22,4,Sub-category,Economic Growth,False,Stable,Autumn,Food & Beverage
2016,Thực phẩm,11,100.71,4,Sub-category,Economic Growth,False,Stable,Autumn,Food & Beverage
2016,Đồ uống và thuốc lá,11,100.05,4,Main Category,Economic Growth,False,Stable,Autumn,General/Housing
2016,"May mặc, mũ nón, giày dép",11,100.24,4,Main Category,Economic Growth,False,Stable,Autumn,General/Housing
2016,Nhà ở và vật liệu xây dựng,11,100.49,4,Main Category,Economic Growth,False,Stable,Autumn,General/Housing
2016,Thiết bị và đồ dùng gia đình,11,100.1,4,Main Category,Economic Growth,False,Stable,Autumn,General/Housing
2016,Thuốc và dịch vụ y tế,11,100.9,4,Main Category,Economic Growth,False,Stable,Autumn,Healthcare
2016,Giao thông,11,101.63,4,Main Category,Economic Growth,False,High Inflation,Autumn,Transport
2016,Bưu chính viễn thông,11,99.98,4,Main Category,Economic Growth,False,Deflation,Autumn,General/Housing
2016,Giáo dục,11,100.0,4,Main Category,Economic Growth,False,Stable,Autumn,Education
2016,"Văn hóa, giải trí và du lịch",11,100.03,4,Main Category,Economic Growth,False,Stable,Autumn,General/Housing
2016,Hàng hoá và dịch vụ khác,11,100.13,4,Main Category,Economic Growth,False,Stable,Autumn,General/Housing
2016,Chỉ số giá vàng,11,98.88,4,Main Category,Economic Growth,False,Deflation,Autumn,Financial/Other
2016,Chỉ số đô la Mỹ,11,100.22,4,Main Category,Economic Growth,False,Stable,Autumn,Financial/Other
2015,Chỉ số giá tiêu dùng,11,100.07,4,Total CPI,Economic Growth,False,Stable,Autumn,General/Housing
2015,Hàng ăn và dịch vụ ăn uống,11,100.05,4,Main Category,Economic Growth,False,Stable,Autumn,Food & Beverage
2015,Lương thực,11,100.31,4,Sub-category,Economic Growth,False,Stable,Autumn,Food & Beverage
2015,Thực phẩm,11,99.99,4,Sub-category,Economic Growth,False,Deflation,Autumn,Food & Beverage
2015,Đồ uống và thuốc lá,11,100.16,4,Main Category,Economic Growth,False,Stable,Autumn,General/Housing
2015,"May mặc, mũ nón, giày dép",11,100.14,4,Main Category,Economic Growth,False,Stable,Autumn,General/Housing
2015,Nhà ở và vật liệu xây dựng,11,100.32,4,Main Category,Economic Growth,False,Stable,Autumn,General/Housing
2015,Thiết bị và đồ dùng gia đình,11,100.19,4,Main Category,Economic Growth,False,Stable,Autumn,General/Housing
2015,Thuốc và dịch vụ y tế,11,100.05,4,Main Category,Economic Growth,False,Stable,Autumn,Healthcare
2015,Giao thông,11,99.62,4,Main Category,Economic Growth,False,Deflation,Autumn,Transport
2015,Bưu chính viễn thông,11,99.9,4,Main Category,Economic Growth,False,Deflation,Autumn,General/Housing
2015,Giáo dục,11,100.06,4,Main Category,Economic Growth,False,Stable,Autumn,Education
2015,"Văn hóa, giải trí và du lịch",11,100.07,4,Main Category,Economic Growth,False,Stable,Autumn,General/Housing
2015,Hàng hoá và dịch vụ khác,11,100.07,4,Main Category,Economic Growth,False,Stable,Autumn,General/Housing
2015,Chỉ số giá vàng,11,99.39,4,Main Category,Economic Growth,False,Deflation,Autumn,Financial/Other
2015,Chỉ số đô la Mỹ,11,99.69,4,Main Category,Economic Growth,False,Deflation,Autumn,Financial/Other
2014,Chỉ số giá tiêu dùng,11,99.73,4,Total CPI,Economic Growth,False,Deflation,Autumn,General/Housing
2014,Hàng ăn và dịch vụ ăn uống,11,99.97,4,Main Category,Economic Growth,False,Deflation,Autumn,Food & Beverage
2014,Lương thực,11,100.12,4,Sub-category,Economic Growth,False,Stable,Autumn,Food & Beverage
2014,Thực phẩm,11,99.9,4,Sub-category,Economic Growth,False,Deflation,Autumn,Food & Beverage
2014,Đồ uống và thuốc lá,11,100.12,4,Main Category,Economic Growth,False,Stable,Autumn,General/Housing
2014,"May mặc, mũ nón, giày dép",11,100.34,4,Main Category,Economic Growth,False,Stable,Autumn,General/Housing
2014,Nhà ở và vật liệu xây dựng,11,99.26,4,Main Category,Economic Growth,False,Deflation,Autumn,General/Housing
2014,Thiết bị và đồ dùng gia đình,11,100.16,4,Main Category,Economic Growth,False,Stable,Autumn,General/Housing
2014,Thuốc và dịch vụ y tế,11,100.04,4,Main Category,Economic Growth,False,Stable,Autumn,Healthcare
2014,Giao thông,11,97.25,4,Main Category,Economic Growth,False,Deflation,Autumn,Transport
2014,Bưu chính viễn thông,11,99.99,4,Main Category,Economic Growth,False,Deflation,Autumn,General/Housing
2014,Giáo dục,11,100.03,4,Main Category,Economic Growth,False,Stable,Autumn,Education
2014,"Văn hóa, giải trí và du lịch",11,100.1,4,Main Category,Economic Growth,False,Stable,Autumn,General/Housing
2014,Hàng hoá và dịch vụ khác,11,100.22,4,Main Category,Economic Growth,False,Stable,Autumn,General/Housing
2014,Chỉ số giá vàng,11,98.51,4,Main Category,Economic Growth,False,Deflation,Autumn,Financial/Other
2014,Chỉ số đô la Mỹ,11,100.23,4,Main Category,Economic Growth,False,Stable,Autumn,Financial/Other
2013,Chỉ số giá tiêu dùng,11,100.34,4,Total CPI,Economic Growth,False,Stable,Autumn,General/Housing
2013,Hàng ăn và dịch vụ ăn uống,11,100.62,4,Main Category,Economic Growth,False,Stable,Autumn,Food & Beverage
2013,Lương thực,11,101.29,4,Sub-category,Economic Growth,False,High Inflation,Autumn,Food & Beverage
2013,Thực phẩm,11,100.56,4,Sub-category,Economic Growth,False,Stable,Autumn,Food & Beverage
2013,Đồ uống và thuốc lá,11,100.28,4,Main Category,Economic Growth,False,Stable,Autumn,General/Housing
2013,"May mặc, mũ nón, giày dép",11,100.35,4,Main Category,Economic Growth,False,Stable,Autumn,General/Housing
2013,Nhà ở và vật liệu xây dựng,11,100.41,4,Main Category,Economic Growth,False,Stable,Autumn,General/Housing
2013,Thiết bị và đồ dùng gia đình,11,100.24,4,Main Category,Economic Growth,False,Stable,Autumn,General/Housing
2013,Thuốc và dịch vụ y tế,11,100.07,4,Main Category,Economic Growth,False,Stable,Autumn,Healthcare
2013,Giao thông,11,99.66,4,Main Category,Economic Growth,False,Deflation,Autumn,Transport
2013,Bưu chính viễn thông,11,99.98,4,Main Category,Economic Growth,False,Deflation,Autumn,General/Housing
2013,Giáo dục,11,100.1,4,Main Category,Economic Growth,False,Stable,Autumn,Education
2013,"Văn hóa, giải trí và du lịch",11,100.1,4,Main Category,Economic Growth,False,Stable,Autumn,General/Housing
2013,Hàng hoá và dịch vụ khác,11,100.18,4,Main Category,Economic Growth,False,Stable,Autumn,General/Housing
2013,Chỉ số giá vàng,11,98.96,4,Main Category,Economic Growth,False,Deflation,Autumn,Financial/Other
2013,Chỉ số đô la Mỹ,11,99.9,4,Main Category,Economic Growth,False,Deflation,Autumn,Financial/Other
2012,Chỉ số giá tiêu dùng,11,100.47,4,Total CPI,Economic Growth,False,Stable,Autumn,General/Housing
2012,Hàng ăn và dịch vụ ăn uống,11,99.92,4,Main Category,Economic Growth,False,Deflation,Autumn,Food & Beverage
2012,Lương thực,11,100.05,4,Sub-category,Economic Growth,False,Stable,Autumn,Food & Beverage
2012,Thực phẩm,11,99.79,4,Sub-category,Economic Growth,False,Deflation,Autumn,Food & Beverage
2012,Đồ uống và thuốc lá,11,100.23,4,Main Category,Economic Growth,False,Stable,Autumn,General/Housing
2012,"May mặc, mũ nón, giày dép",11,100.83,4,Main Category,Economic Growth,False,Stable,Autumn,General/Housing
2012,Nhà ở và vật liệu xây dựng,11,100.53,4,Main Category,Economic Growth,False,Stable,Autumn,General/Housing
2012,Thiết bị và đồ dùng gia đình,11,100.56,4,Main Category,Economic Growth,False,Stable,Autumn,General/Housing
2012,Thuốc và dịch vụ y tế,11,105.16,4,Main Category,Economic Growth,False,High Inflation,Autumn,Healthcare
2012,Giao thông,11,100.03,4,Main Category,Economic Growth,False,Stable,Autumn,Transport
2012,Bưu chính viễn thông,11,99.99,4,Main Category,Economic Growth,False,Deflation,Autumn,General/Housing
2012,Giáo dục,11,100.13,4,Main Category,Economic Growth,False,Stable,Autumn,Education
2012,"Văn hóa, giải trí và du lịch",11,100.35,4,Main Category,Economic Growth,False,Stable,Autumn,General/Housing
2012,Hàng hoá và dịch vụ khác,11,100.42,4,Main Category,Economic Growth,False,Stable,Autumn,General/Housing
2012,Chỉ số giá vàng,11,98.02,4,Main Category,Economic Growth,False,Deflation,Autumn,Financial/Other
2012,Chỉ số đô la Mỹ,11,99.89,4,Main Category,Economic Growth,False,Deflation,Autumn,Financial/Other
2011,Chỉ số giá tiêu dùng,11,100.39,4,Total CPI,Post-Crisis Volatility,False,Stable,Autumn,General/Housing
2011,Hàng ăn và dịch vụ ăn uống,11,100.56,4,Main Category,Post-Crisis Volatility,False,Stable,Autumn,Food & Beverage
2011,Lương thực,11,103.25,4,Sub-category,Post-Crisis Volatility,False,High Inflation,Autumn,Food & Beverage
2011,Thực phẩm,11,99.74,4,Sub-category,Post-Crisis Volatility,False,Deflation,Autumn,Food & Beverage
2011,Đồ uống và thuốc lá,11,100.25,4,Main Category,Post-Crisis Volatility,False,Stable,Autumn,General/Housing
2011,"May mặc, mũ nón, giày dép",11,100.65,4,Main Category,Post-Crisis Volatility,False,Stable,Autumn,General/Housing
2011,Nhà ở và vật liệu xây dựng,11,100.12,4,Main Category,Post-Crisis Volatility,False,Stable,Autumn,General/Housing
2011,Thiết bị và đồ dùng gia đình,11,100.61,4,Main Category,Post-Crisis Volatility,False,Stable,Autumn,General/Housing
2011,Thuốc và dịch vụ y tế,11,100.2,4,Main Category,Post-Crisis Volatility,False,Stable,Autumn,Healthcare
2011,Giao thông,11,99.99,4,Main Category,Post-Crisis Volatility,False,Deflation,Autumn,Transport
2011,Bưu chính viễn thông,11,99.99,4,Main Category,Post-Crisis Volatility,False,Deflation,Autumn,General/Housing
2011,Giáo dục,11,100.08,4,Main Category,Post-Crisis Volatility,False,Stable,Autumn,Education
2011,"Văn hóa, giải trí và du lịch",11,99.98,4,Main Category,Post-Crisis Volatility,False,Deflation,Autumn,General/Housing
2011,Hàng hoá và dịch vụ khác,11,100.61,4,Main Category,Post-Crisis Volatility,False,Stable,Autumn,General/Housing
2011,Chỉ số giá vàng,11,100.27,4,Main Category,Post-Crisis Volatility,False,Stable,Autumn,Financial/Other
2011,Chỉ số đô la Mỹ,11,100.69,4,Main Category,Post-Crisis Volatility,False,Stable,Autumn,Financial/Other
2010,Chỉ số giá tiêu dùng,11,101.86,4,Total CPI,Post-Crisis Volatility,False,High Inflation,Autumn,General/Housing
2010,Hàng ăn và dịch vụ ăn uống,11,103.45,4,Main Category,Post-Crisis Volatility,False,High Inflation,Autumn,Food & Beverage
2010,Lương thực,11,106.02,4,Sub-category,Post-Crisis Volatility,False,High Inflation,Autumn,Food & Beverage
2010,Thực phẩm,11,103.27,4,Sub-category,Post-Crisis Volatility,False,High Inflation,Autumn,Food & Beverage
2010,Đồ uống và thuốc lá,11,100.94,4,Main Category,Post-Crisis Volatility,False,Stable,Autumn,General/Housing
2010,"May mặc, mũ nón, giày dép",11,100.9,4,Main Category,Post-Crisis Volatility,False,Stable,Autumn,General/Housing
2010,Nhà ở và vật liệu xây dựng,11,101.74,4,Main Category,Post-Crisis Volatility,False,High Inflation,Autumn,General/Housing
2010,Thiết bị và đồ dùng gia đình,11,100.74,4,Main Category,Post-Crisis Volatility,False,Stable,Autumn,General/Housing
2010,Thuốc và dịch vụ y tế,11,100.59,4,Main Category,Post-Crisis Volatility,False,Stable,Autumn,Healthcare
2010,Giao thông,11,100.29,4,Main Category,Post-Crisis Volatility,False,Stable,Autumn,Transport
2010,Bưu chính viễn thông,11,99.97,4,Main Category,Post-Crisis Volatility,False,Deflation,Autumn,General/Housing
2010,Giáo dục,11,100.23,4,Main Category,Post-Crisis Volatility,False,Stable,Autumn,Education
2010,"Văn hóa, giải trí và du lịch",11,100.56,4,Main Category,Post-Crisis Volatility,False,Stable,Autumn,General/Housing
2010,Hàng hoá và dịch vụ khác,11,100.99,4,Main Category,Post-Crisis Volatility,False,Stable,Autumn,General/Housing
2010,Chỉ số giá vàng,11,108.67,4,Main Category,Post-Crisis Volatility,False,High Inflation,Autumn,Financial/Other
2010,Chỉ số đô la Mỹ,11,103.0,4,Main Category,Post-Crisis Volatility,False,High Inflation,Autumn,Financial/Other
2009,Chỉ số giá tiêu dùng,11,100.55,4,Total CPI,Post-Crisis Volatility,False,Stable,Autumn,General/Housing
2009,Hàng ăn và dịch vụ ăn uống,11,100.87,4,Main Category,Post-Crisis Volatility,False,Stable,Autumn,Food & Beverage
2009,Lương thực,11,102.22,4,Sub-category,Post-Crisis Volatility,False,High Inflation,Autumn,Food & Beverage
2009,Thực phẩm,11,100.62,4,Sub-category,Post-Crisis Volatility,False,Stable,Autumn,Food & Beverage
2009,Đồ uống và thuốc lá,11,100.44,4,Main Category,Post-Crisis Volatility,False,Stable,Autumn,General/Housing
2009,"May mặc, mũ nón, giày dép",11,100.32,4,Main Category,Post-Crisis Volatility,False,Stable,Autumn,General/Housing
2009,Nhà ở và vật liệu xây dựng,11,100.75,4,Main Category,Post-Crisis Volatility,False,Stable,Autumn,General/Housing
2009,Thiết bị và đồ dùng gia đình,11,100.22,4,Main Category,Post-Crisis Volatility,False,Stable,Autumn,General/Housing
2009,Thuốc và dịch vụ y tế,11,100.09,4,Main Category,Post-Crisis Volatility,False,Stable,Autumn,Healthcare
2009,"Phương tiện đi lại, bưu điện",11,100.31,4,Sub-category,Post-Crisis Volatility,False,Stable,Autumn,Transport
2009,Giáo dục,11,100.06,4,Main Category,Post-Crisis Volatility,False,Stable,Autumn,Education
2009,"Văn hóa, giải trí và du lịch",11,100.03,4,Main Category,Post-Crisis Volatility,False,Stable,Autumn,General/Housing
2009,Hàng hoá và dịch vụ khác,11,100.54,4,Main Category,Post-Crisis Volatility,False,Stable,Autumn,General/Housing
2009,Chỉ số giá vàng,11,110.08,4,Main Category,Post-Crisis Volatility,False,High Inflation,Autumn,Financial/Other
2009,Chỉ số đô la Mỹ,11,101.45,4,Main Category,Post-Crisis Volatility,False,High Inflation,Autumn,Financial/Other
2008,Chỉ số giá tiêu dùng,11,99.24,4,Total CPI,2008 Crisis,False,Deflation,Autumn,General/Housing
2008,Hàng ăn và dịch vụ ăn uống,11,99.93,4,Main Category,2008 Crisis,False,Deflation,Autumn,Food & Beverage
2008,Lương thực,11,96.9,4,Sub-category,2008 Crisis,False,Deflation,Autumn,Food & Beverage
2008,Thực phẩm,11,100.91,4,Sub-category,2008 Crisis,False,Stable,Autumn,Food & Beverage
2008,Đồ uống và thuốc lá,11,100.9,4,Main Category,2008 Crisis,False,Stable,Autumn,General/Housing
2008,"May mặc, mũ nón, giày dép",11,100.86,4,Main Category,2008 Crisis,False,Stable,Autumn,General/Housing
2008,Nhà ở và vật liệu xây dựng,11,95.14,4,Main Category,2008 Crisis,False,Deflation,Autumn,General/Housing
2008,Thiết bị và đồ dùng gia đình,11,100.67,4,Main Category,2008 Crisis,False,Stable,Autumn,General/Housing
2008,Thuốc và dịch vụ y tế,11,100.28,4,Main Category,2008 Crisis,False,Stable,Autumn,Healthcare
2008,"Phương tiện đi lại, bưu điện",11,95.6,4,Sub-category,2008 Crisis,False,Deflation,Autumn,Transport
2008,Giáo dục,11,100.12,4,Main Category,2008 Crisis,False,Stable,Autumn,Education
2008,"Văn hóa, giải trí và du lịch",11,100.28,4,Main Category,2008 Crisis,False,Stable,Autumn,General/Housing
2008,Hàng hoá và dịch vụ khác,11,100.39,4,Main Category,2008 Crisis,False,Stable,Autumn,General/Housing
2008,Chỉ số giá vàng,11,94.2,4,Main Category,2008 Crisis,False,Deflation,Autumn,Financial/Other
2008,Chỉ số đô la Mỹ,11,102.1,4,Main Category,2008 Crisis,False,High Inflation,Autumn,Financial/Other
2007,Chỉ số giá tiêu dùng,11,101.23,4,Total CPI,Stability,False,High Inflation,Autumn,General/Housing
2007,Hàng ăn và dịch vụ ăn uống,11,102.06,4,Main Category,Stability,False,High Inflation,Autumn,Food & Beverage
2007,Lương thực,11,102.66,4,Sub-category,Stability,False,High Inflation,Autumn,Food & Beverage
2007,Thực phẩm,11,101.95,4,Sub-category,Stability,False,High Inflation,Autumn,Food & Beverage
2007,Đồ uống và thuốc lá,11,100.4,4,Main Category,Stability,False,Stable,Autumn,General/Housing
2007,"May mặc, mũ nón, giày dép",11,100.4,4,Main Category,Stability,False,Stable,Autumn,General/Housing
2007,Nhà ở và vật liệu xây dựng,11,101.87,4,Main Category,Stability,False,High Inflation,Autumn,General/Housing
2007,Thiết bị và đồ dùng gia đình,11,100.2,4,Main Category,Stability,False,Stable,Autumn,General/Housing
2007,Thuốc và dịch vụ y tế,11,100.32,4,Main Category,Stability,False,Stable,Autumn,Healthcare
2007,"Phương tiện đi lại, bưu điện",11,100.02,4,Sub-category,Stability,False,Stable,Autumn,Transport
2007,Giáo dục,11,100.06,4,Main Category,Stability,False,Stable,Autumn,Education
2007,"Văn hóa, giải trí và du lịch",11,99.9,4,Main Category,Stability,False,Deflation,Autumn,General/Housing
2007,Hàng hoá và dịch vụ khác,11,101.02,4,Main Category,Stability,False,High Inflation,Autumn,General/Housing
2007,Chỉ số giá vàng,11,108.89,4,Main Category,Stability,False,High Inflation,Autumn,Financial/Other
2007,Chỉ số đô la Mỹ,11,99.72,4,Main Category,Stability,False,Deflation,Autumn,Financial/Other
2006,Chỉ số giá tiêu dùng,11,100.6,4,Total CPI,Stability,False,Stable,Autumn,General/Housing
2006,Hàng ăn và dịch vụ ăn uống,11,101.2,4,Main Category,Stability,False,High Inflation,Autumn,Food & Beverage
2006,Lương thực,11,103.8,4,Sub-category,Stability,False,High Inflation,Autumn,Food & Beverage
2006,Thực phẩm,11,100.5,4,Sub-category,Stability,False,Stable,Autumn,Food & Beverage
2006,Đồ uống và thuốc lá,11,100.8,4,Main Category,Stability,False,Stable,Autumn,General/Housing
2006,"May mặc, mũ nón, giày dép",11,100.0,4,Main Category,Stability,False,Stable,Autumn,General/Housing
2006,Nhà ở và vật liệu xây dựng,11,99.8,4,Main Category,Stability,False,Deflation,Autumn,General/Housing
2006,Thiết bị và đồ dùng gia đình,11,100.7,4,Main Category,Stability,False,Stable,Autumn,General/Housing
2006,Thuốc và dịch vụ y tế,11,100.2,4,Main Category,Stability,False,Stable,Autumn,Healthcare
2006,"Phương tiện đi lại, bưu điện",11,99.5,4,Sub-category,Stability,False,Deflation,Autumn,Transport
2006,Giáo dục,11,100.1,4,Main Category,Stability,False,Stable,Autumn,Education
2006,"Văn hóa, giải trí và du lịch",11,100.4,4,Main Category,Stability,False,Stable,Autumn,General/Housing
2006,Hàng hoá và dịch vụ khác,11,101.0,4,Main Category,Stability,False,Stable,Autumn,General/Housing
2006,Chỉ số giá vàng,11,101.7,4,Main Category,Stability,False,High Inflation,Autumn,Financial/Other
2006,Chỉ số đô la Mỹ,11,100.2,4,Main Category,Stability,False,Stable,Autumn,Financial/Other
2005,Chỉ số giá tiêu dùng,11,100.4,4,Total CPI,Stability,False,Stable,Autumn,General/Housing
2005,Hàng ăn và dịch vụ ăn uống,11,100.5,4,Main Category,Stability,False,Stable,Autumn,Food & Beverage
2005,Lương thực,11,101.1,4,Sub-category,Stability,False,High Inflation,Autumn,Food & Beverage
2005,Thực phẩm,11,100.1,4,Sub-category,Stability,False,Stable,Autumn,Food & Beverage
2005,Đồ uống và thuốc lá,11,100.3,4,Main Category,Stability,False,Stable,Autumn,General/Housing
2005,"May mặc, mũ nón, giày dép",11,100.5,4,Main Category,Stability,False,Stable,Autumn,General/Housing
2005,Nhà ở và vật liệu xây dựng,11,100.7,4,Main Category,Stability,False,Stable,Autumn,General/Housing
2005,Thiết bị và đồ dùng gia đình,11,100.3,4,Main Category,Stability,False,Stable,Autumn,General/Housing
2005,Thuốc và dịch vụ y tế,11,100.5,4,Main Category,Stability,False,Stable,Autumn,Healthcare
2005,"Phương tiện đi lại, bưu điện",11,100.2,4,Sub-category,Stability,False,Stable,Autumn,Transport
2005,Giáo dục,11,100.2,4,Main Category,Stability,False,Stable,Autumn,Education
2005,"Văn hóa, giải trí và du lịch",11,100.3,4,Main Category,Stability,False,Stable,Autumn,General/Housing
2005,Hàng hoá và dịch vụ khác,11,100.5,4,Main Category,Stability,False,Stable,Autumn,General/Housing
2005,Chỉ số giá vàng,11,100.9,4,Main Category,Stability,False,Stable,Autumn,Financial/Other
2005,Chỉ số đô la Mỹ,11,100.1,4,Main Category,Stability,False,Stable,Autumn,Financial/Other
2004,Chỉ số giá tiêu dùng,11,100.2,4,Total CPI,Stability,False,Stable,Autumn,General/Housing
2004,Hàng ăn và dịch vụ ăn uống,11,100.0,4,Main Category,Stability,False,Stable,Autumn,Food & Beverage
2004,Lương thực,11,100.7,4,Sub-category,Stability,False,Stable,Autumn,Food & Beverage
2004,Thực phẩm,11,99.7,4,Sub-category,Stability,False,Deflation,Autumn,Food & Beverage
2004,Đồ uống và thuốc lá,11,100.0,4,Main Category,Stability,False,Stable,Autumn,General/Housing
2004,"May mặc, mũ nón, giày dép",11,100.2,4,Main Category,Stability,False,Stable,Autumn,General/Housing
2004,Nhà ở và vật liệu xây dựng,11,100.5,4,Main Category,Stability,False,Stable,Autumn,General/Housing
2004,Thiết bị và đồ dùng gia đình,11,100.1,4,Main Category,Stability,False,Stable,Autumn,General/Housing
2004,Thuốc và dịch vụ y tế,11,100.1,4,Main Category,Stability,False,Stable,Autumn,Healthcare
2004,"Phương tiện đi lại, bưu điện",11,101.2,4,Sub-category,Stability,False,High Inflation,Autumn,Transport
2004,Giáo dục,11,99.7,4,Main Category,Stability,False,Deflation,Autumn,Education
2004,"Văn hóa, giải trí và du lịch",11,100.0,4,Main Category,Stability,False,Stable,Autumn,General/Housing
2004,Hàng hoá và dịch vụ khác,11,100.1,4,Main Category,Stability,False,Stable,Autumn,General/Housing
2004,Chỉ số giá vàng,11,103.2,4,Main Category,Stability,False,High Inflation,Autumn,Financial/Other
2004,Chỉ số đô la Mỹ,11,100.0,4,Main Category,Stability,False,Stable,Autumn,Financial/Other
2003,Chỉ số giá tiêu dùng,11,100.6,4,Total CPI,Stability,False,Stable,Autumn,General/Housing
2003,Hàng ăn và dịch vụ ăn uống,11,100.9,4,Main Category,Stability,False,Stable,Autumn,Food & Beverage
2003,Lương thực,11,102.8,4,Sub-category,Stability,False,High Inflation,Autumn,Food & Beverage
2003,Thực phẩm,11,100.3,4,Sub-category,Stability,False,Stable,Autumn,Food & Beverage
2003,Đồ uống và thuốc lá,11,100.3,4,Main Category,Stability,False,Stable,Autumn,General/Housing
2003,"May mặc, mũ nón, giày dép",11,100.5,4,Main Category,Stability,False,Stable,Autumn,General/Housing
2003,Nhà ở và vật liệu xây dựng,11,100.5,4,Main Category,Stability,False,Stable,Autumn,General/Housing
2003,Thiết bị và đồ dùng gia đình,11,100.5,4,Main Category,Stability,False,Stable,Autumn,General/Housing
2003,Thuốc và dịch vụ y tế,11,100.9,4,Main Category,Stability,False,Stable,Autumn,Healthcare
2003,"Phương tiện đi lại, bưu điện",11,99.5,4,Sub-category,Stability,False,Deflation,Autumn,Transport
2003,Giáo dục,11,100.4,4,Main Category,Stability,False,Stable,Autumn,Education
2003,"Văn hóa, giải trí và du lịch",11,99.6,4,Main Category,Stability,False,Deflation,Autumn,General/Housing
2003,Hàng hoá và dịch vụ khác,11,100.3,4,Main Category,Stability,False,Stable,Autumn,General/Housing
2003,Chỉ số giá vàng,11,103.0,4,Main Category,Stability,False,High Inflation,Autumn,Financial/Other
2003,Chỉ số đô la Mỹ,11,100.5,4,Main Category,Stability,False,Stable,Autumn,Financial/Other
2002,Chỉ số giá tiêu dùng,11,100.3,4,Total CPI,Stability,False,Stable,Autumn,General/Housing
2002,Hàng ăn và dịch vụ ăn uống,11,100.0,4,Main Category,Stability,False,Stable,Autumn,Food & Beverage
2002,Lương thực,11,101.1,4,Sub-category,Stability,False,High Inflation,Autumn,Food & Beverage
2002,Thực phẩm,11,99.5,4,Sub-category,Stability,False,Deflation,Autumn,Food & Beverage
2002,Đồ uống và thuốc lá,11,100.3,4,Main Category,Stability,False,Stable,Autumn,General/Housing
2002,"May mặc, mũ nón, giày dép",11,100.1,4,Main Category,Stability,False,Stable,Autumn,General/Housing
2002,Nhà ở và vật liệu xây dựng,11,101.9,4,Main Category,Stability,False,High Inflation,Autumn,General/Housing
2002,Thiết bị và đồ dùng gia đình,11,100.0,4,Main Category,Stability,False,Stable,Autumn,General/Housing
2002,Thuốc và dịch vụ y tế,11,100.1,4,Main Category,Stability,False,Stable,Autumn,Healthcare
2002,"Phương tiện đi lại, bưu điện",11,100.6,4,Sub-category,Stability,False,Stable,Autumn,Transport
2002,Giáo dục,11,100.5,4,Main Category,Stability,False,Stable,Autumn,Education
2002,"Văn hóa, giải trí và du lịch",11,100.2,4,Main Category,Stability,False,Stable,Autumn,General/Housing
2002,Hàng hoá và dịch vụ khác,11,100.1,4,Main Category,Stability,False,Stable,Autumn,General/Housing
2002,Chỉ số giá vàng,11,99.8,4,Main Category,Stability,False,Deflation,Autumn,Financial/Other
2002,Chỉ số đô la Mỹ,11,100.1,4,Main Category,Stability,False,Stable,Autumn,Financial/Other
2024,Chỉ số giá tiêu dùng,12,100.29,4,Total CPI,Recovery,False,Stable,Winter/Tet,General/Housing
2024,Hàng ăn và dịch vụ ăn uống,12,99.87,4,Main Category,Recovery,False,Deflation,Winter/Tet,Food & Beverage
2024,Lương thực,12,100.26,4,Sub-category,Recovery,False,Stable,Winter/Tet,Food & Beverage
2024,Thực phẩm,12,99.7,4,Sub-category,Recovery,False,Deflation,Winter/Tet,Food & Beverage
2024,Ăn uống ngoài gia đình,12,100.14,4,Sub-category,Recovery,False,Stable,Winter/Tet,General/Housing
2024,Đồ uống và thuốc lá,12,100.2,4,Main Category,Recovery,False,Stable,Winter/Tet,General/Housing
2024,"May mặc, mũ nón, giày dép",12,100.28,4,Main Category,Recovery,False,Stable,Winter/Tet,General/Housing
2024,Nhà ở và vật liệu xây dựng,12,100.53,4,Main Category,Recovery,False,Stable,Winter/Tet,General/Housing
2024,Thiết bị và đồ dùng gia đình,12,100.17,4,Main Category,Recovery,False,Stable,Winter/Tet,General/Housing
2024,Thuốc và dịch vụ y tế,12,102.19,4,Main Category,Recovery,False,High Inflation,Winter/Tet,Healthcare
2024,Trong đó: Dịch vụ y tế,12,102.84,4,Sub-category,Recovery,False,High Inflation,Winter/Tet,Healthcare
2024,Giao thông,12,100.57,4,Main Category,Recovery,False,Stable,Winter/Tet,Transport
2024,Bưu chính viễn thông,12,99.97,4,Main Category,Recovery,False,Deflation,Winter/Tet,General/Housing
2024,Giáo dục,12,100.16,4,Main Category,Recovery,False,Stable,Winter/Tet,Education
2024,Trong đó: Dịch vụ giáo dục,12,100.16,4,Sub-category,Recovery,False,Stable,Winter/Tet,General/Housing
2024,"Văn hóa, giải trí và du lịch",12,100.2,4,Main Category,Recovery,False,Stable,Winter/Tet,General/Housing
2024,Hàng hoá và dịch vụ khác,12,100.22,4,Main Category,Recovery,False,Stable,Winter/Tet,General/Housing
2024,Chỉ số giá vàng,12,98.62,4,Main Category,Recovery,False,Deflation,Winter/Tet,Financial/Other
2024,Chỉ số đô la Mỹ,12,100.09,4,Main Category,Recovery,False,Stable,Winter/Tet,Financial/Other
2023,Chỉ số giá tiêu dùng,12,100.12,4,Total CPI,Recovery,False,Stable,Winter/Tet,General/Housing
2023,Hàng ăn và dịch vụ ăn uống,12,100.11,4,Main Category,Recovery,False,Stable,Winter/Tet,Food & Beverage
2023,Lương thực,12,101.75,4,Sub-category,Recovery,False,High Inflation,Winter/Tet,Food & Beverage
2023,Thực phẩm,12,99.84,4,Sub-category,Recovery,False,Deflation,Winter/Tet,Food & Beverage
2023,Ăn uống ngoài gia đình,12,100.07,4,Sub-category,Recovery,False,Stable,Winter/Tet,General/Housing
2023,Đồ uống và thuốc lá,12,100.14,4,Main Category,Recovery,False,Stable,Winter/Tet,General/Housing
2023,"May mặc, mũ nón, giày dép",12,100.26,4,Main Category,Recovery,False,Stable,Winter/Tet,General/Housing
2023,Nhà ở và vật liệu xây dựng,12,100.43,4,Main Category,Recovery,False,Stable,Winter/Tet,General/Housing
2023,Thiết bị và đồ dùng gia đình,12,100.09,4,Main Category,Recovery,False,Stable,Winter/Tet,General/Housing
2023,Thuốc và dịch vụ y tế,12,102.15,4,Main Category,Recovery,False,High Inflation,Winter/Tet,Healthcare
2023,Trong đó: Dịch vụ y tế,12,102.79,4,Sub-category,Recovery,False,High Inflation,Winter/Tet,Healthcare
2023,Giao thông,12,98.12,4,Main Category,Recovery,False,Deflation,Winter/Tet,Transport
2023,Bưu chính viễn thông,12,100.02,4,Main Category,Recovery,False,Stable,Winter/Tet,General/Housing
2023,Giáo dục,12,100.44,4,Main Category,Recovery,False,Stable,Winter/Tet,Education
2023,Trong đó: Dịch vụ giáo dục,12,100.49,4,Sub-category,Recovery,False,Stable,Winter/Tet,General/Housing
2023,"Văn hóa, giải trí và du lịch",12,100.09,4,Main Category,Recovery,False,Stable,Winter/Tet,General/Housing
2023,Hàng hoá và dịch vụ khác,12,100.31,4,Main Category,Recovery,False,Stable,Winter/Tet,General/Housing
2023,Chỉ số giá vàng,12,103.98,4,Main Category,Recovery,False,High Inflation,Winter/Tet,Financial/Other
2023,Chỉ số đô la Mỹ,12,99.44,4,Main Category,Recovery,False,Deflation,Winter/Tet,Financial/Other
2022,Chỉ số giá tiêu dùng,12,99.99,4,Total CPI,COVID-19,False,Deflation,Winter/Tet,General/Housing
2022,Hàng ăn và dịch vụ ăn uống,12,100.15,4,Main Category,COVID-19,False,Stable,Winter/Tet,Food & Beverage
2022,Lương thực,12,100.48,4,Sub-category,COVID-19,False,Stable,Winter/Tet,Food & Beverage
2022,Thực phẩm,12,100.05,4,Sub-category,COVID-19,False,Stable,Winter/Tet,Food & Beverage
2022,Ăn uống ngoài gia đình,12,100.26,4,Sub-category,COVID-19,False,Stable,Winter/Tet,General/Housing
2022,Đồ uống và thuốc lá,12,100.45,4,Main Category,COVID-19,False,Stable,Winter/Tet,General/Housing
2022,"May mặc, mũ nón, giày dép",12,100.41,4,Main Category,COVID-19,False,Stable,Winter/Tet,General/Housing
2022,Nhà ở và vật liệu xây dựng,12,100.66,4,Main Category,COVID-19,False,Stable,Winter/Tet,General/Housing
2022,Thiết bị và đồ dùng gia đình,12,100.22,4,Main Category,COVID-19,False,Stable,Winter/Tet,General/Housing
2022,Thuốc và dịch vụ y tế,12,100.08,4,Main Category,COVID-19,False,Stable,Winter/Tet,Healthcare
2022,Trong đó: Dịch vụ y tế,12,100.0,4,Sub-category,COVID-19,False,Stable,Winter/Tet,Healthcare
2022,Giao thông,12,97.22,4,Main Category,COVID-19,False,Deflation,Winter/Tet,Transport
2022,Bưu chính viễn thông,12,99.96,4,Main Category,COVID-19,False,Deflation,Winter/Tet,General/Housing
2022,Giáo dục,12,100.32,4,Main Category,COVID-19,False,Stable,Winter/Tet,Education
2022,Trong đó: Dịch vụ giáo dục,12,100.35,4,Sub-category,COVID-19,False,Stable,Winter/Tet,General/Housing
2022,"Văn hóa, giải trí và du lịch",12,100.09,4,Main Category,COVID-19,False,Stable,Winter/Tet,General/Housing
2022,Hàng hoá và dịch vụ khác,12,100.23,4,Main Category,COVID-19,False,Stable,Winter/Tet,General/Housing
2022,Chỉ số giá vàng,12,100.45,4,Main Category,COVID-19,False,Stable,Winter/Tet,Financial/Other
2022,Chỉ số đô la Mỹ,12,97.4,4,Main Category,COVID-19,False,Deflation,Winter/Tet,Financial/Other
2021,Chỉ số giá tiêu dùng,12,99.82,4,Total CPI,COVID-19,False,Deflation,Winter/Tet,General/Housing
2021,Hàng ăn và dịch vụ ăn uống,12,100.17,4,Main Category,COVID-19,False,Stable,Winter/Tet,Food & Beverage
2021,Lương thực,12,100.36,4,Sub-category,COVID-19,False,Stable,Winter/Tet,Food & Beverage
2021,Thực phẩm,12,100.15,4,Sub-category,COVID-19,False,Stable,Winter/Tet,Food & Beverage
2021,Ăn uống ngoài gia đình,12,100.16,4,Sub-category,COVID-19,False,Stable,Winter/Tet,General/Housing
2021,Đồ uống và thuốc lá,12,100.2,4,Main Category,COVID-19,False,Stable,Winter/Tet,General/Housing
2021,"May mặc, mũ nón, giày dép",12,100.22,4,Main Category,COVID-19,False,Stable,Winter/Tet,General/Housing
2021,Nhà ở và vật liệu xây dựng,12,99.55,4,Main Category,COVID-19,False,Deflation,Winter/Tet,General/Housing
2021,Thiết bị và đồ dùng gia đình,12,100.17,4,Main Category,COVID-19,False,Stable,Winter/Tet,General/Housing
2021,Thuốc và dịch vụ y tế,12,100.02,4,Main Category,COVID-19,False,Stable,Winter/Tet,Healthcare
2021,Trong đó: Dịch vụ y tế,12,100.01,4,Sub-category,COVID-19,False,Stable,Winter/Tet,Healthcare
2021,Giao thông,12,98.29,4,Main Category,COVID-19,False,Deflation,Winter/Tet,Transport
2021,Bưu chính viễn thông,12,99.99,4,Main Category,COVID-19,False,Deflation,Winter/Tet,General/Housing
2021,Giáo dục,12,99.57,4,Main Category,COVID-19,False,Deflation,Winter/Tet,Education
2021,Trong đó: Dịch vụ giáo dục,12,99.5,4,Sub-category,COVID-19,False,Deflation,Winter/Tet,General/Housing
2021,"Văn hóa, giải trí và du lịch",12,100.05,4,Main Category,COVID-19,False,Stable,Winter/Tet,General/Housing
2021,Hàng hoá và dịch vụ khác,12,100.14,4,Main Category,COVID-19,False,Stable,Winter/Tet,General/Housing
2021,Chỉ số giá vàng,12,100.25,4,Main Category,COVID-19,False,Stable,Winter/Tet,Financial/Other
2021,Chỉ số đô la Mỹ,12,100.84,4,Main Category,COVID-19,False,Stable,Winter/Tet,Financial/Other
2020,Chỉ số giá tiêu dùng,12,100.1,4,Total CPI,COVID-19,False,Stable,Winter/Tet,General/Housing
2020,Hàng ăn và dịch vụ ăn uống,12,99.59,4,Main Category,COVID-19,False,Deflation,Winter/Tet,Food & Beverage
2020,Lương thực,12,100.43,4,Sub-category,COVID-19,False,Stable,Winter/Tet,Food & Beverage
2020,Thực phẩm,12,99.23,4,Sub-category,COVID-19,False,Deflation,Winter/Tet,Food & Beverage
2020,Đồ uống và thuốc lá,12,100.13,4,Main Category,COVID-19,False,Stable,Winter/Tet,General/Housing
2020,"May mặc, mũ nón, giày dép",12,100.15,4,Main Category,COVID-19,False,Stable,Winter/Tet,General/Housing
2020,Nhà ở và vật liệu xây dựng,12,99.97,4,Main Category,COVID-19,False,Deflation,Winter/Tet,General/Housing
2020,Thiết bị và đồ dùng gia đình,12,100.01,4,Main Category,COVID-19,False,Stable,Winter/Tet,General/Housing
2020,Thuốc và dịch vụ y tế,12,100.01,4,Main Category,COVID-19,False,Stable,Winter/Tet,Healthcare
2020,Giao thông,12,102.45,4,Main Category,COVID-19,False,High Inflation,Winter/Tet,Transport
2020,Bưu chính viễn thông,12,100.0,4,Main Category,COVID-19,False,Stable,Winter/Tet,General/Housing
2020,Giáo dục,12,100.01,4,Main Category,COVID-19,False,Stable,Winter/Tet,Education
2020,"Văn hóa, giải trí và du lịch",12,99.9,4,Main Category,COVID-19,False,Deflation,Winter/Tet,General/Housing
2020,Hàng hoá và dịch vụ khác,12,100.12,4,Main Category,COVID-19,False,Stable,Winter/Tet,General/Housing
2020,Chỉ số giá vàng,12,99.17,4,Main Category,COVID-19,False,Deflation,Winter/Tet,Financial/Other
2020,Chỉ số đô la Mỹ,12,99.77,4,Main Category,COVID-19,False,Deflation,Winter/Tet,Financial/Other
2019,Chỉ số giá tiêu dùng,12,101.4,4,Total CPI,Economic Growth,False,High Inflation,Winter/Tet,General/Housing
2019,Hàng ăn và dịch vụ ăn uống,12,103.42,4,Main Category,Economic Growth,False,High Inflation,Winter/Tet,Food & Beverage
2019,Lương thực,12,100.45,4,Sub-category,Economic Growth,False,Stable,Winter/Tet,Food & Beverage
2019,Thực phẩm,12,104.41,4,Sub-category,Economic Growth,False,High Inflation,Winter/Tet,Food & Beverage
2019,Đồ uống và thuốc lá,12,100.25,4,Main Category,Economic Growth,False,Stable,Winter/Tet,General/Housing
2019,"May mặc, mũ nón, giày dép",12,100.33,4,Main Category,Economic Growth,False,Stable,Winter/Tet,General/Housing
2019,Nhà ở và vật liệu xây dựng,12,100.43,4,Main Category,Economic Growth,False,Stable,Winter/Tet,General/Housing
2019,Thiết bị và đồ dùng gia đình,12,100.14,4,Main Category,Economic Growth,False,Stable,Winter/Tet,General/Housing
2019,Thuốc và dịch vụ y tế,12,100.03,4,Main Category,Economic Growth,False,Stable,Winter/Tet,Healthcare
2019,Giao thông,12,100.61,4,Main Category,Economic Growth,False,Stable,Winter/Tet,Transport
2019,Bưu chính viễn thông,12,99.91,4,Main Category,Economic Growth,False,Deflation,Winter/Tet,General/Housing
2019,Giáo dục,12,100.01,4,Main Category,Economic Growth,False,Stable,Winter/Tet,Education
2019,"Văn hóa, giải trí và du lịch",12,100.09,4,Main Category,Economic Growth,False,Stable,Winter/Tet,General/Housing
2019,Hàng hoá và dịch vụ khác,12,100.24,4,Main Category,Economic Growth,False,Stable,Winter/Tet,General/Housing
2019,Chỉ số giá vàng,12,99.64,4,Main Category,Economic Growth,False,Deflation,Winter/Tet,Financial/Other
2019,Chỉ số đô la Mỹ,12,99.81,4,Main Category,Economic Growth,False,Deflation,Winter/Tet,Financial/Other
2018,Chỉ số giá tiêu dùng,12,99.75,4,Total CPI,Economic Growth,False,Deflation,Winter/Tet,General/Housing
2018,Hàng ăn và dịch vụ ăn uống,12,100.05,4,Main Category,Economic Growth,False,Stable,Winter/Tet,Food & Beverage
2018,Lương thực,12,100.17,4,Sub-category,Economic Growth,False,Stable,Winter/Tet,Food & Beverage
2018,Thực phẩm,12,99.98,4,Sub-category,Economic Growth,False,Deflation,Winter/Tet,Food & Beverage
2018,Đồ uống và thuốc lá,12,100.22,4,Main Category,Economic Growth,False,Stable,Winter/Tet,General/Housing
2018,"May mặc, mũ nón, giày dép",12,100.43,4,Main Category,Economic Growth,False,Stable,Winter/Tet,General/Housing
2018,Nhà ở và vật liệu xây dựng,12,99.11,4,Main Category,Economic Growth,False,Deflation,Winter/Tet,General/Housing
2018,Thiết bị và đồ dùng gia đình,12,100.16,4,Main Category,Economic Growth,False,Stable,Winter/Tet,General/Housing
2018,Thuốc và dịch vụ y tế,12,105.76,4,Main Category,Economic Growth,False,High Inflation,Winter/Tet,Healthcare
2018,Giao thông,12,95.12,4,Main Category,Economic Growth,False,Deflation,Winter/Tet,Transport
2018,Bưu chính viễn thông,12,100.02,4,Main Category,Economic Growth,False,Stable,Winter/Tet,General/Housing
2018,Giáo dục,12,100.0,4,Main Category,Economic Growth,False,Stable,Winter/Tet,Education
2018,"Văn hóa, giải trí và du lịch",12,100.02,4,Main Category,Economic Growth,False,Stable,Winter/Tet,General/Housing
2018,Hàng hoá và dịch vụ khác,12,100.24,4,Main Category,Economic Growth,False,Stable,Winter/Tet,General/Housing
2018,Chỉ số giá vàng,12,100.41,4,Main Category,Economic Growth,False,Stable,Winter/Tet,Financial/Other
2018,Chỉ số đô la Mỹ,12,99.93,4,Main Category,Economic Growth,False,Deflation,Winter/Tet,Financial/Other
2017,Chỉ số giá tiêu dùng,12,100.21,4,Total CPI,Economic Growth,False,Stable,Winter/Tet,General/Housing
2017,Hàng ăn và dịch vụ ăn uống,12,99.77,4,Main Category,Economic Growth,False,Deflation,Winter/Tet,Food & Beverage
2017,Lương thực,12,100.56,4,Sub-category,Economic Growth,False,Stable,Winter/Tet,Food & Beverage
2017,Thực phẩm,12,99.5,4,Sub-category,Economic Growth,False,Deflation,Winter/Tet,Food & Beverage
2017,Đồ uống và thuốc lá,12,100.17,4,Main Category,Economic Growth,False,Stable,Winter/Tet,General/Housing
2017,"May mặc, mũ nón, giày dép",12,100.43,4,Main Category,Economic Growth,False,Stable,Winter/Tet,General/Housing
2017,Nhà ở và vật liệu xây dựng,12,100.22,4,Main Category,Economic Growth,False,Stable,Winter/Tet,General/Housing
2017,Thiết bị và đồ dùng gia đình,12,100.12,4,Main Category,Economic Growth,False,Stable,Winter/Tet,General/Housing
2017,Thuốc và dịch vụ y tế,12,102.55,4,Main Category,Economic Growth,False,High Inflation,Winter/Tet,Healthcare
2017,Giao thông,12,100.84,4,Main Category,Economic Growth,False,Stable,Winter/Tet,Transport
2017,Bưu chính viễn thông,12,99.97,4,Main Category,Economic Growth,False,Deflation,Winter/Tet,General/Housing
2017,Giáo dục,12,100.0,4,Main Category,Economic Growth,False,Stable,Winter/Tet,Education
2017,"Văn hóa, giải trí và du lịch",12,100.03,4,Main Category,Economic Growth,False,Stable,Winter/Tet,General/Housing
2017,Hàng hoá và dịch vụ khác,12,100.16,4,Main Category,Economic Growth,False,Stable,Winter/Tet,General/Housing
2017,Chỉ số giá vàng,12,99.88,4,Main Category,Economic Growth,False,Deflation,Winter/Tet,Financial/Other
2017,Chỉ số đô la Mỹ,12,100.02,4,Main Category,Economic Growth,False,Stable,Winter/Tet,Financial/Other
2016,Chỉ số giá tiêu dùng,12,100.23,4,Total CPI,Economic Growth,False,Stable,Winter/Tet,General/Housing
2016,Hàng ăn và dịch vụ ăn uống,12,99.97,4,Main Category,Economic Growth,False,Deflation,Winter/Tet,Food & Beverage
2016,Lương thực,12,100.22,4,Sub-category,Economic Growth,False,Stable,Winter/Tet,Food & Beverage
2016,Thực phẩm,12,99.88,4,Sub-category,Economic Growth,False,Deflation,Winter/Tet,Food & Beverage
2016,Đồ uống và thuốc lá,12,100.21,4,Main Category,Economic Growth,False,Stable,Winter/Tet,General/Housing
2016,"May mặc, mũ nón, giày dép",12,100.25,4,Main Category,Economic Growth,False,Stable,Winter/Tet,General/Housing
2016,Nhà ở và vật liệu xây dựng,12,100.19,4,Main Category,Economic Growth,False,Stable,Winter/Tet,General/Housing
2016,Thiết bị và đồ dùng gia đình,12,100.08,4,Main Category,Economic Growth,False,Stable,Winter/Tet,General/Housing
2016,Thuốc và dịch vụ y tế,12,105.3,4,Main Category,Economic Growth,False,High Inflation,Winter/Tet,Healthcare
2016,Giao thông,12,99.11,4,Main Category,Economic Growth,False,Deflation,Winter/Tet,Transport
2016,Bưu chính viễn thông,12,99.97,4,Main Category,Economic Growth,False,Deflation,Winter/Tet,General/Housing
2016,Giáo dục,12,100.0,4,Main Category,Economic Growth,False,Stable,Winter/Tet,Education
2016,"Văn hóa, giải trí và du lịch",12,99.98,4,Main Category,Economic Growth,False,Deflation,Winter/Tet,General/Housing
2016,Hàng hoá và dịch vụ khác,12,100.1,4,Main Category,Economic Growth,False,Stable,Winter/Tet,General/Housing
2016,Chỉ số giá vàng,12,97.48,4,Main Category,Economic Growth,False,Deflation,Winter/Tet,Financial/Other
2016,Chỉ số đô la Mỹ,12,101.52,4,Main Category,Economic Growth,False,High Inflation,Winter/Tet,Financial/Other
2015,Chỉ số giá tiêu dùng,12,100.02,4,Total CPI,Economic Growth,False,Stable,Winter/Tet,General/Housing
2015,Hàng ăn và dịch vụ ăn uống,12,100.16,4,Main Category,Economic Growth,False,Stable,Winter/Tet,Food & Beverage
2015,Lương thực,12,100.45,4,Sub-category,Economic Growth,False,Stable,Winter/Tet,Food & Beverage
2015,Thực phẩm,12,100.13,4,Sub-category,Economic Growth,False,Stable,Winter/Tet,Food & Beverage
2015,Đồ uống và thuốc lá,12,100.16,4,Main Category,Economic Growth,False,Stable,Winter/Tet,General/Housing
2015,"May mặc, mũ nón, giày dép",12,100.32,4,Main Category,Economic Growth,False,Stable,Winter/Tet,General/Housing
2015,Nhà ở và vật liệu xây dựng,12,100.5,4,Main Category,Economic Growth,False,Stable,Winter/Tet,General/Housing
2015,Thiết bị và đồ dùng gia đình,12,99.9,4,Main Category,Economic Growth,False,Deflation,Winter/Tet,General/Housing
2015,Thuốc và dịch vụ y tế,12,100.14,4,Main Category,Economic Growth,False,Stable,Winter/Tet,Healthcare
2015,Giao thông,12,98.43,4,Main Category,Economic Growth,False,Deflation,Winter/Tet,Transport
2015,Bưu chính viễn thông,12,99.97,4,Main Category,Economic Growth,False,Deflation,Winter/Tet,General/Housing
2015,Giáo dục,12,100.04,4,Main Category,Economic Growth,False,Stable,Winter/Tet,Education
2015,"Văn hóa, giải trí và du lịch",12,99.95,4,Main Category,Economic Growth,False,Deflation,Winter/Tet,General/Housing
2015,Hàng hoá và dịch vụ khác,12,100.15,4,Main Category,Economic Growth,False,Stable,Winter/Tet,General/Housing
2015,Chỉ số giá vàng,12,97.2,4,Main Category,Economic Growth,False,Deflation,Winter/Tet,Financial/Other
2015,Chỉ số đô la Mỹ,12,100.69,4,Main Category,Economic Growth,False,Stable,Winter/Tet,Financial/Other
2014,Chỉ số giá tiêu dùng,12,99.76,4,Total CPI,Economic Growth,False,Deflation,Winter/Tet,General/Housing
2014,Hàng ăn và dịch vụ ăn uống,12,100.08,4,Main Category,Economic Growth,False,Stable,Winter/Tet,Food & Beverage
2014,Lương thực,12,100.14,4,Sub-category,Economic Growth,False,Stable,Winter/Tet,Food & Beverage
2014,Thực phẩm,12,100.05,4,Sub-category,Economic Growth,False,Stable,Winter/Tet,Food & Beverage
2014,Đồ uống và thuốc lá,12,100.18,4,Main Category,Economic Growth,False,Stable,Winter/Tet,General/Housing
2014,"May mặc, mũ nón, giày dép",12,100.51,4,Main Category,Economic Growth,False,Stable,Winter/Tet,General/Housing
2014,Nhà ở và vật liệu xây dựng,12,99.01,4,Main Category,Economic Growth,False,Deflation,Winter/Tet,General/Housing
2014,Thiết bị và đồ dùng gia đình,12,100.18,4,Main Category,Economic Growth,False,Stable,Winter/Tet,General/Housing
2014,Thuốc và dịch vụ y tế,12,100.03,4,Main Category,Economic Growth,False,Stable,Winter/Tet,Healthcare
2014,Giao thông,12,96.91,4,Main Category,Economic Growth,False,Deflation,Winter/Tet,Transport
2014,Bưu chính viễn thông,12,100.8,4,Main Category,Economic Growth,False,Stable,Winter/Tet,General/Housing
2014,Giáo dục,12,100.03,4,Main Category,Economic Growth,False,Stable,Winter/Tet,Education
2014,"Văn hóa, giải trí và du lịch",12,100.07,4,Main Category,Economic Growth,False,Stable,Winter/Tet,General/Housing
2014,Hàng hoá và dịch vụ khác,12,100.34,4,Main Category,Economic Growth,False,Stable,Winter/Tet,General/Housing
2014,Chỉ số giá vàng,12,99.95,4,Main Category,Economic Growth,False,Deflation,Winter/Tet,Financial/Other
2014,Chỉ số đô la Mỹ,12,100.35,4,Main Category,Economic Growth,False,Stable,Winter/Tet,Financial/Other
2013,Chỉ số giá tiêu dùng,12,100.51,4,Total CPI,Economic Growth,False,Stable,Winter/Tet,General/Housing
2013,Hàng ăn và dịch vụ ăn uống,12,100.49,4,Main Category,Economic Growth,False,Stable,Winter/Tet,Food & Beverage
2013,Lương thực,12,101.22,4,Sub-category,Economic Growth,False,High Inflation,Winter/Tet,Food & Beverage
2013,Thực phẩm,12,100.38,4,Sub-category,Economic Growth,False,Stable,Winter/Tet,Food & Beverage
2013,Đồ uống và thuốc lá,12,100.27,4,Main Category,Economic Growth,False,Stable,Winter/Tet,General/Housing
2013,"May mặc, mũ nón, giày dép",12,100.57,4,Main Category,Economic Growth,False,Stable,Winter/Tet,General/Housing
2013,Nhà ở và vật liệu xây dựng,12,102.31,4,Main Category,Economic Growth,False,High Inflation,Winter/Tet,General/Housing
2013,Thiết bị và đồ dùng gia đình,12,100.25,4,Main Category,Economic Growth,False,Stable,Winter/Tet,General/Housing
2013,Thuốc và dịch vụ y tế,12,100.08,4,Main Category,Economic Growth,False,Stable,Winter/Tet,Healthcare
2013,Giao thông,12,99.77,4,Main Category,Economic Growth,False,Deflation,Winter/Tet,Transport
2013,Bưu chính viễn thông,12,99.99,4,Main Category,Economic Growth,False,Deflation,Winter/Tet,General/Housing
2013,Giáo dục,12,100.02,4,Main Category,Economic Growth,False,Stable,Winter/Tet,Education
2013,"Văn hóa, giải trí và du lịch",12,100.13,4,Main Category,Economic Growth,False,Stable,Winter/Tet,General/Housing
2013,Hàng hoá và dịch vụ khác,12,100.16,4,Main Category,Economic Growth,False,Stable,Winter/Tet,General/Housing
2013,Chỉ số giá vàng,12,96.67,4,Main Category,Economic Growth,False,Deflation,Winter/Tet,Financial/Other
2013,Chỉ số đô la Mỹ,12,100.05,4,Main Category,Economic Growth,False,Stable,Winter/Tet,Financial/Other
2012,Chỉ số giá tiêu dùng,12,100.27,4,Total CPI,Economic Growth,False,Stable,Winter/Tet,General/Housing
2012,Hàng ăn và dịch vụ ăn uống,12,100.28,4,Main Category,Economic Growth,False,Stable,Winter/Tet,Food & Beverage
2012,Lương thực,12,100.13,4,Sub-category,Economic Growth,False,Stable,Winter/Tet,Food & Beverage
2012,Thực phẩm,12,100.28,4,Sub-category,Economic Growth,False,Stable,Winter/Tet,Food & Beverage
2012,Đồ uống và thuốc lá,12,100.32,4,Main Category,Economic Growth,False,Stable,Winter/Tet,General/Housing
2012,"May mặc, mũ nón, giày dép",12,101.17,4,Main Category,Economic Growth,False,High Inflation,Winter/Tet,General/Housing
2012,Nhà ở và vật liệu xây dựng,12,100.15,4,Main Category,Economic Growth,False,Stable,Winter/Tet,General/Housing
2012,Thiết bị và đồ dùng gia đình,12,100.59,4,Main Category,Economic Growth,False,Stable,Winter/Tet,General/Housing
2012,Thuốc và dịch vụ y tế,12,100.14,4,Main Category,Economic Growth,False,Stable,Winter/Tet,Healthcare
2012,Giao thông,12,99.57,4,Main Category,Economic Growth,False,Deflation,Winter/Tet,Transport
2012,Bưu chính viễn thông,12,99.98,4,Main Category,Economic Growth,False,Deflation,Winter/Tet,General/Housing
2012,Giáo dục,12,100.09,4,Main Category,Economic Growth,False,Stable,Winter/Tet,Education
2012,"Văn hóa, giải trí và du lịch",12,100.34,4,Main Category,Economic Growth,False,Stable,Winter/Tet,General/Housing
2012,Hàng hoá và dịch vụ khác,12,100.71,4,Main Category,Economic Growth,False,Stable,Winter/Tet,General/Housing
2012,Chỉ số giá vàng,12,100.46,4,Main Category,Economic Growth,False,Stable,Winter/Tet,Financial/Other
2012,Chỉ số đô la Mỹ,12,100.03,4,Main Category,Economic Growth,False,Stable,Winter/Tet,Financial/Other
2011,Chỉ số giá tiêu dùng,12,100.53,4,Total CPI,Post-Crisis Volatility,False,Stable,Winter/Tet,General/Housing
2011,Hàng ăn và dịch vụ ăn uống,12,100.69,4,Main Category,Post-Crisis Volatility,False,Stable,Winter/Tet,Food & Beverage
2011,Lương thực,12,101.4,4,Sub-category,Post-Crisis Volatility,False,High Inflation,Winter/Tet,Food & Beverage
2011,Thực phẩm,12,100.49,4,Sub-category,Post-Crisis Volatility,False,Stable,Winter/Tet,Food & Beverage
2011,Đồ uống và thuốc lá,12,100.49,4,Main Category,Post-Crisis Volatility,False,Stable,Winter/Tet,General/Housing
2011,"May mặc, mũ nón, giày dép",12,100.86,4,Main Category,Post-Crisis Volatility,False,Stable,Winter/Tet,General/Housing
2011,Nhà ở và vật liệu xây dựng,12,100.51,4,Main Category,Post-Crisis Volatility,False,Stable,Winter/Tet,General/Housing
2011,Thiết bị và đồ dùng gia đình,12,100.68,4,Main Category,Post-Crisis Volatility,False,Stable,Winter/Tet,General/Housing
2011,Thuốc và dịch vụ y tế,12,100.24,4,Main Category,Post-Crisis Volatility,False,Stable,Winter/Tet,Healthcare
2011,Giao thông,12,100.16,4,Main Category,Post-Crisis Volatility,False,Stable,Winter/Tet,Transport
2011,Bưu chính viễn thông,12,99.91,4,Main Category,Post-Crisis Volatility,False,Deflation,Winter/Tet,General/Housing
2011,Giáo dục,12,100.05,4,Main Category,Post-Crisis Volatility,False,Stable,Winter/Tet,Education
2011,"Văn hóa, giải trí và du lịch",12,100.35,4,Main Category,Post-Crisis Volatility,False,Stable,Winter/Tet,General/Housing
2011,Hàng hoá và dịch vụ khác,12,100.6,4,Main Category,Post-Crisis Volatility,False,Stable,Winter/Tet,General/Housing
2011,Chỉ số giá vàng,12,99.03,4,Main Category,Post-Crisis Volatility,False,Deflation,Winter/Tet,Financial/Other
2011,Chỉ số đô la Mỹ,12,100.02,4,Main Category,Post-Crisis Volatility,False,Stable,Winter/Tet,Financial/Other
2010,Chỉ số giá tiêu dùng,12,101.98,4,Total CPI,Post-Crisis Volatility,False,High Inflation,Winter/Tet,General/Housing
2010,Hàng ăn và dịch vụ ăn uống,12,103.31,4,Main Category,Post-Crisis Volatility,False,High Inflation,Winter/Tet,Food & Beverage
2010,Lương thực,12,104.67,4,Sub-category,Post-Crisis Volatility,False,High Inflation,Winter/Tet,Food & Beverage
2010,Thực phẩm,12,103.28,4,Sub-category,Post-Crisis Volatility,False,High Inflation,Winter/Tet,Food & Beverage
2010,Đồ uống và thuốc lá,12,101.3,4,Main Category,Post-Crisis Volatility,False,High Inflation,Winter/Tet,General/Housing
2010,"May mặc, mũ nón, giày dép",12,101.81,4,Main Category,Post-Crisis Volatility,False,High Inflation,Winter/Tet,General/Housing
2010,Nhà ở và vật liệu xây dựng,12,102.53,4,Main Category,Post-Crisis Volatility,False,High Inflation,Winter/Tet,General/Housing
2010,Thiết bị và đồ dùng gia đình,12,100.86,4,Main Category,Post-Crisis Volatility,False,Stable,Winter/Tet,General/Housing
2010,Thuốc và dịch vụ y tế,12,100.41,4,Main Category,Post-Crisis Volatility,False,Stable,Winter/Tet,Healthcare
2010,Giao thông,12,100.45,4,Main Category,Post-Crisis Volatility,False,Stable,Winter/Tet,Transport
2010,Bưu chính viễn thông,12,99.98,4,Main Category,Post-Crisis Volatility,False,Deflation,Winter/Tet,General/Housing
2010,Giáo dục,12,100.07,4,Main Category,Post-Crisis Volatility,False,Stable,Winter/Tet,Education
2010,"Văn hóa, giải trí và du lịch",12,100.51,4,Main Category,Post-Crisis Volatility,False,Stable,Winter/Tet,General/Housing
2010,Hàng hoá và dịch vụ khác,12,101.06,4,Main Category,Post-Crisis Volatility,False,High Inflation,Winter/Tet,General/Housing
2010,Chỉ số giá vàng,12,105.43,4,Main Category,Post-Crisis Volatility,False,High Inflation,Winter/Tet,Financial/Other
2010,Chỉ số đô la Mỹ,12,102.86,4,Main Category,Post-Crisis Volatility,False,High Inflation,Winter/Tet,Financial/Other
2009,Chỉ số giá tiêu dùng,12,101.38,4,Total CPI,Post-Crisis Volatility,False,High Inflation,Winter/Tet,General/Housing
2009,Hàng ăn và dịch vụ ăn uống,12,102.06,4,Main Category,Post-Crisis Volatility,False,High Inflation,Winter/Tet,Food & Beverage
2009,Lương thực,12,106.88,4,Sub-category,Post-Crisis Volatility,False,High Inflation,Winter/Tet,Food & Beverage
2009,Thực phẩm,12,100.89,4,Sub-category,Post-Crisis Volatility,False,Stable,Winter/Tet,Food & Beverage
2009,Đồ uống và thuốc lá,12,100.97,4,Main Category,Post-Crisis Volatility,False,Stable,Winter/Tet,General/Housing
2009,"May mặc, mũ nón, giày dép",12,100.81,4,Main Category,Post-Crisis Volatility,False,Stable,Winter/Tet,General/Housing
2009,Nhà ở và vật liệu xây dựng,12,101.4,4,Main Category,Post-Crisis Volatility,False,High Inflation,Winter/Tet,General/Housing
2009,Thiết bị và đồ dùng gia đình,12,100.25,4,Main Category,Post-Crisis Volatility,False,Stable,Winter/Tet,General/Housing
2009,Thuốc và dịch vụ y tế,12,100.44,4,Main Category,Post-Crisis Volatility,False,Stable,Winter/Tet,Healthcare
2009,"Phương tiện đi lại, bưu điện",12,101.86,4,Sub-category,Post-Crisis Volatility,False,High Inflation,Winter/Tet,Transport
2009,Giáo dục,12,100.08,4,Main Category,Post-Crisis Volatility,False,Stable,Winter/Tet,Education
2009,"Văn hóa, giải trí và du lịch",12,100.07,4,Main Category,Post-Crisis Volatility,False,Stable,Winter/Tet,General/Housing
2009,Hàng hoá và dịch vụ khác,12,101.0,4,Main Category,Post-Crisis Volatility,False,Stable,Winter/Tet,General/Housing
2009,Chỉ số giá vàng,12,110.49,4,Main Category,Post-Crisis Volatility,False,High Inflation,Winter/Tet,Financial/Other
2009,Chỉ số đô la Mỹ,12,103.19,4,Main Category,Post-Crisis Volatility,False,High Inflation,Winter/Tet,Financial/Other
2008,Chỉ số giá tiêu dùng,12,99.32,4,Total CPI,2008 Crisis,False,Deflation,Winter/Tet,General/Housing
2008,Hàng ăn và dịch vụ ăn uống,12,99.87,4,Main Category,2008 Crisis,False,Deflation,Winter/Tet,Food & Beverage
2008,Lương thực,12,97.64,4,Sub-category,2008 Crisis,False,Deflation,Winter/Tet,Food & Beverage
2008,Thực phẩm,12,100.76,4,Sub-category,2008 Crisis,False,Stable,Winter/Tet,Food & Beverage
2008,Đồ uống và thuốc lá,12,100.68,4,Main Category,2008 Crisis,False,Stable,Winter/Tet,General/Housing
2008,"May mặc, mũ nón, giày dép",12,101.01,4,Main Category,2008 Crisis,False,High Inflation,Winter/Tet,General/Housing
2008,Nhà ở và vật liệu xây dựng,12,97.64,4,Main Category,2008 Crisis,False,Deflation,Winter/Tet,General/Housing
2008,Thiết bị và đồ dùng gia đình,12,100.6,4,Main Category,2008 Crisis,False,Stable,Winter/Tet,General/Housing
2008,Thuốc và dịch vụ y tế,12,100.35,4,Main Category,2008 Crisis,False,Stable,Winter/Tet,Healthcare
2008,"Phương tiện đi lại, bưu điện",12,93.23,4,Sub-category,2008 Crisis,False,Deflation,Winter/Tet,Transport
2008,Giáo dục,12,100.17,4,Main Category,2008 Crisis,False,Stable,Winter/Tet,Education
2008,"Văn hóa, giải trí và du lịch",12,100.66,4,Main Category,2008 Crisis,False,Stable,Winter/Tet,General/Housing
2008,Hàng hoá và dịch vụ khác,12,100.75,4,Main Category,2008 Crisis,False,Stable,Winter/Tet,General/Housing
2008,Chỉ số giá vàng,12,100.78,4,Main Category,2008 Crisis,False,Stable,Winter/Tet,Financial/Other
2008,Chỉ số đô la Mỹ,12,101.14,4,Main Category,2008 Crisis,False,High Inflation,Winter/Tet,Financial/Other
2007,Chỉ số giá tiêu dùng,12,102.91,4,Total CPI,Stability,False,High Inflation,Winter/Tet,General/Housing
2007,Hàng ăn và dịch vụ ăn uống,12,104.24,4,Main Category,Stability,False,High Inflation,Winter/Tet,Food & Beverage
2007,Lương thực,12,102.98,4,Sub-category,Stability,False,High Inflation,Winter/Tet,Food & Beverage
2007,Thực phẩm,12,104.69,4,Sub-category,Stability,False,High Inflation,Winter/Tet,Food & Beverage
2007,Đồ uống và thuốc lá,12,101.33,4,Main Category,Stability,False,High Inflation,Winter/Tet,General/Housing
2007,"May mặc, mũ nón, giày dép",12,101.16,4,Main Category,Stability,False,High Inflation,Winter/Tet,General/Housing
2007,Nhà ở và vật liệu xây dựng,12,103.28,4,Main Category,Stability,False,High Inflation,Winter/Tet,General/Housing
2007,Thiết bị và đồ dùng gia đình,12,100.46,4,Main Category,Stability,False,Stable,Winter/Tet,General/Housing
2007,Thuốc và dịch vụ y tế,12,100.61,4,Main Category,Stability,False,Stable,Winter/Tet,Healthcare
2007,"Phương tiện đi lại, bưu điện",12,104.38,4,Sub-category,Stability,False,High Inflation,Winter/Tet,Transport
2007,Giáo dục,12,100.08,4,Main Category,Stability,False,Stable,Winter/Tet,Education
2007,"Văn hóa, giải trí và du lịch",12,100.29,4,Main Category,Stability,False,Stable,Winter/Tet,General/Housing
2007,Hàng hoá và dịch vụ khác,12,101.61,4,Main Category,Stability,False,High Inflation,Winter/Tet,General/Housing
2007,Chỉ số giá vàng,12,102.13,4,Main Category,Stability,False,High Inflation,Winter/Tet,Financial/Other
2007,Chỉ số đô la Mỹ,12,99.81,4,Main Category,Stability,False,Deflation,Winter/Tet,Financial/Other
2006,Chỉ số giá tiêu dùng,12,100.5,4,Total CPI,Stability,False,Stable,Winter/Tet,General/Housing
2006,Hàng ăn và dịch vụ ăn uống,12,100.7,4,Main Category,Stability,False,Stable,Winter/Tet,Food & Beverage
2006,Lương thực,12,102.4,4,Sub-category,Stability,False,High Inflation,Winter/Tet,Food & Beverage
2006,Thực phẩm,12,100.1,4,Sub-category,Stability,False,Stable,Winter/Tet,Food & Beverage
2006,Đồ uống và thuốc lá,12,99.9,4,Main Category,Stability,False,Deflation,Winter/Tet,General/Housing
2006,"May mặc, mũ nón, giày dép",12,100.7,4,Main Category,Stability,False,Stable,Winter/Tet,General/Housing
2006,Nhà ở và vật liệu xây dựng,12,100.5,4,Main Category,Stability,False,Stable,Winter/Tet,General/Housing
2006,Thiết bị và đồ dùng gia đình,12,100.7,4,Main Category,Stability,False,Stable,Winter/Tet,General/Housing
2006,Thuốc và dịch vụ y tế,12,100.2,4,Main Category,Stability,False,Stable,Winter/Tet,Healthcare
2006,"Phương tiện đi lại, bưu điện",12,100.1,4,Sub-category,Stability,False,Stable,Winter/Tet,Transport
2006,Giáo dục,12,100.1,4,Main Category,Stability,False,Stable,Winter/Tet,Education
2006,"Văn hóa, giải trí và du lịch",12,100.2,4,Main Category,Stability,False,Stable,Winter/Tet,General/Housing
2006,Hàng hoá và dịch vụ khác,12,100.8,4,Main Category,Stability,False,Stable,Winter/Tet,General/Housing
2006,Chỉ số giá vàng,12,103.2,4,Main Category,Stability,False,High Inflation,Winter/Tet,Financial/Other
2006,Chỉ số đô la Mỹ,12,100.0,4,Main Category,Stability,False,Stable,Winter/Tet,Financial/Other
2005,Chỉ số giá tiêu dùng,12,100.8,4,Total CPI,Stability,False,Stable,Winter/Tet,General/Housing
2005,Hàng ăn và dịch vụ ăn uống,12,101.4,4,Main Category,Stability,False,High Inflation,Winter/Tet,Food & Beverage
2005,Lương thực,12,101.2,4,Sub-category,Stability,False,High Inflation,Winter/Tet,Food & Beverage
2005,Thực phẩm,12,101.7,4,Sub-category,Stability,False,High Inflation,Winter/Tet,Food & Beverage
2005,Đồ uống và thuốc lá,12,100.5,4,Main Category,Stability,False,Stable,Winter/Tet,General/Housing
2005,"May mặc, mũ nón, giày dép",12,100.6,4,Main Category,Stability,False,Stable,Winter/Tet,General/Housing
2005,Nhà ở và vật liệu xây dựng,12,100.6,4,Main Category,Stability,False,Stable,Winter/Tet,General/Housing
2005,Thiết bị và đồ dùng gia đình,12,100.6,4,Main Category,Stability,False,Stable,Winter/Tet,General/Housing
2005,Thuốc và dịch vụ y tế,12,100.3,4,Main Category,Stability,False,Stable,Winter/Tet,Healthcare
2005,"Phương tiện đi lại, bưu điện",12,98.9,4,Sub-category,Stability,False,Deflation,Winter/Tet,Transport
2005,Giáo dục,12,100.4,4,Main Category,Stability,False,Stable,Winter/Tet,Education
2005,"Văn hóa, giải trí và du lịch",12,100.2,4,Main Category,Stability,False,Stable,Winter/Tet,General/Housing
2005,Hàng hoá và dịch vụ khác,12,100.7,4,Main Category,Stability,False,Stable,Winter/Tet,General/Housing
2005,Chỉ số giá vàng,12,107.5,4,Main Category,Stability,False,High Inflation,Winter/Tet,Financial/Other
2005,Chỉ số đô la Mỹ,12,100.1,4,Main Category,Stability,False,Stable,Winter/Tet,Financial/Other
2004,Chỉ số giá tiêu dùng,12,100.6,4,Total CPI,Stability,False,Stable,Winter/Tet,General/Housing
2004,Hàng ăn và dịch vụ ăn uống,12,100.7,4,Main Category,Stability,False,Stable,Winter/Tet,Food & Beverage
2004,Lương thực,12,101.1,4,Sub-category,Stability,False,High Inflation,Winter/Tet,Food & Beverage
2004,Thực phẩm,12,100.7,4,Sub-category,Stability,False,Stable,Winter/Tet,Food & Beverage
2004,Đồ uống và thuốc lá,12,100.3,4,Main Category,Stability,False,Stable,Winter/Tet,General/Housing
2004,"May mặc, mũ nón, giày dép",12,100.5,4,Main Category,Stability,False,Stable,Winter/Tet,General/Housing
2004,Nhà ở và vật liệu xây dựng,12,100.5,4,Main Category,Stability,False,Stable,Winter/Tet,General/Housing
2004,Thiết bị và đồ dùng gia đình,12,100.3,4,Main Category,Stability,False,Stable,Winter/Tet,General/Housing
2004,Thuốc và dịch vụ y tế,12,100.1,4,Main Category,Stability,False,Stable,Winter/Tet,Healthcare
2004,"Phương tiện đi lại, bưu điện",12,100.4,4,Sub-category,Stability,False,Stable,Winter/Tet,Transport
2004,Giáo dục,12,100.1,4,Main Category,Stability,False,Stable,Winter/Tet,Education
2004,"Văn hóa, giải trí và du lịch",12,100.1,4,Main Category,Stability,False,Stable,Winter/Tet,General/Housing
2004,Hàng hoá và dịch vụ khác,12,101.0,4,Main Category,Stability,False,Stable,Winter/Tet,General/Housing
2004,Chỉ số giá vàng,12,104.9,4,Main Category,Stability,False,High Inflation,Winter/Tet,Financial/Other
2004,Chỉ số đô la Mỹ,12,100.1,4,Main Category,Stability,False,Stable,Winter/Tet,Financial/Other
2003,Chỉ số giá tiêu dùng,12,100.8,4,Total CPI,Stability,False,Stable,Winter/Tet,General/Housing
2003,Hàng ăn và dịch vụ ăn uống,12,101.1,4,Main Category,Stability,False,High Inflation,Winter/Tet,Food & Beverage
2003,Lương thực,12,102.0,4,Sub-category,Stability,False,High Inflation,Winter/Tet,Food & Beverage
2003,Thực phẩm,12,100.9,4,Sub-category,Stability,False,Stable,Winter/Tet,Food & Beverage
2003,Đồ uống và thuốc lá,12,100.6,4,Main Category,Stability,False,Stable,Winter/Tet,General/Housing
2003,"May mặc, mũ nón, giày dép",12,100.5,4,Main Category,Stability,False,Stable,Winter/Tet,General/Housing
2003,Nhà ở và vật liệu xây dựng,12,100.6,4,Main Category,Stability,False,Stable,Winter/Tet,General/Housing
2003,Thiết bị và đồ dùng gia đình,12,100.4,4,Main Category,Stability,False,Stable,Winter/Tet,General/Housing
2003,Thuốc và dịch vụ y tế,12,100.1,4,Main Category,Stability,False,Stable,Winter/Tet,Healthcare
2003,"Phương tiện đi lại, bưu điện",12,100.2,4,Sub-category,Stability,False,Stable,Winter/Tet,Transport
2003,Giáo dục,12,100.1,4,Main Category,Stability,False,Stable,Winter/Tet,Education
2003,"Văn hóa, giải trí và du lịch",12,100.2,4,Main Category,Stability,False,Stable,Winter/Tet,General/Housing
2003,Hàng hoá và dịch vụ khác,12,101.7,4,Main Category,Stability,False,High Inflation,Winter/Tet,General/Housing
2003,Chỉ số giá vàng,12,105.1,4,Main Category,Stability,False,High Inflation,Winter/Tet,Financial/Other
2003,Chỉ số đô la Mỹ,12,100.5,4,Main Category,Stability,False,Stable,Winter/Tet,Financial/Other
2002,Chỉ số giá tiêu dùng,12,100.3,4,Total CPI,Stability,False,Stable,Winter/Tet,General/Housing
2002,Hàng ăn và dịch vụ ăn uống,12,100.3,4,Main Category,Stability,False,Stable,Winter/Tet,Food & Beverage
2002,Lương thực,12,101.6,4,Sub-category,Stability,False,High Inflation,Winter/Tet,Food & Beverage
2002,Thực phẩm,12,99.8,4,Sub-category,Stability,False,Deflation,Winter/Tet,Food & Beverage
2002,Đồ uống và thuốc lá,12,100.7,4,Main Category,Stability,False,Stable,Winter/Tet,General/Housing
2002,"May mặc, mũ nón, giày dép",12,100.1,4,Main Category,Stability,False,Stable,Winter/Tet,General/Housing
2002,Nhà ở và vật liệu xây dựng,12,100.5,4,Main Category,Stability,False,Stable,Winter/Tet,General/Housing
2002,Thiết bị và đồ dùng gia đình,12,100.2,4,Main Category,Stability,False,Stable,Winter/Tet,General/Housing
2002,Thuốc và dịch vụ y tế,12,100.2,4,Main Category,Stability,False,Stable,Winter/Tet,Healthcare
2002,"Phương tiện đi lại, bưu điện",12,100.0,4,Sub-category,Stability,False,Stable,Winter/Tet,Transport
2002,Giáo dục,12,100.3,4,Main Category,Stability,False,Stable,Winter/Tet,Education
2002,"Văn hóa, giải trí và du lịch",12,99.9,4,Main Category,Stability,False,Deflation,Winter/Tet,General/Housing
2002,Hàng hoá và dịch vụ khác,12,100.3,4,Main Category,Stability,False,Stable,Winter/Tet,General/Housing
2002,Chỉ số giá vàng,12,101.2,4,Main Category,Stability,False,High Inflation,Winter/Tet,Financial/Other
2002,Chỉ số đô la Mỹ,12,100.1,4,Main Category,Stability,False,Stable,Winter/Tet,Financial/Other
