Năm,Tháng,Nhóm hàng,Chỉ số tiêu dùng
2002,1,Bưu chính viễn thông,
2002,1,Chỉ số giá tiêu dùng,101.10
2002,1,Chỉ số giá vàng,101.50
2002,1,Chỉ số đô la Mỹ,100.10
2002,1,Giao thông,
2002,1,Giáo dục,100.00
2002,1,Hàng hoá và dịch vụ khác,100.90
2002,1,Hàng ăn và dịch vụ ăn uống,101.90
2002,1,Lương thực,104.00
2002,1,"May mặc, mũ nón, giày dép",100.60
2002,1,Nhà ở và vật liệu xây dựng,100.00
2002,1,"Phương tiện đi lại, bưu điện",100.10
2002,1,Thiết bị và đồ dùng gia đình,100.40
2002,1,Thuốc và dịch vụ y tế,100.20
2002,1,Thực phẩm,101.10
2002,1,Trong đó: Dịch vụ giáo dục,
2002,1,Trong đó: Dịch vụ y tế,
2002,1,"Văn hóa, giải trí và du lịch",100.20
2002,1,Ăn uống ngoài gia đình,
2002,1,Đồ uống và thuốc lá,100.40
2002,2,Bưu chính viễn thông,
2002,2,Chỉ số giá tiêu dùng,102.20
2002,2,Chỉ số giá vàng,101.50
2002,2,Chỉ số đô la Mỹ,100.20
2002,2,Giao thông,
2002,2,Giáo dục,100.20
2002,2,Hàng hoá và dịch vụ khác,101.30
2002,2,Hàng ăn và dịch vụ ăn uống,104.00
2002,2,Lương thực,102.70
2002,2,"May mặc, mũ nón, giày dép",100.50
2002,2,Nhà ở và vật liệu xây dựng,100.20
2002,2,"Phương tiện đi lại, bưu điện",101.00
2002,2,Thiết bị và đồ dùng gia đình,100.30
2002,2,Thuốc và dịch vụ y tế,100.10
2002,2,Thực phẩm,104.60
2002,2,Trong đó: Dịch vụ giáo dục,
2002,2,Trong đó: Dịch vụ y tế,
2002,2,"Văn hóa, giải trí và du lịch",101.40
2002,2,Ăn uống ngoài gia đình,
2002,2,Đồ uống và thuốc lá,101.40
2002,3,Bưu chính viễn thông,
2002,3,Chỉ số giá tiêu dùng,99.20
2002,3,Chỉ số giá vàng,101.80
2002,3,Chỉ số đô la Mỹ,100.20
2002,3,Giao thông,
2002,3,Giáo dục,98.80
2002,3,Hàng hoá và dịch vụ khác,99.00
2002,3,Hàng ăn và dịch vụ ăn uống,98.90
2002,3,Lương thực,98.90
2002,3,"May mặc, mũ nón, giày dép",99.70
2002,3,Nhà ở và vật liệu xây dựng,99.80
2002,3,"Phương tiện đi lại, bưu điện",99.10
2002,3,Thiết bị và đồ dùng gia đình,99.70
2002,3,Thuốc và dịch vụ y tế,99.90
2002,3,Thực phẩm,99.30
2002,3,Trong đó: Dịch vụ giáo dục,
2002,3,Trong đó: Dịch vụ y tế,
2002,3,"Văn hóa, giải trí và du lịch",98.80
2002,3,Ăn uống ngoài gia đình,
2002,3,Đồ uống và thuốc lá,99.20
2002,4,Bưu chính viễn thông,
2002,4,Chỉ số giá tiêu dùng,100.00
2002,4,Chỉ số giá vàng,103.70
2002,4,Chỉ số đô la Mỹ,100.30
2002,4,Giao thông,
2002,4,Giáo dục,100.00
2002,4,Hàng hoá và dịch vụ khác,99.90
2002,4,Hàng ăn và dịch vụ ăn uống,100.00
2002,4,Lương thực,98.20
2002,4,"May mặc, mũ nón, giày dép",99.90
2002,4,Nhà ở và vật liệu xây dựng,99.90
2002,4,"Phương tiện đi lại, bưu điện",99.90
2002,4,Thiết bị và đồ dùng gia đình,100.10
2002,4,Thuốc và dịch vụ y tế,100.00
2002,4,Thực phẩm,100.80
2002,4,Trong đó: Dịch vụ giáo dục,
2002,4,Trong đó: Dịch vụ y tế,
2002,4,"Văn hóa, giải trí và du lịch",99.50
2002,4,Ăn uống ngoài gia đình,
2002,4,Đồ uống và thuốc lá,99.80
2002,5,Bưu chính viễn thông,
2002,5,Chỉ số giá tiêu dùng,100.30
2002,5,Chỉ số giá vàng,102.60
2002,5,Chỉ số đô la Mỹ,100.20
2002,5,Giao thông,
2002,5,Giáo dục,99.90
2002,5,Hàng hoá và dịch vụ khác,99.80
2002,5,Hàng ăn và dịch vụ ăn uống,100.70
2002,5,Lương thực,99.50
2002,5,"May mặc, mũ nón, giày dép",99.80
2002,5,Nhà ở và vật liệu xây dựng,100.30
2002,5,"Phương tiện đi lại, bưu điện",99.90
2002,5,Thiết bị và đồ dùng gia đình,100.00
2002,5,Thuốc và dịch vụ y tế,100.20
2002,5,Thực phẩm,101.30
2002,5,Trong đó: Dịch vụ giáo dục,
2002,5,Trong đó: Dịch vụ y tế,
2002,5,"Văn hóa, giải trí và du lịch",99.80
2002,5,Ăn uống ngoài gia đình,
2002,5,Đồ uống và thuốc lá,100.40
2002,6,Bưu chính viễn thông,
2002,6,Chỉ số giá tiêu dùng,100.10
2002,6,Chỉ số giá vàng,103.90
2002,6,Chỉ số đô la Mỹ,100.30
2002,6,Giao thông,
2002,6,Giáo dục,100.30
2002,6,Hàng hoá và dịch vụ khác,100.00
2002,6,Hàng ăn và dịch vụ ăn uống,100.20
2002,6,Lương thực,97.50
2002,6,"May mặc, mũ nón, giày dép",100.00
2002,6,Nhà ở và vật liệu xây dựng,100.50
2002,6,"Phương tiện đi lại, bưu điện",100.00
2002,6,Thiết bị và đồ dùng gia đình,100.00
2002,6,Thuốc và dịch vụ y tế,100.00
2002,6,Thực phẩm,101.40
2002,6,Trong đó: Dịch vụ giáo dục,
2002,6,Trong đó: Dịch vụ y tế,
2002,6,"Văn hóa, giải trí và du lịch",100.00
2002,6,Ăn uống ngoài gia đình,
2002,6,Đồ uống và thuốc lá,100.10
2002,7,Bưu chính viễn thông,
2002,7,Chỉ số giá tiêu dùng,99.90
2002,7,Chỉ số giá vàng,99.80
2002,7,Chỉ số đô la Mỹ,100.10
2002,7,Giao thông,
2002,7,Giáo dục,100.80
2002,7,Hàng hoá và dịch vụ khác,99.70
2002,7,Hàng ăn và dịch vụ ăn uống,99.60
2002,7,Lương thực,98.60
2002,7,"May mặc, mũ nón, giày dép",99.90
2002,7,Nhà ở và vật liệu xây dựng,100.20
2002,7,"Phương tiện đi lại, bưu điện",100.00
2002,7,Thiết bị và đồ dùng gia đình,100.00
2002,7,Thuốc và dịch vụ y tế,100.10
2002,7,Thực phẩm,100.10
2002,7,Trong đó: Dịch vụ giáo dục,
2002,7,Trong đó: Dịch vụ y tế,
2002,7,"Văn hóa, giải trí và du lịch",99.00
2002,7,Ăn uống ngoài gia đình,
2002,7,Đồ uống và thuốc lá,100.20
2002,8,Bưu chính viễn thông,
2002,8,Chỉ số giá tiêu dùng,100.10
2002,8,Chỉ số giá vàng,99.80
2002,8,Chỉ số đô la Mỹ,100.20
2002,8,Giao thông,
2002,8,Giáo dục,99.40
2002,8,Hàng hoá và dịch vụ khác,100.30
2002,8,Hàng ăn và dịch vụ ăn uống,100.00
2002,8,Lương thực,99.90
2002,8,"May mặc, mũ nón, giày dép",100.10
2002,8,Nhà ở và vật liệu xây dựng,100.20
2002,8,"Phương tiện đi lại, bưu điện",100.10
2002,8,Thiết bị và đồ dùng gia đình,100.10
2002,8,Thuốc và dịch vụ y tế,99.80
2002,8,Thực phẩm,100.00
2002,8,Trong đó: Dịch vụ giáo dục,
2002,8,Trong đó: Dịch vụ y tế,
2002,8,"Văn hóa, giải trí và du lịch",100.40
2002,8,Ăn uống ngoài gia đình,
2002,8,Đồ uống và thuốc lá,100.20
2002,9,Bưu chính viễn thông,
2002,9,Chỉ số giá tiêu dùng,100.20
2002,9,Chỉ số giá vàng,100.40
2002,9,Chỉ số đô la Mỹ,100.10
2002,9,Giao thông,
2002,9,Giáo dục,100.40
2002,9,Hàng hoá và dịch vụ khác,100.10
2002,9,Hàng ăn và dịch vụ ăn uống,100.30
2002,9,Lương thực,100.60
2002,9,"May mặc, mũ nón, giày dép",100.40
2002,9,Nhà ở và vật liệu xây dựng,100.40
2002,9,"Phương tiện đi lại, bưu điện",100.00
2002,9,Thiết bị và đồ dùng gia đình,100.10
2002,9,Thuốc và dịch vụ y tế,99.90
2002,9,Thực phẩm,100.10
2002,9,Trong đó: Dịch vụ giáo dục,
2002,9,Trong đó: Dịch vụ y tế,
2002,9,"Văn hóa, giải trí và du lịch",100.00
2002,9,Ăn uống ngoài gia đình,
2002,9,Đồ uống và thuốc lá,100.30
2002,10,Bưu chính viễn thông,
2002,10,Chỉ số giá tiêu dùng,100.30
2002,10,Chỉ số giá vàng,101.80
2002,10,Chỉ số đô la Mỹ,100.20
2002,10,Giao thông,
2002,10,Giáo dục,100.60
2002,10,Hàng hoá và dịch vụ khác,100.60
2002,10,Hàng ăn và dịch vụ ăn uống,99.80
2002,10,Lương thực,100.20
2002,10,"May mặc, mũ nón, giày dép",100.00
2002,10,Nhà ở và vật liệu xây dựng,103.10
2002,10,"Phương tiện đi lại, bưu điện",101.00
2002,10,Thiết bị và đồ dùng gia đình,99.90
2002,10,Thuốc và dịch vụ y tế,100.00
2002,10,Thực phẩm,99.60
2002,10,Trong đó: Dịch vụ giáo dục,
2002,10,Trong đó: Dịch vụ y tế,
2002,10,"Văn hóa, giải trí và du lịch",99.80
2002,10,Ăn uống ngoài gia đình,
2002,10,Đồ uống và thuốc lá,100.60
2002,11,Bưu chính viễn thông,
2002,11,Chỉ số giá tiêu dùng,100.30
2002,11,Chỉ số giá vàng,99.80
2002,11,Chỉ số đô la Mỹ,100.10
2002,11,Giao thông,
2002,11,Giáo dục,100.50
2002,11,Hàng hoá và dịch vụ khác,100.10
2002,11,Hàng ăn và dịch vụ ăn uống,100.00
2002,11,Lương thực,101.10
2002,11,"May mặc, mũ nón, giày dép",100.10
2002,11,Nhà ở và vật liệu xây dựng,101.90
2002,11,"Phương tiện đi lại, bưu điện",100.60
2002,11,Thiết bị và đồ dùng gia đình,100.00
2002,11,Thuốc và dịch vụ y tế,100.10
2002,11,Thực phẩm,99.50
2002,11,Trong đó: Dịch vụ giáo dục,
2002,11,Trong đó: Dịch vụ y tế,
2002,11,"Văn hóa, giải trí và du lịch",100.20
2002,11,Ăn uống ngoài gia đình,
2002,11,Đồ uống và thuốc lá,100.30
2002,12,Bưu chính viễn thông,
2002,12,Chỉ số giá tiêu dùng,100.30
2002,12,Chỉ số giá vàng,101.20
2002,12,Chỉ số đô la Mỹ,100.10
2002,12,Giao thông,
2002,12,Giáo dục,100.30
2002,12,Hàng hoá và dịch vụ khác,100.30
2002,12,Hàng ăn và dịch vụ ăn uống,100.30
2002,12,Lương thực,101.60
2002,12,"May mặc, mũ nón, giày dép",100.10
2002,12,Nhà ở và vật liệu xây dựng,100.50
2002,12,"Phương tiện đi lại, bưu điện",100.00
2002,12,Thiết bị và đồ dùng gia đình,100.20
2002,12,Thuốc và dịch vụ y tế,100.20
2002,12,Thực phẩm,99.80
2002,12,Trong đó: Dịch vụ giáo dục,
2002,12,Trong đó: Dịch vụ y tế,
2002,12,"Văn hóa, giải trí và du lịch",99.90
2002,12,Ăn uống ngoài gia đình,
2002,12,Đồ uống và thuốc lá,100.70
2003,1,Bưu chính viễn thông,
2003,1,Chỉ số giá tiêu dùng,100.90
2003,1,Chỉ số giá vàng,105.50
2003,1,Chỉ số đô la Mỹ,100.20
2003,1,Giao thông,
2003,1,Giáo dục,100.30
2003,1,Hàng hoá và dịch vụ khác,100.60
2003,1,Hàng ăn và dịch vụ ăn uống,101.30
2003,1,Lương thực,101.60
2003,1,"May mặc, mũ nón, giày dép",100.80
2003,1,Nhà ở và vật liệu xây dựng,100.60
2003,1,"Phương tiện đi lại, bưu điện",100.40
2003,1,Thiết bị và đồ dùng gia đình,100.30
2003,1,Thuốc và dịch vụ y tế,100.70
2003,1,Thực phẩm,101.30
2003,1,Trong đó: Dịch vụ giáo dục,
2003,1,Trong đó: Dịch vụ y tế,
2003,1,"Văn hóa, giải trí và du lịch",100.30
2003,1,Ăn uống ngoài gia đình,
2003,1,Đồ uống và thuốc lá,100.90
2003,2,Bưu chính viễn thông,
2003,2,Chỉ số giá tiêu dùng,102.20
2003,2,Chỉ số giá vàng,104.80
2003,2,Chỉ số đô la Mỹ,100.20
2003,2,Giao thông,
2003,2,Giáo dục,100.10
2003,2,Hàng hoá và dịch vụ khác,102.10
2003,2,Hàng ăn và dịch vụ ăn uống,103.40
2003,2,Lương thực,101.20
2003,2,"May mặc, mũ nón, giày dép",100.60
2003,2,Nhà ở và vật liệu xây dựng,100.50
2003,2,"Phương tiện đi lại, bưu điện",101.30
2003,2,Thiết bị và đồ dùng gia đình,100.20
2003,2,Thuốc và dịch vụ y tế,100.50
2003,2,Thực phẩm,104.40
2003,2,Trong đó: Dịch vụ giáo dục,
2003,2,Trong đó: Dịch vụ y tế,
2003,2,"Văn hóa, giải trí và du lịch",101.30
2003,2,Ăn uống ngoài gia đình,
2003,2,Đồ uống và thuốc lá,102.20
2003,3,Bưu chính viễn thông,
2003,3,Chỉ số giá tiêu dùng,99.40
2003,3,Chỉ số giá vàng,98.80
2003,3,Chỉ số đô la Mỹ,100.00
2003,3,Giao thông,
2003,3,Giáo dục,100.00
2003,3,Hàng hoá và dịch vụ khác,98.90
2003,3,Hàng ăn và dịch vụ ăn uống,98.10
2003,3,Lương thực,99.10
2003,3,"May mặc, mũ nón, giày dép",99.80
2003,3,Nhà ở và vật liệu xây dựng,101.90
2003,3,"Phương tiện đi lại, bưu điện",100.70
2003,3,Thiết bị và đồ dùng gia đình,100.20
2003,3,Thuốc và dịch vụ y tế,108.10
2003,3,Thực phẩm,97.60
2003,3,Trong đó: Dịch vụ giáo dục,
2003,3,Trong đó: Dịch vụ y tế,
2003,3,"Văn hóa, giải trí và du lịch",98.60
2003,3,Ăn uống ngoài gia đình,
2003,3,Đồ uống và thuốc lá,99.40
2003,4,Bưu chính viễn thông,
2003,4,Chỉ số giá tiêu dùng,100.00
2003,4,Chỉ số giá vàng,96.90
2003,4,Chỉ số đô la Mỹ,100.10
2003,4,Giao thông,
2003,4,Giáo dục,100.10
2003,4,Hàng hoá và dịch vụ khác,100.10
2003,4,Hàng ăn và dịch vụ ăn uống,99.70
2003,4,Lương thực,99.40
2003,4,"May mặc, mũ nón, giày dép",100.40
2003,4,Nhà ở và vật liệu xây dựng,100.40
2003,4,"Phương tiện đi lại, bưu điện",99.80
2003,4,Thiết bị và đồ dùng gia đình,100.10
2003,4,Thuốc và dịch vụ y tế,102.60
2003,4,Thực phẩm,99.80
2003,4,Trong đó: Dịch vụ giáo dục,
2003,4,Trong đó: Dịch vụ y tế,
2003,4,"Văn hóa, giải trí và du lịch",99.90
2003,4,Ăn uống ngoài gia đình,
2003,4,Đồ uống và thuốc lá,99.80
2003,5,Bưu chính viễn thông,
2003,5,Chỉ số giá tiêu dùng,99.90
2003,5,Chỉ số giá vàng,100.20
2003,5,Chỉ số đô la Mỹ,100.00
2003,5,Giao thông,
2003,5,Giáo dục,100.00
2003,5,Hàng hoá và dịch vụ khác,100.30
2003,5,Hàng ăn và dịch vụ ăn uống,99.70
2003,5,Lương thực,99.10
2003,5,"May mặc, mũ nón, giày dép",100.50
2003,5,Nhà ở và vật liệu xây dựng,99.50
2003,5,"Phương tiện đi lại, bưu điện",99.80
2003,5,Thiết bị và đồ dùng gia đình,100.20
2003,5,Thuốc và dịch vụ y tế,101.30
2003,5,Thực phẩm,99.90
2003,5,Trong đó: Dịch vụ giáo dục,
2003,5,Trong đó: Dịch vụ y tế,
2003,5,"Văn hóa, giải trí và du lịch",99.70
2003,5,Ăn uống ngoài gia đình,
2003,5,Đồ uống và thuốc lá,99.80
2003,6,Bưu chính viễn thông,
2003,6,Chỉ số giá tiêu dùng,99.70
2003,6,Chỉ số giá vàng,103.80
2003,6,Chỉ số đô la Mỹ,100.10
2003,6,Giao thông,
2003,6,Giáo dục,100.50
2003,6,Hàng hoá và dịch vụ khác,100.10
2003,6,Hàng ăn và dịch vụ ăn uống,99.50
2003,6,Lương thực,98.40
2003,6,"May mặc, mũ nón, giày dép",100.00
2003,6,Nhà ở và vật liệu xây dựng,99.60
2003,6,"Phương tiện đi lại, bưu điện",99.90
2003,6,Thiết bị và đồ dùng gia đình,100.10
2003,6,Thuốc và dịch vụ y tế,99.80
2003,6,Thực phẩm,99.90
2003,6,Trong đó: Dịch vụ giáo dục,
2003,6,Trong đó: Dịch vụ y tế,
2003,6,"Văn hóa, giải trí và du lịch",99.80
2003,6,Ăn uống ngoài gia đình,
2003,6,Đồ uống và thuốc lá,100.00
2003,7,Bưu chính viễn thông,
2003,7,Chỉ số giá tiêu dùng,99.70
2003,7,Chỉ số giá vàng,99.80
2003,7,Chỉ số đô la Mỹ,100.20
2003,7,Giao thông,
2003,7,Giáo dục,100.00
2003,7,Hàng hoá và dịch vụ khác,100.00
2003,7,Hàng ăn và dịch vụ ăn uống,99.50
2003,7,Lương thực,98.80
2003,7,"May mặc, mũ nón, giày dép",100.00
2003,7,Nhà ở và vật liệu xây dựng,100.20
2003,7,"Phương tiện đi lại, bưu điện",99.90
2003,7,Thiết bị và đồ dùng gia đình,100.00
2003,7,Thuốc và dịch vụ y tế,100.40
2003,7,Thực phẩm,99.70
2003,7,Trong đó: Dịch vụ giáo dục,
2003,7,Trong đó: Dịch vụ y tế,
2003,7,"Văn hóa, giải trí và du lịch",99.60
2003,7,Ăn uống ngoài gia đình,
2003,7,Đồ uống và thuốc lá,100.00
2003,8,Bưu chính viễn thông,
2003,8,Chỉ số giá tiêu dùng,99.90
2003,8,Chỉ số giá vàng,100.10
2003,8,Chỉ số đô la Mỹ,100.10
2003,8,Giao thông,
2003,8,Giáo dục,100.30
2003,8,Hàng hoá và dịch vụ khác,100.10
2003,8,Hàng ăn và dịch vụ ăn uống,99.80
2003,8,Lương thực,100.10
2003,8,"May mặc, mũ nón, giày dép",100.00
2003,8,Nhà ở và vật liệu xây dựng,100.20
2003,8,"Phương tiện đi lại, bưu điện",99.90
2003,8,Thiết bị và đồ dùng gia đình,99.70
2003,8,Thuốc và dịch vụ y tế,100.30
2003,8,Thực phẩm,99.60
2003,8,Trong đó: Dịch vụ giáo dục,
2003,8,Trong đó: Dịch vụ y tế,
2003,8,"Văn hóa, giải trí và du lịch",99.90
2003,8,Ăn uống ngoài gia đình,
2003,8,Đồ uống và thuốc lá,100.10
2003,9,Bưu chính viễn thông,
2003,9,Chỉ số giá tiêu dùng,100.10
2003,9,Chỉ số giá vàng,102.90
2003,9,Chỉ số đô la Mỹ,100.10
2003,9,Giao thông,
2003,9,Giáo dục,102.00
2003,9,Hàng hoá và dịch vụ khác,100.10
2003,9,Hàng ăn và dịch vụ ăn uống,99.90
2003,9,Lương thực,100.00
2003,9,"May mặc, mũ nón, giày dép",100.20
2003,9,Nhà ở và vật liệu xây dựng,100.10
2003,9,"Phương tiện đi lại, bưu điện",100.00
2003,9,Thiết bị và đồ dùng gia đình,100.00
2003,9,Thuốc và dịch vụ y tế,102.70
2003,9,Thực phẩm,99.80
2003,9,Trong đó: Dịch vụ giáo dục,
2003,9,Trong đó: Dịch vụ y tế,
2003,9,"Văn hóa, giải trí và du lịch",99.80
2003,9,Ăn uống ngoài gia đình,
2003,9,Đồ uống và thuốc lá,100.10
2003,10,Bưu chính viễn thông,
2003,10,Chỉ số giá tiêu dùng,99.80
2003,10,Chỉ số giá vàng,103.40
2003,10,Chỉ số đô la Mỹ,100.20
2003,10,Giao thông,
2003,10,Giáo dục,101.10
2003,10,Hàng hoá và dịch vụ khác,100.00
2003,10,Hàng ăn và dịch vụ ăn uống,100.00
2003,10,Lương thực,100.50
2003,10,"May mặc, mũ nón, giày dép",100.10
2003,10,Nhà ở và vật liệu xây dựng,100.00
2003,10,"Phương tiện đi lại, bưu điện",96.70
2003,10,Thiết bị và đồ dùng gia đình,100.20
2003,10,Thuốc và dịch vụ y tế,102.00
2003,10,Thực phẩm,99.70
2003,10,Trong đó: Dịch vụ giáo dục,
2003,10,Trong đó: Dịch vụ y tế,
2003,10,"Văn hóa, giải trí và du lịch",100.00
2003,10,Ăn uống ngoài gia đình,
2003,10,Đồ uống và thuốc lá,100.30
2003,11,Bưu chính viễn thông,
2003,11,Chỉ số giá tiêu dùng,100.60
2003,11,Chỉ số giá vàng,103.00
2003,11,Chỉ số đô la Mỹ,100.50
2003,11,Giao thông,
2003,11,Giáo dục,100.40
2003,11,Hàng hoá và dịch vụ khác,100.30
2003,11,Hàng ăn và dịch vụ ăn uống,100.90
2003,11,Lương thực,102.80
2003,11,"May mặc, mũ nón, giày dép",100.50
2003,11,Nhà ở và vật liệu xây dựng,100.50
2003,11,"Phương tiện đi lại, bưu điện",99.50
2003,11,Thiết bị và đồ dùng gia đình,100.50
2003,11,Thuốc và dịch vụ y tế,100.90
2003,11,Thực phẩm,100.30
2003,11,Trong đó: Dịch vụ giáo dục,
2003,11,Trong đó: Dịch vụ y tế,
2003,11,"Văn hóa, giải trí và du lịch",99.60
2003,11,Ăn uống ngoài gia đình,
2003,11,Đồ uống và thuốc lá,100.30
2003,12,Bưu chính viễn thông,
2003,12,Chỉ số giá tiêu dùng,100.80
2003,12,Chỉ số giá vàng,105.10
2003,12,Chỉ số đô la Mỹ,100.50
2003,12,Giao thông,
2003,12,Giáo dục,100.10
2003,12,Hàng hoá và dịch vụ khác,101.70
2003,12,Hàng ăn và dịch vụ ăn uống,101.10
2003,12,Lương thực,102.00
2003,12,"May mặc, mũ nón, giày dép",100.50
2003,12,Nhà ở và vật liệu xây dựng,100.60
2003,12,"Phương tiện đi lại, bưu điện",100.20
2003,12,Thiết bị và đồ dùng gia đình,100.40
2003,12,Thuốc và dịch vụ y tế,100.10
2003,12,Thực phẩm,100.90
2003,12,Trong đó: Dịch vụ giáo dục,
2003,12,Trong đó: Dịch vụ y tế,
2003,12,"Văn hóa, giải trí và du lịch",100.20
2003,12,Ăn uống ngoài gia đình,
2003,12,Đồ uống và thuốc lá,100.60
2004,1,Bưu chính viễn thông,
2004,1,Chỉ số giá tiêu dùng,101.10
2004,1,Chỉ số giá vàng,103.10
2004,1,Chỉ số đô la Mỹ,99.70
2004,1,Giao thông,
2004,1,Giáo dục,100.20
2004,1,Hàng hoá và dịch vụ khác,100.90
2004,1,Hàng ăn và dịch vụ ăn uống,101.60
2004,1,Lương thực,102.10
2004,1,"May mặc, mũ nón, giày dép",101.20
2004,1,Nhà ở và vật liệu xây dựng,100.80
2004,1,"Phương tiện đi lại, bưu điện",100.00
2004,1,Thiết bị và đồ dùng gia đình,100.50
2004,1,Thuốc và dịch vụ y tế,100.70
2004,1,Thực phẩm,101.60
2004,1,Trong đó: Dịch vụ giáo dục,
2004,1,Trong đó: Dịch vụ y tế,
2004,1,"Văn hóa, giải trí và du lịch",100.40
2004,1,Ăn uống ngoài gia đình,
2004,1,Đồ uống và thuốc lá,102.90
2004,2,Bưu chính viễn thông,
2004,2,Chỉ số giá tiêu dùng,103.00
2004,2,Chỉ số giá vàng,99.10
2004,2,Chỉ số đô la Mỹ,100.40
2004,2,Giao thông,
2004,2,Giáo dục,100.00
2004,2,Hàng hoá và dịch vụ khác,101.80
2004,2,Hàng ăn và dịch vụ ăn uống,105.10
2004,2,Lương thực,101.50
2004,2,"May mặc, mũ nón, giày dép",99.70
2004,2,Nhà ở và vật liệu xây dựng,101.50
2004,2,"Phương tiện đi lại, bưu điện",100.70
2004,2,Thiết bị và đồ dùng gia đình,100.70
2004,2,Thuốc và dịch vụ y tế,100.50
2004,2,Thực phẩm,106.80
2004,2,Trong đó: Dịch vụ giáo dục,
2004,2,Trong đó: Dịch vụ y tế,
2004,2,"Văn hóa, giải trí và du lịch",101.60
2004,2,Ăn uống ngoài gia đình,
2004,2,Đồ uống và thuốc lá,100.50
2004,3,Bưu chính viễn thông,
2004,3,Chỉ số giá tiêu dùng,100.80
2004,3,Chỉ số giá vàng,100.20
2004,3,Chỉ số đô la Mỹ,100.50
2004,3,Giao thông,
2004,3,Giáo dục,96.60
2004,3,Hàng hoá và dịch vụ khác,99.00
2004,3,Hàng ăn và dịch vụ ăn uống,101.60
2004,3,Lương thực,102.80
2004,3,"May mặc, mũ nón, giày dép",100.50
2004,3,Nhà ở và vật liệu xây dựng,102.10
2004,3,"Phương tiện đi lại, bưu điện",99.90
2004,3,Thiết bị và đồ dùng gia đình,99.70
2004,3,Thuốc và dịch vụ y tế,103.10
2004,3,Thực phẩm,101.30
2004,3,Trong đó: Dịch vụ giáo dục,
2004,3,Trong đó: Dịch vụ y tế,
2004,3,"Văn hóa, giải trí và du lịch",100.80
2004,3,Ăn uống ngoài gia đình,
2004,3,Đồ uống và thuốc lá,98.30
2004,4,Bưu chính viễn thông,
2004,4,Chỉ số giá tiêu dùng,100.50
2004,4,Chỉ số giá vàng,102.30
2004,4,Chỉ số đô la Mỹ,99.90
2004,4,Giao thông,
2004,4,Giáo dục,100.10
2004,4,Hàng hoá và dịch vụ khác,100.00
2004,4,Hàng ăn và dịch vụ ăn uống,100.90
2004,4,Lương thực,101.80
2004,4,"May mặc, mũ nón, giày dép",100.70
2004,4,Nhà ở và vật liệu xây dựng,100.40
2004,4,"Phương tiện đi lại, bưu điện",100.10
2004,4,Thiết bị và đồ dùng gia đình,100.50
2004,4,Thuốc và dịch vụ y tế,101.20
2004,4,Thực phẩm,100.60
2004,4,Trong đó: Dịch vụ giáo dục,
2004,4,Trong đó: Dịch vụ y tế,
2004,4,"Văn hóa, giải trí và du lịch",100.50
2004,4,Ăn uống ngoài gia đình,
2004,4,Đồ uống và thuốc lá,100.30
2004,5,Bưu chính viễn thông,
2004,5,Chỉ số giá tiêu dùng,100.90
2004,5,Chỉ số giá vàng,95.90
2004,5,Chỉ số đô la Mỹ,99.70
2004,5,Giao thông,
2004,5,Giáo dục,100.10
2004,5,Hàng hoá và dịch vụ khác,100.40
2004,5,Hàng ăn và dịch vụ ăn uống,101.80
2004,5,Lương thực,102.30
2004,5,"May mặc, mũ nón, giày dép",99.90
2004,5,Nhà ở và vật liệu xây dựng,100.20
2004,5,"Phương tiện đi lại, bưu điện",100.20
2004,5,Thiết bị và đồ dùng gia đình,100.10
2004,5,Thuốc và dịch vụ y tế,101.00
2004,5,Thực phẩm,101.80
2004,5,Trong đó: Dịch vụ giáo dục,
2004,5,Trong đó: Dịch vụ y tế,
2004,5,"Văn hóa, giải trí và du lịch",100.00
2004,5,Ăn uống ngoài gia đình,
2004,5,Đồ uống và thuốc lá,100.40
2004,6,Bưu chính viễn thông,
2004,6,Chỉ số giá tiêu dùng,100.80
2004,6,Chỉ số giá vàng,98.60
2004,6,Chỉ số đô la Mỹ,100.00
2004,6,Giao thông,
2004,6,Giáo dục,99.90
2004,6,Hàng hoá và dịch vụ khác,100.00
2004,6,Hàng ăn và dịch vụ ăn uống,101.50
2004,6,Lương thực,100.50
2004,6,"May mặc, mũ nón, giày dép",100.10
2004,6,Nhà ở và vật liệu xây dựng,99.80
2004,6,"Phương tiện đi lại, bưu điện",100.00
2004,6,Thiết bị và đồ dùng gia đình,100.10
2004,6,Thuốc và dịch vụ y tế,99.90
2004,6,Thực phẩm,101.80
2004,6,Trong đó: Dịch vụ giáo dục,
2004,6,Trong đó: Dịch vụ y tế,
2004,6,"Văn hóa, giải trí và du lịch",99.60
2004,6,Ăn uống ngoài gia đình,
2004,6,Đồ uống và thuốc lá,100.00
2004,7,Bưu chính viễn thông,
2004,7,Chỉ số giá tiêu dùng,100.50
2004,7,Chỉ số giá vàng,100.50
2004,7,Chỉ số đô la Mỹ,99.90
2004,7,Giao thông,
2004,7,Giáo dục,100.40
2004,7,Hàng hoá và dịch vụ khác,100.90
2004,7,Hàng ăn và dịch vụ ăn uống,100.40
2004,7,Lương thực,99.70
2004,7,"May mặc, mũ nón, giày dép",100.20
2004,7,Nhà ở và vật liệu xây dựng,100.00
2004,7,"Phương tiện đi lại, bưu điện",103.10
2004,7,Thiết bị và đồ dùng gia đình,100.50
2004,7,Thuốc và dịch vụ y tế,101.00
2004,7,Thực phẩm,100.70
2004,7,Trong đó: Dịch vụ giáo dục,
2004,7,Trong đó: Dịch vụ y tế,
2004,7,"Văn hóa, giải trí và du lịch",99.80
2004,7,Ăn uống ngoài gia đình,
2004,7,Đồ uống và thuốc lá,100.20
2004,8,Bưu chính viễn thông,
2004,8,Chỉ số giá tiêu dùng,100.60
2004,8,Chỉ số giá vàng,100.40
2004,8,Chỉ số đô la Mỹ,100.10
2004,8,Giao thông,
2004,8,Giáo dục,100.40
2004,8,Hàng hoá và dịch vụ khác,100.40
2004,8,Hàng ăn và dịch vụ ăn uống,100.70
2004,8,Lương thực,100.80
2004,8,"May mặc, mũ nón, giày dép",100.40
2004,8,Nhà ở và vật liệu xây dựng,100.60
2004,8,"Phương tiện đi lại, bưu điện",100.00
2004,8,Thiết bị và đồ dùng gia đình,100.40
2004,8,Thuốc và dịch vụ y tế,100.80
2004,8,Thực phẩm,100.80
2004,8,Trong đó: Dịch vụ giáo dục,
2004,8,Trong đó: Dịch vụ y tế,
2004,8,"Văn hóa, giải trí và du lịch",99.90
2004,8,Ăn uống ngoài gia đình,
2004,8,Đồ uống và thuốc lá,100.40
2004,9,Bưu chính viễn thông,
2004,9,Chỉ số giá tiêu dùng,100.30
2004,9,Chỉ số giá vàng,101.50
2004,9,Chỉ số đô la Mỹ,100.10
2004,9,Giao thông,
2004,9,Giáo dục,100.40
2004,9,Hàng hoá và dịch vụ khác,100.30
2004,9,Hàng ăn và dịch vụ ăn uống,100.40
2004,9,Lương thực,100.40
2004,9,"May mặc, mũ nón, giày dép",100.50
2004,9,Nhà ở và vật liệu xây dựng,100.50
2004,9,"Phương tiện đi lại, bưu điện",100.10
2004,9,Thiết bị và đồ dùng gia đình,100.30
2004,9,Thuốc và dịch vụ y tế,100.10
2004,9,Thực phẩm,100.40
2004,9,Trong đó: Dịch vụ giáo dục,
2004,9,Trong đó: Dịch vụ y tế,
2004,9,"Văn hóa, giải trí và du lịch",99.90
2004,9,Ăn uống ngoài gia đình,
2004,9,Đồ uống và thuốc lá,100.40
2004,10,Bưu chính viễn thông,
2004,10,Chỉ số giá tiêu dùng,100.00
2004,10,Chỉ số giá vàng,101.70
2004,10,Chỉ số đô la Mỹ,100.00
2004,10,Giao thông,
2004,10,Giáo dục,100.30
2004,10,Hàng hoá và dịch vụ khác,100.40
2004,10,Hàng ăn và dịch vụ ăn uống,99.80
2004,10,Lương thực,99.80
2004,10,"May mặc, mũ nón, giày dép",100.20
2004,10,Nhà ở và vật liệu xây dựng,100.50
2004,10,"Phương tiện đi lại, bưu điện",100.10
2004,10,Thiết bị và đồ dùng gia đình,100.40
2004,10,Thuốc và dịch vụ y tế,100.20
2004,10,Thực phẩm,99.80
2004,10,Trong đó: Dịch vụ giáo dục,
2004,10,Trong đó: Dịch vụ y tế,
2004,10,"Văn hóa, giải trí và du lịch",99.60
2004,10,Ăn uống ngoài gia đình,
2004,10,Đồ uống và thuốc lá,100.00
2004,11,Bưu chính viễn thông,
2004,11,Chỉ số giá tiêu dùng,100.20
2004,11,Chỉ số giá vàng,103.20
2004,11,Chỉ số đô la Mỹ,100.00
2004,11,Giao thông,
2004,11,Giáo dục,99.70
2004,11,Hàng hoá và dịch vụ khác,100.10
2004,11,Hàng ăn và dịch vụ ăn uống,100.00
2004,11,Lương thực,100.70
2004,11,"May mặc, mũ nón, giày dép",100.20
2004,11,Nhà ở và vật liệu xây dựng,100.50
2004,11,"Phương tiện đi lại, bưu điện",101.20
2004,11,Thiết bị và đồ dùng gia đình,100.10
2004,11,Thuốc và dịch vụ y tế,100.10
2004,11,Thực phẩm,99.70
2004,11,Trong đó: Dịch vụ giáo dục,
2004,11,Trong đó: Dịch vụ y tế,
2004,11,"Văn hóa, giải trí và du lịch",100.00
2004,11,Ăn uống ngoài gia đình,
2004,11,Đồ uống và thuốc lá,100.00
2004,12,Bưu chính viễn thông,
2004,12,Chỉ số giá tiêu dùng,100.60
2004,12,Chỉ số giá vàng,104.90
2004,12,Chỉ số đô la Mỹ,100.10
2004,12,Giao thông,
2004,12,Giáo dục,100.10
2004,12,Hàng hoá và dịch vụ khác,101.00
2004,12,Hàng ăn và dịch vụ ăn uống,100.70
2004,12,Lương thực,101.10
2004,12,"May mặc, mũ nón, giày dép",100.50
2004,12,Nhà ở và vật liệu xây dựng,100.50
2004,12,"Phương tiện đi lại, bưu điện",100.40
2004,12,Thiết bị và đồ dùng gia đình,100.30
2004,12,Thuốc và dịch vụ y tế,100.10
2004,12,Thực phẩm,100.70
2004,12,Trong đó: Dịch vụ giáo dục,
2004,12,Trong đó: Dịch vụ y tế,
2004,12,"Văn hóa, giải trí và du lịch",100.10
2004,12,Ăn uống ngoài gia đình,
2004,12,Đồ uống và thuốc lá,100.30
2005,1,Bưu chính viễn thông,
2005,1,Chỉ số giá tiêu dùng,101.10
2005,1,Chỉ số giá vàng,98.00
2005,1,Chỉ số đô la Mỹ,100.00
2005,1,Giao thông,
2005,1,Giáo dục,100.10
2005,1,Hàng hoá và dịch vụ khác,100.90
2005,1,Hàng ăn và dịch vụ ăn uống,101.70
2005,1,Lương thực,101.40
2005,1,"May mặc, mũ nón, giày dép",100.70
2005,1,Nhà ở và vật liệu xây dựng,100.30
2005,1,"Phương tiện đi lại, bưu điện",100.30
2005,1,Thiết bị và đồ dùng gia đình,100.80
2005,1,Thuốc và dịch vụ y tế,100.40
2005,1,Thực phẩm,101.90
2005,1,Trong đó: Dịch vụ giáo dục,
2005,1,Trong đó: Dịch vụ y tế,
2005,1,"Văn hóa, giải trí và du lịch",100.30
2005,1,Ăn uống ngoài gia đình,
2005,1,Đồ uống và thuốc lá,100.80
2005,2,Bưu chính viễn thông,
2005,2,Chỉ số giá tiêu dùng,102.50
2005,2,Chỉ số giá vàng,98.20
2005,2,Chỉ số đô la Mỹ,100.10
2005,2,Giao thông,
2005,2,Giáo dục,100.00
2005,2,Hàng hoá và dịch vụ khác,101.60
2005,2,Hàng ăn và dịch vụ ăn uống,104.10
2005,2,Lương thực,102.50
2005,2,"May mặc, mũ nón, giày dép",100.50
2005,2,Nhà ở và vật liệu xây dựng,100.40
2005,2,"Phương tiện đi lại, bưu điện",100.80
2005,2,Thiết bị và đồ dùng gia đình,100.40
2005,2,Thuốc và dịch vụ y tế,100.40
2005,2,Thực phẩm,104.30
2005,2,Trong đó: Dịch vụ giáo dục,
2005,2,Trong đó: Dịch vụ y tế,
2005,2,"Văn hóa, giải trí và du lịch",101.70
2005,2,Ăn uống ngoài gia đình,
2005,2,Đồ uống và thuốc lá,101.70
2005,3,Bưu chính viễn thông,
2005,3,Chỉ số giá tiêu dùng,100.10
2005,3,Chỉ số giá vàng,102.00
2005,3,Chỉ số đô la Mỹ,100.00
2005,3,Giao thông,
2005,3,Giáo dục,100.10
2005,3,Hàng hoá và dịch vụ khác,99.50
2005,3,Hàng ăn và dịch vụ ăn uống,100.20
2005,3,Lương thực,101.00
2005,3,"May mặc, mũ nón, giày dép",99.80
2005,3,Nhà ở và vật liệu xây dựng,100.40
2005,3,"Phương tiện đi lại, bưu điện",99.70
2005,3,Thiết bị và đồ dùng gia đình,100.20
2005,3,Thuốc và dịch vụ y tế,100.30
2005,3,Thực phẩm,100.00
2005,3,Trong đó: Dịch vụ giáo dục,
2005,3,Trong đó: Dịch vụ y tế,
2005,3,"Văn hóa, giải trí và du lịch",99.40
2005,3,Ăn uống ngoài gia đình,
2005,3,Đồ uống và thuốc lá,99.80
2005,4,Bưu chính viễn thông,
2005,4,Chỉ số giá tiêu dùng,100.60
2005,4,Chỉ số giá vàng,99.20
2005,4,Chỉ số đô la Mỹ,100.10
2005,4,Giao thông,
2005,4,Giáo dục,100.20
2005,4,Hàng hoá và dịch vụ khác,100.20
2005,4,Hàng ăn và dịch vụ ăn uống,100.50
2005,4,Lương thực,100.50
2005,4,"May mặc, mũ nón, giày dép",100.30
2005,4,Nhà ở và vật liệu xây dựng,101.10
2005,4,"Phương tiện đi lại, bưu điện",101.50
2005,4,Thiết bị và đồ dùng gia đình,100.40
2005,4,Thuốc và dịch vụ y tế,100.60
2005,4,Thực phẩm,100.50
2005,4,Trong đó: Dịch vụ giáo dục,
2005,4,Trong đó: Dịch vụ y tế,
2005,4,"Văn hóa, giải trí và du lịch",99.90
2005,4,Ăn uống ngoài gia đình,
2005,4,Đồ uống và thuốc lá,100.20
2005,5,Bưu chính viễn thông,
2005,5,Chỉ số giá tiêu dùng,100.50
2005,5,Chỉ số giá vàng,99.80
2005,5,Chỉ số đô la Mỹ,100.10
2005,5,Giao thông,
2005,5,Giáo dục,100.10
2005,5,Hàng hoá và dịch vụ khác,100.40
2005,5,Hàng ăn và dịch vụ ăn uống,100.60
2005,5,Lương thực,100.20
2005,5,"May mặc, mũ nón, giày dép",100.40
2005,5,Nhà ở và vật liệu xây dựng,100.80
2005,5,"Phương tiện đi lại, bưu điện",100.40
2005,5,Thiết bị và đồ dùng gia đình,100.30
2005,5,Thuốc và dịch vụ y tế,100.40
2005,5,Thực phẩm,100.80
2005,5,Trong đó: Dịch vụ giáo dục,
2005,5,Trong đó: Dịch vụ y tế,
2005,5,"Văn hóa, giải trí và du lịch",100.20
2005,5,Ăn uống ngoài gia đình,
2005,5,Đồ uống và thuốc lá,100.80
2005,6,Bưu chính viễn thông,
2005,6,Chỉ số giá tiêu dùng,100.40
2005,6,Chỉ số giá vàng,98.50
2005,6,Chỉ số đô la Mỹ,100.00
2005,6,Giao thông,
2005,6,Giáo dục,100.70
2005,6,Hàng hoá và dịch vụ khác,100.30
2005,6,Hàng ăn và dịch vụ ăn uống,100.50
2005,6,Lương thực,99.50
2005,6,"May mặc, mũ nón, giày dép",100.30
2005,6,Nhà ở và vật liệu xây dựng,100.00
2005,6,"Phương tiện đi lại, bưu điện",100.10
2005,6,Thiết bị và đồ dùng gia đình,100.30
2005,6,Thuốc và dịch vụ y tế,100.50
2005,6,Thực phẩm,100.90
2005,6,Trong đó: Dịch vụ giáo dục,
2005,6,Trong đó: Dịch vụ y tế,
2005,6,"Văn hóa, giải trí và du lịch",100.50
2005,6,Ăn uống ngoài gia đình,
2005,6,Đồ uống và thuốc lá,99.80
2005,7,Bưu chính viễn thông,
2005,7,Chỉ số giá tiêu dùng,100.40
2005,7,Chỉ số giá vàng,101.20
2005,7,Chỉ số đô la Mỹ,100.20
2005,7,Giao thông,
2005,7,Giáo dục,100.60
2005,7,Hàng hoá và dịch vụ khác,100.60
2005,7,Hàng ăn và dịch vụ ăn uống,100.00
2005,7,Lương thực,99.40
2005,7,"May mặc, mũ nón, giày dép",100.30
2005,7,Nhà ở và vật liệu xây dựng,101.70
2005,7,"Phương tiện đi lại, bưu điện",102.00
2005,7,Thiết bị và đồ dùng gia đình,100.30
2005,7,Thuốc và dịch vụ y tế,100.40
2005,7,Thực phẩm,100.20
2005,7,Trong đó: Dịch vụ giáo dục,
2005,7,Trong đó: Dịch vụ y tế,
2005,7,"Văn hóa, giải trí và du lịch",100.00
2005,7,Ăn uống ngoài gia đình,
2005,7,Đồ uống và thuốc lá,100.20
2005,8,Bưu chính viễn thông,
2005,8,Chỉ số giá tiêu dùng,100.40
2005,8,Chỉ số giá vàng,100.30
2005,8,Chỉ số đô la Mỹ,100.10
2005,8,Giao thông,
2005,8,Giáo dục,100.60
2005,8,Hàng hoá và dịch vụ khác,100.50
2005,8,Hàng ăn và dịch vụ ăn uống,100.30
2005,8,Lương thực,100.00
2005,8,"May mặc, mũ nón, giày dép",100.60
2005,8,Nhà ở và vật liệu xây dựng,100.60
2005,8,"Phương tiện đi lại, bưu điện",100.90
2005,8,Thiết bị và đồ dùng gia đình,100.50
2005,8,Thuốc và dịch vụ y tế,100.20
2005,8,Thực phẩm,100.40
2005,8,Trong đó: Dịch vụ giáo dục,
2005,8,Trong đó: Dịch vụ y tế,
2005,8,"Văn hóa, giải trí và du lịch",100.10
2005,8,Ăn uống ngoài gia đình,
2005,8,Đồ uống và thuốc lá,100.40
2005,9,Bưu chính viễn thông,
2005,9,Chỉ số giá tiêu dùng,100.80
2005,9,Chỉ số giá vàng,101.60
2005,9,Chỉ số đô la Mỹ,100.00
2005,9,Giao thông,
2005,9,Giáo dục,101.30
2005,9,Hàng hoá và dịch vụ khác,100.40
2005,9,Hàng ăn và dịch vụ ăn uống,100.40
2005,9,Lương thực,100.20
2005,9,"May mặc, mũ nón, giày dép",100.60
2005,9,Nhà ở và vật liệu xây dựng,101.70
2005,9,"Phương tiện đi lại, bưu điện",103.80
2005,9,Thiết bị và đồ dùng gia đình,100.30
2005,9,Thuốc và dịch vụ y tế,100.50
2005,9,Thực phẩm,100.40
2005,9,Trong đó: Dịch vụ giáo dục,
2005,9,Trong đó: Dịch vụ y tế,
2005,9,"Văn hóa, giải trí và du lịch",100.00
2005,9,Ăn uống ngoài gia đình,
2005,9,Đồ uống và thuốc lá,100.00
2005,10,Bưu chính viễn thông,
2005,10,Chỉ số giá tiêu dùng,100.40
2005,10,Chỉ số giá vàng,104.10
2005,10,Chỉ số đô la Mỹ,100.10
2005,10,Giao thông,
2005,10,Giáo dục,100.70
2005,10,Hàng hoá và dịch vụ khác,100.40
2005,10,Hàng ăn và dịch vụ ăn uống,100.40
2005,10,Lương thực,100.60
2005,10,"May mặc, mũ nón, giày dép",100.40
2005,10,Nhà ở và vật liệu xây dựng,101.10
2005,10,"Phương tiện đi lại, bưu điện",100.30
2005,10,Thiết bị và đồ dùng gia đình,100.40
2005,10,Thuốc và dịch vụ y tế,100.40
2005,10,Thực phẩm,100.30
2005,10,Trong đó: Dịch vụ giáo dục,
2005,10,Trong đó: Dịch vụ y tế,
2005,10,"Văn hóa, giải trí và du lịch",100.10
2005,10,Ăn uống ngoài gia đình,
2005,10,Đồ uống và thuốc lá,100.40
2005,11,Bưu chính viễn thông,
2005,11,Chỉ số giá tiêu dùng,100.40
2005,11,Chỉ số giá vàng,100.90
2005,11,Chỉ số đô la Mỹ,100.10
2005,11,Giao thông,
2005,11,Giáo dục,100.20
2005,11,Hàng hoá và dịch vụ khác,100.50
2005,11,Hàng ăn và dịch vụ ăn uống,100.50
2005,11,Lương thực,101.10
2005,11,"May mặc, mũ nón, giày dép",100.50
2005,11,Nhà ở và vật liệu xây dựng,100.70
2005,11,"Phương tiện đi lại, bưu điện",100.20
2005,11,Thiết bị và đồ dùng gia đình,100.30
2005,11,Thuốc và dịch vụ y tế,100.50
2005,11,Thực phẩm,100.10
2005,11,Trong đó: Dịch vụ giáo dục,
2005,11,Trong đó: Dịch vụ y tế,
2005,11,"Văn hóa, giải trí và du lịch",100.30
2005,11,Ăn uống ngoài gia đình,
2005,11,Đồ uống và thuốc lá,100.30
2005,12,Bưu chính viễn thông,
2005,12,Chỉ số giá tiêu dùng,100.80
2005,12,Chỉ số giá vàng,107.50
2005,12,Chỉ số đô la Mỹ,100.10
2005,12,Giao thông,
2005,12,Giáo dục,100.40
2005,12,Hàng hoá và dịch vụ khác,100.70
2005,12,Hàng ăn và dịch vụ ăn uống,101.40
2005,12,Lương thực,101.20
2005,12,"May mặc, mũ nón, giày dép",100.60
2005,12,Nhà ở và vật liệu xây dựng,100.60
2005,12,"Phương tiện đi lại, bưu điện",98.90
2005,12,Thiết bị và đồ dùng gia đình,100.60
2005,12,Thuốc và dịch vụ y tế,100.30
2005,12,Thực phẩm,101.70
2005,12,Trong đó: Dịch vụ giáo dục,
2005,12,Trong đó: Dịch vụ y tế,
2005,12,"Văn hóa, giải trí và du lịch",100.20
2005,12,Ăn uống ngoài gia đình,
2005,12,Đồ uống và thuốc lá,100.50
2006,1,Bưu chính viễn thông,
2006,1,Chỉ số giá tiêu dùng,101.20
2006,1,Chỉ số giá vàng,104.00
2006,1,Chỉ số đô la Mỹ,100.00
2006,1,Giao thông,
2006,1,Giáo dục,100.10
2006,1,Hàng hoá và dịch vụ khác,100.80
2006,1,Hàng ăn và dịch vụ ăn uống,101.70
2006,1,Lương thực,102.10
2006,1,"May mặc, mũ nón, giày dép",100.90
2006,1,Nhà ở và vật liệu xây dựng,100.80
2006,1,"Phương tiện đi lại, bưu điện",100.10
2006,1,Thiết bị và đồ dùng gia đình,100.60
2006,1,Thuốc và dịch vụ y tế,100.50
2006,1,Thực phẩm,101.40
2006,1,Trong đó: Dịch vụ giáo dục,
2006,1,Trong đó: Dịch vụ y tế,
2006,1,"Văn hóa, giải trí và du lịch",100.20
2006,1,Ăn uống ngoài gia đình,
2006,1,Đồ uống và thuốc lá,101.20
2006,2,Bưu chính viễn thông,
2006,2,Chỉ số giá tiêu dùng,102.10
2006,2,Chỉ số giá vàng,105.40
2006,2,Chỉ số đô la Mỹ,100.10
2006,2,Giao thông,
2006,2,Giáo dục,100.10
2006,2,Hàng hoá và dịch vụ khác,101.70
2006,2,Hàng ăn và dịch vụ ăn uống,103.20
2006,2,Lương thực,101.70
2006,2,"May mặc, mũ nón, giày dép",100.80
2006,2,Nhà ở và vật liệu xây dựng,100.70
2006,2,"Phương tiện đi lại, bưu điện",100.80
2006,2,Thiết bị và đồ dùng gia đình,100.60
2006,2,Thuốc và dịch vụ y tế,100.50
2006,2,Thực phẩm,103.70
2006,2,Trong đó: Dịch vụ giáo dục,
2006,2,Trong đó: Dịch vụ y tế,
2006,2,"Văn hóa, giải trí và du lịch",101.90
2006,2,Ăn uống ngoài gia đình,
2006,2,Đồ uống và thuốc lá,101.50
2006,3,Bưu chính viễn thông,
2006,3,Chỉ số giá tiêu dùng,99.50
2006,3,Chỉ số giá vàng,101.80
2006,3,Chỉ số đô la Mỹ,99.90
2006,3,Giao thông,
2006,3,Giáo dục,100.10
2006,3,Hàng hoá và dịch vụ khác,99.60
2006,3,Hàng ăn và dịch vụ ăn uống,99.10
2006,3,Lương thực,100.20
2006,3,"May mặc, mũ nón, giày dép",100.30
2006,3,Nhà ở và vật liệu xây dựng,100.10
2006,3,"Phương tiện đi lại, bưu điện",99.40
2006,3,Thiết bị và đồ dùng gia đình,100.40
2006,3,Thuốc và dịch vụ y tế,100.50
2006,3,Thực phẩm,98.90
2006,3,Trong đó: Dịch vụ giáo dục,
2006,3,Trong đó: Dịch vụ y tế,
2006,3,"Văn hóa, giải trí và du lịch",99.30
2006,3,Ăn uống ngoài gia đình,
2006,3,Đồ uống và thuốc lá,99.50
2006,4,Bưu chính viễn thông,
2006,4,Chỉ số giá tiêu dùng,100.20
2006,4,Chỉ số giá vàng,104.80
2006,4,Chỉ số đô la Mỹ,100.10
2006,4,Giao thông,
2006,4,Giáo dục,100.10
2006,4,Hàng hoá và dịch vụ khác,100.20
2006,4,Hàng ăn và dịch vụ ăn uống,100.20
2006,4,Lương thực,100.30
2006,4,"May mặc, mũ nón, giày dép",100.20
2006,4,Nhà ở và vật liệu xây dựng,99.70
2006,4,"Phương tiện đi lại, bưu điện",100.10
2006,4,Thiết bị và đồ dùng gia đình,100.40
2006,4,Thuốc và dịch vụ y tế,100.10
2006,4,Thực phẩm,100.20
2006,4,Trong đó: Dịch vụ giáo dục,
2006,4,Trong đó: Dịch vụ y tế,
2006,4,"Văn hóa, giải trí và du lịch",99.80
2006,4,Ăn uống ngoài gia đình,
2006,4,Đồ uống và thuốc lá,100.10
2006,5,Bưu chính viễn thông,
2006,5,Chỉ số giá tiêu dùng,100.60
2006,5,Chỉ số giá vàng,117.60
2006,5,Chỉ số đô la Mỹ,100.80
2006,5,Giao thông,
2006,5,Giáo dục,100.30
2006,5,Hàng hoá và dịch vụ khác,101.00
2006,5,Hàng ăn và dịch vụ ăn uống,100.20
2006,5,Lương thực,100.30
2006,5,"May mặc, mũ nón, giày dép",100.40
2006,5,Nhà ở và vật liệu xây dựng,100.90
2006,5,"Phương tiện đi lại, bưu điện",102.90
2006,5,Thiết bị và đồ dùng gia đình,100.50
2006,5,Thuốc và dịch vụ y tế,100.40
2006,5,Thực phẩm,100.10
2006,5,Trong đó: Dịch vụ giáo dục,
2006,5,Trong đó: Dịch vụ y tế,
2006,5,"Văn hóa, giải trí và du lịch",100.90
2006,5,Ăn uống ngoài gia đình,
2006,5,Đồ uống và thuốc lá,100.40
2006,6,Bưu chính viễn thông,
2006,6,Chỉ số giá tiêu dùng,100.40
2006,6,Chỉ số giá vàng,94.40
2006,6,Chỉ số đô la Mỹ,99.70
2006,6,Giao thông,
2006,6,Giáo dục,99.80
2006,6,Hàng hoá và dịch vụ khác,99.70
2006,6,Hàng ăn và dịch vụ ăn uống,100.40
2006,6,Lương thực,100.20
2006,6,"May mặc, mũ nón, giày dép",100.40
2006,6,Nhà ở và vật liệu xây dựng,101.00
2006,6,"Phương tiện đi lại, bưu điện",100.10
2006,6,Thiết bị và đồ dùng gia đình,100.70
2006,6,Thuốc và dịch vụ y tế,100.50
2006,6,Thực phẩm,100.40
2006,6,Trong đó: Dịch vụ giáo dục,
2006,6,Trong đó: Dịch vụ y tế,
2006,6,"Văn hóa, giải trí và du lịch",100.00
2006,6,Ăn uống ngoài gia đình,
2006,6,Đồ uống và thuốc lá,100.30
2006,7,Bưu chính viễn thông,
2006,7,Chỉ số giá tiêu dùng,100.40
2006,7,Chỉ số giá vàng,96.90
2006,7,Chỉ số đô la Mỹ,99.80
2006,7,Giao thông,
2006,7,Giáo dục,100.30
2006,7,Hàng hoá và dịch vụ khác,100.50
2006,7,Hàng ăn và dịch vụ ăn uống,100.40
2006,7,Lương thực,100.40
2006,7,"May mặc, mũ nón, giày dép",100.30
2006,7,Nhà ở và vật liệu xây dựng,100.80
2006,7,"Phương tiện đi lại, bưu điện",100.20
2006,7,Thiết bị và đồ dùng gia đình,100.30
2006,7,Thuốc và dịch vụ y tế,100.30
2006,7,Thực phẩm,100.50
2006,7,Trong đó: Dịch vụ giáo dục,
2006,7,Trong đó: Dịch vụ y tế,
2006,7,"Văn hóa, giải trí và du lịch",100.00
2006,7,Ăn uống ngoài gia đình,
2006,7,Đồ uống và thuốc lá,100.60
2006,8,Bưu chính viễn thông,
2006,8,Chỉ số giá tiêu dùng,100.40
2006,8,Chỉ số giá vàng,102.30
2006,8,Chỉ số đô la Mỹ,100.10
2006,8,Giao thông,
2006,8,Giáo dục,100.30
2006,8,Hàng hoá và dịch vụ khác,100.20
2006,8,Hàng ăn và dịch vụ ăn uống,100.20
2006,8,Lương thực,100.30
2006,8,"May mặc, mũ nón, giày dép",100.50
2006,8,Nhà ở và vật liệu xây dựng,101.10
2006,8,"Phương tiện đi lại, bưu điện",100.90
2006,8,Thiết bị và đồ dùng gia đình,100.30
2006,8,Thuốc và dịch vụ y tế,100.30
2006,8,Thực phẩm,100.10
2006,8,Trong đó: Dịch vụ giáo dục,
2006,8,Trong đó: Dịch vụ y tế,
2006,8,"Văn hóa, giải trí và du lịch",100.30
2006,8,Ăn uống ngoài gia đình,
2006,8,Đồ uống và thuốc lá,100.20
2006,9,Bưu chính viễn thông,
2006,9,Chỉ số giá tiêu dùng,100.30
2006,9,Chỉ số giá vàng,97.10
2006,9,Chỉ số đô la Mỹ,100.10
2006,9,Giao thông,
2006,9,Giáo dục,100.70
2006,9,Hàng hoá và dịch vụ khác,100.00
2006,9,Hàng ăn và dịch vụ ăn uống,99.80
2006,9,Lương thực,100.40
2006,9,"May mặc, mũ nón, giày dép",100.70
2006,9,Nhà ở và vật liệu xây dựng,100.90
2006,9,"Phương tiện đi lại, bưu điện",101.70
2006,9,Thiết bị và đồ dùng gia đình,100.40
2006,9,Thuốc và dịch vụ y tế,100.20
2006,9,Thực phẩm,99.30
2006,9,Trong đó: Dịch vụ giáo dục,
2006,9,Trong đó: Dịch vụ y tế,
2006,9,"Văn hóa, giải trí và du lịch",100.40
2006,9,Ăn uống ngoài gia đình,
2006,9,Đồ uống và thuốc lá,100.30
2006,10,Bưu chính viễn thông,
2006,10,Chỉ số giá tiêu dùng,100.20
2006,10,Chỉ số giá vàng,96.90
2006,10,Chỉ số đô la Mỹ,100.20
2006,10,Giao thông,
2006,10,Giáo dục,101.60
2006,10,Hàng hoá và dịch vụ khác,100.90
2006,10,Hàng ăn và dịch vụ ăn uống,100.50
2006,10,Lương thực,101.30
2006,10,"May mặc, mũ nón, giày dép",100.40
2006,10,Nhà ở và vật liệu xây dựng,99.50
2006,10,"Phương tiện đi lại, bưu điện",98.20
2006,10,Thiết bị và đồ dùng gia đình,100.50
2006,10,Thuốc và dịch vụ y tế,100.60
2006,10,Thực phẩm,100.20
2006,10,Trong đó: Dịch vụ giáo dục,
2006,10,Trong đó: Dịch vụ y tế,
2006,10,"Văn hóa, giải trí và du lịch",100.20
2006,10,Ăn uống ngoài gia đình,
2006,10,Đồ uống và thuốc lá,100.30
2006,11,Bưu chính viễn thông,
2006,11,Chỉ số giá tiêu dùng,100.60
2006,11,Chỉ số giá vàng,101.70
2006,11,Chỉ số đô la Mỹ,100.20
2006,11,Giao thông,
2006,11,Giáo dục,100.10
2006,11,Hàng hoá và dịch vụ khác,101.00
2006,11,Hàng ăn và dịch vụ ăn uống,101.20
2006,11,Lương thực,103.80
2006,11,"May mặc, mũ nón, giày dép",100.00
2006,11,Nhà ở và vật liệu xây dựng,99.80
2006,11,"Phương tiện đi lại, bưu điện",99.50
2006,11,Thiết bị và đồ dùng gia đình,100.70
2006,11,Thuốc và dịch vụ y tế,100.20
2006,11,Thực phẩm,100.50
2006,11,Trong đó: Dịch vụ giáo dục,
2006,11,Trong đó: Dịch vụ y tế,
2006,11,"Văn hóa, giải trí và du lịch",100.40
2006,11,Ăn uống ngoài gia đình,
2006,11,Đồ uống và thuốc lá,100.80
2006,12,Bưu chính viễn thông,
2006,12,Chỉ số giá tiêu dùng,100.50
2006,12,Chỉ số giá vàng,103.20
2006,12,Chỉ số đô la Mỹ,100.00
2006,12,Giao thông,
2006,12,Giáo dục,100.10
2006,12,Hàng hoá và dịch vụ khác,100.80
2006,12,Hàng ăn và dịch vụ ăn uống,100.70
2006,12,Lương thực,102.40
2006,12,"May mặc, mũ nón, giày dép",100.70
2006,12,Nhà ở và vật liệu xây dựng,100.50
2006,12,"Phương tiện đi lại, bưu điện",100.10
2006,12,Thiết bị và đồ dùng gia đình,100.70
2006,12,Thuốc và dịch vụ y tế,100.20
2006,12,Thực phẩm,100.10
2006,12,Trong đó: Dịch vụ giáo dục,
2006,12,Trong đó: Dịch vụ y tế,
2006,12,"Văn hóa, giải trí và du lịch",100.20
2006,12,Ăn uống ngoài gia đình,
2006,12,Đồ uống và thuốc lá,99.90
2007,1,Bưu chính viễn thông,
2007,1,Chỉ số giá tiêu dùng,101.05
2007,1,Chỉ số giá vàng,98.87
2007,1,Chỉ số đô la Mỹ,99.88
2007,1,Giao thông,
2007,1,Giáo dục,100.19
2007,1,Hàng hoá và dịch vụ khác,100.89
2007,1,Hàng ăn và dịch vụ ăn uống,101.13
2007,1,Lương thực,101.80
2007,1,"May mặc, mũ nón, giày dép",101.01
2007,1,Nhà ở và vật liệu xây dựng,103.08
2007,1,"Phương tiện đi lại, bưu điện",100.05
2007,1,Thiết bị và đồ dùng gia đình,100.49
2007,1,Thuốc và dịch vụ y tế,100.22
2007,1,Thực phẩm,100.87
2007,1,Trong đó: Dịch vụ giáo dục,
2007,1,Trong đó: Dịch vụ y tế,
2007,1,"Văn hóa, giải trí và du lịch",100.12
2007,1,Ăn uống ngoài gia đình,
2007,1,Đồ uống và thuốc lá,101.65
2007,2,Bưu chính viễn thông,
2007,2,Chỉ số giá tiêu dùng,102.17
2007,2,Chỉ số giá vàng,102.08
2007,2,Chỉ số đô la Mỹ,99.79
2007,2,Giao thông,
2007,2,Giáo dục,100.20
2007,2,Hàng hoá và dịch vụ khác,102.26
2007,2,Hàng ăn và dịch vụ ăn uống,103.45
2007,2,Lương thực,102.76
2007,2,"May mặc, mũ nón, giày dép",101.28
2007,2,Nhà ở và vật liệu xây dựng,101.86
2007,2,"Phương tiện đi lại, bưu điện",100.07
2007,2,Thiết bị và đồ dùng gia đình,101.06
2007,2,Thuốc và dịch vụ y tế,100.40
2007,2,Thực phẩm,103.83
2007,2,Trong đó: Dịch vụ giáo dục,
2007,2,Trong đó: Dịch vụ y tế,
2007,2,"Văn hóa, giải trí và du lịch",102.11
2007,2,Ăn uống ngoài gia đình,
2007,2,Đồ uống và thuốc lá,102.52
2007,3,Bưu chính viễn thông,
2007,3,Chỉ số giá tiêu dùng,99.78
2007,3,Chỉ số giá vàng,102.59
2007,3,Chỉ số đô la Mỹ,99.90
2007,3,Giao thông,
2007,3,Giáo dục,100.06
2007,3,Hàng hoá và dịch vụ khác,99.45
2007,3,Hàng ăn và dịch vụ ăn uống,99.58
2007,3,Lương thực,99.95
2007,3,"May mặc, mũ nón, giày dép",99.75
2007,3,Nhà ở và vật liệu xây dựng,99.90
2007,3,"Phương tiện đi lại, bưu điện",100.57
2007,3,Thiết bị và đồ dùng gia đình,100.14
2007,3,Thuốc và dịch vụ y tế,100.29
2007,3,Thực phẩm,99.39
2007,3,Trong đó: Dịch vụ giáo dục,
2007,3,Trong đó: Dịch vụ y tế,
2007,3,"Văn hóa, giải trí và du lịch",98.84
2007,3,Ăn uống ngoài gia đình,
2007,3,Đồ uống và thuốc lá,99.28
2007,4,Bưu chính viễn thông,
2007,4,Chỉ số giá tiêu dùng,100.49
2007,4,Chỉ số giá vàng,101.10
2007,4,Chỉ số đô la Mỹ,100.12
2007,4,Giao thông,
2007,4,Giáo dục,100.17
2007,4,Hàng hoá và dịch vụ khác,100.45
2007,4,Hàng ăn và dịch vụ ăn uống,100.44
2007,4,Lương thực,99.91
2007,4,"May mặc, mũ nón, giày dép",100.48
2007,4,Nhà ở và vật liệu xây dựng,100.96
2007,4,"Phương tiện đi lại, bưu điện",101.05
2007,4,Thiết bị và đồ dùng gia đình,100.44
2007,4,Thuốc và dịch vụ y tế,100.51
2007,4,Thực phẩm,100.68
2007,4,Trong đó: Dịch vụ giáo dục,
2007,4,Trong đó: Dịch vụ y tế,
2007,4,"Văn hóa, giải trí và du lịch",99.97
2007,4,Ăn uống ngoài gia đình,
2007,4,Đồ uống và thuốc lá,99.82
2007,5,Bưu chính viễn thông,
2007,5,Chỉ số giá tiêu dùng,100.77
2007,5,Chỉ số giá vàng,102.33
2007,5,Chỉ số đô la Mỹ,100.15
2007,5,Giao thông,
2007,5,Giáo dục,100.07
2007,5,Hàng hoá và dịch vụ khác,100.71
2007,5,Hàng ăn và dịch vụ ăn uống,101.04
2007,5,Lương thực,100.62
2007,5,"May mặc, mũ nón, giày dép",100.48
2007,5,Nhà ở và vật liệu xây dựng,100.87
2007,5,"Phương tiện đi lại, bưu điện",100.57
2007,5,Thiết bị và đồ dùng gia đình,100.64
2007,5,Thuốc và dịch vụ y tế,100.61
2007,5,Thực phẩm,100.95
2007,5,Trong đó: Dịch vụ giáo dục,
2007,5,Trong đó: Dịch vụ y tế,
2007,5,"Văn hóa, giải trí và du lịch",100.43
2007,5,Ăn uống ngoài gia đình,
2007,5,Đồ uống và thuốc lá,100.22
2007,6,Bưu chính viễn thông,
2007,6,Chỉ số giá tiêu dùng,100.85
2007,6,Chỉ số giá vàng,98.03
2007,6,Chỉ số đô la Mỹ,100.26
2007,6,Giao thông,
2007,6,Giáo dục,100.17
2007,6,Hàng hoá và dịch vụ khác,100.49
2007,6,Hàng ăn và dịch vụ ăn uống,101.02
2007,6,Lương thực,100.43
2007,6,"May mặc, mũ nón, giày dép",100.48
2007,6,Nhà ở và vật liệu xây dựng,101.33
2007,6,"Phương tiện đi lại, bưu điện",100.91
2007,6,Thiết bị và đồ dùng gia đình,100.38
2007,6,Thuốc và dịch vụ y tế,100.81
2007,6,Thực phẩm,101.44
2007,6,Trong đó: Dịch vụ giáo dục,
2007,6,Trong đó: Dịch vụ y tế,
2007,6,"Văn hóa, giải trí và du lịch",101.25
2007,6,Ăn uống ngoài gia đình,
2007,6,Đồ uống và thuốc lá,100.16
2007,7,Bưu chính viễn thông,
2007,7,Chỉ số giá tiêu dùng,100.94
2007,7,Chỉ số giá vàng,99.41
2007,7,Chỉ số đô la Mỹ,100.22
2007,7,Giao thông,
2007,7,Giáo dục,100.08
2007,7,Hàng hoá và dịch vụ khác,100.46
2007,7,Hàng ăn và dịch vụ ăn uống,101.59
2007,7,Lương thực,100.54
2007,7,"May mặc, mũ nón, giày dép",100.49
2007,7,Nhà ở và vật liệu xây dựng,100.73
2007,7,"Phương tiện đi lại, bưu điện",100.16
2007,7,Thiết bị và đồ dùng gia đình,100.49
2007,7,Thuốc và dịch vụ y tế,100.69
2007,7,Thực phẩm,102.29
2007,7,Trong đó: Dịch vụ giáo dục,
2007,7,Trong đó: Dịch vụ y tế,
2007,7,"Văn hóa, giải trí và du lịch",100.27
2007,7,Ăn uống ngoài gia đình,
2007,7,Đồ uống và thuốc lá,100.27
2007,8,Bưu chính viễn thông,
2007,8,Chỉ số giá tiêu dùng,100.55
2007,8,Chỉ số giá vàng,101.49
2007,8,Chỉ số đô la Mỹ,100.16
2007,8,Giao thông,
2007,8,Giáo dục,100.28
2007,8,Hàng hoá và dịch vụ khác,100.48
2007,8,Hàng ăn và dịch vụ ăn uống,100.88
2007,8,Lương thực,100.86
2007,8,"May mặc, mũ nón, giày dép",100.38
2007,8,Nhà ở và vật liệu xây dựng,100.15
2007,8,"Phương tiện đi lại, bưu điện",100.15
2007,8,Thiết bị và đồ dùng gia đình,100.28
2007,8,Thuốc và dịch vụ y tế,100.65
2007,8,Thực phẩm,100.92
2007,8,Trong đó: Dịch vụ giáo dục,
2007,8,Trong đó: Dịch vụ y tế,
2007,8,"Văn hóa, giải trí và du lịch",100.16
2007,8,Ăn uống ngoài gia đình,
2007,8,Đồ uống và thuốc lá,100.50
2007,9,Bưu chính viễn thông,
2007,9,Chỉ số giá tiêu dùng,100.51
2007,9,Chỉ số giá vàng,101.93
2007,9,Chỉ số đô la Mỹ,100.57
2007,9,Giao thông,
2007,9,Giáo dục,100.39
2007,9,Hàng hoá và dịch vụ khác,100.42
2007,9,Hàng ăn và dịch vụ ăn uống,101.02
2007,9,Lương thực,100.85
2007,9,"May mặc, mũ nón, giày dép",100.31
2007,9,Nhà ở và vật liệu xây dựng,100.43
2007,9,"Phương tiện đi lại, bưu điện",99.16
2007,9,Thiết bị và đồ dùng gia đình,100.25
2007,9,Thuốc và dịch vụ y tế,100.91
2007,9,Thực phẩm,101.26
2007,9,Trong đó: Dịch vụ giáo dục,
2007,9,Trong đó: Dịch vụ y tế,
2007,9,"Văn hóa, giải trí và du lịch",99.11
2007,9,Ăn uống ngoài gia đình,
2007,9,Đồ uống và thuốc lá,100.06
2007,10,Bưu chính viễn thông,
2007,10,Chỉ số giá tiêu dùng,100.74
2007,10,Chỉ số giá vàng,106.04
2007,10,Chỉ số đô la Mỹ,99.40
2007,10,Giao thông,
2007,10,Giáo dục,100.20
2007,10,Hàng hoá và dịch vụ khác,100.45
2007,10,Hàng ăn và dịch vụ ăn uống,101.09
2007,10,Lương thực,101.11
2007,10,"May mặc, mũ nón, giày dép",100.29
2007,10,Nhà ở và vật liệu xây dựng,101.51
2007,10,"Phương tiện đi lại, bưu điện",100.04
2007,10,Thiết bị và đồ dùng gia đình,100.21
2007,10,Thuốc và dịch vụ y tế,100.81
2007,10,Thực phẩm,101.19
2007,10,Trong đó: Dịch vụ giáo dục,
2007,10,Trong đó: Dịch vụ y tế,
2007,10,"Văn hóa, giải trí và du lịch",99.27
2007,10,Ăn uống ngoài gia đình,
2007,10,Đồ uống và thuốc lá,100.41
2007,11,Bưu chính viễn thông,
2007,11,Chỉ số giá tiêu dùng,101.23
2007,11,Chỉ số giá vàng,108.89
2007,11,Chỉ số đô la Mỹ,99.72
2007,11,Giao thông,
2007,11,Giáo dục,100.06
2007,11,Hàng hoá và dịch vụ khác,101.02
2007,11,Hàng ăn và dịch vụ ăn uống,102.06
2007,11,Lương thực,102.66
2007,11,"May mặc, mũ nón, giày dép",100.40
2007,11,Nhà ở và vật liệu xây dựng,101.87
2007,11,"Phương tiện đi lại, bưu điện",100.02
2007,11,Thiết bị và đồ dùng gia đình,100.20
2007,11,Thuốc và dịch vụ y tế,100.32
2007,11,Thực phẩm,101.95
2007,11,Trong đó: Dịch vụ giáo dục,
2007,11,Trong đó: Dịch vụ y tế,
2007,11,"Văn hóa, giải trí và du lịch",99.90
2007,11,Ăn uống ngoài gia đình,
2007,11,Đồ uống và thuốc lá,100.40
2007,12,Bưu chính viễn thông,
2007,12,Chỉ số giá tiêu dùng,102.91
2007,12,Chỉ số giá vàng,102.13
2007,12,Chỉ số đô la Mỹ,99.81
2007,12,Giao thông,
2007,12,Giáo dục,100.08
2007,12,Hàng hoá và dịch vụ khác,101.61
2007,12,Hàng ăn và dịch vụ ăn uống,104.24
2007,12,Lương thực,102.98
2007,12,"May mặc, mũ nón, giày dép",101.16
2007,12,Nhà ở và vật liệu xây dựng,103.28
2007,12,"Phương tiện đi lại, bưu điện",104.38
2007,12,Thiết bị và đồ dùng gia đình,100.46
2007,12,Thuốc và dịch vụ y tế,100.61
2007,12,Thực phẩm,104.69
2007,12,Trong đó: Dịch vụ giáo dục,
2007,12,Trong đó: Dịch vụ y tế,
2007,12,"Văn hóa, giải trí và du lịch",100.29
2007,12,Ăn uống ngoài gia đình,
2007,12,Đồ uống và thuốc lá,101.33
2008,1,Bưu chính viễn thông,
2008,1,Chỉ số giá tiêu dùng,102.38
2008,1,Chỉ số giá vàng,105.07
2008,1,Chỉ số đô la Mỹ,99.74
2008,1,Giao thông,
2008,1,Giáo dục,100.20
2008,1,Hàng hoá và dịch vụ khác,102.60
2008,1,Hàng ăn và dịch vụ ăn uống,103.76
2008,1,Lương thực,103.35
2008,1,"May mặc, mũ nón, giày dép",101.40
2008,1,Nhà ở và vật liệu xây dựng,102.88
2008,1,"Phương tiện đi lại, bưu điện",99.97
2008,1,Thiết bị và đồ dùng gia đình,100.85
2008,1,Thuốc và dịch vụ y tế,100.67
2008,1,Thực phẩm,103.75
2008,1,Trong đó: Dịch vụ giáo dục,
2008,1,Trong đó: Dịch vụ y tế,
2008,1,"Văn hóa, giải trí và du lịch",100.06
2008,1,Ăn uống ngoài gia đình,
2008,1,Đồ uống và thuốc lá,101.77
2008,2,Bưu chính viễn thông,
2008,2,Chỉ số giá tiêu dùng,103.56
2008,2,Chỉ số giá vàng,105.91
2008,2,Chỉ số đô la Mỹ,99.88
2008,2,Giao thông,
2008,2,Giáo dục,100.10
2008,2,Hàng hoá và dịch vụ khác,103.40
2008,2,Hàng ăn và dịch vụ ăn uống,106.18
2008,2,Lương thực,103.25
2008,2,"May mặc, mũ nón, giày dép",101.36
2008,2,Nhà ở và vật liệu xây dựng,101.39
2008,2,"Phương tiện đi lại, bưu điện",101.51
2008,2,Thiết bị và đồ dùng gia đình,100.73
2008,2,Thuốc và dịch vụ y tế,100.46
2008,2,Thực phẩm,107.53
2008,2,Trong đó: Dịch vụ giáo dục,
2008,2,Trong đó: Dịch vụ y tế,
2008,2,"Văn hóa, giải trí và du lịch",102.34
2008,2,Ăn uống ngoài gia đình,
2008,2,Đồ uống và thuốc lá,101.89
2008,3,Bưu chính viễn thông,
2008,3,Chỉ số giá tiêu dùng,102.99
2008,3,Chỉ số giá vàng,106.45
2008,3,Chỉ số đô la Mỹ,98.49
2008,3,Giao thông,
2008,3,Giáo dục,100.30
2008,3,Hàng hoá và dịch vụ khác,100.10
2008,3,Hàng ăn và dịch vụ ăn uống,103.88
2008,3,Lương thực,110.50
2008,3,"May mặc, mũ nón, giày dép",100.89
2008,3,Nhà ở và vật liệu xây dựng,103.55
2008,3,"Phương tiện đi lại, bưu điện",105.76
2008,3,Thiết bị và đồ dùng gia đình,101.51
2008,3,Thuốc và dịch vụ y tế,100.73
2008,3,Thực phẩm,101.36
2008,3,Trong đó: Dịch vụ giáo dục,
2008,3,Trong đó: Dịch vụ y tế,
2008,3,"Văn hóa, giải trí và du lịch",101.29
2008,3,Ăn uống ngoài gia đình,
2008,3,Đồ uống và thuốc lá,100.66
2008,4,Bưu chính viễn thông,
2008,4,Chỉ số giá tiêu dùng,102.20
2008,4,Chỉ số giá vàng,97.86
2008,4,Chỉ số đô la Mỹ,101.21
2008,4,Giao thông,
2008,4,Giáo dục,100.38
2008,4,Hàng hoá và dịch vụ khác,100.53
2008,4,Hàng ăn và dịch vụ ăn uống,103.11
2008,4,Lương thực,106.11
2008,4,"May mặc, mũ nón, giày dép",100.96
2008,4,Nhà ở và vật liệu xây dựng,102.62
2008,4,"Phương tiện đi lại, bưu điện",102.33
2008,4,Thiết bị và đồ dùng gia đình,100.95
2008,4,Thuốc và dịch vụ y tế,100.81
2008,4,Thực phẩm,102.22
2008,4,Trong đó: Dịch vụ giáo dục,
2008,4,Trong đó: Dịch vụ y tế,
2008,4,"Văn hóa, giải trí và du lịch",100.53
2008,4,Ăn uống ngoài gia đình,
2008,4,Đồ uống và thuốc lá,100.68
2008,5,Bưu chính viễn thông,
2008,5,Chỉ số giá tiêu dùng,103.91
2008,5,Chỉ số giá vàng,96.11
2008,5,Chỉ số đô la Mỹ,101.02
2008,5,Giao thông,
2008,5,Giáo dục,100.45
2008,5,Hàng hoá và dịch vụ khác,100.33
2008,5,Hàng ăn và dịch vụ ăn uống,107.25
2008,5,Lương thực,122.19
2008,5,"May mặc, mũ nón, giày dép",100.96
2008,5,Nhà ở và vật liệu xây dựng,101.20
2008,5,"Phương tiện đi lại, bưu điện",100.34
2008,5,Thiết bị và đồ dùng gia đình,100.93
2008,5,Thuốc và dịch vụ y tế,100.48
2008,5,Thực phẩm,102.28
2008,5,Trong đó: Dịch vụ giáo dục,
2008,5,Trong đó: Dịch vụ y tế,
2008,5,"Văn hóa, giải trí và du lịch",100.57
2008,5,Ăn uống ngoài gia đình,
2008,5,Đồ uống và thuốc lá,101.88
2008,6,Bưu chính viễn thông,
2008,6,Chỉ số giá tiêu dùng,102.14
2008,6,Chỉ số giá vàng,104.36
2008,6,Chỉ số đô la Mỹ,104.69
2008,6,Giao thông,
2008,6,Giáo dục,100.67
2008,6,Hàng hoá và dịch vụ khác,100.96
2008,6,Hàng ăn và dịch vụ ăn uống,103.29
2008,6,Lương thực,104.29
2008,6,"May mặc, mũ nón, giày dép",100.92
2008,6,Nhà ở và vật liệu xây dựng,101.93
2008,6,"Phương tiện đi lại, bưu điện",100.35
2008,6,Thiết bị và đồ dùng gia đình,101.28
2008,6,Thuốc và dịch vụ y tế,100.66
2008,6,Thực phẩm,103.05
2008,6,Trong đó: Dịch vụ giáo dục,
2008,6,Trong đó: Dịch vụ y tế,
2008,6,"Văn hóa, giải trí và du lịch",100.40
2008,6,Ăn uống ngoài gia đình,
2008,6,Đồ uống và thuốc lá,101.07
2008,7,Bưu chính viễn thông,
2008,7,Chỉ số giá tiêu dùng,101.13
2008,7,Chỉ số giá vàng,103.20
2008,7,Chỉ số đô la Mỹ,101.83
2008,7,Giao thông,
2008,7,Giáo dục,101.02
2008,7,Hàng hoá và dịch vụ khác,101.14
2008,7,Hàng ăn và dịch vụ ăn uống,100.99
2008,7,Lương thực,99.63
2008,7,"May mặc, mũ nón, giày dép",101.40
2008,7,Nhà ở và vật liệu xây dựng,101.67
2008,7,"Phương tiện đi lại, bưu điện",100.55
2008,7,Thiết bị và đồ dùng gia đình,101.53
2008,7,Thuốc và dịch vụ y tế,102.00
2008,7,Thực phẩm,101.33
2008,7,Trong đó: Dịch vụ giáo dục,
2008,7,Trong đó: Dịch vụ y tế,
2008,7,"Văn hóa, giải trí và du lịch",100.85
2008,7,Ăn uống ngoài gia đình,
2008,7,Đồ uống và thuốc lá,100.98
2008,8,Bưu chính viễn thông,
2008,8,Chỉ số giá tiêu dùng,101.56
2008,8,Chỉ số giá vàng,97.04
2008,8,Chỉ số đô la Mỹ,97.04
2008,8,Giao thông,
2008,8,Giáo dục,101.16
2008,8,Hàng hoá và dịch vụ khác,100.90
2008,8,Hàng ăn và dịch vụ ăn uống,100.50
2008,8,Lương thực,98.90
2008,8,"May mặc, mũ nón, giày dép",101.00
2008,8,Nhà ở và vật liệu xây dựng,102.18
2008,8,"Phương tiện đi lại, bưu điện",109.07
2008,8,Thiết bị và đồ dùng gia đình,101.11
2008,8,Thuốc và dịch vụ y tế,101.23
2008,8,Thực phẩm,100.53
2008,8,Trong đó: Dịch vụ giáo dục,
2008,8,Trong đó: Dịch vụ y tế,
2008,8,"Văn hóa, giải trí và du lịch",101.08
2008,8,Ăn uống ngoài gia đình,
2008,8,Đồ uống và thuốc lá,100.67
2008,9,Bưu chính viễn thông,
2008,9,Chỉ số giá tiêu dùng,100.18
2008,9,Chỉ số giá vàng,93.64
2008,9,Chỉ số đô la Mỹ,99.25
2008,9,Giao thông,
2008,9,Giáo dục,101.40
2008,9,Hàng hoá và dịch vụ khác,100.36
2008,9,Hàng ăn và dịch vụ ăn uống,100.00
2008,9,Lương thực,98.25
2008,9,"May mặc, mũ nón, giày dép",100.74
2008,9,Nhà ở và vật liệu xây dựng,99.37
2008,9,"Phương tiện đi lại, bưu điện",99.52
2008,9,Thiết bị và đồ dùng gia đình,101.11
2008,9,Thuốc và dịch vụ y tế,100.81
2008,9,Thực phẩm,100.26
2008,9,Trong đó: Dịch vụ giáo dục,
2008,9,Trong đó: Dịch vụ y tế,
2008,9,"Văn hóa, giải trí và du lịch",101.45
2008,9,Ăn uống ngoài gia đình,
2008,9,Đồ uống và thuốc lá,100.54
2008,10,Bưu chính viễn thông,
2008,10,Chỉ số giá tiêu dùng,99.81
2008,10,Chỉ số giá vàng,103.21
2008,10,Chỉ số đô la Mỹ,99.95
2008,10,Giao thông,
2008,10,Giáo dục,100.69
2008,10,Hàng hoá và dịch vụ khác,100.85
2008,10,Hàng ăn và dịch vụ ăn uống,99.58
2008,10,Lương thực,98.09
2008,10,"May mặc, mũ nón, giày dép",100.70
2008,10,Nhà ở và vật liệu xây dựng,98.92
2008,10,"Phương tiện đi lại, bưu điện",99.06
2008,10,Thiết bị và đồ dùng gia đình,100.73
2008,10,Thuốc và dịch vụ y tế,100.58
2008,10,Thực phẩm,100.01
2008,10,Trong đó: Dịch vụ giáo dục,
2008,10,Trong đó: Dịch vụ y tế,
2008,10,"Văn hóa, giải trí và du lịch",100.38
2008,10,Ăn uống ngoài gia đình,
2008,10,Đồ uống và thuốc lá,100.67
2008,11,Bưu chính viễn thông,
2008,11,Chỉ số giá tiêu dùng,99.24
2008,11,Chỉ số giá vàng,94.20
2008,11,Chỉ số đô la Mỹ,102.10
2008,11,Giao thông,
2008,11,Giáo dục,100.12
2008,11,Hàng hoá và dịch vụ khác,100.39
2008,11,Hàng ăn và dịch vụ ăn uống,99.93
2008,11,Lương thực,96.90
2008,11,"May mặc, mũ nón, giày dép",100.86
2008,11,Nhà ở và vật liệu xây dựng,95.14
2008,11,"Phương tiện đi lại, bưu điện",95.60
2008,11,Thiết bị và đồ dùng gia đình,100.67
2008,11,Thuốc và dịch vụ y tế,100.28
2008,11,Thực phẩm,100.91
2008,11,Trong đó: Dịch vụ giáo dục,
2008,11,Trong đó: Dịch vụ y tế,
2008,11,"Văn hóa, giải trí và du lịch",100.28
2008,11,Ăn uống ngoài gia đình,
2008,11,Đồ uống và thuốc lá,100.90
2008,12,Bưu chính viễn thông,
2008,12,Chỉ số giá tiêu dùng,99.32
2008,12,Chỉ số giá vàng,100.78
2008,12,Chỉ số đô la Mỹ,101.14
2008,12,Giao thông,
2008,12,Giáo dục,100.17
2008,12,Hàng hoá và dịch vụ khác,100.75
2008,12,Hàng ăn và dịch vụ ăn uống,99.87
2008,12,Lương thực,97.64
2008,12,"May mặc, mũ nón, giày dép",101.01
2008,12,Nhà ở và vật liệu xây dựng,97.64
2008,12,"Phương tiện đi lại, bưu điện",93.23
2008,12,Thiết bị và đồ dùng gia đình,100.60
2008,12,Thuốc và dịch vụ y tế,100.35
2008,12,Thực phẩm,100.76
2008,12,Trong đó: Dịch vụ giáo dục,
2008,12,Trong đó: Dịch vụ y tế,
2008,12,"Văn hóa, giải trí và du lịch",100.66
2008,12,Ăn uống ngoài gia đình,
2008,12,Đồ uống và thuốc lá,100.68
2009,1,Bưu chính viễn thông,
2009,1,Chỉ số giá tiêu dùng,100.32
2009,1,Chỉ số giá vàng,103.64
2009,1,Chỉ số đô la Mỹ,101.48
2009,1,Giao thông,
2009,1,Giáo dục,100.07
2009,1,Hàng hoá và dịch vụ khác,101.93
2009,1,Hàng ăn và dịch vụ ăn uống,100.39
2009,1,Lương thực,99.96
2009,1,"May mặc, mũ nón, giày dép",101.46
2009,1,Nhà ở và vật liệu xây dựng,100.77
2009,1,"Phương tiện đi lại, bưu điện",96.49
2009,1,Thiết bị và đồ dùng gia đình,100.61
2009,1,Thuốc và dịch vụ y tế,100.47
2009,1,Thực phẩm,100.55
2009,1,Trong đó: Dịch vụ giáo dục,
2009,1,Trong đó: Dịch vụ y tế,
2009,1,"Văn hóa, giải trí và du lịch",101.66
2009,1,Ăn uống ngoài gia đình,
2009,1,Đồ uống và thuốc lá,101.89
2009,2,Bưu chính viễn thông,
2009,2,Chỉ số giá tiêu dùng,101.17
2009,2,Chỉ số giá vàng,105.74
2009,2,Chỉ số đô la Mỹ,100.91
2009,2,Giao thông,
2009,2,Giáo dục,100.04
2009,2,Hàng hoá và dịch vụ khác,102.01
2009,2,Hàng ăn và dịch vụ ăn uống,101.67
2009,2,Lương thực,100.82
2009,2,"May mặc, mũ nón, giày dép",100.44
2009,2,Nhà ở và vật liệu xây dựng,101.59
2009,2,"Phương tiện đi lại, bưu điện",99.95
2009,2,Thiết bị và đồ dùng gia đình,100.70
2009,2,Thuốc và dịch vụ y tế,100.36
2009,2,Thực phẩm,101.72
2009,2,Trong đó: Dịch vụ giáo dục,
2009,2,Trong đó: Dịch vụ y tế,
2009,2,"Văn hóa, giải trí và du lịch",99.93
2009,2,Ăn uống ngoài gia đình,
2009,2,Đồ uống và thuốc lá,100.80
2009,3,Bưu chính viễn thông,
2009,3,Chỉ số giá tiêu dùng,99.83
2009,3,Chỉ số giá vàng,105.44
2009,3,Chỉ số đô la Mỹ,100.19
2009,3,Giao thông,
2009,3,Giáo dục,100.09
2009,3,Hàng hoá và dịch vụ khác,100.26
2009,3,Hàng ăn và dịch vụ ăn uống,99.54
2009,3,Lương thực,101.27
2009,3,"May mặc, mũ nón, giày dép",100.19
2009,3,Nhà ở và vật liệu xây dựng,100.30
2009,3,"Phương tiện đi lại, bưu điện",99.45
2009,3,Thiết bị và đồ dùng gia đình,100.34
2009,3,Thuốc và dịch vụ y tế,100.29
2009,3,Thực phẩm,98.45
2009,3,Trong đó: Dịch vụ giáo dục,
2009,3,Trong đó: Dịch vụ y tế,
2009,3,"Văn hóa, giải trí và du lịch",99.88
2009,3,Ăn uống ngoài gia đình,
2009,3,Đồ uống và thuốc lá,100.35
2009,4,Bưu chính viễn thông,
2009,4,Chỉ số giá tiêu dùng,100.35
2009,4,Chỉ số giá vàng,101.40
2009,4,Chỉ số đô la Mỹ,101.25
2009,4,Giao thông,
2009,4,Giáo dục,100.10
2009,4,Hàng hoá và dịch vụ khác,100.38
2009,4,Hàng ăn và dịch vụ ăn uống,100.43
2009,4,Lương thực,100.03
2009,4,"May mặc, mũ nón, giày dép",100.20
2009,4,Nhà ở và vật liệu xây dựng,100.45
2009,4,"Phương tiện đi lại, bưu điện",100.48
2009,4,Thiết bị và đồ dùng gia đình,100.28
2009,4,Thuốc và dịch vụ y tế,100.24
2009,4,Thực phẩm,100.46
2009,4,Trong đó: Dịch vụ giáo dục,
2009,4,Trong đó: Dịch vụ y tế,
2009,4,"Văn hóa, giải trí và du lịch",99.36
2009,4,Ăn uống ngoài gia đình,
2009,4,Đồ uống và thuốc lá,100.45
2009,5,Bưu chính viễn thông,
2009,5,Chỉ số giá tiêu dùng,100.44
2009,5,Chỉ số giá vàng,100.61
2009,5,Chỉ số đô la Mỹ,101.25
2009,5,Giao thông,
2009,5,Giáo dục,100.04
2009,5,Hàng hoá và dịch vụ khác,101.44
2009,5,Hàng ăn và dịch vụ ăn uống,100.18
2009,5,Lương thực,99.63
2009,5,"May mặc, mũ nón, giày dép",100.26
2009,5,Nhà ở và vật liệu xây dựng,100.97
2009,5,"Phương tiện đi lại, bưu điện",101.80
2009,5,Thiết bị và đồ dùng gia đình,100.51
2009,5,Thuốc và dịch vụ y tế,100.18
2009,5,Thực phẩm,100.36
2009,5,Trong đó: Dịch vụ giáo dục,
2009,5,Trong đó: Dịch vụ y tế,
2009,5,"Văn hóa, giải trí và du lịch",100.03
2009,5,Ăn uống ngoài gia đình,
2009,5,Đồ uống và thuốc lá,100.31
2009,6,Bưu chính viễn thông,
2009,6,Chỉ số giá tiêu dùng,100.55
2009,6,Chỉ số giá vàng,105.57
2009,6,Chỉ số đô la Mỹ,100.14
2009,6,Giao thông,
2009,6,Giáo dục,100.07
2009,6,Hàng hoá và dịch vụ khác,101.36
2009,6,Hàng ăn và dịch vụ ăn uống,100.28
2009,6,Lương thực,98.90
2009,6,"May mặc, mũ nón, giày dép",100.47
2009,6,Nhà ở và vật liệu xây dựng,101.45
2009,6,"Phương tiện đi lại, bưu điện",101.35
2009,6,Thiết bị và đồ dùng gia đình,100.66
2009,6,Thuốc và dịch vụ y tế,100.27
2009,6,Thực phẩm,100.67
2009,6,Trong đó: Dịch vụ giáo dục,
2009,6,Trong đó: Dịch vụ y tế,
2009,6,"Văn hóa, giải trí và du lịch",100.30
2009,6,Ăn uống ngoài gia đình,
2009,6,Đồ uống và thuốc lá,100.64
2009,7,Bưu chính viễn thông,
2009,7,Chỉ số giá tiêu dùng,100.52
2009,7,Chỉ số giá vàng,99.57
2009,7,Chỉ số đô la Mỹ,100.85
2009,7,Giao thông,
2009,7,Giáo dục,100.21
2009,7,Hàng hoá và dịch vụ khác,100.45
2009,7,Hàng ăn và dịch vụ ăn uống,99.95
2009,7,Lương thực,99.08
2009,7,"May mặc, mũ nón, giày dép",100.29
2009,7,Nhà ở và vật liệu xây dựng,101.89
2009,7,"Phương tiện đi lại, bưu điện",103.05
2009,7,Thiết bị và đồ dùng gia đình,100.37
2009,7,Thuốc và dịch vụ y tế,100.36
2009,7,Thực phẩm,99.95
2009,7,Trong đó: Dịch vụ giáo dục,
2009,7,Trong đó: Dịch vụ y tế,
2009,7,"Văn hóa, giải trí và du lịch",100.45
2009,7,Ăn uống ngoài gia đình,
2009,7,Đồ uống và thuốc lá,100.47
2009,8,Bưu chính viễn thông,
2009,8,Chỉ số giá tiêu dùng,100.24
2009,8,Chỉ số giá vàng,101.75
2009,8,Chỉ số đô la Mỹ,100.13
2009,8,Giao thông,
2009,8,Giáo dục,100.15
2009,8,Hàng hoá và dịch vụ khác,100.40
2009,8,Hàng ăn và dịch vụ ăn uống,99.92
2009,8,Lương thực,99.58
2009,8,"May mặc, mũ nón, giày dép",100.52
2009,8,Nhà ở và vật liệu xây dựng,100.93
2009,8,"Phương tiện đi lại, bưu điện",101.31
2009,8,Thiết bị và đồ dùng gia đình,100.30
2009,8,Thuốc và dịch vụ y tế,100.16
2009,8,Thực phẩm,99.91
2009,8,Trong đó: Dịch vụ giáo dục,
2009,8,Trong đó: Dịch vụ y tế,
2009,8,"Văn hóa, giải trí và du lịch",100.12
2009,8,Ăn uống ngoài gia đình,
2009,8,Đồ uống và thuốc lá,100.11
2009,9,Bưu chính viễn thông,
2009,9,Chỉ số giá tiêu dùng,100.62
2009,9,Chỉ số giá vàng,102.04
2009,9,Chỉ số đô la Mỹ,99.77
2009,9,Giao thông,
2009,9,Giáo dục,104.33
2009,9,Hàng hoá và dịch vụ khác,100.48
2009,9,Hàng ăn và dịch vụ ăn uống,100.05
2009,9,Lương thực,99.15
2009,9,"May mặc, mũ nón, giày dép",100.67
2009,9,Nhà ở và vật liệu xây dựng,100.87
2009,9,"Phương tiện đi lại, bưu điện",102.37
2009,9,Thiết bị và đồ dùng gia đình,100.37
2009,9,Thuốc và dịch vụ y tế,100.19
2009,9,Thực phẩm,100.17
2009,9,Trong đó: Dịch vụ giáo dục,
2009,9,Trong đó: Dịch vụ y tế,
2009,9,"Văn hóa, giải trí và du lịch",100.25
2009,9,Ăn uống ngoài gia đình,
2009,9,Đồ uống và thuốc lá,100.75
2009,10,Bưu chính viễn thông,
2009,10,Chỉ số giá tiêu dùng,100.37
2009,10,Chỉ số giá vàng,105.01
2009,10,Chỉ số đô la Mỹ,99.65
2009,10,Giao thông,
2009,10,Giáo dục,100.73
2009,10,Hàng hoá và dịch vụ khác,100.48
2009,10,Hàng ăn và dịch vụ ăn uống,100.32
2009,10,Lương thực,100.03
2009,10,"May mặc, mũ nón, giày dép",100.27
2009,10,Nhà ở và vật liệu xây dựng,100.55
2009,10,"Phương tiện đi lại, bưu điện",100.77
2009,10,Thiết bị và đồ dùng gia đình,100.22
2009,10,Thuốc và dịch vụ y tế,100.16
2009,10,Thực phẩm,100.49
2009,10,Trong đó: Dịch vụ giáo dục,
2009,10,Trong đó: Dịch vụ y tế,
2009,10,"Văn hóa, giải trí và du lịch",100.02
2009,10,Ăn uống ngoài gia đình,
2009,10,Đồ uống và thuốc lá,100.14
2009,11,Bưu chính viễn thông,
2009,11,Chỉ số giá tiêu dùng,100.55
2009,11,Chỉ số giá vàng,110.08
2009,11,Chỉ số đô la Mỹ,101.45
2009,11,Giao thông,
2009,11,Giáo dục,100.06
2009,11,Hàng hoá và dịch vụ khác,100.54
2009,11,Hàng ăn và dịch vụ ăn uống,100.87
2009,11,Lương thực,102.22
2009,11,"May mặc, mũ nón, giày dép",100.32
2009,11,Nhà ở và vật liệu xây dựng,100.75
2009,11,"Phương tiện đi lại, bưu điện",100.31
2009,11,Thiết bị và đồ dùng gia đình,100.22
2009,11,Thuốc và dịch vụ y tế,100.09
2009,11,Thực phẩm,100.62
2009,11,Trong đó: Dịch vụ giáo dục,
2009,11,Trong đó: Dịch vụ y tế,
2009,11,"Văn hóa, giải trí và du lịch",100.03
2009,11,Ăn uống ngoài gia đình,
2009,11,Đồ uống và thuốc lá,100.44
2009,12,Bưu chính viễn thông,
2009,12,Chỉ số giá tiêu dùng,101.38
2009,12,Chỉ số giá vàng,110.49
2009,12,Chỉ số đô la Mỹ,103.19
2009,12,Giao thông,
2009,12,Giáo dục,100.08
2009,12,Hàng hoá và dịch vụ khác,101.00
2009,12,Hàng ăn và dịch vụ ăn uống,102.06
2009,12,Lương thực,106.88
2009,12,"May mặc, mũ nón, giày dép",100.81
2009,12,Nhà ở và vật liệu xây dựng,101.40
2009,12,"Phương tiện đi lại, bưu điện",101.86
2009,12,Thiết bị và đồ dùng gia đình,100.25
2009,12,Thuốc và dịch vụ y tế,100.44
2009,12,Thực phẩm,100.89
2009,12,Trong đó: Dịch vụ giáo dục,
2009,12,Trong đó: Dịch vụ y tế,
2009,12,"Văn hóa, giải trí và du lịch",100.07
2009,12,Ăn uống ngoài gia đình,
2009,12,Đồ uống và thuốc lá,100.97
2010,1,Bưu chính viễn thông,99.89
2010,1,Chỉ số giá tiêu dùng,101.36
2010,1,Chỉ số giá vàng,97.06
2010,1,Chỉ số đô la Mỹ,99.89
2010,1,Giao thông,100.53
2010,1,Giáo dục,100.27
2010,1,Hàng hoá và dịch vụ khác,102.24
2010,1,Hàng ăn và dịch vụ ăn uống,102.11
2010,1,Lương thực,104.41
2010,1,"May mặc, mũ nón, giày dép",101.24
2010,1,Nhà ở và vật liệu xây dựng,101.66
2010,1,"Phương tiện đi lại, bưu điện",
2010,1,Thiết bị và đồ dùng gia đình,100.58
2010,1,Thuốc và dịch vụ y tế,100.27
2010,1,Thực phẩm,101.65
2010,1,Trong đó: Dịch vụ giáo dục,
2010,1,Trong đó: Dịch vụ y tế,
2010,1,"Văn hóa, giải trí và du lịch",100.33
2010,1,Ăn uống ngoài gia đình,
2010,1,Đồ uống và thuốc lá,101.14
2010,2,Bưu chính viễn thông,98.77
2010,2,Chỉ số giá tiêu dùng,101.96
2010,2,Chỉ số giá vàng,97.97
2010,2,Chỉ số đô la Mỹ,100.33
2010,2,Giao thông,101.45
2010,2,Giáo dục,100.12
2010,2,Hàng hoá và dịch vụ khác,102.52
2010,2,Hàng ăn và dịch vụ ăn uống,103.09
2010,2,Lương thực,102.94
2010,2,"May mặc, mũ nón, giày dép",101.39
2010,2,Nhà ở và vật liệu xây dựng,101.75
2010,2,"Phương tiện đi lại, bưu điện",
2010,2,Thiết bị và đồ dùng gia đình,100.93
2010,2,Thuốc và dịch vụ y tế,100.42
2010,2,Thực phẩm,103.46
2010,2,Trong đó: Dịch vụ giáo dục,
2010,2,Trong đó: Dịch vụ y tế,
2010,2,"Văn hóa, giải trí và du lịch",101.22
2010,2,Ăn uống ngoài gia đình,
2010,2,Đồ uống và thuốc lá,102.27
2010,3,Bưu chính viễn thông,99.80
2010,3,Chỉ số giá tiêu dùng,100.75
2010,3,Chỉ số giá vàng,101.21
2010,3,Chỉ số đô la Mỹ,101.28
2010,3,Giao thông,100.92
2010,3,Giáo dục,100.18
2010,3,Hàng hoá và dịch vụ khác,100.56
2010,3,Hàng ăn và dịch vụ ăn uống,101.03
2010,3,Lương thực,99.10
2010,3,"May mặc, mũ nón, giày dép",100.15
2010,3,Nhà ở và vật liệu xây dựng,101.38
2010,3,"Phương tiện đi lại, bưu điện",
2010,3,Thiết bị và đồ dùng gia đình,100.39
2010,3,Thuốc và dịch vụ y tế,100.34
2010,3,Thực phẩm,101.50
2010,3,Trong đó: Dịch vụ giáo dục,
2010,3,Trong đó: Dịch vụ y tế,
2010,3,"Văn hóa, giải trí và du lịch",100.50
2010,3,Ăn uống ngoài gia đình,
2010,3,Đồ uống và thuốc lá,100.16
2010,4,Bưu chính viễn thông,99.94
2010,4,Chỉ số giá tiêu dùng,100.14
2010,4,Chỉ số giá vàng,99.20
2010,4,Chỉ số đô la Mỹ,99.72
2010,4,Giao thông,100.12
2010,4,Giáo dục,100.12
2010,4,Hàng hoá và dịch vụ khác,100.33
2010,4,Hàng ăn và dịch vụ ăn uống,99.37
2010,4,Lương thực,98.09
2010,4,"May mặc, mũ nón, giày dép",100.35
2010,4,Nhà ở và vật liệu xây dựng,102.51
2010,4,"Phương tiện đi lại, bưu điện",
2010,4,Thiết bị và đồ dùng gia đình,100.45
2010,4,Thuốc và dịch vụ y tế,100.32
2010,4,Thực phẩm,99.47
2010,4,Trong đó: Dịch vụ giáo dục,
2010,4,Trong đó: Dịch vụ y tế,
2010,4,"Văn hóa, giải trí và du lịch",100.25
2010,4,Ăn uống ngoài gia đình,
2010,4,Đồ uống và thuốc lá,100.37
2010,5,Bưu chính viễn thông,99.95
2010,5,Chỉ số giá tiêu dùng,100.27
2010,5,Chỉ số giá vàng,101.91
2010,5,Chỉ số đô la Mỹ,99.37
2010,5,Giao thông,100.12
2010,5,Giáo dục,100.07
2010,5,Hàng hoá và dịch vụ khác,101.34
2010,5,Hàng ăn và dịch vụ ăn uống,99.88
2010,5,Lương thực,98.71
2010,5,"May mặc, mũ nón, giày dép",100.32
2010,5,Nhà ở và vật liệu xây dựng,101.46
2010,5,"Phương tiện đi lại, bưu điện",
2010,5,Thiết bị và đồ dùng gia đình,100.39
2010,5,Thuốc và dịch vụ y tế,100.27
2010,5,Thực phẩm,100.09
2010,5,Trong đó: Dịch vụ giáo dục,
2010,5,Trong đó: Dịch vụ y tế,
2010,5,"Văn hóa, giải trí và du lịch",100.37
2010,5,Ăn uống ngoài gia đình,
2010,5,Đồ uống và thuốc lá,100.32
2010,6,Bưu chính viễn thông,100.49
2010,6,Chỉ số giá tiêu dùng,100.22
2010,6,Chỉ số giá vàng,103.09
2010,6,Chỉ số đô la Mỹ,99.83
2010,6,Giao thông,99.29
2010,6,Giáo dục,100.09
2010,6,Hàng hoá và dịch vụ khác,100.46
2010,6,Hàng ăn và dịch vụ ăn uống,100.37
2010,6,Lương thực,99.17
2010,6,"May mặc, mũ nón, giày dép",100.33
2010,6,Nhà ở và vật liệu xây dựng,100.01
2010,6,"Phương tiện đi lại, bưu điện",
2010,6,Thiết bị và đồ dùng gia đình,100.48
2010,6,Thuốc và dịch vụ y tế,100.21
2010,6,Thực phẩm,100.71
2010,6,Trong đó: Dịch vụ giáo dục,
2010,6,Trong đó: Dịch vụ y tế,
2010,6,"Văn hóa, giải trí và du lịch",100.36
2010,6,Ăn uống ngoài gia đình,
2010,6,Đồ uống và thuốc lá,100.62
2010,7,Bưu chính viễn thông,99.93
2010,7,Chỉ số giá tiêu dùng,100.06
2010,7,Chỉ số giá vàng,102.15
2010,7,Chỉ số đô la Mỹ,100.38
2010,7,Giao thông,99.06
2010,7,Giáo dục,100.11
2010,7,Hàng hoá và dịch vụ khác,100.30
2010,7,Hàng ăn và dịch vụ ăn uống,100.21
2010,7,Lương thực,99.03
2010,7,"May mặc, mũ nón, giày dép",100.35
2010,7,Nhà ở và vật liệu xây dựng,99.53
2010,7,"Phương tiện đi lại, bưu điện",
2010,7,Thiết bị và đồ dùng gia đình,100.39
2010,7,Thuốc và dịch vụ y tế,100.22
2010,7,Thực phẩm,100.50
2010,7,Trong đó: Dịch vụ giáo dục,
2010,7,Trong đó: Dịch vụ y tế,
2010,7,"Văn hóa, giải trí và du lịch",100.25
2010,7,Ăn uống ngoài gia đình,
2010,7,Đồ uống và thuốc lá,100.41
2010,8,Bưu chính viễn thông,95.45
2010,8,Chỉ số giá tiêu dùng,100.23
2010,8,Chỉ số giá vàng,99.12
2010,8,Chỉ số đô la Mỹ,100.48
2010,8,Giao thông,100.37
2010,8,Giáo dục,101.29
2010,8,Hàng hoá và dịch vụ khác,100.19
2010,8,Hàng ăn và dịch vụ ăn uống,100.27
2010,8,Lương thực,100.67
2010,8,"May mặc, mũ nón, giày dép",100.51
2010,8,Nhà ở và vật liệu xây dựng,100.07
2010,8,"Phương tiện đi lại, bưu điện",
2010,8,Thiết bị và đồ dùng gia đình,100.38
2010,8,Thuốc và dịch vụ y tế,100.41
2010,8,Thực phẩm,100.10
2010,8,Trong đó: Dịch vụ giáo dục,
2010,8,Trong đó: Dịch vụ y tế,
2010,8,"Văn hóa, giải trí và du lịch",100.14
2010,8,Ăn uống ngoài gia đình,
2010,8,Đồ uống và thuốc lá,100.32
2010,9,Bưu chính viễn thông,99.93
2010,9,Chỉ số giá tiêu dùng,101.31
2010,9,Chỉ số giá vàng,103.58
2010,9,Chỉ số đô la Mỹ,101.61
2010,9,Giao thông,100.91
2010,9,Giáo dục,112.02
2010,9,Hàng hoá và dịch vụ khác,100.57
2010,9,Hàng ăn và dịch vụ ăn uống,100.79
2010,9,Lương thực,102.32
2010,9,"May mặc, mũ nón, giày dép",100.34
2010,9,Nhà ở và vật liệu xây dựng,101.08
2010,9,"Phương tiện đi lại, bưu điện",
2010,9,Thiết bị và đồ dùng gia đình,100.34
2010,9,Thuốc và dịch vụ y tế,100.35
2010,9,Thực phẩm,100.39
2010,9,Trong đó: Dịch vụ giáo dục,
2010,9,Trong đó: Dịch vụ y tế,
2010,9,"Văn hóa, giải trí và du lịch",100.48
2010,9,Ăn uống ngoài gia đình,
2010,9,Đồ uống và thuốc lá,100.44
2010,10,Bưu chính viễn thông,99.93
2010,10,Chỉ số giá tiêu dùng,101.05
2010,10,Chỉ số giá vàng,107.87
2010,10,Chỉ số đô la Mỹ,100.60
2010,10,Giao thông,100.20
2010,10,Giáo dục,103.90
2010,10,Hàng hoá và dịch vụ khác,100.70
2010,10,Hàng ăn và dịch vụ ăn uống,101.32
2010,10,Lương thực,101.89
2010,10,"May mặc, mũ nón, giày dép",100.40
2010,10,Nhà ở và vật liệu xây dựng,101.04
2010,10,"Phương tiện đi lại, bưu điện",
2010,10,Thiết bị và đồ dùng gia đình,100.48
2010,10,Thuốc và dịch vụ y tế,100.27
2010,10,Thực phẩm,101.22
2010,10,Trong đó: Dịch vụ giáo dục,
2010,10,Trong đó: Dịch vụ y tế,
2010,10,"Văn hóa, giải trí và du lịch",100.16
2010,10,Ăn uống ngoài gia đình,
2010,10,Đồ uống và thuốc lá,100.90
2010,11,Bưu chính viễn thông,99.97
2010,11,Chỉ số giá tiêu dùng,101.86
2010,11,Chỉ số giá vàng,108.67
2010,11,Chỉ số đô la Mỹ,103.00
2010,11,Giao thông,100.29
2010,11,Giáo dục,100.23
2010,11,Hàng hoá và dịch vụ khác,100.99
2010,11,Hàng ăn và dịch vụ ăn uống,103.45
2010,11,Lương thực,106.02
2010,11,"May mặc, mũ nón, giày dép",100.90
2010,11,Nhà ở và vật liệu xây dựng,101.74
2010,11,"Phương tiện đi lại, bưu điện",
2010,11,Thiết bị và đồ dùng gia đình,100.74
2010,11,Thuốc và dịch vụ y tế,100.59
2010,11,Thực phẩm,103.27
2010,11,Trong đó: Dịch vụ giáo dục,
2010,11,Trong đó: Dịch vụ y tế,
2010,11,"Văn hóa, giải trí và du lịch",100.56
2010,11,Ăn uống ngoài gia đình,
2010,11,Đồ uống và thuốc lá,100.94
2010,12,Bưu chính viễn thông,99.98
2010,12,Chỉ số giá tiêu dùng,101.98
2010,12,Chỉ số giá vàng,105.43
2010,12,Chỉ số đô la Mỹ,102.86
2010,12,Giao thông,100.45
2010,12,Giáo dục,100.07
2010,12,Hàng hoá và dịch vụ khác,101.06
2010,12,Hàng ăn và dịch vụ ăn uống,103.31
2010,12,Lương thực,104.67
2010,12,"May mặc, mũ nón, giày dép",101.81
2010,12,Nhà ở và vật liệu xây dựng,102.53
2010,12,"Phương tiện đi lại, bưu điện",
2010,12,Thiết bị và đồ dùng gia đình,100.86
2010,12,Thuốc và dịch vụ y tế,100.41
2010,12,Thực phẩm,103.28
2010,12,Trong đó: Dịch vụ giáo dục,
2010,12,Trong đó: Dịch vụ y tế,
2010,12,"Văn hóa, giải trí và du lịch",100.51
2010,12,Ăn uống ngoài gia đình,
2010,12,Đồ uống và thuốc lá,101.30
2011,1,Bưu chính viễn thông,99.94
2011,1,Chỉ số giá tiêu dùng,101.74
2011,1,Chỉ số giá vàng,99.95
2011,1,Chỉ số đô la Mỹ,99.68
2011,1,Giao thông,100.81
2011,1,Giáo dục,102.89
2011,1,Hàng hoá và dịch vụ khác,101.04
2011,1,Hàng ăn và dịch vụ ăn uống,102.47
2011,1,Lương thực,102.28
2011,1,"May mặc, mũ nón, giày dép",101.81
2011,1,Nhà ở và vật liệu xây dựng,101.33
2011,1,"Phương tiện đi lại, bưu điện",
2011,1,Thiết bị và đồ dùng gia đình,100.77
2011,1,Thuốc và dịch vụ y tế,100.36
2011,1,Thực phẩm,102.74
2011,1,Trong đó: Dịch vụ giáo dục,
2011,1,Trong đó: Dịch vụ y tế,
2011,1,"Văn hóa, giải trí và du lịch",100.58
2011,1,Ăn uống ngoài gia đình,
2011,1,Đồ uống và thuốc lá,101.67
2011,2,Bưu chính viễn thông,99.99
2011,2,Chỉ số giá tiêu dùng,102.09
2011,2,Chỉ số giá vàng,99.65
2011,2,Chỉ số đô la Mỹ,100.94
2011,2,Giao thông,101.01
2011,2,Giáo dục,100.89
2011,2,Hàng hoá và dịch vụ khác,101.36
2011,2,Hàng ăn và dịch vụ ăn uống,103.65
2011,2,Lương thực,101.51
2011,2,"May mặc, mũ nón, giày dép",101.38
2011,2,Nhà ở và vật liệu xây dựng,100.83
2011,2,"Phương tiện đi lại, bưu điện",
2011,2,Thiết bị và đồ dùng gia đình,100.64
2011,2,Thuốc và dịch vụ y tế,100.30
2011,2,Thực phẩm,104.53
2011,2,Trong đó: Dịch vụ giáo dục,
2011,2,Trong đó: Dịch vụ y tế,
2011,2,"Văn hóa, giải trí và du lịch",101.24
2011,2,Ăn uống ngoài gia đình,
2011,2,Đồ uống và thuốc lá,102.14
2011,3,Bưu chính viễn thông,100.02
2011,3,Chỉ số giá tiêu dùng,102.17
2011,3,Chỉ số giá vàng,105.00
2011,3,Chỉ số đô la Mỹ,103.06
2011,3,Giao thông,106.69
2011,3,Giáo dục,100.90
2011,3,Hàng hoá và dịch vụ khác,101.39
2011,3,Hàng ăn và dịch vụ ăn uống,101.98
2011,3,Lương thực,102.18
2011,3,"May mặc, mũ nón, giày dép",101.00
2011,3,Nhà ở và vật liệu xây dựng,103.67
2011,3,"Phương tiện đi lại, bưu điện",
2011,3,Thiết bị và đồ dùng gia đình,101.22
2011,3,Thuốc và dịch vụ y tế,100.71
2011,3,Thực phẩm,101.57
2011,3,Trong đó: Dịch vụ giáo dục,
2011,3,Trong đó: Dịch vụ y tế,
2011,3,"Văn hóa, giải trí và du lịch",100.98
2011,3,Ăn uống ngoài gia đình,
2011,3,Đồ uống và thuốc lá,100.88
2011,4,Bưu chính viễn thông,100.02
2011,4,Chỉ số giá tiêu dùng,103.32
2011,4,Chỉ số giá vàng,98.80
2011,4,Chỉ số đô la Mỹ,98.39
2011,4,Giao thông,106.04
2011,4,Giáo dục,100.29
2011,4,Hàng hoá và dịch vụ khác,101.02
2011,4,Hàng ăn và dịch vụ ăn uống,104.50
2011,4,Lương thực,102.47
2011,4,"May mặc, mũ nón, giày dép",101.63
2011,4,Nhà ở và vật liệu xây dựng,104.38
2011,4,"Phương tiện đi lại, bưu điện",
2011,4,Thiết bị và đồ dùng gia đình,101.38
2011,4,Thuốc và dịch vụ y tế,101.03
2011,4,Thực phẩm,105.61
2011,4,Trong đó: Dịch vụ giáo dục,
2011,4,Trong đó: Dịch vụ y tế,
2011,4,"Văn hóa, giải trí và du lịch",101.31
2011,4,Ăn uống ngoài gia đình,
2011,4,Đồ uống và thuốc lá,101.01
2011,5,Bưu chính viễn thông,98.32
2011,5,Chỉ số giá tiêu dùng,102.21
2011,5,Chỉ số giá vàng,101.43
2011,5,Chỉ số đô la Mỹ,99.02
2011,5,Giao thông,102.67
2011,5,Giáo dục,100.25
2011,5,Hàng hoá và dịch vụ khác,102.06
2011,5,Hàng ăn và dịch vụ ăn uống,103.01
2011,5,Lương thực,101.77
2011,5,"May mặc, mũ nón, giày dép",101.17
2011,5,Nhà ở và vật liệu xây dựng,103.19
2011,5,"Phương tiện đi lại, bưu điện",
2011,5,Thiết bị và đồ dùng gia đình,100.97
2011,5,Thuốc và dịch vụ y tế,101.20
2011,5,Thực phẩm,103.53
2011,5,Trong đó: Dịch vụ giáo dục,
2011,5,Trong đó: Dịch vụ y tế,
2011,5,"Văn hóa, giải trí và du lịch",100.88
2011,5,Ăn uống ngoài gia đình,
2011,5,Đồ uống và thuốc lá,100.92
2011,6,Bưu chính viễn thông,99.99
2011,6,Chỉ số giá tiêu dùng,101.09
2011,6,Chỉ số giá vàng,100.36
2011,6,Chỉ số đô la Mỹ,99.22
2011,6,Giao thông,100.39
2011,6,Giáo dục,100.47
2011,6,Hàng hoá và dịch vụ khác,100.86
2011,6,Hàng ăn và dịch vụ ăn uống,101.79
2011,6,Lương thực,100.33
2011,6,"May mặc, mũ nón, giày dép",100.62
2011,6,Nhà ở và vật liệu xây dựng,100.56
2011,6,"Phương tiện đi lại, bưu điện",
2011,6,Thiết bị và đồ dùng gia đình,100.72
2011,6,Thuốc và dịch vụ y tế,100.25
2011,6,Thực phẩm,102.47
2011,6,Trong đó: Dịch vụ giáo dục,
2011,6,Trong đó: Dịch vụ y tế,
2011,6,"Văn hóa, giải trí và du lịch",100.77
2011,6,Ăn uống ngoài gia đình,
2011,6,Đồ uống và thuốc lá,100.76
2011,7,Bưu chính viễn thông,99.98
2011,7,Chỉ số giá tiêu dùng,101.17
2011,7,Chỉ số giá vàng,100.87
2011,7,Chỉ số đô la Mỹ,99.82
2011,7,Giao thông,100.26
2011,7,Giáo dục,100.26
2011,7,Hàng hoá và dịch vụ khác,100.49
2011,7,Hàng ăn và dịch vụ ăn uống,102.12
2011,7,Lương thực,99.12
2011,7,"May mặc, mũ nón, giày dép",100.74
2011,7,Nhà ở và vật liệu xây dựng,100.36
2011,7,"Phương tiện đi lại, bưu điện",
2011,7,Thiết bị và đồ dùng gia đình,100.61
2011,7,Thuốc và dịch vụ y tế,100.40
2011,7,Thực phẩm,103.20
2011,7,Trong đó: Dịch vụ giáo dục,
2011,7,Trong đó: Dịch vụ y tế,
2011,7,"Văn hóa, giải trí và du lịch",100.44
2011,7,Ăn uống ngoài gia đình,
2011,7,Đồ uống và thuốc lá,100.63
2011,8,Bưu chính viễn thông,99.94
2011,8,Chỉ số giá tiêu dùng,100.93
2011,8,Chỉ số giá vàng,108.70
2011,8,Chỉ số đô la Mỹ,100.26
2011,8,Giao thông,100.21
2011,8,Giáo dục,101.13
2011,8,Hàng hoá và dịch vụ khác,101.01
2011,8,Hàng ăn và dịch vụ ăn uống,101.35
2011,8,Lương thực,100.46
2011,8,"May mặc, mũ nón, giày dép",100.79
2011,8,Nhà ở và vật liệu xây dựng,100.89
2011,8,"Phương tiện đi lại, bưu điện",
2011,8,Thiết bị và đồ dùng gia đình,100.51
2011,8,Thuốc và dịch vụ y tế,100.25
2011,8,Thực phẩm,101.55
2011,8,Trong đó: Dịch vụ giáo dục,
2011,8,Trong đó: Dịch vụ y tế,
2011,8,"Văn hóa, giải trí và du lịch",100.34
2011,8,Ăn uống ngoài gia đình,
2011,8,Đồ uống và thuốc lá,100.55
2011,9,Bưu chính viễn thông,99.93
2011,9,Chỉ số giá tiêu dùng,100.82
2011,9,Chỉ số giá vàng,113.14
2011,9,Chỉ số đô la Mỹ,100.80
2011,9,Giao thông,99.76
2011,9,Giáo dục,108.62
2011,9,Hàng hoá và dịch vụ khác,101.37
2011,9,Hàng ăn và dịch vụ ăn uống,100.28
2011,9,Lương thực,101.53
2011,9,"May mặc, mũ nón, giày dép",100.92
2011,9,Nhà ở và vật liệu xây dựng,100.37
2011,9,"Phương tiện đi lại, bưu điện",
2011,9,Thiết bị và đồ dùng gia đình,100.51
2011,9,Thuốc và dịch vụ y tế,100.28
2011,9,Thực phẩm,99.72
2011,9,Trong đó: Dịch vụ giáo dục,
2011,9,Trong đó: Dịch vụ y tế,
2011,9,"Văn hóa, giải trí và du lịch",100.62
2011,9,Ăn uống ngoài gia đình,
2011,9,Đồ uống và thuốc lá,100.59
2011,10,Bưu chính viễn thông,99.83
2011,10,Chỉ số giá tiêu dùng,100.36
2011,10,Chỉ số giá vàng,95.78
2011,10,Chỉ số đô la Mỹ,100.39
2011,10,Giao thông,99.87
2011,10,Giáo dục,103.20
2011,10,Hàng hoá và dịch vụ khác,100.20
2011,10,Hàng ăn và dịch vụ ăn uống,100.06
2011,10,Lương thực,101.27
2011,10,"May mặc, mũ nón, giày dép",100.63
2011,10,Nhà ở và vật liệu xây dựng,99.97
2011,10,"Phương tiện đi lại, bưu điện",
2011,10,Thiết bị và đồ dùng gia đình,100.73
2011,10,Thuốc và dịch vụ y tế,100.45
2011,10,Thực phẩm,99.51
2011,10,Trong đó: Dịch vụ giáo dục,
2011,10,Trong đó: Dịch vụ y tế,
2011,10,"Văn hóa, giải trí và du lịch",100.30
2011,10,Ăn uống ngoài gia đình,
2011,10,Đồ uống và thuốc lá,100.49
2011,11,Bưu chính viễn thông,99.99
2011,11,Chỉ số giá tiêu dùng,100.39
2011,11,Chỉ số giá vàng,100.27
2011,11,Chỉ số đô la Mỹ,100.69
2011,11,Giao thông,99.99
2011,11,Giáo dục,100.08
2011,11,Hàng hoá và dịch vụ khác,100.61
2011,11,Hàng ăn và dịch vụ ăn uống,100.56
2011,11,Lương thực,103.25
2011,11,"May mặc, mũ nón, giày dép",100.65
2011,11,Nhà ở và vật liệu xây dựng,100.12
2011,11,"Phương tiện đi lại, bưu điện",
2011,11,Thiết bị và đồ dùng gia đình,100.61
2011,11,Thuốc và dịch vụ y tế,100.20
2011,11,Thực phẩm,99.74
2011,11,Trong đó: Dịch vụ giáo dục,
2011,11,Trong đó: Dịch vụ y tế,
2011,11,"Văn hóa, giải trí và du lịch",99.98
2011,11,Ăn uống ngoài gia đình,
2011,11,Đồ uống và thuốc lá,100.25
2011,12,Bưu chính viễn thông,99.91
2011,12,Chỉ số giá tiêu dùng,100.53
2011,12,Chỉ số giá vàng,99.03
2011,12,Chỉ số đô la Mỹ,100.02
2011,12,Giao thông,100.16
2011,12,Giáo dục,100.05
2011,12,Hàng hoá và dịch vụ khác,100.60
2011,12,Hàng ăn và dịch vụ ăn uống,100.69
2011,12,Lương thực,101.40
2011,12,"May mặc, mũ nón, giày dép",100.86
2011,12,Nhà ở và vật liệu xây dựng,100.51
2011,12,"Phương tiện đi lại, bưu điện",
2011,12,Thiết bị và đồ dùng gia đình,100.68
2011,12,Thuốc và dịch vụ y tế,100.24
2011,12,Thực phẩm,100.49
2011,12,Trong đó: Dịch vụ giáo dục,
2011,12,Trong đó: Dịch vụ y tế,
2011,12,"Văn hóa, giải trí và du lịch",100.35
2011,12,Ăn uống ngoài gia đình,
2011,12,Đồ uống và thuốc lá,100.49
2012,1,Bưu chính viễn thông,99.99
2012,1,Chỉ số giá tiêu dùng,101.00
2012,1,Chỉ số giá vàng,96.38
2012,1,Chỉ số đô la Mỹ,100.05
2012,1,Giao thông,100.66
2012,1,Giáo dục,100.02
2012,1,Hàng hoá và dịch vụ khác,101.00
2012,1,Hàng ăn và dịch vụ ăn uống,101.01
2012,1,Lương thực,99.86
2012,1,"May mặc, mũ nón, giày dép",101.97
2012,1,Nhà ở và vật liệu xây dựng,101.71
2012,1,"Phương tiện đi lại, bưu điện",
2012,1,Thiết bị và đồ dùng gia đình,100.96
2012,1,Thuốc và dịch vụ y tế,100.25
2012,1,Thực phẩm,101.41
2012,1,Trong đó: Dịch vụ giáo dục,
2012,1,Trong đó: Dịch vụ y tế,
2012,1,"Văn hóa, giải trí và du lịch",100.93
2012,1,Ăn uống ngoài gia đình,
2012,1,Đồ uống và thuốc lá,101.17
2012,2,Bưu chính viễn thông,99.84
2012,2,Chỉ số giá tiêu dùng,101.37
2012,2,Chỉ số giá vàng,103.27
2012,2,Chỉ số đô la Mỹ,99.59
2012,2,Giao thông,100.23
2012,2,Giáo dục,100.07
2012,2,Hàng hoá và dịch vụ khác,100.89
2012,2,Hàng ăn và dịch vụ ăn uống,102.11
2012,2,Lương thực,99.59
2012,2,"May mặc, mũ nón, giày dép",100.55
2012,2,Nhà ở và vật liệu xây dựng,102.47
2012,2,"Phương tiện đi lại, bưu điện",
2012,2,Thiết bị và đồ dùng gia đình,100.41
2012,2,Thuốc và dịch vụ y tế,100.29
2012,2,Thực phẩm,102.73
2012,2,Trong đó: Dịch vụ giáo dục,
2012,2,Trong đó: Dịch vụ y tế,
2012,2,"Văn hóa, giải trí và du lịch",100.52
2012,2,Ăn uống ngoài gia đình,
2012,2,Đồ uống và thuốc lá,100.86
2012,3,Bưu chính viễn thông,99.98
2012,3,Chỉ số giá tiêu dùng,100.16
2012,3,Chỉ số giá vàng,99.56
2012,3,Chỉ số đô la Mỹ,99.37
2012,3,Giao thông,101.08
2012,3,Giáo dục,101.11
2012,3,Hàng hoá và dịch vụ khác,100.44
2012,3,Hàng ăn và dịch vụ ăn uống,99.17
2012,3,Lương thực,98.79
2012,3,"May mặc, mũ nón, giày dép",100.41
2012,3,Nhà ở và vật liệu xây dựng,102.31
2012,3,"Phương tiện đi lại, bưu điện",
2012,3,Thiết bị và đồ dùng gia đình,100.55
2012,3,Thuốc và dịch vụ y tế,100.48
2012,3,Thực phẩm,98.75
2012,3,Trong đó: Dịch vụ giáo dục,
2012,3,Trong đó: Dịch vụ y tế,
2012,3,"Văn hóa, giải trí và du lịch",100.36
2012,3,Ăn uống ngoài gia đình,
2012,3,Đồ uống và thuốc lá,100.16
2012,4,Bưu chính viễn thông,99.99
2012,4,Chỉ số giá tiêu dùng,100.05
2012,4,Chỉ số giá vàng,97.38
2012,4,Chỉ số đô la Mỹ,99.93
2012,4,Giao thông,102.67
2012,4,Giáo dục,101.63
2012,4,Hàng hoá và dịch vụ khác,100.38
2012,4,Hàng ăn và dịch vụ ăn uống,99.20
2012,4,Lương thực,98.31
2012,4,"May mặc, mũ nón, giày dép",100.56
2012,4,Nhà ở và vật liệu xây dựng,99.56
2012,4,"Phương tiện đi lại, bưu điện",
2012,4,Thiết bị và đồ dùng gia đình,100.53
2012,4,Thuốc và dịch vụ y tế,100.25
2012,4,Thực phẩm,99.13
2012,4,Trong đó: Dịch vụ giáo dục,
2012,4,Trong đó: Dịch vụ y tế,
2012,4,"Văn hóa, giải trí và du lịch",100.27
2012,4,Ăn uống ngoài gia đình,
2012,4,Đồ uống và thuốc lá,100.20
2012,5,Bưu chính viễn thông,100.00
2012,5,Chỉ số giá tiêu dùng,100.18
2012,5,Chỉ số giá vàng,97.83
2012,5,Chỉ số đô la Mỹ,100.06
2012,5,Giao thông,101.32
2012,5,Giáo dục,100.07
2012,5,Hàng hoá và dịch vụ khác,103.09
2012,5,Hàng ăn và dịch vụ ăn uống,99.86
2012,5,Lương thực,99.46
2012,5,"May mặc, mũ nón, giày dép",100.58
2012,5,Nhà ở và vật liệu xây dựng,99.03
2012,5,"Phương tiện đi lại, bưu điện",
2012,5,Thiết bị và đồ dùng gia đình,100.57
2012,5,Thuốc và dịch vụ y tế,100.33
2012,5,Thực phẩm,99.74
2012,5,Trong đó: Dịch vụ giáo dục,
2012,5,Trong đó: Dịch vụ y tế,
2012,5,"Văn hóa, giải trí và du lịch",100.63
2012,5,Ăn uống ngoài gia đình,
2012,5,Đồ uống và thuốc lá,100.43
2012,6,Bưu chính viễn thông,99.98
2012,6,Chỉ số giá tiêu dùng,99.74
2012,6,Chỉ số giá vàng,97.97
2012,6,Chỉ số đô la Mỹ,100.20
2012,6,Giao thông,98.36
2012,6,Giáo dục,100.10
2012,6,Hàng hoá và dịch vụ khác,100.35
2012,6,Hàng ăn và dịch vụ ăn uống,99.77
2012,6,Lương thực,99.22
2012,6,"May mặc, mũ nón, giày dép",100.62
2012,6,Nhà ở và vật liệu xây dựng,98.79
2012,6,"Phương tiện đi lại, bưu điện",
2012,6,Thiết bị và đồ dùng gia đình,100.46
2012,6,Thuốc và dịch vụ y tế,100.46
2012,6,Thực phẩm,99.69
2012,6,Trong đó: Dịch vụ giáo dục,
2012,6,Trong đó: Dịch vụ y tế,
2012,6,"Văn hóa, giải trí và du lịch",99.73
2012,6,Ăn uống ngoài gia đình,
2012,6,Đồ uống và thuốc lá,100.33
2012,7,Bưu chính viễn thông,99.92
2012,7,Chỉ số giá tiêu dùng,99.71
2012,7,Chỉ số giá vàng,99.69
2012,7,Chỉ số đô la Mỹ,99.95
2012,7,Giao thông,97.29
2012,7,Giáo dục,100.11
2012,7,Hàng hoá và dịch vụ khác,100.40
2012,7,Hàng ăn và dịch vụ ăn uống,99.53
2012,7,Lương thực,98.51
2012,7,"May mặc, mũ nón, giày dép",100.46
2012,7,Nhà ở và vật liệu xây dựng,99.07
2012,7,"Phương tiện đi lại, bưu điện",
2012,7,Thiết bị và đồ dùng gia đình,100.40
2012,7,Thuốc và dịch vụ y tế,103.36
2012,7,Thực phẩm,99.55
2012,7,Trong đó: Dịch vụ giáo dục,
2012,7,Trong đó: Dịch vụ y tế,
2012,7,"Văn hóa, giải trí và du lịch",100.22
2012,7,Ăn uống ngoài gia đình,
2012,7,Đồ uống và thuốc lá,100.33
2012,8,Bưu chính viễn thông,99.99
2012,8,Chỉ số giá tiêu dùng,100.63
2012,8,Chỉ số giá vàng,100.41
2012,8,Chỉ số đô la Mỹ,99.85
2012,8,Giao thông,101.07
2012,8,Giáo dục,100.48
2012,8,Hàng hoá và dịch vụ khác,100.42
2012,8,Hàng ăn và dịch vụ ăn uống,99.82
2012,8,Lương thực,99.57
2012,8,"May mặc, mũ nón, giày dép",100.57
2012,8,Nhà ở và vật liệu xây dựng,102.03
2012,8,"Phương tiện đi lại, bưu điện",
2012,8,Thiết bị và đồ dùng gia đình,100.35
2012,8,Thuốc và dịch vụ y tế,105.44
2012,8,Thực phẩm,99.73
2012,8,Trong đó: Dịch vụ giáo dục,
2012,8,Trong đó: Dịch vụ y tế,
2012,8,"Văn hóa, giải trí và du lịch",100.95
2012,8,Ăn uống ngoài gia đình,
2012,8,Đồ uống và thuốc lá,100.24
2012,9,Bưu chính viễn thông,100.01
2012,9,Chỉ số giá tiêu dùng,102.20
2012,9,Chỉ số giá vàng,105.25
2012,9,Chỉ số đô la Mỹ,100.06
2012,9,Giao thông,103.83
2012,9,Giáo dục,110.54
2012,9,Hàng hoá và dịch vụ khác,100.61
2012,9,Hàng ăn và dịch vụ ăn uống,100.08
2012,9,Lương thực,100.35
2012,9,"May mặc, mũ nón, giày dép",100.46
2012,9,Nhà ở và vật liệu xây dựng,102.18
2012,9,"Phương tiện đi lại, bưu điện",
2012,9,Thiết bị và đồ dùng gia đình,100.31
2012,9,Thuốc và dịch vụ y tế,117.02
2012,9,Thực phẩm,99.93
2012,9,Trong đó: Dịch vụ giáo dục,
2012,9,Trong đó: Dịch vụ y tế,
2012,9,"Văn hóa, giải trí và du lịch",100.33
2012,9,Ăn uống ngoài gia đình,
2012,9,Đồ uống và thuốc lá,100.14
2012,10,Bưu chính viễn thông,99.98
2012,10,Chỉ số giá tiêu dùng,100.85
2012,10,Chỉ số giá vàng,104.64
2012,10,Chỉ số đô la Mỹ,100.06
2012,10,Giao thông,100.61
2012,10,Giáo dục,101.88
2012,10,Hàng hoá và dịch vụ khác,100.71
2012,10,Hàng ăn và dịch vụ ăn uống,100.29
2012,10,Lương thực,100.37
2012,10,"May mặc, mũ nón, giày dép",100.55
2012,10,Nhà ở và vật liệu xây dựng,101.09
2012,10,"Phương tiện đi lại, bưu điện",
2012,10,Thiết bị và đồ dùng gia đình,100.30
2012,10,Thuốc và dịch vụ y tế,105.94
2012,10,Thực phẩm,100.28
2012,10,Trong đó: Dịch vụ giáo dục,
2012,10,Trong đó: Dịch vụ y tế,
2012,10,"Văn hóa, giải trí và du lịch",100.24
2012,10,Ăn uống ngoài gia đình,
2012,10,Đồ uống và thuốc lá,100.17
2012,11,Bưu chính viễn thông,99.99
2012,11,Chỉ số giá tiêu dùng,100.47
2012,11,Chỉ số giá vàng,98.02
2012,11,Chỉ số đô la Mỹ,99.89
2012,11,Giao thông,100.03
2012,11,Giáo dục,100.13
2012,11,Hàng hoá và dịch vụ khác,100.42
2012,11,Hàng ăn và dịch vụ ăn uống,99.92
2012,11,Lương thực,100.05
2012,11,"May mặc, mũ nón, giày dép",100.83
2012,11,Nhà ở và vật liệu xây dựng,100.53
2012,11,"Phương tiện đi lại, bưu điện",
2012,11,Thiết bị và đồ dùng gia đình,100.56
2012,11,Thuốc và dịch vụ y tế,105.16
2012,11,Thực phẩm,99.79
2012,11,Trong đó: Dịch vụ giáo dục,
2012,11,Trong đó: Dịch vụ y tế,
2012,11,"Văn hóa, giải trí và du lịch",100.35
2012,11,Ăn uống ngoài gia đình,
2012,11,Đồ uống và thuốc lá,100.23
2012,12,Bưu chính viễn thông,99.98
2012,12,Chỉ số giá tiêu dùng,100.27
2012,12,Chỉ số giá vàng,100.46
2012,12,Chỉ số đô la Mỹ,100.03
2012,12,Giao thông,99.57
2012,12,Giáo dục,100.09
2012,12,Hàng hoá và dịch vụ khác,100.71
2012,12,Hàng ăn và dịch vụ ăn uống,100.28
2012,12,Lương thực,100.13
2012,12,"May mặc, mũ nón, giày dép",101.17
2012,12,Nhà ở và vật liệu xây dựng,100.15
2012,12,"Phương tiện đi lại, bưu điện",
2012,12,Thiết bị và đồ dùng gia đình,100.59
2012,12,Thuốc và dịch vụ y tế,100.14
2012,12,Thực phẩm,100.28
2012,12,Trong đó: Dịch vụ giáo dục,
2012,12,Trong đó: Dịch vụ y tế,
2012,12,"Văn hóa, giải trí và du lịch",100.34
2012,12,Ăn uống ngoài gia đình,
2012,12,Đồ uống và thuốc lá,100.32
2013,1,Bưu chính viễn thông,99.95
2013,1,Chỉ số giá tiêu dùng,101.25
2013,1,Chỉ số giá vàng,98.27
2013,1,Chỉ số đô la Mỹ,99.92
2013,1,Giao thông,100.03
2013,1,Giáo dục,100.30
2013,1,Hàng hoá và dịch vụ khác,100.74
2013,1,Hàng ăn và dịch vụ ăn uống,101.34
2013,1,Lương thực,100.15
2013,1,"May mặc, mũ nón, giày dép",101.30
2013,1,Nhà ở và vật liệu xây dựng,100.36
2013,1,"Phương tiện đi lại, bưu điện",
2013,1,Thiết bị và đồ dùng gia đình,100.54
2013,1,Thuốc và dịch vụ y tế,107.40
2013,1,Thực phẩm,101.96
2013,1,Trong đó: Dịch vụ giáo dục,
2013,1,Trong đó: Dịch vụ y tế,
2013,1,"Văn hóa, giải trí và du lịch",100.33
2013,1,Ăn uống ngoài gia đình,
2013,1,Đồ uống và thuốc lá,100.42
2013,2,Bưu chính viễn thông,99.97
2013,2,Chỉ số giá tiêu dùng,101.32
2013,2,Chỉ số giá vàng,99.67
2013,2,Chỉ số đô la Mỹ,100.03
2013,2,Giao thông,100.81
2013,2,Giáo dục,100.03
2013,2,Hàng hoá và dịch vụ khác,101.07
2013,2,Hàng ăn và dịch vụ ăn uống,102.28
2013,2,Lương thực,100.37
2013,2,"May mặc, mũ nón, giày dép",101.08
2013,2,Nhà ở và vật liệu xây dựng,100.45
2013,2,"Phương tiện đi lại, bưu điện",
2013,2,Thiết bị và đồ dùng gia đình,100.60
2013,2,Thuốc và dịch vụ y tế,100.58
2013,2,Thực phẩm,103.00
2013,2,Trong đó: Dịch vụ giáo dục,
2013,2,Trong đó: Dịch vụ y tế,
2013,2,"Văn hóa, giải trí và du lịch",100.40
2013,2,Ăn uống ngoài gia đình,
2013,2,Đồ uống và thuốc lá,101.50
2013,3,Bưu chính viễn thông,99.95
2013,3,Chỉ số giá tiêu dùng,99.81
2013,3,Chỉ số giá vàng,97.27
2013,3,Chỉ số đô la Mỹ,100.41
2013,3,Giao thông,99.75
2013,3,Giáo dục,100.04
2013,3,Hàng hoá và dịch vụ khác,100.16
2013,3,Hàng ăn và dịch vụ ăn uống,99.47
2013,3,Lương thực,99.41
2013,3,"May mặc, mũ nón, giày dép",100.18
2013,3,Nhà ở và vật liệu xây dựng,100.09
2013,3,"Phương tiện đi lại, bưu điện",
2013,3,Thiết bị và đồ dùng gia đình,100.23
2013,3,Thuốc và dịch vụ y tế,100.07
2013,3,Thực phẩm,99.05
2013,3,Trong đó: Dịch vụ giáo dục,
2013,3,Trong đó: Dịch vụ y tế,
2013,3,"Văn hóa, giải trí và du lịch",100.25
2013,3,Ăn uống ngoài gia đình,
2013,3,Đồ uống và thuốc lá,99.92
2013,4,Bưu chính viễn thông,99.85
2013,4,Chỉ số giá tiêu dùng,100.02
2013,4,Chỉ số giá vàng,97.44
2013,4,Chỉ số đô la Mỹ,100.01
2013,4,Giao thông,101.20
2013,4,Giáo dục,100.05
2013,4,Hàng hoá và dịch vụ khác,100.33
2013,4,Hàng ăn và dịch vụ ăn uống,99.09
2013,4,Lương thực,99.14
2013,4,"May mặc, mũ nón, giày dép",100.45
2013,4,Nhà ở và vật liệu xây dựng,99.56
2013,4,"Phương tiện đi lại, bưu điện",
2013,4,Thiết bị và đồ dùng gia đình,100.38
2013,4,Thuốc và dịch vụ y tế,103.62
2013,4,Thực phẩm,98.76
2013,4,Trong đó: Dịch vụ giáo dục,
2013,4,Trong đó: Dịch vụ y tế,
2013,4,"Văn hóa, giải trí và du lịch",100.33
2013,4,Ăn uống ngoài gia đình,
2013,4,Đồ uống và thuốc lá,100.10
2013,5,Bưu chính viễn thông,99.93
2013,5,Chỉ số giá tiêu dùng,99.94
2013,5,Chỉ số giá vàng,95.38
2013,5,Chỉ số đô la Mỹ,100.21
2013,5,Giao thông,99.43
2013,5,Giáo dục,100.02
2013,5,Hàng hoá và dịch vụ khác,100.08
2013,5,Hàng ăn và dịch vụ ăn uống,99.65
2013,5,Lương thực,99.31
2013,5,"May mặc, mũ nón, giày dép",100.36
2013,5,Nhà ở và vật liệu xây dựng,99.47
2013,5,"Phương tiện đi lại, bưu điện",
2013,5,Thiết bị và đồ dùng gia đình,100.36
2013,5,Thuốc và dịch vụ y tế,101.58
2013,5,Thực phẩm,99.55
2013,5,Trong đó: Dịch vụ giáo dục,
2013,5,Trong đó: Dịch vụ y tế,
2013,5,"Văn hóa, giải trí và du lịch",100.23
2013,5,Ăn uống ngoài gia đình,
2013,5,Đồ uống và thuốc lá,100.41
2013,6,Bưu chính viễn thông,99.87
2013,6,Chỉ số giá tiêu dùng,100.05
2013,6,Chỉ số giá vàng,95.89
2013,6,Chỉ số đô la Mỹ,100.26
2013,6,Giao thông,99.91
2013,6,Giáo dục,100.03
2013,6,Hàng hoá và dịch vụ khác,100.15
2013,6,Hàng ăn và dịch vụ ăn uống,99.92
2013,6,Lương thực,99.38
2013,6,"May mặc, mũ nón, giày dép",100.42
2013,6,Nhà ở và vật liệu xây dựng,100.02
2013,6,"Phương tiện đi lại, bưu điện",
2013,6,Thiết bị và đồ dùng gia đình,100.33
2013,6,Thuốc và dịch vụ y tế,100.09
2013,6,Thực phẩm,99.97
2013,6,Trong đó: Dịch vụ giáo dục,
2013,6,Trong đó: Dịch vụ y tế,
2013,6,"Văn hóa, giải trí và du lịch",100.40
2013,6,Ăn uống ngoài gia đình,
2013,6,Đồ uống và thuốc lá,100.32
2013,7,Bưu chính viễn thông,100.00
2013,7,Chỉ số giá tiêu dùng,100.27
2013,7,Chỉ số giá vàng,93.72
2013,7,Chỉ số đô la Mỹ,100.68
2013,7,Giao thông,101.34
2013,7,Giáo dục,100.09
2013,7,Hàng hoá và dịch vụ khác,100.14
2013,7,Hàng ăn và dịch vụ ăn uống,100.10
2013,7,Lương thực,99.70
2013,7,"May mặc, mũ nón, giày dép",100.25
2013,7,Nhà ở và vật liệu xây dựng,100.43
2013,7,"Phương tiện đi lại, bưu điện",
2013,7,Thiết bị và đồ dùng gia đình,100.26
2013,7,Thuốc và dịch vụ y tế,100.05
2013,7,Thực phẩm,100.18
2013,7,Trong đó: Dịch vụ giáo dục,
2013,7,Trong đó: Dịch vụ y tế,
2013,7,"Văn hóa, giải trí và du lịch",100.31
2013,7,Ăn uống ngoài gia đình,
2013,7,Đồ uống và thuốc lá,100.29
2013,8,Bưu chính viễn thông,99.98
2013,8,Chỉ số giá tiêu dùng,100.83
2013,8,Chỉ số giá vàng,100.32
2013,8,Chỉ số đô la Mỹ,100.06
2013,8,Giao thông,101.11
2013,8,Giáo dục,100.90
2013,8,Hàng hoá và dịch vụ khác,100.35
2013,8,Hàng ăn và dịch vụ ăn uống,100.54
2013,8,Lương thực,100.70
2013,8,"May mặc, mũ nón, giày dép",100.44
2013,8,Nhà ở và vật liệu xây dựng,100.88
2013,8,"Phương tiện đi lại, bưu điện",
2013,8,Thiết bị và đồ dùng gia đình,100.22
2013,8,Thuốc và dịch vụ y tế,104.11
2013,8,Thực phẩm,100.62
2013,8,Trong đó: Dịch vụ giáo dục,
2013,8,Trong đó: Dịch vụ y tế,
2013,8,"Văn hóa, giải trí và du lịch",100.27
2013,8,Ăn uống ngoài gia đình,
2013,8,Đồ uống và thuốc lá,100.27
2013,9,Bưu chính viễn thông,99.99
2013,9,Chỉ số giá tiêu dùng,101.06
2013,9,Chỉ số giá vàng,101.97
2013,9,Chỉ số đô la Mỹ,99.74
2013,9,Giao thông,99.76
2013,9,Giáo dục,109.38
2013,9,Hàng hoá và dịch vụ khác,101.33
2013,9,Hàng ăn và dịch vụ ăn uống,100.65
2013,9,Lương thực,100.41
2013,9,"May mặc, mũ nón, giày dép",100.29
2013,9,Nhà ở và vật liệu xây dựng,100.91
2013,9,"Phương tiện đi lại, bưu điện",
2013,9,Thiết bị và đồ dùng gia đình,100.23
2013,9,Thuốc và dịch vụ y tế,100.04
2013,9,Thực phẩm,100.87
2013,9,Trong đó: Dịch vụ giáo dục,
2013,9,Trong đó: Dịch vụ y tế,
2013,9,"Văn hóa, giải trí và du lịch",100.09
2013,9,Ăn uống ngoài gia đình,
2013,9,Đồ uống và thuốc lá,100.22
2013,10,Bưu chính viễn thông,99.97
2013,10,Chỉ số giá tiêu dùng,100.49
2013,10,Chỉ số giá vàng,97.13
2013,10,Chỉ số đô la Mỹ,99.82
2013,10,Giao thông,99.83
2013,10,Giáo dục,100.53
2013,10,Hàng hoá và dịch vụ khác,100.23
2013,10,Hàng ăn và dịch vụ ăn uống,100.86
2013,10,Lương thực,100.91
2013,10,"May mặc, mũ nón, giày dép",100.35
2013,10,Nhà ở và vật liệu xây dựng,100.50
2013,10,"Phương tiện đi lại, bưu điện",
2013,10,Thiết bị và đồ dùng gia đình,100.24
2013,10,Thuốc và dịch vụ y tế,100.10
2013,10,Thực phẩm,101.04
2013,10,Trong đó: Dịch vụ giáo dục,
2013,10,Trong đó: Dịch vụ y tế,
2013,10,"Văn hóa, giải trí và du lịch",100.14
2013,10,Ăn uống ngoài gia đình,
2013,10,Đồ uống và thuốc lá,100.12
2013,11,Bưu chính viễn thông,99.98
2013,11,Chỉ số giá tiêu dùng,100.34
2013,11,Chỉ số giá vàng,98.96
2013,11,Chỉ số đô la Mỹ,99.90
2013,11,Giao thông,99.66
2013,11,Giáo dục,100.10
2013,11,Hàng hoá và dịch vụ khác,100.18
2013,11,Hàng ăn và dịch vụ ăn uống,100.62
2013,11,Lương thực,101.29
2013,11,"May mặc, mũ nón, giày dép",100.35
2013,11,Nhà ở và vật liệu xây dựng,100.41
2013,11,"Phương tiện đi lại, bưu điện",
2013,11,Thiết bị và đồ dùng gia đình,100.24
2013,11,Thuốc và dịch vụ y tế,100.07
2013,11,Thực phẩm,100.56
2013,11,Trong đó: Dịch vụ giáo dục,
2013,11,Trong đó: Dịch vụ y tế,
2013,11,"Văn hóa, giải trí và du lịch",100.10
2013,11,Ăn uống ngoài gia đình,
2013,11,Đồ uống và thuốc lá,100.28
2013,12,Bưu chính viễn thông,99.99
2013,12,Chỉ số giá tiêu dùng,100.51
2013,12,Chỉ số giá vàng,96.67
2013,12,Chỉ số đô la Mỹ,100.05
2013,12,Giao thông,99.77
2013,12,Giáo dục,100.02
2013,12,Hàng hoá và dịch vụ khác,100.16
2013,12,Hàng ăn và dịch vụ ăn uống,100.49
2013,12,Lương thực,101.22
2013,12,"May mặc, mũ nón, giày dép",100.57
2013,12,Nhà ở và vật liệu xây dựng,102.31
2013,12,"Phương tiện đi lại, bưu điện",
2013,12,Thiết bị và đồ dùng gia đình,100.25
2013,12,Thuốc và dịch vụ y tế,100.08
2013,12,Thực phẩm,100.38
2013,12,Trong đó: Dịch vụ giáo dục,
2013,12,Trong đó: Dịch vụ y tế,
2013,12,"Văn hóa, giải trí và du lịch",100.13
2013,12,Ăn uống ngoài gia đình,
2013,12,Đồ uống và thuốc lá,100.27
2014,1,Bưu chính viễn thông,100.00
2014,1,Chỉ số giá tiêu dùng,100.69
2014,1,Chỉ số giá vàng,98.18
2014,1,Chỉ số đô la Mỹ,99.94
2014,1,Giao thông,101.22
2014,1,Giáo dục,100.01
2014,1,Hàng hoá và dịch vụ khác,100.63
2014,1,Hàng ăn và dịch vụ ăn uống,100.77
2014,1,Lương thực,101.33
2014,1,"May mặc, mũ nón, giày dép",100.89
2014,1,Nhà ở và vật liệu xây dựng,101.02
2014,1,"Phương tiện đi lại, bưu điện",
2014,1,Thiết bị và đồ dùng gia đình,100.39
2014,1,Thuốc và dịch vụ y tế,100.17
2014,1,Thực phẩm,100.75
2014,1,Trong đó: Dịch vụ giáo dục,
2014,1,Trong đó: Dịch vụ y tế,
2014,1,"Văn hóa, giải trí và du lịch",100.21
2014,1,Ăn uống ngoài gia đình,
2014,1,Đồ uống và thuốc lá,100.83
2014,2,Bưu chính viễn thông,99.98
2014,2,Chỉ số giá tiêu dùng,100.55
2014,2,Chỉ số giá vàng,101.87
2014,2,Chỉ số đô la Mỹ,99.97
2014,2,Giao thông,100.66
2014,2,Giáo dục,100.01
2014,2,Hàng hoá và dịch vụ khác,100.55
2014,2,Hàng ăn và dịch vụ ăn uống,101.15
2014,2,Lương thực,100.68
2014,2,"May mặc, mũ nón, giày dép",100.21
2014,2,Nhà ở và vật liệu xây dựng,99.36
2014,2,"Phương tiện đi lại, bưu điện",
2014,2,Thiết bị và đồ dùng gia đình,100.22
2014,2,Thuốc và dịch vụ y tế,100.05
2014,2,Thực phẩm,101.16
2014,2,Trong đó: Dịch vụ giáo dục,
2014,2,Trong đó: Dịch vụ y tế,
2014,2,"Văn hóa, giải trí và du lịch",100.61
2014,2,Ăn uống ngoài gia đình,
2014,2,Đồ uống và thuốc lá,100.60
2014,3,Bưu chính viễn thông,99.97
2014,3,Chỉ số giá tiêu dùng,99.56
2014,3,Chỉ số giá vàng,103.31
2014,3,Chỉ số đô la Mỹ,100.02
2014,3,Giao thông,99.97
2014,3,Giáo dục,100.03
2014,3,Hàng hoá và dịch vụ khác,100.23
2014,3,Hàng ăn và dịch vụ ăn uống,99.04
2014,3,Lương thực,99.87
2014,3,"May mặc, mũ nón, giày dép",100.05
2014,3,Nhà ở và vật liệu xây dựng,99.26
2014,3,"Phương tiện đi lại, bưu điện",
2014,3,Thiết bị và đồ dùng gia đình,100.16
2014,3,Thuốc và dịch vụ y tế,100.07
2014,3,Thực phẩm,98.46
2014,3,Trong đó: Dịch vụ giáo dục,
2014,3,Trong đó: Dịch vụ y tế,
2014,3,"Văn hóa, giải trí và du lịch",100.10
2014,3,Ăn uống ngoài gia đình,
2014,3,Đồ uống và thuốc lá,100.24
2014,4,Bưu chính viễn thông,99.86
2014,4,Chỉ số giá tiêu dùng,100.08
2014,4,Chỉ số giá vàng,98.96
2014,4,Chỉ số đô la Mỹ,99.94
2014,4,Giao thông,100.33
2014,4,Giáo dục,100.06
2014,4,Hàng hoá và dịch vụ khác,100.09
2014,4,Hàng ăn và dịch vụ ăn uống,100.15
2014,4,Lương thực,99.74
2014,4,"May mặc, mũ nón, giày dép",100.26
2014,4,Nhà ở và vật liệu xây dựng,99.44
2014,4,"Phương tiện đi lại, bưu điện",
2014,4,Thiết bị và đồ dùng gia đình,100.24
2014,4,Thuốc và dịch vụ y tế,100.04
2014,4,Thực phẩm,100.27
2014,4,Trong đó: Dịch vụ giáo dục,
2014,4,Trong đó: Dịch vụ y tế,
2014,4,"Văn hóa, giải trí và du lịch",100.02
2014,4,Ăn uống ngoài gia đình,
2014,4,Đồ uống và thuốc lá,100.23
2014,5,Bưu chính viễn thông,99.97
2014,5,Chỉ số giá tiêu dùng,100.20
2014,5,Chỉ số giá vàng,99.15
2014,5,Chỉ số đô la Mỹ,99.96
2014,5,Giao thông,100.36
2014,5,Giáo dục,100.01
2014,5,Hàng hoá và dịch vụ khác,100.22
2014,5,Hàng ăn và dịch vụ ăn uống,100.17
2014,5,Lương thực,99.49
2014,5,"May mặc, mũ nón, giày dép",100.20
2014,5,Nhà ở và vật liệu xây dựng,100.43
2014,5,"Phương tiện đi lại, bưu điện",
2014,5,Thiết bị và đồ dùng gia đình,100.25
2014,5,Thuốc và dịch vụ y tế,100.06
2014,5,Thực phẩm,100.37
2014,5,Trong đó: Dịch vụ giáo dục,
2014,5,Trong đó: Dịch vụ y tế,
2014,5,"Văn hóa, giải trí và du lịch",100.26
2014,5,Ăn uống ngoài gia đình,
2014,5,Đồ uống và thuốc lá,100.13
2014,6,Bưu chính viễn thông,99.87
2014,6,Chỉ số giá tiêu dùng,100.30
2014,6,Chỉ số giá vàng,99.88
2014,6,Chỉ số đô la Mỹ,100.49
2014,6,Giao thông,100.18
2014,6,Giáo dục,100.01
2014,6,Hàng hoá và dịch vụ khác,100.23
2014,6,Hàng ăn và dịch vụ ăn uống,100.28
2014,6,Lương thực,99.57
2014,6,"May mặc, mũ nón, giày dép",100.22
2014,6,Nhà ở và vật liệu xây dựng,100.61
2014,6,"Phương tiện đi lại, bưu điện",
2014,6,Thiết bị và đồ dùng gia đình,100.20
2014,6,Thuốc và dịch vụ y tế,100.74
2014,6,Thực phẩm,100.54
2014,6,Trong đó: Dịch vụ giáo dục,
2014,6,Trong đó: Dịch vụ y tế,
2014,6,"Văn hóa, giải trí và du lịch",100.27
2014,6,Ăn uống ngoài gia đình,
2014,6,Đồ uống và thuốc lá,100.30
2014,7,Bưu chính viễn thông,99.99
2014,7,Chỉ số giá tiêu dùng,100.23
2014,7,Chỉ số giá vàng,101.38
2014,7,Chỉ số đô la Mỹ,100.36
2014,7,Giao thông,100.44
2014,7,Giáo dục,100.03
2014,7,Hàng hoá và dịch vụ khác,100.24
2014,7,Hàng ăn và dịch vụ ăn uống,100.26
2014,7,Lương thực,99.37
2014,7,"May mặc, mũ nón, giày dép",100.20
2014,7,Nhà ở và vật liệu xây dựng,100.43
2014,7,"Phương tiện đi lại, bưu điện",
2014,7,Thiết bị và đồ dùng gia đình,100.12
2014,7,Thuốc và dịch vụ y tế,100.05
2014,7,Thực phẩm,100.58
2014,7,Trong đó: Dịch vụ giáo dục,
2014,7,Trong đó: Dịch vụ y tế,
2014,7,"Văn hóa, giải trí và du lịch",100.04
2014,7,Ăn uống ngoài gia đình,
2014,7,Đồ uống và thuốc lá,100.20
2014,8,Bưu chính viễn thông,99.98
2014,8,Chỉ số giá tiêu dùng,100.22
2014,8,Chỉ số giá vàng,99.66
2014,8,Chỉ số đô la Mỹ,99.74
2014,8,Giao thông,99.94
2014,8,Giáo dục,100.22
2014,8,Hàng hoá và dịch vụ khác,100.18
2014,8,Hàng ăn và dịch vụ ăn uống,100.45
2014,8,Lương thực,100.45
2014,8,"May mặc, mũ nón, giày dép",100.32
2014,8,Nhà ở và vật liệu xây dựng,99.69
2014,8,"Phương tiện đi lại, bưu điện",
2014,8,Thiết bị và đồ dùng gia đình,100.09
2014,8,Thuốc và dịch vụ y tế,100.22
2014,8,Thực phẩm,100.54
2014,8,Trong đó: Dịch vụ giáo dục,
2014,8,Trong đó: Dịch vụ y tế,
2014,8,"Văn hóa, giải trí và du lịch",100.06
2014,8,Ăn uống ngoài gia đình,
2014,8,Đồ uống và thuốc lá,100.13
2014,9,Bưu chính viễn thông,100.00
2014,9,Chỉ số giá tiêu dùng,100.40
2014,9,Chỉ số giá vàng,98.34
2014,9,Chỉ số đô la Mỹ,99.85
2014,9,Giao thông,98.15
2014,9,Giáo dục,106.38
2014,9,Hàng hoá và dịch vụ khác,100.12
2014,9,Hàng ăn và dịch vụ ăn uống,100.22
2014,9,Lương thực,100.35
2014,9,"May mặc, mũ nón, giày dép",100.32
2014,9,Nhà ở và vật liệu xây dựng,99.62
2014,9,"Phương tiện đi lại, bưu điện",
2014,9,Thiết bị và đồ dùng gia đình,100.21
2014,9,Thuốc và dịch vụ y tế,100.23
2014,9,Thực phẩm,100.21
2014,9,Trong đó: Dịch vụ giáo dục,
2014,9,Trong đó: Dịch vụ y tế,
2014,9,"Văn hóa, giải trí và du lịch",100.09
2014,9,Ăn uống ngoài gia đình,
2014,9,Đồ uống và thuốc lá,100.08
2014,10,Bưu chính viễn thông,99.97
2014,10,Chỉ số giá tiêu dùng,100.11
2014,10,Chỉ số giá vàng,97.18
2014,10,Chỉ số đô la Mỹ,100.18
2014,10,Giao thông,98.98
2014,10,Giáo dục,101.31
2014,10,Hàng hoá và dịch vụ khác,100.17
2014,10,Hàng ăn và dịch vụ ăn uống,100.05
2014,10,Lương thực,100.20
2014,10,"May mặc, mũ nón, giày dép",100.19
2014,10,Nhà ở và vật liệu xây dựng,99.92
2014,10,"Phương tiện đi lại, bưu điện",
2014,10,Thiết bị và đồ dùng gia đình,100.22
2014,10,Thuốc và dịch vụ y tế,100.53
2014,10,Thực phẩm,100.01
2014,10,Trong đó: Dịch vụ giáo dục,
2014,10,Trong đó: Dịch vụ y tế,
2014,10,"Văn hóa, giải trí và du lịch",100.02
2014,10,Ăn uống ngoài gia đình,
2014,10,Đồ uống và thuốc lá,100.06
2014,11,Bưu chính viễn thông,99.99
2014,11,Chỉ số giá tiêu dùng,99.73
2014,11,Chỉ số giá vàng,98.51
2014,11,Chỉ số đô la Mỹ,100.23
2014,11,Giao thông,97.25
2014,11,Giáo dục,100.03
2014,11,Hàng hoá và dịch vụ khác,100.22
2014,11,Hàng ăn và dịch vụ ăn uống,99.97
2014,11,Lương thực,100.12
2014,11,"May mặc, mũ nón, giày dép",100.34
2014,11,Nhà ở và vật liệu xây dựng,99.26
2014,11,"Phương tiện đi lại, bưu điện",
2014,11,Thiết bị và đồ dùng gia đình,100.16
2014,11,Thuốc và dịch vụ y tế,100.04
2014,11,Thực phẩm,99.90
2014,11,Trong đó: Dịch vụ giáo dục,
2014,11,Trong đó: Dịch vụ y tế,
2014,11,"Văn hóa, giải trí và du lịch",100.10
2014,11,Ăn uống ngoài gia đình,
2014,11,Đồ uống và thuốc lá,100.12
2014,12,Bưu chính viễn thông,100.80
2014,12,Chỉ số giá tiêu dùng,99.76
2014,12,Chỉ số giá vàng,99.95
2014,12,Chỉ số đô la Mỹ,100.35
2014,12,Giao thông,96.91
2014,12,Giáo dục,100.03
2014,12,Hàng hoá và dịch vụ khác,100.34
2014,12,Hàng ăn và dịch vụ ăn uống,100.08
2014,12,Lương thực,100.14
2014,12,"May mặc, mũ nón, giày dép",100.51
2014,12,Nhà ở và vật liệu xây dựng,99.01
2014,12,"Phương tiện đi lại, bưu điện",
2014,12,Thiết bị và đồ dùng gia đình,100.18
2014,12,Thuốc và dịch vụ y tế,100.03
2014,12,Thực phẩm,100.05
2014,12,Trong đó: Dịch vụ giáo dục,
2014,12,Trong đó: Dịch vụ y tế,
2014,12,"Văn hóa, giải trí và du lịch",100.07
2014,12,Ăn uống ngoài gia đình,
2014,12,Đồ uống và thuốc lá,100.18
2015,1,Bưu chính viễn thông,99.93
2015,1,Chỉ số giá tiêu dùng,99.80
2015,1,Chỉ số giá vàng,100.55
2015,1,Chỉ số đô la Mỹ,100.23
2015,1,Giao thông,96.04
2015,1,Giáo dục,100.08
2015,1,Hàng hoá và dịch vụ khác,100.53
2015,1,Hàng ăn và dịch vụ ăn uống,100.28
2015,1,Lương thực,100.03
2015,1,"May mặc, mũ nón, giày dép",100.51
2015,1,Nhà ở và vật liệu xây dựng,98.91
2015,1,"Phương tiện đi lại, bưu điện",
2015,1,Thiết bị và đồ dùng gia đình,100.18
2015,1,Thuốc và dịch vụ y tế,100.29
2015,1,Thực phẩm,100.42
2015,1,Trong đó: Dịch vụ giáo dục,
2015,1,Trong đó: Dịch vụ y tế,
2015,1,"Văn hóa, giải trí và du lịch",100.13
2015,1,Ăn uống ngoài gia đình,
2015,1,Đồ uống và thuốc lá,100.37
2015,2,Bưu chính viễn thông,99.98
2015,2,Chỉ số giá tiêu dùng,99.95
2015,2,Chỉ số giá vàng,102.70
2015,2,Chỉ số đô la Mỹ,99.80
2015,2,Giao thông,95.59
2015,2,Giáo dục,100.03
2015,2,Hàng hoá và dịch vụ khác,100.74
2015,2,Hàng ăn và dịch vụ ăn uống,100.53
2015,2,Lương thực,100.13
2015,2,"May mặc, mũ nón, giày dép",100.45
2015,2,Nhà ở và vật liệu xây dựng,99.59
2015,2,"Phương tiện đi lại, bưu điện",
2015,2,Thiết bị và đồ dùng gia đình,100.31
2015,2,Thuốc và dịch vụ y tế,100.04
2015,2,Thực phẩm,100.75
2015,2,Trong đó: Dịch vụ giáo dục,
2015,2,Trong đó: Dịch vụ y tế,
2015,2,"Văn hóa, giải trí và du lịch",100.05
2015,2,Ăn uống ngoài gia đình,
2015,2,Đồ uống và thuốc lá,100.56
2015,3,Bưu chính viễn thông,99.98
2015,3,Chỉ số giá tiêu dùng,100.15
2015,3,Chỉ số giá vàng,98.37
2015,3,Chỉ số đô la Mỹ,100.16
2015,3,Giao thông,99.69
2015,3,Giáo dục,100.01
2015,3,Hàng hoá và dịch vụ khác,99.99
2015,3,Hàng ăn và dịch vụ ăn uống,100.36
2015,3,Lương thực,99.76
2015,3,"May mặc, mũ nón, giày dép",99.96
2015,3,Nhà ở và vật liệu xây dựng,100.16
2015,3,"Phương tiện đi lại, bưu điện",
2015,3,Thiết bị và đồ dùng gia đình,100.09
2015,3,Thuốc và dịch vụ y tế,100.04
2015,3,Thực phẩm,100.31
2015,3,Trong đó: Dịch vụ giáo dục,
2015,3,Trong đó: Dịch vụ y tế,
2015,3,"Văn hóa, giải trí và du lịch",100.18
2015,3,Ăn uống ngoài gia đình,
2015,3,Đồ uống và thuốc lá,99.89
2015,4,Bưu chính viễn thông,99.91
2015,4,Chỉ số giá tiêu dùng,100.14
2015,4,Chỉ số giá vàng,98.96
2015,4,Chỉ số đô la Mỹ,100.74
2015,4,Giao thông,102.47
2015,4,Giáo dục,100.01
2015,4,Hàng hoá và dịch vụ khác,100.16
2015,4,Hàng ăn và dịch vụ ăn uống,99.58
2015,4,Lương thực,99.69
2015,4,"May mặc, mũ nón, giày dép",100.14
2015,4,Nhà ở và vật liệu xây dựng,100.84
2015,4,"Phương tiện đi lại, bưu điện",
2015,4,Thiết bị và đồ dùng gia đình,100.16
2015,4,Thuốc và dịch vụ y tế,100.19
2015,4,Thực phẩm,99.46
2015,4,Trong đó: Dịch vụ giáo dục,
2015,4,Trong đó: Dịch vụ y tế,
2015,4,"Văn hóa, giải trí và du lịch",100.32
2015,4,Ăn uống ngoài gia đình,
2015,4,Đồ uống và thuốc lá,99.99
2015,5,Bưu chính viễn thông,100.01
2015,5,Chỉ số giá tiêu dùng,100.16
2015,5,Chỉ số giá vàng,99.73
2015,5,Chỉ số đô la Mỹ,100.36
2015,5,Giao thông,101.02
2015,5,Giáo dục,100.00
2015,5,Hàng hoá và dịch vụ khác,100.17
2015,5,Hàng ăn và dịch vụ ăn uống,99.78
2015,5,Lương thực,99.54
2015,5,"May mặc, mũ nón, giày dép",100.14
2015,5,Nhà ở và vật liệu xây dựng,101.27
2015,5,"Phương tiện đi lại, bưu điện",
2015,5,Thiết bị và đồ dùng gia đình,100.13
2015,5,Thuốc và dịch vụ y tế,100.03
2015,5,Thực phẩm,99.71
2015,5,Trong đó: Dịch vụ giáo dục,
2015,5,Trong đó: Dịch vụ y tế,
2015,5,"Văn hóa, giải trí và du lịch",100.39
2015,5,Ăn uống ngoài gia đình,
2015,5,Đồ uống và thuốc lá,100.20
2015,6,Bưu chính viễn thông,99.97
2015,6,Chỉ số giá tiêu dùng,100.35
2015,6,Chỉ số giá vàng,99.92
2015,6,Chỉ số đô la Mỹ,100.62
2015,6,Giao thông,103.54
2015,6,Giáo dục,100.00
2015,6,Hàng hoá và dịch vụ khác,100.12
2015,6,Hàng ăn và dịch vụ ăn uống,99.97
2015,6,Lương thực,99.38
2015,6,"May mặc, mũ nón, giày dép",100.17
2015,6,Nhà ở và vật liệu xây dựng,100.30
2015,6,"Phương tiện đi lại, bưu điện",
2015,6,Thiết bị và đồ dùng gia đình,100.12
2015,6,Thuốc và dịch vụ y tế,100.38
2015,6,Thực phẩm,100.10
2015,6,Trong đó: Dịch vụ giáo dục,
2015,6,Trong đó: Dịch vụ y tế,
2015,6,"Văn hóa, giải trí và du lịch",100.26
2015,6,Ăn uống ngoài gia đình,
2015,6,Đồ uống và thuốc lá,100.24
2015,7,Bưu chính viễn thông,99.98
2015,7,Chỉ số giá tiêu dùng,100.13
2015,7,Chỉ số giá vàng,98.76
2015,7,Chỉ số đô la Mỹ,100.09
2015,7,Giao thông,100.16
2015,7,Giáo dục,100.01
2015,7,Hàng hoá và dịch vụ khác,100.08
2015,7,Hàng ăn và dịch vụ ăn uống,100.10
2015,7,Lương thực,99.62
2015,7,"May mặc, mũ nón, giày dép",100.25
2015,7,Nhà ở và vật liệu xây dựng,100.22
2015,7,"Phương tiện đi lại, bưu điện",
2015,7,Thiết bị và đồ dùng gia đình,100.14
2015,7,Thuốc và dịch vụ y tế,100.15
2015,7,Thực phẩm,100.24
2015,7,Trong đó: Dịch vụ giáo dục,
2015,7,Trong đó: Dịch vụ y tế,
2015,7,"Văn hóa, giải trí và du lịch",100.16
2015,7,Ăn uống ngoài gia đình,
2015,7,Đồ uống và thuốc lá,100.18
2015,8,Bưu chính viễn thông,99.98
2015,8,Chỉ số giá tiêu dùng,99.93
2015,8,Chỉ số giá vàng,96.08
2015,8,Chỉ số đô la Mỹ,100.31
2015,8,Giao thông,97.88
2015,8,Giáo dục,100.87
2015,8,Hàng hoá và dịch vụ khác,99.98
2015,8,Hàng ăn và dịch vụ ăn uống,100.10
2015,8,Lương thực,99.84
2015,8,"May mặc, mũ nón, giày dép",100.28
2015,8,Nhà ở và vật liệu xây dựng,99.55
2015,8,"Phương tiện đi lại, bưu điện",
2015,8,Thiết bị và đồ dùng gia đình,100.11
2015,8,Thuốc và dịch vụ y tế,100.03
2015,8,Thực phẩm,100.16
2015,8,Trong đó: Dịch vụ giáo dục,
2015,8,Trong đó: Dịch vụ y tế,
2015,8,"Văn hóa, giải trí và du lịch",100.04
2015,8,Ăn uống ngoài gia đình,
2015,8,Đồ uống và thuốc lá,100.07
2015,9,Bưu chính viễn thông,99.93
2015,9,Chỉ số giá tiêu dùng,99.79
2015,9,Chỉ số giá vàng,103.54
2015,9,Chỉ số đô la Mỹ,102.71
2015,9,Giao thông,96.83
2015,9,Giáo dục,101.24
2015,9,Hàng hoá và dịch vụ khác,100.19
2015,9,Hàng ăn và dịch vụ ăn uống,99.87
2015,9,Lương thực,99.76
2015,9,"May mặc, mũ nón, giày dép",100.21
2015,9,Nhà ở và vật liệu xây dựng,99.32
2015,9,"Phương tiện đi lại, bưu điện",
2015,9,Thiết bị và đồ dùng gia đình,100.07
2015,9,Thuốc và dịch vụ y tế,100.43
2015,9,Thực phẩm,99.86
2015,9,Trong đó: Dịch vụ giáo dục,
2015,9,Trong đó: Dịch vụ y tế,
2015,9,"Văn hóa, giải trí và du lịch",100.03
2015,9,Ăn uống ngoài gia đình,
2015,9,Đồ uống và thuốc lá,100.10
2015,10,Bưu chính viễn thông,99.97
2015,10,Chỉ số giá tiêu dùng,100.11
2015,10,Chỉ số giá vàng,99.95
2015,10,Chỉ số đô la Mỹ,99.84
2015,10,Giao thông,99.95
2015,10,Giáo dục,100.05
2015,10,Hàng hoá và dịch vụ khác,100.10
2015,10,Hàng ăn và dịch vụ ăn uống,100.19
2015,10,Lương thực,99.83
2015,10,"May mặc, mũ nón, giày dép",100.20
2015,10,Nhà ở và vật liệu xây dựng,99.99
2015,10,"Phương tiện đi lại, bưu điện",
2015,10,Thiết bị và đồ dùng gia đình,100.12
2015,10,Thuốc và dịch vụ y tế,100.01
2015,10,Thực phẩm,100.34
2015,10,Trong đó: Dịch vụ giáo dục,
2015,10,Trong đó: Dịch vụ y tế,
2015,10,"Văn hóa, giải trí và du lịch",99.94
2015,10,Ăn uống ngoài gia đình,
2015,10,Đồ uống và thuốc lá,100.11
2015,11,Bưu chính viễn thông,99.90
2015,11,Chỉ số giá tiêu dùng,100.07
2015,11,Chỉ số giá vàng,99.39
2015,11,Chỉ số đô la Mỹ,99.69
2015,11,Giao thông,99.62
2015,11,Giáo dục,100.06
2015,11,Hàng hoá và dịch vụ khác,100.07
2015,11,Hàng ăn và dịch vụ ăn uống,100.05
2015,11,Lương thực,100.31
2015,11,"May mặc, mũ nón, giày dép",100.14
2015,11,Nhà ở và vật liệu xây dựng,100.32
2015,11,"Phương tiện đi lại, bưu điện",
2015,11,Thiết bị và đồ dùng gia đình,100.19
2015,11,Thuốc và dịch vụ y tế,100.05
2015,11,Thực phẩm,99.99
2015,11,Trong đó: Dịch vụ giáo dục,
2015,11,Trong đó: Dịch vụ y tế,
2015,11,"Văn hóa, giải trí và du lịch",100.07
2015,11,Ăn uống ngoài gia đình,
2015,11,Đồ uống và thuốc lá,100.16
2015,12,Bưu chính viễn thông,99.97
2015,12,Chỉ số giá tiêu dùng,100.02
2015,12,Chỉ số giá vàng,97.20
2015,12,Chỉ số đô la Mỹ,100.69
2015,12,Giao thông,98.43
2015,12,Giáo dục,100.04
2015,12,Hàng hoá và dịch vụ khác,100.15
2015,12,Hàng ăn và dịch vụ ăn uống,100.16
2015,12,Lương thực,100.45
2015,12,"May mặc, mũ nón, giày dép",100.32
2015,12,Nhà ở và vật liệu xây dựng,100.50
2015,12,"Phương tiện đi lại, bưu điện",
2015,12,Thiết bị và đồ dùng gia đình,99.90
2015,12,Thuốc và dịch vụ y tế,100.14
2015,12,Thực phẩm,100.13
2015,12,Trong đó: Dịch vụ giáo dục,
2015,12,Trong đó: Dịch vụ y tế,
2015,12,"Văn hóa, giải trí và du lịch",99.95
2015,12,Ăn uống ngoài gia đình,
2015,12,Đồ uống và thuốc lá,100.16
2016,1,Bưu chính viễn thông,99.94
2016,1,Chỉ số giá tiêu dùng,100.00
2016,1,Chỉ số giá vàng,99.77
2016,1,Chỉ số đô la Mỹ,100.18
2016,1,Giao thông,97.18
2016,1,Giáo dục,100.89
2016,1,Hàng hoá và dịch vụ khác,100.29
2016,1,Hàng ăn và dịch vụ ăn uống,100.25
2016,1,Lương thực,100.48
2016,1,"May mặc, mũ nón, giày dép",100.37
2016,1,Nhà ở và vật liệu xây dựng,100.30
2016,1,"Phương tiện đi lại, bưu điện",
2016,1,Thiết bị và đồ dùng gia đình,100.16
2016,1,Thuốc và dịch vụ y tế,100.21
2016,1,Thực phẩm,100.30
2016,1,Trong đó: Dịch vụ giáo dục,
2016,1,Trong đó: Dịch vụ y tế,
2016,1,"Văn hóa, giải trí và du lịch",100.16
2016,1,Ăn uống ngoài gia đình,
2016,1,Đồ uống và thuốc lá,100.44
2016,2,Bưu chính viễn thông,99.84
2016,2,Chỉ số giá tiêu dùng,100.42
2016,2,Chỉ số giá vàng,103.02
2016,2,Chỉ số đô la Mỹ,99.36
2016,2,Giao thông,96.04
2016,2,Giáo dục,100.26
2016,2,Hàng hoá và dịch vụ khác,100.80
2016,2,Hàng ăn và dịch vụ ăn uống,101.98
2016,2,Lương thực,100.66
2016,2,"May mặc, mũ nón, giày dép",100.45
2016,2,Nhà ở và vật liệu xây dựng,99.59
2016,2,"Phương tiện đi lại, bưu điện",
2016,2,Thiết bị và đồ dùng gia đình,100.19
2016,2,Thuốc và dịch vụ y tế,100.06
2016,2,Thực phẩm,102.45
2016,2,Trong đó: Dịch vụ giáo dục,
2016,2,Trong đó: Dịch vụ y tế,
2016,2,"Văn hóa, giải trí và du lịch",100.71
2016,2,Ăn uống ngoài gia đình,
2016,2,Đồ uống và thuốc lá,101.15
2016,3,Bưu chính viễn thông,99.90
2016,3,Chỉ số giá tiêu dùng,100.57
2016,3,Chỉ số giá vàng,104.87
2016,3,Chỉ số đô la Mỹ,99.62
2016,3,Giao thông,96.36
2016,3,Giáo dục,100.66
2016,3,Hàng hoá và dịch vụ khác,99.77
2016,3,Hàng ăn và dịch vụ ăn uống,99.52
2016,3,Lương thực,100.23
2016,3,"May mặc, mũ nón, giày dép",99.83
2016,3,Nhà ở và vật liệu xây dựng,99.99
2016,3,"Phương tiện đi lại, bưu điện",
2016,3,Thiết bị và đồ dùng gia đình,99.99
2016,3,Thuốc và dịch vụ y tế,124.34
2016,3,Thực phẩm,99.33
2016,3,Trong đó: Dịch vụ giáo dục,
2016,3,Trong đó: Dịch vụ y tế,
2016,3,"Văn hóa, giải trí và du lịch",99.90
2016,3,Ăn uống ngoài gia đình,
2016,3,Đồ uống và thuốc lá,99.46
2016,4,Bưu chính viễn thông,100.00
2016,4,Chỉ số giá tiêu dùng,100.33
2016,4,Chỉ số giá vàng,100.30
2016,4,Chỉ số đô la Mỹ,100.05
2016,4,Giao thông,101.73
2016,4,Giáo dục,100.37
2016,4,Hàng hoá và dịch vụ khác,100.10
2016,4,Hàng ăn và dịch vụ ăn uống,100.00
2016,4,Lương thực,101.11
2016,4,"May mặc, mũ nón, giày dép",100.05
2016,4,Nhà ở và vật liệu xây dựng,100.71
2016,4,"Phương tiện đi lại, bưu điện",
2016,4,Thiết bị và đồ dùng gia đình,100.10
2016,4,Thuốc và dịch vụ y tế,100.45
2016,4,Thực phẩm,99.73
2016,4,Trong đó: Dịch vụ giáo dục,
2016,4,Trong đó: Dịch vụ y tế,
2016,4,"Văn hóa, giải trí và du lịch",99.99
2016,4,Ăn uống ngoài gia đình,
2016,4,Đồ uống và thuốc lá,100.17
2016,5,Bưu chính viễn thông,100.03
2016,5,Chỉ số giá tiêu dùng,100.54
2016,5,Chỉ số giá vàng,101.45
2016,5,Chỉ số đô la Mỹ,99.90
2016,5,Giao thông,102.39
2016,5,Giáo dục,100.02
2016,5,Hàng hoá và dịch vụ khác,100.56
2016,5,Hàng ăn và dịch vụ ăn uống,100.36
2016,5,Lương thực,100.68
2016,5,"May mặc, mũ nón, giày dép",100.02
2016,5,Nhà ở và vật liệu xây dựng,100.88
2016,5,"Phương tiện đi lại, bưu điện",
2016,5,Thiết bị và đồ dùng gia đình,100.09
2016,5,Thuốc và dịch vụ y tế,100.05
2016,5,Thực phẩm,100.38
2016,5,Trong đó: Dịch vụ giáo dục,
2016,5,Trong đó: Dịch vụ y tế,
2016,5,"Văn hóa, giải trí và du lịch",100.34
2016,5,Ăn uống ngoài gia đình,
2016,5,Đồ uống và thuốc lá,100.11
2016,6,Bưu chính viễn thông,99.94
2016,6,Chỉ số giá tiêu dùng,100.46
2016,6,Chỉ số giá vàng,99.99
2016,6,Chỉ số đô la Mỹ,100.09
2016,6,Giao thông,102.99
2016,6,Giáo dục,100.06
2016,6,Hàng hoá và dịch vụ khác,100.03
2016,6,Hàng ăn và dịch vụ ăn uống,100.21
2016,6,Lương thực,99.76
2016,6,"May mặc, mũ nón, giày dép",100.06
2016,6,Nhà ở và vật liệu xây dựng,100.55
2016,6,"Phương tiện đi lại, bưu điện",
2016,6,Thiết bị và đồ dùng gia đình,100.06
2016,6,Thuốc và dịch vụ y tế,100.05
2016,6,Thực phẩm,100.36
2016,6,Trong đó: Dịch vụ giáo dục,
2016,6,Trong đó: Dịch vụ y tế,
2016,6,"Văn hóa, giải trí và du lịch",100.18
2016,6,Ăn uống ngoài gia đình,
2016,6,Đồ uống và thuốc lá,100.13
2016,7,Bưu chính viễn thông,99.90
2016,7,Chỉ số giá tiêu dùng,100.13
2016,7,Chỉ số giá vàng,105.36
2016,7,Chỉ số đô la Mỹ,99.79
2016,7,Giao thông,101.19
2016,7,Giáo dục,100.00
2016,7,Hàng hoá và dịch vụ khác,100.17
2016,7,Hàng ăn và dịch vụ ăn uống,99.95
2016,7,Lương thực,99.36
2016,7,"May mặc, mũ nón, giày dép",100.04
2016,7,Nhà ở và vật liệu xây dựng,100.14
2016,7,"Phương tiện đi lại, bưu điện",
2016,7,Thiết bị và đồ dùng gia đình,100.06
2016,7,Thuốc và dịch vụ y tế,100.02
2016,7,Thực phẩm,99.99
2016,7,Trong đó: Dịch vụ giáo dục,
2016,7,Trong đó: Dịch vụ y tế,
2016,7,"Văn hóa, giải trí và du lịch",100.01
2016,7,Ăn uống ngoài gia đình,
2016,7,Đồ uống và thuốc lá,100.09
2016,8,Bưu chính viễn thông,99.97
2016,8,Chỉ số giá tiêu dùng,100.10
2016,8,Chỉ số giá vàng,101.72
2016,8,Chỉ số đô la Mỹ,99.95
2016,8,Giao thông,98.03
2016,8,Giáo dục,100.47
2016,8,Hàng hoá và dịch vụ khác,100.11
2016,8,Hàng ăn và dịch vụ ăn uống,99.86
2016,8,Lương thực,99.65
2016,8,"May mặc, mũ nón, giày dép",100.14
2016,8,Nhà ở và vật liệu xây dựng,99.98
2016,8,"Phương tiện đi lại, bưu điện",
2016,8,Thiết bị và đồ dùng gia đình,100.05
2016,8,Thuốc và dịch vụ y tế,106.18
2016,8,Thực phẩm,99.81
2016,8,Trong đó: Dịch vụ giáo dục,
2016,8,Trong đó: Dịch vụ y tế,
2016,8,"Văn hóa, giải trí và du lịch",99.88
2016,8,Ăn uống ngoài gia đình,
2016,8,Đồ uống và thuốc lá,100.05
2016,9,Bưu chính viễn thông,99.93
2016,9,Chỉ số giá tiêu dùng,100.54
2016,9,Chỉ số giá vàng,99.64
2016,9,Chỉ số đô la Mỹ,100.07
2016,9,Giao thông,100.55
2016,9,Giáo dục,107.19
2016,9,Hàng hoá và dịch vụ khác,100.05
2016,9,Hàng ăn và dịch vụ ăn uống,100.09
2016,9,Lương thực,100.16
2016,9,"May mặc, mũ nón, giày dép",100.14
2016,9,Nhà ở và vật liệu xây dựng,100.09
2016,9,"Phương tiện đi lại, bưu điện",
2016,9,Thiết bị và đồ dùng gia đình,100.11
2016,9,Thuốc và dịch vụ y tế,100.02
2016,9,Thực phẩm,100.10
2016,9,Trong đó: Dịch vụ giáo dục,
2016,9,Trong đó: Dịch vụ y tế,
2016,9,"Văn hóa, giải trí và du lịch",100.18
2016,9,Ăn uống ngoài gia đình,
2016,9,Đồ uống và thuốc lá,100.04
2016,10,Bưu chính viễn thông,99.88
2016,10,Chỉ số giá tiêu dùng,100.83
2016,10,Chỉ số giá vàng,98.31
2016,10,Chỉ số đô la Mỹ,100.07
2016,10,Giao thông,102.02
2016,10,Giáo dục,100.61
2016,10,Hàng hoá và dịch vụ khác,100.17
2016,10,Hàng ăn và dịch vụ ăn uống,100.17
2016,10,Lương thực,100.03
2016,10,"May mặc, mũ nón, giày dép",100.05
2016,10,Nhà ở và vật liệu xây dựng,100.31
2016,10,"Phương tiện đi lại, bưu điện",
2016,10,Thiết bị và đồ dùng gia đình,100.04
2016,10,Thuốc và dịch vụ y tế,110.07
2016,10,Thực phẩm,100.26
2016,10,Trong đó: Dịch vụ giáo dục,
2016,10,Trong đó: Dịch vụ y tế,
2016,10,"Văn hóa, giải trí và du lịch",99.98
2016,10,Ăn uống ngoài gia đình,
2016,10,Đồ uống và thuốc lá,100.06
2016,11,Bưu chính viễn thông,99.98
2016,11,Chỉ số giá tiêu dùng,100.48
2016,11,Chỉ số giá vàng,98.88
2016,11,Chỉ số đô la Mỹ,100.22
2016,11,Giao thông,101.63
2016,11,Giáo dục,100.00
2016,11,Hàng hoá và dịch vụ khác,100.13
2016,11,Hàng ăn và dịch vụ ăn uống,100.49
2016,11,Lương thực,100.22
2016,11,"May mặc, mũ nón, giày dép",100.24
2016,11,Nhà ở và vật liệu xây dựng,100.49
2016,11,"Phương tiện đi lại, bưu điện",
2016,11,Thiết bị và đồ dùng gia đình,100.10
2016,11,Thuốc và dịch vụ y tế,100.90
2016,11,Thực phẩm,100.71
2016,11,Trong đó: Dịch vụ giáo dục,
2016,11,Trong đó: Dịch vụ y tế,
2016,11,"Văn hóa, giải trí và du lịch",100.03
2016,11,Ăn uống ngoài gia đình,
2016,11,Đồ uống và thuốc lá,100.05
2016,12,Bưu chính viễn thông,99.97
2016,12,Chỉ số giá tiêu dùng,100.23
2016,12,Chỉ số giá vàng,97.48
2016,12,Chỉ số đô la Mỹ,101.52
2016,12,Giao thông,99.11
2016,12,Giáo dục,100.00
2016,12,Hàng hoá và dịch vụ khác,100.10
2016,12,Hàng ăn và dịch vụ ăn uống,99.97
2016,12,Lương thực,100.22
2016,12,"May mặc, mũ nón, giày dép",100.25
2016,12,Nhà ở và vật liệu xây dựng,100.19
2016,12,"Phương tiện đi lại, bưu điện",
2016,12,Thiết bị và đồ dùng gia đình,100.08
2016,12,Thuốc và dịch vụ y tế,105.30
2016,12,Thực phẩm,99.88
2016,12,Trong đó: Dịch vụ giáo dục,
2016,12,Trong đó: Dịch vụ y tế,
2016,12,"Văn hóa, giải trí và du lịch",99.98
2016,12,Ăn uống ngoài gia đình,
2016,12,Đồ uống và thuốc lá,100.21
2017,1,Bưu chính viễn thông,99.85
2017,1,Chỉ số giá tiêu dùng,100.46
2017,1,Chỉ số giá vàng,99.82
2017,1,Chỉ số đô la Mỹ,99.93
2017,1,Giao thông,103.21
2017,1,Giáo dục,100.47
2017,1,Hàng hoá và dịch vụ khác,100.48
2017,1,Hàng ăn và dịch vụ ăn uống,99.76
2017,1,Lương thực,100.47
2017,1,"May mặc, mũ nón, giày dép",100.24
2017,1,Nhà ở và vật liệu xây dựng,100.57
2017,1,"Phương tiện đi lại, bưu điện",
2017,1,Thiết bị và đồ dùng gia đình,100.20
2017,1,Thuốc và dịch vụ y tế,101.01
2017,1,Thực phẩm,99.41
2017,1,Trong đó: Dịch vụ giáo dục,
2017,1,Trong đó: Dịch vụ y tế,
2017,1,"Văn hóa, giải trí và du lịch",100.17
2017,1,Ăn uống ngoài gia đình,
2017,1,Đồ uống và thuốc lá,100.78
2017,2,Bưu chính viễn thông,99.93
2017,2,Chỉ số giá tiêu dùng,100.23
2017,2,Chỉ số giá vàng,102.45
2017,2,Chỉ số đô la Mỹ,99.93
2017,2,Giao thông,100.56
2017,2,Giáo dục,100.00
2017,2,Hàng hoá và dịch vụ khác,100.14
2017,2,Hàng ăn và dịch vụ ăn uống,100.11
2017,2,Lương thực,100.25
2017,2,"May mặc, mũ nón, giày dép",99.95
2017,2,Nhà ở và vật liệu xây dựng,100.77
2017,2,"Phương tiện đi lại, bưu điện",
2017,2,Thiết bị và đồ dùng gia đình,100.05
2017,2,Thuốc và dịch vụ y tế,100.22
2017,2,Thực phẩm,99.72
2017,2,Trong đó: Dịch vụ giáo dục,
2017,2,Trong đó: Dịch vụ y tế,
2017,2,"Văn hóa, giải trí và du lịch",100.15
2017,2,Ăn uống ngoài gia đình,
2017,2,Đồ uống và thuốc lá,99.99
2017,3,Bưu chính viễn thông,100.03
2017,3,Chỉ số giá tiêu dùng,100.21
2017,3,Chỉ số giá vàng,99.72
2017,3,Chỉ số đô la Mỹ,100.41
2017,3,Giao thông,100.39
2017,3,Giáo dục,100.75
2017,3,Hàng hoá và dịch vụ khác,100.06
2017,3,Hàng ăn và dịch vụ ăn uống,99.13
2017,3,Lương thực,100.16
2017,3,"May mặc, mũ nón, giày dép",99.88
2017,3,Nhà ở và vật liệu xây dựng,100.50
2017,3,"Phương tiện đi lại, bưu điện",
2017,3,Thiết bị và đồ dùng gia đình,100.06
2017,3,Thuốc và dịch vụ y tế,107.51
2017,3,Thực phẩm,98.78
2017,3,Trong đó: Dịch vụ giáo dục,
2017,3,Trong đó: Dịch vụ y tế,
2017,3,"Văn hóa, giải trí và du lịch",100.04
2017,3,Ăn uống ngoài gia đình,
2017,3,Đồ uống và thuốc lá,99.98
2017,4,Bưu chính viễn thông,99.97
2017,4,Chỉ số giá tiêu dùng,100.00
2017,4,Chỉ số giá vàng,101.01
2017,4,Chỉ số đô la Mỹ,99.72
2017,4,Giao thông,98.62
2017,4,Giáo dục,100.01
2017,4,Hàng hoá và dịch vụ khác,100.08
2017,4,Hàng ăn và dịch vụ ăn uống,99.34
2017,4,Lương thực,100.16
2017,4,"May mặc, mũ nón, giày dép",100.02
2017,4,Nhà ở và vật liệu xây dựng,99.76
2017,4,"Phương tiện đi lại, bưu điện",
2017,4,Thiết bị và đồ dùng gia đình,100.10
2017,4,Thuốc và dịch vụ y tế,108.05
2017,4,Thực phẩm,98.89
2017,4,Trong đó: Dịch vụ giáo dục,
2017,4,Trong đó: Dịch vụ y tế,
2017,4,"Văn hóa, giải trí và du lịch",100.10
2017,4,Ăn uống ngoài gia đình,
2017,4,Đồ uống và thuốc lá,100.06
2017,5,Bưu chính viễn thông,99.95
2017,5,Chỉ số giá tiêu dùng,99.47
2017,5,Chỉ số giá vàng,99.90
2017,5,Chỉ số đô la Mỹ,99.97
2017,5,Giao thông,99.66
2017,5,Giáo dục,100.02
2017,5,Hàng hoá và dịch vụ khác,100.15
2017,5,Hàng ăn và dịch vụ ăn uống,98.57
2017,5,Lương thực,99.94
2017,5,"May mặc, mũ nón, giày dép",100.05
2017,5,Nhà ở và vật liệu xây dựng,99.98
2017,5,"Phương tiện đi lại, bưu điện",
2017,5,Thiết bị và đồ dùng gia đình,100.10
2017,5,Thuốc và dịch vụ y tế,100.04
2017,5,Thực phẩm,97.73
2017,5,Trong đó: Dịch vụ giáo dục,
2017,5,Trong đó: Dịch vụ y tế,
2017,5,"Văn hóa, giải trí và du lịch",100.13
2017,5,Ăn uống ngoài gia đình,
2017,5,Đồ uống và thuốc lá,100.08
2017,6,Bưu chính viễn thông,99.99
2017,6,Chỉ số giá tiêu dùng,99.83
2017,6,Chỉ số giá vàng,100.25
2017,6,Chỉ số đô la Mỹ,99.93
2017,6,Giao thông,99.29
2017,6,Giáo dục,100.09
2017,6,Hàng hoá và dịch vụ khác,100.05
2017,6,Hàng ăn và dịch vụ ăn uống,99.41
2017,6,Lương thực,99.49
2017,6,"May mặc, mũ nón, giày dép",100.05
2017,6,Nhà ở và vật liệu xây dựng,100.53
2017,6,"Phương tiện đi lại, bưu điện",
2017,6,Thiết bị và đồ dùng gia đình,100.08
2017,6,Thuốc và dịch vụ y tế,100.01
2017,6,Thực phẩm,99.15
2017,6,Trong đó: Dịch vụ giáo dục,
2017,6,Trong đó: Dịch vụ y tế,
2017,6,"Văn hóa, giải trí và du lịch",100.19
2017,6,Ăn uống ngoài gia đình,
2017,6,Đồ uống và thuốc lá,100.10
2017,7,Bưu chính viễn thông,99.94
2017,7,Chỉ số giá tiêu dùng,100.11
2017,7,Chỉ số giá vàng,99.12
2017,7,Chỉ số đô la Mỹ,100.09
2017,7,Giao thông,98.48
2017,7,Giáo dục,100.05
2017,7,Hàng hoá và dịch vụ khác,100.73
2017,7,Hàng ăn và dịch vụ ăn uống,100.54
2017,7,Lương thực,99.92
2017,7,"May mặc, mũ nón, giày dép",100.04
2017,7,Nhà ở và vật liệu xây dựng,100.03
2017,7,"Phương tiện đi lại, bưu điện",
2017,7,Thiết bị và đồ dùng gia đình,100.09
2017,7,Thuốc và dịch vụ y tế,100.36
2017,7,Thực phẩm,100.87
2017,7,Trong đó: Dịch vụ giáo dục,
2017,7,Trong đó: Dịch vụ y tế,
2017,7,"Văn hóa, giải trí và du lịch",99.97
2017,7,Ăn uống ngoài gia đình,
2017,7,Đồ uống và thuốc lá,100.04
2017,8,Bưu chính viễn thông,99.96
2017,8,Chỉ số giá tiêu dùng,100.92
2017,8,Chỉ số giá vàng,101.11
2017,8,Chỉ số đô la Mỹ,99.97
2017,8,Giao thông,102.13
2017,8,Giáo dục,100.57
2017,8,Hàng hoá và dịch vụ khác,100.10
2017,8,Hàng ăn và dịch vụ ăn uống,101.06
2017,8,Lương thực,100.31
2017,8,"May mặc, mũ nón, giày dép",100.09
2017,8,Nhà ở và vật liệu xây dựng,100.93
2017,8,"Phương tiện đi lại, bưu điện",
2017,8,Thiết bị và đồ dùng gia đình,100.03
2017,8,Thuốc và dịch vụ y tế,102.86
2017,8,Thực phẩm,101.64
2017,8,Trong đó: Dịch vụ giáo dục,
2017,8,Trong đó: Dịch vụ y tế,
2017,8,"Văn hóa, giải trí và du lịch",100.01
2017,8,Ăn uống ngoài gia đình,
2017,8,Đồ uống và thuốc lá,100.07
2017,9,Bưu chính viễn thông,99.96
2017,9,Chỉ số giá tiêu dùng,100.59
2017,9,Chỉ số giá vàng,102.61
2017,9,Chỉ số đô la Mỹ,100.03
2017,9,Giao thông,101.51
2017,9,Giáo dục,105.00
2017,9,Hàng hoá và dịch vụ khác,100.11
2017,9,Hàng ăn và dịch vụ ăn uống,100.08
2017,9,Lương thực,100.14
2017,9,"May mặc, mũ nón, giày dép",100.05
2017,9,Nhà ở và vật liệu xây dựng,100.69
2017,9,"Phương tiện đi lại, bưu điện",
2017,9,Thiết bị và đồ dùng gia đình,100.06
2017,9,Thuốc và dịch vụ y tế,100.25
2017,9,Thực phẩm,100.06
2017,9,Trong đó: Dịch vụ giáo dục,
2017,9,Trong đó: Dịch vụ y tế,
2017,9,"Văn hóa, giải trí và du lịch",99.92
2017,9,Ăn uống ngoài gia đình,
2017,9,Đồ uống và thuốc lá,100.02
2017,10,Bưu chính viễn thông,100.01
2017,10,Chỉ số giá tiêu dùng,100.41
2017,10,Chỉ số giá vàng,99.12
2017,10,Chỉ số đô la Mỹ,99.97
2017,10,Giao thông,100.61
2017,10,Giáo dục,100.19
2017,10,Hàng hoá và dịch vụ khác,100.12
2017,10,Hàng ăn và dịch vụ ăn uống,100.31
2017,10,Lương thực,100.57
2017,10,"May mặc, mũ nón, giày dép",100.17
2017,10,Nhà ở và vật liệu xây dựng,100.63
2017,10,"Phương tiện đi lại, bưu điện",
2017,10,Thiết bị và đồ dùng gia đình,100.10
2017,10,Thuốc và dịch vụ y tế,102.14
2017,10,Thực phẩm,100.37
2017,10,Trong đó: Dịch vụ giáo dục,
2017,10,Trong đó: Dịch vụ y tế,
2017,10,"Văn hóa, giải trí và du lịch",100.06
2017,10,Ăn uống ngoài gia đình,
2017,10,Đồ uống và thuốc lá,100.01
2017,11,Bưu chính viễn thông,99.97
2017,11,Chỉ số giá tiêu dùng,100.13
2017,11,Chỉ số giá vàng,99.70
2017,11,Chỉ số đô la Mỹ,99.99
2017,11,Giao thông,100.68
2017,11,Giáo dục,100.03
2017,11,Hàng hoá và dịch vụ khác,100.14
2017,11,Hàng ăn và dịch vụ ăn uống,100.11
2017,11,Lương thực,101.12
2017,11,"May mặc, mũ nón, giày dép",100.15
2017,11,Nhà ở và vật liệu xây dựng,99.96
2017,11,"Phương tiện đi lại, bưu điện",
2017,11,Thiết bị và đồ dùng gia đình,100.09
2017,11,Thuốc và dịch vụ y tế,100.20
2017,11,Thực phẩm,99.94
2017,11,Trong đó: Dịch vụ giáo dục,
2017,11,Trong đó: Dịch vụ y tế,
2017,11,"Văn hóa, giải trí và du lịch",99.99
2017,11,Ăn uống ngoài gia đình,
2017,11,Đồ uống và thuốc lá,100.05
2017,12,Bưu chính viễn thông,99.97
2017,12,Chỉ số giá tiêu dùng,100.21
2017,12,Chỉ số giá vàng,99.88
2017,12,Chỉ số đô la Mỹ,100.02
2017,12,Giao thông,100.84
2017,12,Giáo dục,100.00
2017,12,Hàng hoá và dịch vụ khác,100.16
2017,12,Hàng ăn và dịch vụ ăn uống,99.77
2017,12,Lương thực,100.56
2017,12,"May mặc, mũ nón, giày dép",100.43
2017,12,Nhà ở và vật liệu xây dựng,100.22
2017,12,"Phương tiện đi lại, bưu điện",
2017,12,Thiết bị và đồ dùng gia đình,100.12
2017,12,Thuốc và dịch vụ y tế,102.55
2017,12,Thực phẩm,99.50
2017,12,Trong đó: Dịch vụ giáo dục,
2017,12,Trong đó: Dịch vụ y tế,
2017,12,"Văn hóa, giải trí và du lịch",100.03
2017,12,Ăn uống ngoài gia đình,
2017,12,Đồ uống và thuốc lá,100.17
2018,1,Bưu chính viễn thông,99.91
2018,1,Chỉ số giá tiêu dùng,100.51
2018,1,Chỉ số giá vàng,101.69
2018,1,Chỉ số đô la Mỹ,99.96
2018,1,Giao thông,101.17
2018,1,Giáo dục,100.03
2018,1,Hàng hoá và dịch vụ khác,100.40
2018,1,Hàng ăn và dịch vụ ăn uống,100.44
2018,1,Lương thực,100.47
2018,1,"May mặc, mũ nón, giày dép",100.34
2018,1,Nhà ở và vật liệu xây dựng,100.55
2018,1,"Phương tiện đi lại, bưu điện",
2018,1,Thiết bị và đồ dùng gia đình,100.16
2018,1,Thuốc và dịch vụ y tế,101.83
2018,1,Thực phẩm,100.56
2018,1,Trong đó: Dịch vụ giáo dục,
2018,1,Trong đó: Dịch vụ y tế,
2018,1,"Văn hóa, giải trí và du lịch",100.07
2018,1,Ăn uống ngoài gia đình,
2018,1,Đồ uống và thuốc lá,100.35
2018,2,Bưu chính viễn thông,99.93
2018,2,Chỉ số giá tiêu dùng,100.73
2018,2,Chỉ số giá vàng,101.83
2018,2,Chỉ số đô la Mỹ,99.99
2018,2,Giao thông,100.79
2018,2,Giáo dục,100.02
2018,2,Hàng hoá và dịch vụ khác,100.74
2018,2,Hàng ăn và dịch vụ ăn uống,101.53
2018,2,Lương thực,101.44
2018,2,"May mặc, mũ nón, giày dép",100.20
2018,2,Nhà ở và vật liệu xây dựng,99.91
2018,2,"Phương tiện đi lại, bưu điện",
2018,2,Thiết bị và đồ dùng gia đình,100.27
2018,2,Thuốc và dịch vụ y tế,100.07
2018,2,Thực phẩm,101.71
2018,2,Trong đó: Dịch vụ giáo dục,
2018,2,Trong đó: Dịch vụ y tế,
2018,2,"Văn hóa, giải trí và du lịch",100.72
2018,2,Ăn uống ngoài gia đình,
2018,2,Đồ uống và thuốc lá,100.75
2018,3,Bưu chính viễn thông,99.96
2018,3,Chỉ số giá tiêu dùng,99.73
2018,3,Chỉ số giá vàng,99.65
2018,3,Chỉ số đô la Mỹ,100.27
2018,3,Giao thông,99.23
2018,3,Giáo dục,100.01
2018,3,Hàng hoá và dịch vụ khác,99.90
2018,3,Hàng ăn và dịch vụ ăn uống,99.38
2018,3,Lương thực,100.35
2018,3,"May mặc, mũ nón, giày dép",99.83
2018,3,Nhà ở và vật liệu xây dựng,99.72
2018,3,"Phương tiện đi lại, bưu điện",
2018,3,Thiết bị và đồ dùng gia đình,100.02
2018,3,Thuốc và dịch vụ y tế,101.98
2018,3,Thực phẩm,98.95
2018,3,Trong đó: Dịch vụ giáo dục,
2018,3,Trong đó: Dịch vụ y tế,
2018,3,"Văn hóa, giải trí và du lịch",99.91
2018,3,Ăn uống ngoài gia đình,
2018,3,Đồ uống và thuốc lá,99.72
2018,4,Bưu chính viễn thông,99.92
2018,4,Chỉ số giá tiêu dùng,100.08
2018,4,Chỉ số giá vàng,100.47
2018,4,Chỉ số đô la Mỹ,100.10
2018,4,Giao thông,101.18
2018,4,Giáo dục,100.06
2018,4,Hàng hoá và dịch vụ khác,99.98
2018,4,Hàng ăn và dịch vụ ăn uống,99.82
2018,4,Lương thực,100.12
2018,4,"May mặc, mũ nón, giày dép",99.99
2018,4,Nhà ở và vật liệu xây dựng,100.18
2018,4,"Phương tiện đi lại, bưu điện",
2018,4,Thiết bị và đồ dùng gia đình,100.09
2018,4,Thuốc và dịch vụ y tế,100.02
2018,4,Thực phẩm,99.67
2018,4,Trong đó: Dịch vụ giáo dục,
2018,4,Trong đó: Dịch vụ y tế,
2018,4,"Văn hóa, giải trí và du lịch",100.08
2018,4,Ăn uống ngoài gia đình,
2018,4,Đồ uống và thuốc lá,100.00
2018,5,Bưu chính viễn thông,99.86
2018,5,Chỉ số giá tiêu dùng,100.55
2018,5,Chỉ số giá vàng,99.25
2018,5,Chỉ số đô la Mỹ,99.94
2018,5,Giao thông,101.72
2018,5,Giáo dục,100.00
2018,5,Hàng hoá và dịch vụ khác,100.02
2018,5,Hàng ăn và dịch vụ ăn uống,100.88
2018,5,Lương thực,100.03
2018,5,"May mặc, mũ nón, giày dép",100.08
2018,5,Nhà ở và vật liệu xây dựng,100.34
2018,5,"Phương tiện đi lại, bưu điện",
2018,5,Thiết bị và đồ dùng gia đình,100.10
2018,5,Thuốc và dịch vụ y tế,100.03
2018,5,Thực phẩm,101.20
2018,5,Trong đó: Dịch vụ giáo dục,
2018,5,Trong đó: Dịch vụ y tế,
2018,5,"Văn hóa, giải trí và du lịch",100.08
2018,5,Ăn uống ngoài gia đình,
2018,5,Đồ uống và thuốc lá,100.08
2018,6,Bưu chính viễn thông,99.89
2018,6,Chỉ số giá tiêu dùng,100.61
2018,6,Chỉ số giá vàng,99.21
2018,6,Chỉ số đô la Mỹ,100.20
2018,6,Giao thông,101.04
2018,6,Giáo dục,100.11
2018,6,Hàng hoá và dịch vụ khác,100.02
2018,6,Hàng ăn và dịch vụ ăn uống,101.08
2018,6,Lương thực,99.55
2018,6,"May mặc, mũ nón, giày dép",100.06
2018,6,Nhà ở và vật liệu xây dựng,100.65
2018,6,"Phương tiện đi lại, bưu điện",
2018,6,Thiết bị và đồ dùng gia đình,100.03
2018,6,Thuốc và dịch vụ y tế,100.03
2018,6,Thực phẩm,101.75
2018,6,Trong đó: Dịch vụ giáo dục,
2018,6,Trong đó: Dịch vụ y tế,
2018,6,"Văn hóa, giải trí và du lịch",100.13
2018,6,Ăn uống ngoài gia đình,
2018,6,Đồ uống và thuốc lá,100.09
2018,7,Bưu chính viễn thông,99.95
2018,7,Chỉ số giá tiêu dùng,99.91
2018,7,Chỉ số giá vàng,98.43
2018,7,Chỉ số đô la Mỹ,100.84
2018,7,Giao thông,99.48
2018,7,Giáo dục,100.05
2018,7,Hàng hoá và dịch vụ khác,100.56
2018,7,Hàng ăn và dịch vụ ăn uống,100.43
2018,7,Lương thực,99.08
2018,7,"May mặc, mũ nón, giày dép",100.12
2018,7,Nhà ở và vật liệu xây dựng,100.37
2018,7,"Phương tiện đi lại, bưu điện",
2018,7,Thiết bị và đồ dùng gia đình,100.11
2018,7,Thuốc và dịch vụ y tế,94.15
2018,7,Thực phẩm,100.87
2018,7,Trong đó: Dịch vụ giáo dục,
2018,7,Trong đó: Dịch vụ y tế,
2018,7,"Văn hóa, giải trí và du lịch",100.26
2018,7,Ăn uống ngoài gia đình,
2018,7,Đồ uống và thuốc lá,100.05
2018,8,Bưu chính viễn thông,99.93
2018,8,Chỉ số giá tiêu dùng,100.45
2018,8,Chỉ số giá vàng,98.59
2018,8,Chỉ số đô la Mỹ,101.12
2018,8,Giao thông,100.13
2018,8,Giáo dục,100.46
2018,8,Hàng hoá và dịch vụ khác,100.13
2018,8,Hàng ăn và dịch vụ ăn uống,100.87
2018,8,Lương thực,100.10
2018,8,"May mặc, mũ nón, giày dép",100.10
2018,8,Nhà ở và vật liệu xây dựng,100.44
2018,8,"Phương tiện đi lại, bưu điện",
2018,8,Thiết bị và đồ dùng gia đình,100.10
2018,8,Thuốc và dịch vụ y tế,100.02
2018,8,Thực phẩm,101.12
2018,8,Trong đó: Dịch vụ giáo dục,
2018,8,Trong đó: Dịch vụ y tế,
2018,8,"Văn hóa, giải trí và du lịch",100.19
2018,8,Ăn uống ngoài gia đình,
2018,8,Đồ uống và thuốc lá,100.11
2018,9,Bưu chính viễn thông,99.92
2018,9,Chỉ số giá tiêu dùng,100.59
2018,9,Chỉ số giá vàng,99.03
2018,9,Chỉ số đô la Mỹ,100.16
2018,9,Giao thông,100.82
2018,9,Giáo dục,105.07
2018,9,Hàng hoá và dịch vụ khác,100.14
2018,9,Hàng ăn và dịch vụ ăn uống,100.44
2018,9,Lương thực,100.28
2018,9,"May mặc, mũ nón, giày dép",100.11
2018,9,Nhà ở và vật liệu xây dựng,100.20
2018,9,"Phương tiện đi lại, bưu điện",
2018,9,Thiết bị và đồ dùng gia đình,100.13
2018,9,Thuốc và dịch vụ y tế,100.04
2018,9,Thực phẩm,100.51
2018,9,Trong đó: Dịch vụ giáo dục,
2018,9,Trong đó: Dịch vụ y tế,
2018,9,"Văn hóa, giải trí và du lịch",100.09
2018,9,Ăn uống ngoài gia đình,
2018,9,Đồ uống và thuốc lá,100.09
2018,10,Bưu chính viễn thông,99.96
2018,10,Chỉ số giá tiêu dùng,100.33
2018,10,Chỉ số giá vàng,100.12
2018,10,Chỉ số đô la Mỹ,100.20
2018,10,Giao thông,101.55
2018,10,Giáo dục,100.58
2018,10,Hàng hoá và dịch vụ khác,100.09
2018,10,Hàng ăn và dịch vụ ăn uống,100.22
2018,10,Lương thực,100.15
2018,10,"May mặc, mũ nón, giày dép",100.15
2018,10,Nhà ở và vật liệu xây dựng,100.31
2018,10,"Phương tiện đi lại, bưu điện",
2018,10,Thiết bị và đồ dùng gia đình,100.11
2018,10,Thuốc và dịch vụ y tế,100.02
2018,10,Thực phẩm,100.18
2018,10,Trong đó: Dịch vụ giáo dục,
2018,10,Trong đó: Dịch vụ y tế,
2018,10,"Văn hóa, giải trí và du lịch",100.09
2018,10,Ăn uống ngoài gia đình,
2018,10,Đồ uống và thuốc lá,100.03
2018,11,Bưu chính viễn thông,99.94
2018,11,Chỉ số giá tiêu dùng,99.71
2018,11,Chỉ số giá vàng,100.98
2018,11,Chỉ số đô la Mỹ,99.97
2018,11,Giao thông,98.19
2018,11,Giáo dục,100.05
2018,11,Hàng hoá và dịch vụ khác,100.15
2018,11,Hàng ăn và dịch vụ ăn uống,99.86
2018,11,Lương thực,100.27
2018,11,"May mặc, mũ nón, giày dép",100.26
2018,11,Nhà ở và vật liệu xây dựng,99.36
2018,11,"Phương tiện đi lại, bưu điện",
2018,11,Thiết bị và đồ dùng gia đình,100.08
2018,11,Thuốc và dịch vụ y tế,100.01
2018,11,Thực phẩm,99.70
2018,11,Trong đó: Dịch vụ giáo dục,
2018,11,Trong đó: Dịch vụ y tế,
2018,11,"Văn hóa, giải trí và du lịch",100.05
2018,11,Ăn uống ngoài gia đình,
2018,11,Đồ uống và thuốc lá,100.07
2018,12,Bưu chính viễn thông,100.02
2018,12,Chỉ số giá tiêu dùng,99.75
2018,12,Chỉ số giá vàng,100.41
2018,12,Chỉ số đô la Mỹ,99.93
2018,12,Giao thông,95.12
2018,12,Giáo dục,100.00
2018,12,Hàng hoá và dịch vụ khác,100.24
2018,12,Hàng ăn và dịch vụ ăn uống,100.05
2018,12,Lương thực,100.17
2018,12,"May mặc, mũ nón, giày dép",100.43
2018,12,Nhà ở và vật liệu xây dựng,99.11
2018,12,"Phương tiện đi lại, bưu điện",
2018,12,Thiết bị và đồ dùng gia đình,100.16
2018,12,Thuốc và dịch vụ y tế,105.76
2018,12,Thực phẩm,99.98
2018,12,Trong đó: Dịch vụ giáo dục,
2018,12,Trong đó: Dịch vụ y tế,
2018,12,"Văn hóa, giải trí và du lịch",100.02
2018,12,Ăn uống ngoài gia đình,
2018,12,Đồ uống và thuốc lá,100.22
2019,1,Bưu chính viễn thông,99.91
2019,1,Chỉ số giá tiêu dùng,100.10
2019,1,Chỉ số giá vàng,102.25
2019,1,Chỉ số đô la Mỹ,99.60
2019,1,Giao thông,96.96
2019,1,Giáo dục,100.15
2019,1,Hàng hoá và dịch vụ khác,100.34
2019,1,Hàng ăn và dịch vụ ăn uống,100.66
2019,1,Lương thực,100.52
2019,1,"May mặc, mũ nón, giày dép",100.39
2019,1,Nhà ở và vật liệu xây dựng,100.35
2019,1,"Phương tiện đi lại, bưu điện",
2019,1,Thiết bị và đồ dùng gia đình,100.16
2019,1,Thuốc và dịch vụ y tế,100.01
2019,1,Thực phẩm,100.85
2019,1,Trong đó: Dịch vụ giáo dục,
2019,1,Trong đó: Dịch vụ y tế,
2019,1,"Văn hóa, giải trí và du lịch",100.33
2019,1,Ăn uống ngoài gia đình,
2019,1,Đồ uống và thuốc lá,100.69
2019,2,Bưu chính viễn thông,99.97
2019,2,Chỉ số giá tiêu dùng,100.80
2019,2,Chỉ số giá vàng,101.53
2019,2,Chỉ số đô la Mỹ,99.91
2019,2,Giao thông,100.16
2019,2,Giáo dục,99.53
2019,2,Hàng hoá và dịch vụ khác,100.47
2019,2,Hàng ăn và dịch vụ ăn uống,101.73
2019,2,Lương thực,100.53
2019,2,"May mặc, mũ nón, giày dép",100.14
2019,2,Nhà ở và vật liệu xây dựng,100.69
2019,2,"Phương tiện đi lại, bưu điện",
2019,2,Thiết bị và đồ dùng gia đình,100.26
2019,2,Thuốc và dịch vụ y tế,100.01
2019,2,Thực phẩm,102.13
2019,2,Trong đó: Dịch vụ giáo dục,
2019,2,Trong đó: Dịch vụ y tế,
2019,2,"Văn hóa, giải trí và du lịch",100.66
2019,2,Ăn uống ngoài gia đình,
2019,2,Đồ uống và thuốc lá,100.35
2019,3,Bưu chính viễn thông,99.93
2019,3,Chỉ số giá tiêu dùng,99.79
2019,3,Chỉ số giá vàng,99.51
2019,3,Chỉ số đô la Mỹ,100.05
2019,3,Giao thông,102.22
2019,3,Giáo dục,100.01
2019,3,Hàng hoá và dịch vụ khác,99.96
2019,3,Hàng ăn và dịch vụ ăn uống,98.58
2019,3,Lương thực,99.45
2019,3,"May mặc, mũ nón, giày dép",99.83
2019,3,Nhà ở và vật liệu xây dựng,100.78
2019,3,"Phương tiện đi lại, bưu điện",
2019,3,Thiết bị và đồ dùng gia đình,99.97
2019,3,Thuốc và dịch vụ y tế,100.03
2019,3,Thực phẩm,98.03
2019,3,Trong đó: Dịch vụ giáo dục,
2019,3,Trong đó: Dịch vụ y tế,
2019,3,"Văn hóa, giải trí và du lịch",99.91
2019,3,Ăn uống ngoài gia đình,
2019,3,Đồ uống và thuốc lá,99.92
2019,4,Bưu chính viễn thông,99.93
2019,4,Chỉ số giá tiêu dùng,100.31
2019,4,Chỉ số giá vàng,99.50
2019,4,Chỉ số đô la Mỹ,99.98
2019,4,Giao thông,104.29
2019,4,Giáo dục,100.05
2019,4,Hàng hoá và dịch vụ khác,100.15
2019,4,Hàng ăn và dịch vụ ăn uống,99.43
2019,4,Lương thực,99.61
2019,4,"May mặc, mũ nón, giày dép",100.06
2019,4,Nhà ở và vật liệu xây dựng,100.60
2019,4,"Phương tiện đi lại, bưu điện",
2019,4,Thiết bị và đồ dùng gia đình,100.11
2019,4,Thuốc và dịch vụ y tế,100.01
2019,4,Thực phẩm,99.13
2019,4,Trong đó: Dịch vụ giáo dục,
2019,4,Trong đó: Dịch vụ y tế,
2019,4,"Văn hóa, giải trí và du lịch",100.10
2019,4,Ăn uống ngoài gia đình,
2019,4,Đồ uống và thuốc lá,100.08
2019,5,Bưu chính viễn thông,99.95
2019,5,Chỉ số giá tiêu dùng,100.49
2019,5,Chỉ số giá vàng,99.50
2019,5,Chỉ số đô la Mỹ,100.45
2019,5,Giao thông,102.64
2019,5,Giáo dục,100.05
2019,5,Hàng hoá và dịch vụ khác,100.13
2019,5,Hàng ăn và dịch vụ ăn uống,100.05
2019,5,Lương thực,99.63
2019,5,"May mặc, mũ nón, giày dép",100.12
2019,5,Nhà ở và vật liệu xây dựng,101.28
2019,5,"Phương tiện đi lại, bưu điện",
2019,5,Thiết bị và đồ dùng gia đình,100.11
2019,5,Thuốc và dịch vụ y tế,99.94
2019,5,Thực phẩm,100.11
2019,5,Trong đó: Dịch vụ giáo dục,
2019,5,Trong đó: Dịch vụ y tế,
2019,5,"Văn hóa, giải trí và du lịch",100.10
2019,5,Ăn uống ngoài gia đình,
2019,5,Đồ uống và thuốc lá,100.18
2019,6,Bưu chính viễn thông,99.90
2019,6,Chỉ số giá tiêu dùng,99.91
2019,6,Chỉ số giá vàng,101.98
2019,6,Chỉ số đô la Mỹ,100.30
2019,6,Giao thông,98.27
2019,6,Giáo dục,100.23
2019,6,Hàng hoá và dịch vụ khác,100.15
2019,6,Hàng ăn và dịch vụ ăn uống,100.12
2019,6,Lương thực,99.66
2019,6,"May mặc, mũ nón, giày dép",100.14
2019,6,Nhà ở và vật liệu xây dựng,99.80
2019,6,"Phương tiện đi lại, bưu điện",
2019,6,Thiết bị và đồ dùng gia đình,100.14
2019,6,Thuốc và dịch vụ y tế,100.05
2019,6,Thực phẩm,100.23
2019,6,Trong đó: Dịch vụ giáo dục,
2019,6,Trong đó: Dịch vụ y tế,
2019,6,"Văn hóa, giải trí và du lịch",100.20
2019,6,Ăn uống ngoài gia đình,
2019,6,Đồ uống và thuốc lá,100.33
2019,7,Bưu chính viễn thông,100.01
2019,7,Chỉ số giá tiêu dùng,100.18
2019,7,Chỉ số giá vàng,104.79
2019,7,Chỉ số đô la Mỹ,99.50
2019,7,Giao thông,99.97
2019,7,Giáo dục,100.22
2019,7,Hàng hoá và dịch vụ khác,100.94
2019,7,Hàng ăn và dịch vụ ăn uống,100.33
2019,7,Lương thực,100.05
2019,7,"May mặc, mũ nón, giày dép",100.10
2019,7,Nhà ở và vật liệu xây dựng,99.97
2019,7,"Phương tiện đi lại, bưu điện",
2019,7,Thiết bị và đồ dùng gia đình,100.08
2019,7,Thuốc và dịch vụ y tế,100.02
2019,7,Thực phẩm,100.40
2019,7,Trong đó: Dịch vụ giáo dục,
2019,7,Trong đó: Dịch vụ y tế,
2019,7,"Văn hóa, giải trí và du lịch",100.15
2019,7,Ăn uống ngoài gia đình,
2019,7,Đồ uống và thuốc lá,100.12
2019,8,Bưu chính viễn thông,99.95
2019,8,Chỉ số giá tiêu dùng,100.28
2019,8,Chỉ số giá vàng,104.61
2019,8,Chỉ số đô la Mỹ,99.83
2019,8,Giao thông,99.54
2019,8,Giáo dục,100.57
2019,8,Hàng hoá và dịch vụ khác,100.14
2019,8,Hàng ăn và dịch vụ ăn uống,100.24
2019,8,Lương thực,100.31
2019,8,"May mặc, mũ nón, giày dép",100.09
2019,8,Nhà ở và vật liệu xây dựng,100.33
2019,8,"Phương tiện đi lại, bưu điện",
2019,8,Thiết bị và đồ dùng gia đình,100.05
2019,8,Thuốc và dịch vụ y tế,102.81
2019,8,Thực phẩm,100.29
2019,8,Trong đó: Dịch vụ giáo dục,
2019,8,Trong đó: Dịch vụ y tế,
2019,8,"Văn hóa, giải trí và du lịch",99.94
2019,8,Ăn uống ngoài gia đình,
2019,8,Đồ uống và thuốc lá,100.03
2019,9,Bưu chính viễn thông,100.00
2019,9,Chỉ số giá tiêu dùng,100.32
2019,9,Chỉ số giá vàng,103.25
2019,9,Chỉ số đô la Mỹ,99.89
2019,9,Giao thông,98.76
2019,9,Giáo dục,103.15
2019,9,Hàng hoá và dịch vụ khác,100.25
2019,9,Hàng ăn và dịch vụ ăn uống,100.56
2019,9,Lương thực,100.30
2019,9,"May mặc, mũ nón, giày dép",100.09
2019,9,Nhà ở và vật liệu xây dựng,100.12
2019,9,"Phương tiện đi lại, bưu điện",
2019,9,Thiết bị và đồ dùng gia đình,100.13
2019,9,Thuốc và dịch vụ y tế,99.99
2019,9,Thực phẩm,100.76
2019,9,Trong đó: Dịch vụ giáo dục,
2019,9,Trong đó: Dịch vụ y tế,
2019,9,"Văn hóa, giải trí và du lịch",100.06
2019,9,Ăn uống ngoài gia đình,
2019,9,Đồ uống và thuốc lá,100.06
2019,10,Bưu chính viễn thông,99.94
2019,10,Chỉ số giá tiêu dùng,100.59
2019,10,Chỉ số giá vàng,99.43
2019,10,Chỉ số đô la Mỹ,100.03
2019,10,Giao thông,100.99
2019,10,Giáo dục,100.19
2019,10,Hàng hoá và dịch vụ khác,100.17
2019,10,Hàng ăn và dịch vụ ăn uống,101.04
2019,10,Lương thực,100.05
2019,10,"May mặc, mũ nón, giày dép",100.06
2019,10,Nhà ở và vật liệu xây dựng,100.53
2019,10,"Phương tiện đi lại, bưu điện",
2019,10,Thiết bị và đồ dùng gia đình,100.09
2019,10,Thuốc và dịch vụ y tế,100.04
2019,10,Thực phẩm,101.57
2019,10,Trong đó: Dịch vụ giáo dục,
2019,10,Trong đó: Dịch vụ y tế,
2019,10,"Văn hóa, giải trí và du lịch",100.12
2019,10,Ăn uống ngoài gia đình,
2019,10,Đồ uống và thuốc lá,100.04
2019,11,Bưu chính viễn thông,99.91
2019,11,Chỉ số giá tiêu dùng,100.96
2019,11,Chỉ số giá vàng,99.37
2019,11,Chỉ số đô la Mỹ,99.87
2019,11,Giao thông,99.27
2019,11,Giáo dục,100.04
2019,11,Hàng hoá và dịch vụ khác,100.16
2019,11,Hàng ăn và dịch vụ ăn uống,102.74
2019,11,Lương thực,100.26
2019,11,"May mặc, mũ nón, giày dép",100.12
2019,11,Nhà ở và vật liệu xây dựng,100.13
2019,11,"Phương tiện đi lại, bưu điện",
2019,11,Thiết bị và đồ dùng gia đình,100.10
2019,11,Thuốc và dịch vụ y tế,100.04
2019,11,Thực phẩm,104.11
2019,11,Trong đó: Dịch vụ giáo dục,
2019,11,Trong đó: Dịch vụ y tế,
2019,11,"Văn hóa, giải trí và du lịch",100.03
2019,11,Ăn uống ngoài gia đình,
2019,11,Đồ uống và thuốc lá,100.20
2019,12,Bưu chính viễn thông,99.91
2019,12,Chỉ số giá tiêu dùng,101.40
2019,12,Chỉ số giá vàng,99.64
2019,12,Chỉ số đô la Mỹ,99.81
2019,12,Giao thông,100.61
2019,12,Giáo dục,100.01
2019,12,Hàng hoá và dịch vụ khác,100.24
2019,12,Hàng ăn và dịch vụ ăn uống,103.42
2019,12,Lương thực,100.45
2019,12,"May mặc, mũ nón, giày dép",100.33
2019,12,Nhà ở và vật liệu xây dựng,100.43
2019,12,"Phương tiện đi lại, bưu điện",
2019,12,Thiết bị và đồ dùng gia đình,100.14
2019,12,Thuốc và dịch vụ y tế,100.03
2019,12,Thực phẩm,104.41
2019,12,Trong đó: Dịch vụ giáo dục,
2019,12,Trong đó: Dịch vụ y tế,
2019,12,"Văn hóa, giải trí và du lịch",100.09
2019,12,Ăn uống ngoài gia đình,
2019,12,Đồ uống và thuốc lá,100.25
2020,1,Bưu chính viễn thông,99.97
2020,1,Chỉ số giá tiêu dùng,101.23
2020,1,Chỉ số giá vàng,104.37
2020,1,Chỉ số đô la Mỹ,100.02
2020,1,Giao thông,100.69
2020,1,Giáo dục,100.02
2020,1,Hàng hoá và dịch vụ khác,100.92
2020,1,Hàng ăn và dịch vụ ăn uống,102.29
2020,1,Lương thực,100.79
2020,1,"May mặc, mũ nón, giày dép",100.33
2020,1,Nhà ở và vật liệu xây dựng,101.47
2020,1,"Phương tiện đi lại, bưu điện",
2020,1,Thiết bị và đồ dùng gia đình,100.27
2020,1,Thuốc và dịch vụ y tế,100.17
2020,1,Thực phẩm,102.60
2020,1,Trong đó: Dịch vụ giáo dục,
2020,1,Trong đó: Dịch vụ y tế,
2020,1,"Văn hóa, giải trí và du lịch",100.25
2020,1,Ăn uống ngoài gia đình,
2020,1,Đồ uống và thuốc lá,100.65
2020,2,Bưu chính viễn thông,99.95
2020,2,Chỉ số giá tiêu dùng,99.83
2020,2,Chỉ số giá vàng,102.74
2020,2,Chỉ số đô la Mỹ,100.32
2020,2,Giao thông,97.50
2020,2,Giáo dục,100.04
2020,2,Hàng hoá và dịch vụ khác,100.17
2020,2,Hàng ăn và dịch vụ ăn uống,100.26
2020,2,Lương thực,100.32
2020,2,"May mặc, mũ nón, giày dép",99.87
2020,2,Nhà ở và vật liệu xây dựng,99.97
2020,2,"Phương tiện đi lại, bưu điện",
2020,2,Thiết bị và đồ dùng gia đình,100.08
2020,2,Thuốc và dịch vụ y tế,100.13
2020,2,Thực phẩm,99.93
2020,2,Trong đó: Dịch vụ giáo dục,
2020,2,Trong đó: Dịch vụ y tế,
2020,2,"Văn hóa, giải trí và du lịch",99.57
2020,2,Ăn uống ngoài gia đình,
2020,2,Đồ uống và thuốc lá,99.72
2020,3,Bưu chính viễn thông,99.94
2020,3,Chỉ số giá tiêu dùng,99.28
2020,3,Chỉ số giá vàng,103.87
2020,3,Chỉ số đô la Mỹ,100.17
2020,3,Giao thông,95.13
2020,3,Giáo dục,100.04
2020,3,Hàng hoá và dịch vụ khác,100.16
2020,3,Hàng ăn và dịch vụ ăn uống,99.57
2020,3,Lương thực,101.09
2020,3,"May mặc, mũ nón, giày dép",99.85
2020,3,Nhà ở và vật liệu xây dựng,99.75
2020,3,"Phương tiện đi lại, bưu điện",
2020,3,Thiết bị và đồ dùng gia đình,100.09
2020,3,Thuốc và dịch vụ y tế,100.05
2020,3,Thực phẩm,99.11
2020,3,Trong đó: Dịch vụ giáo dục,
2020,3,Trong đó: Dịch vụ y tế,
2020,3,"Văn hóa, giải trí và du lịch",98.60
2020,3,Ăn uống ngoài gia đình,
2020,3,Đồ uống và thuốc lá,99.89
2020,4,Bưu chính viễn thông,99.98
2020,4,Chỉ số giá tiêu dùng,98.46
2020,4,Chỉ số giá vàng,100.69
2020,4,Chỉ số đô la Mỹ,100.95
2020,4,Giao thông,86.14
2020,4,Giáo dục,100.00
2020,4,Hàng hoá và dịch vụ khác,99.87
2020,4,Hàng ăn và dịch vụ ăn uống,100.66
2020,4,Lương thực,102.09
2020,4,"May mặc, mũ nón, giày dép",99.83
2020,4,Nhà ở và vật liệu xây dựng,97.67
2020,4,"Phương tiện đi lại, bưu điện",
2020,4,Thiết bị và đồ dùng gia đình,100.06
2020,4,Thuốc và dịch vụ y tế,100.03
2020,4,Thực phẩm,100.62
2020,4,Trong đó: Dịch vụ giáo dục,
2020,4,Trong đó: Dịch vụ y tế,
2020,4,"Văn hóa, giải trí và du lịch",99.60
2020,4,Ăn uống ngoài gia đình,
2020,4,Đồ uống và thuốc lá,100.13
2020,5,Bưu chính viễn thông,99.98
2020,5,Chỉ số giá tiêu dùng,99.97
2020,5,Chỉ số giá vàng,102.41
2020,5,Chỉ số đô la Mỹ,99.59
2020,5,Giao thông,97.79
2020,5,Giáo dục,100.00
2020,5,Hàng hoá và dịch vụ khác,100.07
2020,5,Hàng ăn và dịch vụ ăn uống,100.34
2020,5,Lương thực,99.92
2020,5,"May mặc, mũ nón, giày dép",99.99
2020,5,Nhà ở và vật liệu xây dựng,100.25
2020,5,"Phương tiện đi lại, bưu điện",
2020,5,Thiết bị và đồ dùng gia đình,100.05
2020,5,Thuốc và dịch vụ y tế,100.04
2020,5,Thực phẩm,100.43
2020,5,Trong đó: Dịch vụ giáo dục,
2020,5,Trong đó: Dịch vụ y tế,
2020,5,"Văn hóa, giải trí và du lịch",99.98
2020,5,Ăn uống ngoài gia đình,
2020,5,Đồ uống và thuốc lá,100.25
2020,6,Bưu chính viễn thông,99.96
2020,6,Chỉ số giá tiêu dùng,100.66
2020,6,Chỉ số giá vàng,101.71
2020,6,Chỉ số đô la Mỹ,99.42
2020,6,Giao thông,106.05
2020,6,Giáo dục,100.01
2020,6,Hàng hoá và dịch vụ khác,100.19
2020,6,Hàng ăn và dịch vụ ăn uống,100.44
2020,6,Lương thực,99.60
2020,6,"May mặc, mũ nón, giày dép",100.00
2020,6,Nhà ở và vật liệu xây dựng,99.58
2020,6,"Phương tiện đi lại, bưu điện",
2020,6,Thiết bị và đồ dùng gia đình,100.07
2020,6,Thuốc và dịch vụ y tế,100.01
2020,6,Thực phẩm,100.72
2020,6,Trong đó: Dịch vụ giáo dục,
2020,6,Trong đó: Dịch vụ y tế,
2020,6,"Văn hóa, giải trí và du lịch",99.99
2020,6,Ăn uống ngoài gia đình,
2020,6,Đồ uống và thuốc lá,100.09
2020,7,Bưu chính viễn thông,99.98
2020,7,Chỉ số giá tiêu dùng,100.40
2020,7,Chỉ số giá vàng,103.49
2020,7,Chỉ số đô la Mỹ,99.77
2020,7,Giao thông,103.91
2020,7,Giáo dục,100.02
2020,7,Hàng hoá và dịch vụ khác,100.17
2020,7,Hàng ăn và dịch vụ ăn uống,99.82
2020,7,Lương thực,99.80
2020,7,"May mặc, mũ nón, giày dép",100.06
2020,7,Nhà ở và vật liệu xây dựng,100.47
2020,7,"Phương tiện đi lại, bưu điện",
2020,7,Thiết bị và đồ dùng gia đình,100.07
2020,7,Thuốc và dịch vụ y tế,100.02
2020,7,Thực phẩm,99.70
2020,7,Trong đó: Dịch vụ giáo dục,
2020,7,Trong đó: Dịch vụ y tế,
2020,7,"Văn hóa, giải trí và du lịch",100.30
2020,7,Ăn uống ngoài gia đình,
2020,7,Đồ uống và thuốc lá,100.02
2020,8,Bưu chính viễn thông,99.95
2020,8,Chỉ số giá tiêu dùng,100.07
2020,8,Chỉ số giá vàng,109.86
2020,8,Chỉ số đô la Mỹ,99.93
2020,8,Giao thông,100.10
2020,8,Giáo dục,100.18
2020,8,Hàng hoá và dịch vụ khác,100.20
2020,8,Hàng ăn và dịch vụ ăn uống,100.11
2020,8,Lương thực,100.60
2020,8,"May mặc, mũ nón, giày dép",99.97
2020,8,Nhà ở và vật liệu xây dựng,100.10
2020,8,"Phương tiện đi lại, bưu điện",
2020,8,Thiết bị và đồ dùng gia đình,100.00
2020,8,Thuốc và dịch vụ y tế,100.02
2020,8,Thực phẩm,100.08
2020,8,Trong đó: Dịch vụ giáo dục,
2020,8,Trong đó: Dịch vụ y tế,
2020,8,"Văn hóa, giải trí và du lịch",99.80
2020,8,Ăn uống ngoài gia đình,
2020,8,Đồ uống và thuốc lá,100.05
2020,9,Bưu chính viễn thông,99.98
2020,9,Chỉ số giá tiêu dùng,100.12
2020,9,Chỉ số giá vàng,99.67
2020,9,Chỉ số đô la Mỹ,99.95
2020,9,Giao thông,99.88
2020,9,Giáo dục,102.08
2020,9,Hàng hoá và dịch vụ khác,100.02
2020,9,Hàng ăn và dịch vụ ăn uống,99.69
2020,9,Lương thực,100.53
2020,9,"May mặc, mũ nón, giày dép",100.10
2020,9,Nhà ở và vật liệu xây dựng,100.62
2020,9,"Phương tiện đi lại, bưu điện",
2020,9,Thiết bị và đồ dùng gia đình,99.94
2020,9,Thuốc và dịch vụ y tế,100.01
2020,9,Thực phẩm,99.41
2020,9,Trong đó: Dịch vụ giáo dục,
2020,9,Trong đó: Dịch vụ y tế,
2020,9,"Văn hóa, giải trí và du lịch",99.80
2020,9,Ăn uống ngoài gia đình,
2020,9,Đồ uống và thuốc lá,100.05
2020,10,Bưu chính viễn thông,99.97
2020,10,Chỉ số giá tiêu dùng,100.09
2020,10,Chỉ số giá vàng,98.90
2020,10,Chỉ số đô la Mỹ,100.07
2020,10,Giao thông,99.92
2020,10,Giáo dục,101.35
2020,10,Hàng hoá và dịch vụ khác,100.09
2020,10,Hàng ăn và dịch vụ ăn uống,99.87
2020,10,Lương thực,100.16
2020,10,"May mặc, mũ nón, giày dép",100.06
2020,10,Nhà ở và vật liệu xây dựng,100.29
2020,10,"Phương tiện đi lại, bưu điện",
2020,10,Thiết bị và đồ dùng gia đình,100.00
2020,10,Thuốc và dịch vụ y tế,100.01
2020,10,Thực phẩm,99.72
2020,10,Trong đó: Dịch vụ giáo dục,
2020,10,Trong đó: Dịch vụ y tế,
2020,10,"Văn hóa, giải trí và du lịch",99.82
2020,10,Ăn uống ngoài gia đình,
2020,10,Đồ uống và thuốc lá,100.08
2020,11,Bưu chính viễn thông,99.83
2020,11,Chỉ số giá tiêu dùng,99.99
2020,11,Chỉ số giá vàng,100.87
2020,11,Chỉ số đô la Mỹ,99.95
2020,11,Giao thông,99.53
2020,11,Giáo dục,100.00
2020,11,Hàng hoá và dịch vụ khác,100.12
2020,11,Hàng ăn và dịch vụ ăn uống,100.05
2020,11,Lương thực,100.59
2020,11,"May mặc, mũ nón, giày dép",100.14
2020,11,Nhà ở và vật liệu xây dựng,100.07
2020,11,"Phương tiện đi lại, bưu điện",
2020,11,Thiết bị và đồ dùng gia đình,100.03
2020,11,Thuốc và dịch vụ y tế,100.01
2020,11,Thực phẩm,99.94
2020,11,Trong đó: Dịch vụ giáo dục,
2020,11,Trong đó: Dịch vụ y tế,
2020,11,"Văn hóa, giải trí và du lịch",99.94
2020,11,Ăn uống ngoài gia đình,
2020,11,Đồ uống và thuốc lá,100.06
2020,12,Bưu chính viễn thông,100.00
2020,12,Chỉ số giá tiêu dùng,100.10
2020,12,Chỉ số giá vàng,99.17
2020,12,Chỉ số đô la Mỹ,99.77
2020,12,Giao thông,102.45
2020,12,Giáo dục,100.01
2020,12,Hàng hoá và dịch vụ khác,100.12
2020,12,Hàng ăn và dịch vụ ăn uống,99.59
2020,12,Lương thực,100.43
2020,12,"May mặc, mũ nón, giày dép",100.15
2020,12,Nhà ở và vật liệu xây dựng,99.97
2020,12,"Phương tiện đi lại, bưu điện",
2020,12,Thiết bị và đồ dùng gia đình,100.01
2020,12,Thuốc và dịch vụ y tế,100.01
2020,12,Thực phẩm,99.23
2020,12,Trong đó: Dịch vụ giáo dục,
2020,12,Trong đó: Dịch vụ y tế,
2020,12,"Văn hóa, giải trí và du lịch",99.90
2020,12,Ăn uống ngoài gia đình,
2020,12,Đồ uống và thuốc lá,100.13
2021,1,Bưu chính viễn thông,99.90
2021,1,Chỉ số giá tiêu dùng,100.06
2021,1,Chỉ số giá vàng,102.17
2021,1,Chỉ số đô la Mỹ,99.84
2021,1,Giao thông,102.29
2021,1,Giáo dục,100.33
2021,1,Hàng hoá và dịch vụ khác,100.24
2021,1,Hàng ăn và dịch vụ ăn uống,100.64
2021,1,Lương thực,100.83
2021,1,"May mặc, mũ nón, giày dép",100.44
2021,1,Nhà ở và vật liệu xây dựng,97.69
2021,1,"Phương tiện đi lại, bưu điện",
2021,1,Thiết bị và đồ dùng gia đình,100.08
2021,1,Thuốc và dịch vụ y tế,100.01
2021,1,Thực phẩm,100.81
2021,1,Trong đó: Dịch vụ giáo dục,100.38
2021,1,Trong đó: Dịch vụ y tế,100.00
2021,1,"Văn hóa, giải trí và du lịch",100.08
2021,1,Ăn uống ngoài gia đình,100.15
2021,1,Đồ uống và thuốc lá,100.32
2021,2,Bưu chính viễn thông,100.03
2021,2,Chỉ số giá tiêu dùng,101.52
2021,2,Chỉ số giá vàng,100.25
2021,2,Chỉ số đô la Mỹ,99.83
2021,2,Giao thông,101.55
2021,2,Giáo dục,100.00
2021,2,Hàng hoá và dịch vụ khác,100.74
2021,2,Hàng ăn và dịch vụ ăn uống,101.61
2021,2,Lương thực,101.77
2021,2,"May mặc, mũ nón, giày dép",100.25
2021,2,Nhà ở và vật liệu xây dựng,104.00
2021,2,"Phương tiện đi lại, bưu điện",
2021,2,Thiết bị và đồ dùng gia đình,100.20
2021,2,Thuốc và dịch vụ y tế,100.01
2021,2,Thực phẩm,101.82
2021,2,Trong đó: Dịch vụ giáo dục,100.00
2021,2,Trong đó: Dịch vụ y tế,100.00
2021,2,"Văn hóa, giải trí và du lịch",100.13
2021,2,Ăn uống ngoài gia đình,101.01
2021,2,Đồ uống và thuốc lá,100.90
2021,3,Bưu chính viễn thông,99.87
2021,3,Chỉ số giá tiêu dùng,99.73
2021,3,Chỉ số giá vàng,97.03
2021,3,Chỉ số đô la Mỹ,100.23
2021,3,Giao thông,102.29
2021,3,Giáo dục,100.01
2021,3,Hàng hoá và dịch vụ khác,99.72
2021,3,Hàng ăn và dịch vụ ăn uống,98.54
2021,3,Lương thực,100.01
2021,3,"May mặc, mũ nón, giày dép",99.80
2021,3,Nhà ở và vật liệu xây dựng,100.24
2021,3,"Phương tiện đi lại, bưu điện",
2021,3,Thiết bị và đồ dùng gia đình,99.95
2021,3,Thuốc và dịch vụ y tế,100.02
2021,3,Thực phẩm,97.80
2021,3,Trong đó: Dịch vụ giáo dục,100.00
2021,3,Trong đó: Dịch vụ y tế,100.01
2021,3,"Văn hóa, giải trí và du lịch",99.97
2021,3,Ăn uống ngoài gia đình,99.77
2021,3,Đồ uống và thuốc lá,99.63
2021,4,Bưu chính viễn thông,99.80
2021,4,Chỉ số giá tiêu dùng,99.96
2021,4,Chỉ số giá vàng,98.10
2021,4,Chỉ số đô la Mỹ,100.29
2021,4,Giao thông,100.87
2021,4,Giáo dục,100.03
2021,4,Hàng hoá và dịch vụ khác,100.07
2021,4,Hàng ăn và dịch vụ ăn uống,99.87
2021,4,Lương thực,99.99
2021,4,"May mặc, mũ nón, giày dép",100.00
2021,4,Nhà ở và vật liệu xây dựng,99.57
2021,4,"Phương tiện đi lại, bưu điện",
2021,4,Thiết bị và đồ dùng gia đình,100.11
2021,4,Thuốc và dịch vụ y tế,100.01
2021,4,Thực phẩm,99.75
2021,4,Trong đó: Dịch vụ giáo dục,100.00
2021,4,Trong đó: Dịch vụ y tế,100.00
2021,4,"Văn hóa, giải trí và du lịch",99.89
2021,4,Ăn uống ngoài gia đình,100.14
2021,4,Đồ uống và thuốc lá,100.14
2021,5,Bưu chính viễn thông,99.85
2021,5,Chỉ số giá tiêu dùng,100.16
2021,5,Chỉ số giá vàng,101.68
2021,5,Chỉ số đô la Mỹ,99.79
2021,5,Giao thông,100.76
2021,5,Giáo dục,100.03
2021,5,Hàng hoá và dịch vụ khác,100.06
2021,5,Hàng ăn và dịch vụ ăn uống,100.04
2021,5,Lương thực,99.91
2021,5,"May mặc, mũ nón, giày dép",99.99
2021,5,Nhà ở và vật liệu xây dựng,100.40
2021,5,"Phương tiện đi lại, bưu điện",
2021,5,Thiết bị và đồ dùng gia đình,100.09
2021,5,Thuốc và dịch vụ y tế,100.01
2021,5,Thực phẩm,99.95
2021,5,Trong đó: Dịch vụ giáo dục,100.00
2021,5,Trong đó: Dịch vụ y tế,100.00
2021,5,"Văn hóa, giải trí và du lịch",99.77
2021,5,Ăn uống ngoài gia đình,100.31
2021,5,Đồ uống và thuốc lá,100.09
2021,6,Bưu chính viễn thông,100.01
2021,6,Chỉ số giá tiêu dùng,100.19
2021,6,Chỉ số giá vàng,101.12
2021,6,Chỉ số đô la Mỹ,99.70
2021,6,Giao thông,101.07
2021,6,Giáo dục,100.03
2021,6,Hàng hoá và dịch vụ khác,100.06
2021,6,Hàng ăn và dịch vụ ăn uống,99.87
2021,6,Lương thực,99.72
2021,6,"May mặc, mũ nón, giày dép",100.00
2021,6,Nhà ở và vật liệu xây dựng,100.63
2021,6,"Phương tiện đi lại, bưu điện",
2021,6,Thiết bị và đồ dùng gia đình,100.10
2021,6,Thuốc và dịch vụ y tế,100.02
2021,6,Thực phẩm,99.81
2021,6,Trong đó: Dịch vụ giáo dục,100.00
2021,6,Trong đó: Dịch vụ y tế,100.01
2021,6,"Văn hóa, giải trí và du lịch",99.92
2021,6,Ăn uống ngoài gia đình,100.07
2021,6,Đồ uống và thuốc lá,100.11
2021,7,Bưu chính viễn thông,99.95
2021,7,Chỉ số giá tiêu dùng,100.62
2021,7,Chỉ số giá vàng,98.61
2021,7,Chỉ số đô la Mỹ,100.09
2021,7,Giao thông,102.36
2021,7,Giáo dục,100.03
2021,7,Hàng hoá và dịch vụ khác,100.00
2021,7,Hàng ăn và dịch vụ ăn uống,100.67
2021,7,Lương thực,100.36
2021,7,"May mặc, mũ nón, giày dép",99.97
2021,7,Nhà ở và vật liệu xây dựng,100.88
2021,7,"Phương tiện đi lại, bưu điện",
2021,7,Thiết bị và đồ dùng gia đình,100.06
2021,7,Thuốc và dịch vụ y tế,100.03
2021,7,Thực phẩm,100.95
2021,7,Trong đó: Dịch vụ giáo dục,100.00
2021,7,Trong đó: Dịch vụ y tế,100.00
2021,7,"Văn hóa, giải trí và du lịch",99.90
2021,7,Ăn uống ngoài gia đình,100.11
2021,7,Đồ uống và thuốc lá,100.18
2021,8,Bưu chính viễn thông,99.95
2021,8,Chỉ số giá tiêu dùng,100.25
2021,8,Chỉ số giá vàng,99.51
2021,8,Chỉ số đô la Mỹ,99.56
2021,8,Giao thông,99.94
2021,8,Giáo dục,100.04
2021,8,Hàng hoá và dịch vụ khác,100.00
2021,8,Hàng ăn và dịch vụ ăn uống,100.74
2021,8,Lương thực,100.69
2021,8,"May mặc, mũ nón, giày dép",99.97
2021,8,Nhà ở và vật liệu xây dựng,100.00
2021,8,"Phương tiện đi lại, bưu điện",
2021,8,Thiết bị và đồ dùng gia đình,100.00
2021,8,Thuốc và dịch vụ y tế,100.02
2021,8,Thực phẩm,100.97
2021,8,Trong đó: Dịch vụ giáo dục,100.00
2021,8,Trong đó: Dịch vụ y tế,100.00
2021,8,"Văn hóa, giải trí và du lịch",99.97
2021,8,Ăn uống ngoài gia đình,100.19
2021,8,Đồ uống và thuốc lá,100.22
2021,9,Bưu chính viễn thông,99.94
2021,9,Chỉ số giá tiêu dùng,99.38
2021,9,Chỉ số giá vàng,100.00
2021,9,Chỉ số đô la Mỹ,99.52
2021,9,Giao thông,99.84
2021,9,Giáo dục,97.11
2021,9,Hàng hoá và dịch vụ khác,100.02
2021,9,Hàng ăn và dịch vụ ăn uống,99.84
2021,9,Lương thực,100.12
2021,9,"May mặc, mũ nón, giày dép",100.02
2021,9,Nhà ở và vật liệu xây dựng,98.01
2021,9,"Phương tiện đi lại, bưu điện",
2021,9,Thiết bị và đồ dùng gia đình,100.09
2021,9,Thuốc và dịch vụ y tế,100.03
2021,9,Thực phẩm,99.70
2021,9,Trong đó: Dịch vụ giáo dục,96.65
2021,9,Trong đó: Dịch vụ y tế,100.00
2021,9,"Văn hóa, giải trí và du lịch",100.01
2021,9,Ăn uống ngoài gia đình,100.04
2021,9,Đồ uống và thuốc lá,100.17
2021,10,Bưu chính viễn thông,99.96
2021,10,Chỉ số giá tiêu dùng,99.80
2021,10,Chỉ số giá vàng,99.79
2021,10,Chỉ số đô la Mỹ,99.94
2021,10,Giao thông,102.51
2021,10,Giáo dục,100.25
2021,10,Hàng hoá và dịch vụ khác,100.12
2021,10,Hàng ăn và dịch vụ ăn uống,98.72
2021,10,Lương thực,99.83
2021,10,"May mặc, mũ nón, giày dép",100.13
2021,10,Nhà ở và vật liệu xây dựng,99.74
2021,10,"Phương tiện đi lại, bưu điện",
2021,10,Thiết bị và đồ dùng gia đình,100.06
2021,10,Thuốc và dịch vụ y tế,100.02
2021,10,Thực phẩm,97.95
2021,10,Trong đó: Dịch vụ giáo dục,100.22
2021,10,Trong đó: Dịch vụ y tế,100.00
2021,10,"Văn hóa, giải trí và du lịch",100.04
2021,10,Ăn uống ngoài gia đình,100.18
2021,10,Đồ uống và thuốc lá,100.19
2021,11,Bưu chính viễn thông,100.03
2021,11,Chỉ số giá tiêu dùng,100.32
2021,11,Chỉ số giá vàng,102.65
2021,11,Chỉ số đô la Mỹ,99.79
2021,11,Giao thông,103.11
2021,11,Giáo dục,99.08
2021,11,Hàng hoá và dịch vụ khác,100.25
2021,11,Hàng ăn và dịch vụ ăn uống,99.83
2021,11,Lương thực,100.22
2021,11,"May mặc, mũ nón, giày dép",100.25
2021,11,Nhà ở và vật liệu xây dựng,100.46
2021,11,"Phương tiện đi lại, bưu điện",
2021,11,Thiết bị và đồ dùng gia đình,100.19
2021,11,Thuốc và dịch vụ y tế,100.04
2021,11,Thực phẩm,99.60
2021,11,Trong đó: Dịch vụ giáo dục,98.94
2021,11,Trong đó: Dịch vụ y tế,100.00
2021,11,"Văn hóa, giải trí và du lịch",100.09
2021,11,Ăn uống ngoài gia đình,100.23
2021,11,Đồ uống và thuốc lá,100.33
2021,12,Bưu chính viễn thông,99.99
2021,12,Chỉ số giá tiêu dùng,99.82
2021,12,Chỉ số giá vàng,100.25
2021,12,Chỉ số đô la Mỹ,100.84
2021,12,Giao thông,98.29
2021,12,Giáo dục,99.57
2021,12,Hàng hoá và dịch vụ khác,100.14
2021,12,Hàng ăn và dịch vụ ăn uống,100.17
2021,12,Lương thực,100.36
2021,12,"May mặc, mũ nón, giày dép",100.22
2021,12,Nhà ở và vật liệu xây dựng,99.55
2021,12,"Phương tiện đi lại, bưu điện",
2021,12,Thiết bị và đồ dùng gia đình,100.17
2021,12,Thuốc và dịch vụ y tế,100.02
2021,12,Thực phẩm,100.15
2021,12,Trong đó: Dịch vụ giáo dục,99.50
2021,12,Trong đó: Dịch vụ y tế,100.01
2021,12,"Văn hóa, giải trí và du lịch",100.05
2021,12,Ăn uống ngoài gia đình,100.16
2021,12,Đồ uống và thuốc lá,100.20
2022,1,Bưu chính viễn thông,99.97
2022,1,Chỉ số giá tiêu dùng,100.19
2022,1,Chỉ số giá vàng,101.08
2022,1,Chỉ số đô la Mỹ,99.68
2022,1,Giao thông,101.18
2022,1,Giáo dục,100.03
2022,1,Hàng hoá và dịch vụ khác,100.39
2022,1,Hàng ăn và dịch vụ ăn uống,100.00
2022,1,Lương thực,100.08
2022,1,"May mặc, mũ nón, giày dép",100.26
2022,1,Nhà ở và vật liệu xây dựng,100.07
2022,1,"Phương tiện đi lại, bưu điện",
2022,1,Thiết bị và đồ dùng gia đình,100.18
2022,1,Thuốc và dịch vụ y tế,100.03
2022,1,Thực phẩm,99.91
2022,1,Trong đó: Dịch vụ giáo dục,100.01
2022,1,Trong đó: Dịch vụ y tế,100.00
2022,1,"Văn hóa, giải trí và du lịch",100.16
2022,1,Ăn uống ngoài gia đình,100.18
2022,1,Đồ uống và thuốc lá,100.57
2022,2,Bưu chính viễn thông,99.96
2022,2,Chỉ số giá tiêu dùng,101.00
2022,2,Chỉ số giá vàng,101.85
2022,2,Chỉ số đô la Mỹ,99.72
2022,2,Giao thông,102.35
2022,2,Giáo dục,100.51
2022,2,Hàng hoá và dịch vụ khác,100.22
2022,2,Hàng ăn và dịch vụ ăn uống,101.54
2022,2,Lương thực,100.35
2022,2,"May mặc, mũ nón, giày dép",100.07
2022,2,Nhà ở và vật liệu xây dựng,100.92
2022,2,"Phương tiện đi lại, bưu điện",
2022,2,Thiết bị và đồ dùng gia đình,100.19
2022,2,Thuốc và dịch vụ y tế,100.03
2022,2,Thực phẩm,101.69
2022,2,Trong đó: Dịch vụ giáo dục,100.56
2022,2,Trong đó: Dịch vụ y tế,100.00
2022,2,"Văn hóa, giải trí và du lịch",100.51
2022,2,Ăn uống ngoài gia đình,101.68
2022,2,Đồ uống và thuốc lá,100.37
2022,3,Bưu chính viễn thông,100.02
2022,3,Chỉ số giá tiêu dùng,100.70
2022,3,Chỉ số giá vàng,104.51
2022,3,Chỉ số đô la Mỹ,100.64
2022,3,Giao thông,104.80
2022,3,Giáo dục,100.10
2022,3,Hàng hoá và dịch vụ khác,100.46
2022,3,Hàng ăn và dịch vụ ăn uống,99.73
2022,3,Lương thực,100.17
2022,3,"May mặc, mũ nón, giày dép",100.12
2022,3,Nhà ở và vật liệu xây dựng,101.49
2022,3,"Phương tiện đi lại, bưu điện",
2022,3,Thiết bị và đồ dùng gia đình,100.19
2022,3,Thuốc và dịch vụ y tế,100.06
2022,3,Thực phẩm,99.52
2022,3,Trong đó: Dịch vụ giáo dục,100.09
2022,3,Trong đó: Dịch vụ y tế,100.00
2022,3,"Văn hóa, giải trí và du lịch",100.21
2022,3,Ăn uống ngoài gia đình,100.08
2022,3,Đồ uống và thuốc lá,100.06
2022,4,Bưu chính viễn thông,99.88
2022,4,Chỉ số giá tiêu dùng,100.18
2022,4,Chỉ số giá vàng,100.73
2022,4,Chỉ số đô la Mỹ,100.07
2022,4,Giao thông,99.41
2022,4,Giáo dục,100.96
2022,4,Hàng hoá và dịch vụ khác,100.18
2022,4,Hàng ăn và dịch vụ ăn uống,99.95
2022,4,Lương thực,100.21
2022,4,"May mặc, mũ nón, giày dép",100.12
2022,4,Nhà ở và vật liệu xây dựng,100.58
2022,4,"Phương tiện đi lại, bưu điện",
2022,4,Thiết bị và đồ dùng gia đình,100.32
2022,4,Thuốc và dịch vụ y tế,100.03
2022,4,Thực phẩm,99.68
2022,4,Trong đó: Dịch vụ giáo dục,101.07
2022,4,Trong đó: Dịch vụ y tế,100.00
2022,4,"Văn hóa, giải trí và du lịch",101.16
2022,4,Ăn uống ngoài gia đình,100.51
2022,4,Đồ uống và thuốc lá,100.22
2022,5,Bưu chính viễn thông,100.01
2022,5,Chỉ số giá tiêu dùng,100.38
2022,5,Chỉ số giá vàng,99.48
2022,5,Chỉ số đô la Mỹ,100.65
2022,5,Giao thông,102.34
2022,5,Giáo dục,100.17
2022,5,Hàng hoá và dịch vụ khác,100.19
2022,5,Hàng ăn và dịch vụ ăn uống,100.27
2022,5,Lương thực,100.28
2022,5,"May mặc, mũ nón, giày dép",100.18
2022,5,Nhà ở và vật liệu xây dựng,99.87
2022,5,"Phương tiện đi lại, bưu điện",
2022,5,Thiết bị và đồ dùng gia đình,100.22
2022,5,Thuốc và dịch vụ y tế,100.03
2022,5,Thực phẩm,100.22
2022,5,Trong đó: Dịch vụ giáo dục,100.17
2022,5,Trong đó: Dịch vụ y tế,100.00
2022,5,"Văn hóa, giải trí và du lịch",100.74
2022,5,Ăn uống ngoài gia đình,100.40
2022,5,Đồ uống và thuốc lá,100.33
2022,6,Bưu chính viễn thông,99.84
2022,6,Chỉ số giá tiêu dùng,100.69
2022,6,Chỉ số giá vàng,98.86
2022,6,Chỉ số đô la Mỹ,100.72
2022,6,Giao thông,103.62
2022,6,Giáo dục,100.07
2022,6,Hàng hoá và dịch vụ khác,100.24
2022,6,Hàng ăn và dịch vụ ăn uống,100.80
2022,6,Lương thực,100.16
2022,6,"May mặc, mũ nón, giày dép",100.17
2022,6,Nhà ở và vật liệu xây dựng,99.99
2022,6,"Phương tiện đi lại, bưu điện",
2022,6,Thiết bị và đồ dùng gia đình,100.31
2022,6,Thuốc và dịch vụ y tế,100.04
2022,6,Thực phẩm,100.98
2022,6,Trong đó: Dịch vụ giáo dục,100.03
2022,6,Trong đó: Dịch vụ y tế,100.01
2022,6,"Văn hóa, giải trí và du lịch",100.52
2022,6,Ăn uống ngoài gia đình,100.65
2022,6,Đồ uống và thuốc lá,100.35
2022,7,Bưu chính viễn thông,100.26
2022,7,Chỉ số giá tiêu dùng,100.40
2022,7,Chỉ số giá vàng,97.61
2022,7,Chỉ số đô la Mỹ,100.62
2022,7,Giao thông,97.15
2022,7,Giáo dục,100.20
2022,7,Hàng hoá và dịch vụ khác,100.43
2022,7,Hàng ăn và dịch vụ ăn uống,101.37
2022,7,Lương thực,100.31
2022,7,"May mặc, mũ nón, giày dép",100.32
2022,7,Nhà ở và vật liệu xây dựng,100.49
2022,7,"Phương tiện đi lại, bưu điện",
2022,7,Thiết bị và đồ dùng gia đình,100.32
2022,7,Thuốc và dịch vụ y tế,100.05
2022,7,Thực phẩm,101.60
2022,7,Trong đó: Dịch vụ giáo dục,100.16
2022,7,Trong đó: Dịch vụ y tế,100.00
2022,7,"Văn hóa, giải trí và du lịch",100.79
2022,7,Ăn uống ngoài gia đình,101.28
2022,7,Đồ uống và thuốc lá,100.39
2022,8,Bưu chính viễn thông,99.99
2022,8,Chỉ số giá tiêu dùng,100.00
2022,8,Chỉ số giá vàng,99.10
2022,8,Chỉ số đô la Mỹ,100.18
2022,8,Giao thông,94.49
2022,8,Giáo dục,101.46
2022,8,Hàng hoá và dịch vụ khác,100.20
2022,8,Hàng ăn và dịch vụ ăn uống,101.05
2022,8,Lương thực,100.19
2022,8,"May mặc, mũ nón, giày dép",100.18
2022,8,Nhà ở và vật liệu xây dựng,100.26
2022,8,"Phương tiện đi lại, bưu điện",
2022,8,Thiết bị và đồ dùng gia đình,100.21
2022,8,Thuốc và dịch vụ y tế,100.09
2022,8,Thực phẩm,101.33
2022,8,Trong đó: Dịch vụ giáo dục,101.51
2022,8,Trong đó: Dịch vụ y tế,100.01
2022,8,"Văn hóa, giải trí và du lịch",100.43
2022,8,Ăn uống ngoài gia đình,100.73
2022,8,Đồ uống và thuốc lá,100.27
2022,9,Bưu chính viễn thông,99.96
2022,9,Chỉ số giá tiêu dùng,100.40
2022,9,Chỉ số giá vàng,98.29
2022,9,Chỉ số đô la Mỹ,100.53
2022,9,Giao thông,97.77
2022,9,Giáo dục,105.84
2022,9,Hàng hoá và dịch vụ khác,100.14
2022,9,Hàng ăn và dịch vụ ăn uống,100.18
2022,9,Lương thực,99.92
2022,9,"May mặc, mũ nón, giày dép",100.16
2022,9,Nhà ở và vật liệu xây dựng,100.94
2022,9,"Phương tiện đi lại, bưu điện",
2022,9,Thiết bị và đồ dùng gia đình,100.16
2022,9,Thuốc và dịch vụ y tế,100.03
2022,9,Thực phẩm,100.16
2022,9,Trong đó: Dịch vụ giáo dục,106.48
2022,9,Trong đó: Dịch vụ y tế,100.01
2022,9,"Văn hóa, giải trí và du lịch",100.03
2022,9,Ăn uống ngoài gia đình,100.32
2022,9,Đồ uống và thuốc lá,100.13
2022,10,Bưu chính viễn thông,99.94
2022,10,Chỉ số giá tiêu dùng,100.15
2022,10,Chỉ số giá vàng,100.50
2022,10,Chỉ số đô la Mỹ,101.84
2022,10,Giao thông,97.83
2022,10,Giáo dục,102.35
2022,10,Hàng hoá và dịch vụ khác,100.23
2022,10,Hàng ăn và dịch vụ ăn uống,100.13
2022,10,Lương thực,100.13
2022,10,"May mặc, mũ nón, giày dép",100.20
2022,10,Nhà ở và vật liệu xây dựng,100.69
2022,10,"Phương tiện đi lại, bưu điện",
2022,10,Thiết bị và đồ dùng gia đình,100.12
2022,10,Thuốc và dịch vụ y tế,100.06
2022,10,Thực phẩm,100.10
2022,10,Trong đó: Dịch vụ giáo dục,102.64
2022,10,Trong đó: Dịch vụ y tế,100.01
2022,10,"Văn hóa, giải trí và du lịch",100.06
2022,10,Ăn uống ngoài gia đình,100.21
2022,10,Đồ uống và thuốc lá,100.34
2022,11,Bưu chính viễn thông,99.98
2022,11,Chỉ số giá tiêu dùng,100.39
2022,11,Chỉ số giá vàng,101.82
2022,11,Chỉ số đô la Mỹ,102.91
2022,11,Giao thông,102.23
2022,11,Giáo dục,99.37
2022,11,Hàng hoá và dịch vụ khác,100.22
2022,11,Hàng ăn và dịch vụ ăn uống,99.93
2022,11,Lương thực,100.59
2022,11,"May mặc, mũ nón, giày dép",100.22
2022,11,Nhà ở và vật liệu xây dựng,100.97
2022,11,"Phương tiện đi lại, bưu điện",
2022,11,Thiết bị và đồ dùng gia đình,100.21
2022,11,Thuốc và dịch vụ y tế,100.06
2022,11,Thực phẩm,99.70
2022,11,Trong đó: Dịch vụ giáo dục,99.29
2022,11,Trong đó: Dịch vụ y tế,100.00
2022,11,"Văn hóa, giải trí và du lịch",100.21
2022,11,Ăn uống ngoài gia đình,100.22
2022,11,Đồ uống và thuốc lá,100.26
2022,12,Bưu chính viễn thông,99.96
2022,12,Chỉ số giá tiêu dùng,99.99
2022,12,Chỉ số giá vàng,100.45
2022,12,Chỉ số đô la Mỹ,97.40
2022,12,Giao thông,97.22
2022,12,Giáo dục,100.32
2022,12,Hàng hoá và dịch vụ khác,100.23
2022,12,Hàng ăn và dịch vụ ăn uống,100.15
2022,12,Lương thực,100.48
2022,12,"May mặc, mũ nón, giày dép",100.41
2022,12,Nhà ở và vật liệu xây dựng,100.66
2022,12,"Phương tiện đi lại, bưu điện",
2022,12,Thiết bị và đồ dùng gia đình,100.22
2022,12,Thuốc và dịch vụ y tế,100.08
2022,12,Thực phẩm,100.05
2022,12,Trong đó: Dịch vụ giáo dục,100.35
2022,12,Trong đó: Dịch vụ y tế,100.00
2022,12,"Văn hóa, giải trí và du lịch",100.09
2022,12,Ăn uống ngoài gia đình,100.26
2022,12,Đồ uống và thuốc lá,100.45
2023,1,Bưu chính viễn thông,100.00
2023,1,Chỉ số giá tiêu dùng,100.52
2023,1,Chỉ số giá vàng,100.51
2023,1,Chỉ số đô la Mỹ,97.95
2023,1,Giao thông,101.39
2023,1,Giáo dục,99.85
2023,1,Hàng hoá và dịch vụ khác,100.70
2023,1,Hàng ăn và dịch vụ ăn uống,100.82
2023,1,Lương thực,100.89
2023,1,"May mặc, mũ nón, giày dép",100.62
2023,1,Nhà ở và vật liệu xây dựng,99.88
2023,1,"Phương tiện đi lại, bưu điện",
2023,1,Thiết bị và đồ dùng gia đình,100.36
2023,1,Thuốc và dịch vụ y tế,100.07
2023,1,Thực phẩm,100.95
2023,1,Trong đó: Dịch vụ giáo dục,99.80
2023,1,Trong đó: Dịch vụ y tế,100.01
2023,1,"Văn hóa, giải trí và du lịch",100.42
2023,1,Ăn uống ngoài gia đình,100.46
2023,1,Đồ uống và thuốc lá,101.12
2023,2,Bưu chính viễn thông,99.90
2023,2,Chỉ số giá tiêu dùng,100.45
2023,2,Chỉ số giá vàng,100.92
2023,2,Chỉ số đô la Mỹ,100.20
2023,2,Giao thông,102.11
2023,2,Giáo dục,99.43
2023,2,Hàng hoá và dịch vụ khác,100.12
2023,2,Hàng ăn và dịch vụ ăn uống,99.83
2023,2,Lương thực,100.26
2023,2,"May mặc, mũ nón, giày dép",99.92
2023,2,Nhà ở và vật liệu xây dựng,101.81
2023,2,"Phương tiện đi lại, bưu điện",
2023,2,Thiết bị và đồ dùng gia đình,100.09
2023,2,Thuốc và dịch vụ y tế,100.02
2023,2,Thực phẩm,99.51
2023,2,Trong đó: Dịch vụ giáo dục,99.34
2023,2,Trong đó: Dịch vụ y tế,100.00
2023,2,"Văn hóa, giải trí và du lịch",99.98
2023,2,Ăn uống ngoài gia đình,100.45
2023,2,Đồ uống và thuốc lá,99.88
2023,3,Bưu chính viễn thông,99.98
2023,3,Chỉ số giá tiêu dùng,99.77
2023,3,Chỉ số giá vàng,99.44
2023,3,Chỉ số đô la Mỹ,100.47
2023,3,Giao thông,99.84
2023,3,Giáo dục,98.29
2023,3,Hàng hoá và dịch vụ khác,100.21
2023,3,Hàng ăn và dịch vụ ăn uống,99.42
2023,3,Lương thực,100.28
2023,3,"May mặc, mũ nón, giày dép",99.98
2023,3,Nhà ở và vật liệu xây dựng,100.36
2023,3,"Phương tiện đi lại, bưu điện",
2023,3,Thiết bị và đồ dùng gia đình,100.14
2023,3,Thuốc và dịch vụ y tế,100.06
2023,3,Thực phẩm,99.00
2023,3,Trong đó: Dịch vụ giáo dục,98.05
2023,3,Trong đó: Dịch vụ y tế,100.04
2023,3,"Văn hóa, giải trí và du lịch",100.13
2023,3,Ăn uống ngoài gia đình,100.11
2023,3,Đồ uống và thuốc lá,99.95
2023,4,Bưu chính viễn thông,99.86
2023,4,Chỉ số giá tiêu dùng,99.66
2023,4,Chỉ số giá vàng,102.04
2023,4,Chỉ số đô la Mỹ,99.11
2023,4,Giao thông,100.43
2023,4,Giáo dục,98.70
2023,4,Hàng hoá và dịch vụ khác,100.35
2023,4,Hàng ăn và dịch vụ ăn uống,99.62
2023,4,Lương thực,100.30
2023,4,"May mặc, mũ nón, giày dép",99.92
2023,4,Nhà ở và vật liệu xây dựng,99.17
2023,4,"Phương tiện đi lại, bưu điện",
2023,4,Thiết bị và đồ dùng gia đình,99.92
2023,4,Thuốc và dịch vụ y tế,100.02
2023,4,Thực phẩm,99.29
2023,4,Trong đó: Dịch vụ giáo dục,98.51
2023,4,Trong đó: Dịch vụ y tế,100.00
2023,4,"Văn hóa, giải trí và du lịch",99.55
2023,4,Ăn uống ngoài gia đình,100.13
2023,4,Đồ uống và thuốc lá,100.12
2023,5,Bưu chính viễn thông,99.83
2023,5,Chỉ số giá tiêu dùng,100.01
2023,5,Chỉ số giá vàng,101.02
2023,5,Chỉ số đô la Mỹ,99.89
2023,5,Giao thông,97.02
2023,5,Giáo dục,99.90
2023,5,Hàng hoá và dịch vụ khác,100.23
2023,5,Hàng ăn và dịch vụ ăn uống,100.24
2023,5,Lương thực,100.29
2023,5,"May mặc, mũ nón, giày dép",100.10
2023,5,Nhà ở và vật liệu xây dựng,101.01
2023,5,"Phương tiện đi lại, bưu điện",
2023,5,Thiết bị và đồ dùng gia đình,100.16
2023,5,Thuốc và dịch vụ y tế,100.04
2023,5,Thực phẩm,100.22
2023,5,Trong đó: Dịch vụ giáo dục,99.87
2023,5,Trong đó: Dịch vụ y tế,100.00
2023,5,"Văn hóa, giải trí và du lịch",100.24
2023,5,Ăn uống ngoài gia đình,100.26
2023,5,Đồ uống và thuốc lá,100.13
2023,6,Bưu chính viễn thông,99.77
2023,6,Chỉ số giá tiêu dùng,100.27
2023,6,Chỉ số giá vàng,99.36
2023,6,Chỉ số đô la Mỹ,100.14
2023,6,Giao thông,100.16
2023,6,Giáo dục,100.11
2023,6,Hàng hoá và dịch vụ khác,100.26
2023,6,Hàng ăn và dịch vụ ăn uống,100.57
2023,6,Lương thực,100.09
2023,6,"May mặc, mũ nón, giày dép",100.11
2023,6,Nhà ở và vật liệu xây dựng,100.07
2023,6,"Phương tiện đi lại, bưu điện",
2023,6,Thiết bị và đồ dùng gia đình,100.19
2023,6,Thuốc và dịch vụ y tế,100.01
2023,6,Thực phẩm,100.72
2023,6,Trong đó: Dịch vụ giáo dục,100.10
2023,6,Trong đó: Dịch vụ y tế,100.00
2023,6,"Văn hóa, giải trí và du lịch",100.34
2023,6,Ăn uống ngoài gia đình,100.42
2023,6,Đồ uống và thuốc lá,100.16
2023,7,Bưu chính viễn thông,99.88
2023,7,Chỉ số giá tiêu dùng,100.45
2023,7,Chỉ số giá vàng,99.97
2023,7,Chỉ số đô la Mỹ,100.53
2023,7,Giao thông,100.11
2023,7,Giáo dục,100.03
2023,7,Hàng hoá và dịch vụ khác,102.84
2023,7,Hàng ăn và dịch vụ ăn uống,100.63
2023,7,Lương thực,100.31
2023,7,"May mặc, mũ nón, giày dép",100.18
2023,7,Nhà ở và vật liệu xây dựng,100.51
2023,7,"Phương tiện đi lại, bưu điện",
2023,7,Thiết bị và đồ dùng gia đình,100.15
2023,7,Thuốc và dịch vụ y tế,100.05
2023,7,Thực phẩm,100.79
2023,7,Trong đó: Dịch vụ giáo dục,100.01
2023,7,Trong đó: Dịch vụ y tế,100.02
2023,7,"Văn hóa, giải trí và du lịch",100.19
2023,7,Ăn uống ngoài gia đình,100.39
2023,7,Đồ uống và thuốc lá,100.22
2023,8,Bưu chính viễn thông,99.83
2023,8,Chỉ số giá tiêu dùng,100.88
2023,8,Chỉ số giá vàng,100.64
2023,8,Chỉ số đô la Mỹ,100.57
2023,8,Giao thông,103.85
2023,8,Giáo dục,100.96
2023,8,Hàng hoá và dịch vụ khác,100.22
2023,8,Hàng ăn và dịch vụ ăn uống,100.78
2023,8,Lương thực,103.28
2023,8,"May mặc, mũ nón, giày dép",100.19
2023,8,Nhà ở và vật liệu xây dựng,100.85
2023,8,"Phương tiện đi lại, bưu điện",
2023,8,Thiết bị và đồ dùng gia đình,100.10
2023,8,Thuốc và dịch vụ y tế,100.03
2023,8,Thực phẩm,100.48
2023,8,Trong đó: Dịch vụ giáo dục,100.82
2023,8,Trong đó: Dịch vụ y tế,100.00
2023,8,"Văn hóa, giải trí và du lịch",100.09
2023,8,Ăn uống ngoài gia đình,100.47
2023,8,Đồ uống và thuốc lá,100.28
2023,9,Bưu chính viễn thông,99.77
2023,9,Chỉ số giá tiêu dùng,101.08
2023,9,Chỉ số giá vàng,100.94
2023,9,Chỉ số đô la Mỹ,101.53
2023,9,Giao thông,101.21
2023,9,Giáo dục,108.06
2023,9,Hàng hoá và dịch vụ khác,100.17
2023,9,Hàng ăn và dịch vụ ăn uống,100.73
2023,9,Lương thực,103.19
2023,9,"May mặc, mũ nón, giày dép",100.19
2023,9,Nhà ở và vật liệu xây dựng,101.12
2023,9,"Phương tiện đi lại, bưu điện",
2023,9,Thiết bị và đồ dùng gia đình,100.12
2023,9,Thuốc và dịch vụ y tế,100.07
2023,9,Thực phẩm,100.38
2023,9,Trong đó: Dịch vụ giáo dục,108.99
2023,9,Trong đó: Dịch vụ y tế,100.05
2023,9,"Văn hóa, giải trí và du lịch",100.06
2023,9,Ăn uống ngoài gia đình,100.54
2023,9,Đồ uống và thuốc lá,100.11
2023,10,Bưu chính viễn thông,99.89
2023,10,Chỉ số giá tiêu dùng,100.08
2023,10,Chỉ số giá vàng,100.92
2023,10,Chỉ số đô la Mỹ,101.20
2023,10,Giao thông,98.49
2023,10,Giáo dục,102.25
2023,10,Hàng hoá và dịch vụ khác,100.21
2023,10,Hàng ăn và dịch vụ ăn uống,100.06
2023,10,Lương thực,100.90
2023,10,"May mặc, mũ nón, giày dép",100.12
2023,10,Nhà ở và vật liệu xây dựng,100.27
2023,10,"Phương tiện đi lại, bưu điện",
2023,10,Thiết bị và đồ dùng gia đình,100.03
2023,10,Thuốc và dịch vụ y tế,100.02
2023,10,Thực phẩm,99.86
2023,10,Trong đó: Dịch vụ giáo dục,102.54
2023,10,Trong đó: Dịch vụ y tế,100.00
2023,10,"Văn hóa, giải trí và du lịch",100.02
2023,10,Ăn uống ngoài gia đình,100.21
2023,10,Đồ uống và thuốc lá,100.15
2023,11,Bưu chính viễn thông,99.89
2023,11,Chỉ số giá tiêu dùng,100.25
2023,11,Chỉ số giá vàng,102.77
2023,11,Chỉ số đô la Mỹ,100.05
2023,11,Giao thông,99.99
2023,11,Giáo dục,100.38
2023,11,Hàng hoá và dịch vụ khác,100.32
2023,11,Hàng ăn và dịch vụ ăn uống,100.10
2023,11,Lương thực,102.31
2023,11,"May mặc, mũ nón, giày dép",100.20
2023,11,Nhà ở và vật liệu xây dựng,100.05
2023,11,"Phương tiện đi lại, bưu điện",
2023,11,Thiết bị và đồ dùng gia đình,100.00
2023,11,Thuốc và dịch vụ y tế,102.90
2023,11,Thực phẩm,99.68
2023,11,Trong đó: Dịch vụ giáo dục,100.42
2023,11,Trong đó: Dịch vụ y tế,103.79
2023,11,"Văn hóa, giải trí và du lịch",100.09
2023,11,Ăn uống ngoài gia đình,100.20
2023,11,Đồ uống và thuốc lá,100.19
2023,12,Bưu chính viễn thông,100.02
2023,12,Chỉ số giá tiêu dùng,100.12
2023,12,Chỉ số giá vàng,103.98
2023,12,Chỉ số đô la Mỹ,99.44
2023,12,Giao thông,98.12
2023,12,Giáo dục,100.44
2023,12,Hàng hoá và dịch vụ khác,100.31
2023,12,Hàng ăn và dịch vụ ăn uống,100.11
2023,12,Lương thực,101.75
2023,12,"May mặc, mũ nón, giày dép",100.26
2023,12,Nhà ở và vật liệu xây dựng,100.43
2023,12,"Phương tiện đi lại, bưu điện",
2023,12,Thiết bị và đồ dùng gia đình,100.09
2023,12,Thuốc và dịch vụ y tế,102.15
2023,12,Thực phẩm,99.84
2023,12,Trong đó: Dịch vụ giáo dục,100.49
2023,12,Trong đó: Dịch vụ y tế,102.79
2023,12,"Văn hóa, giải trí và du lịch",100.09
2023,12,Ăn uống ngoài gia đình,100.07
2023,12,Đồ uống và thuốc lá,100.14
2024,1,Bưu chính viễn thông,99.95
2024,1,Chỉ số giá tiêu dùng,100.31
2024,1,Chỉ số giá vàng,102.55
2024,1,Chỉ số đô la Mỹ,100.52
2024,1,Giao thông,100.41
2024,1,Giáo dục,99.88
2024,1,Hàng hoá và dịch vụ khác,100.40
2024,1,Hàng ăn và dịch vụ ăn uống,100.21
2024,1,Lương thực,101.74
2024,1,"May mặc, mũ nón, giày dép",100.22
2024,1,Nhà ở và vật liệu xây dựng,100.56
2024,1,"Phương tiện đi lại, bưu điện",
2024,1,Thiết bị và đồ dùng gia đình,100.14
2024,1,Thuốc và dịch vụ y tế,101.02
2024,1,Thực phẩm,99.91
2024,1,Trong đó: Dịch vụ giáo dục,99.85
2024,1,Trong đó: Dịch vụ y tế,101.31
2024,1,"Văn hóa, giải trí và du lịch",100.11
2024,1,Ăn uống ngoài gia đình,100.30
2024,1,Đồ uống và thuốc lá,100.38
2024,2,Bưu chính viễn thông,99.83
2024,2,Chỉ số giá tiêu dùng,101.04
2024,2,Chỉ số giá vàng,102.01
2024,2,Chỉ số đô la Mỹ,100.40
2024,2,Giao thông,103.09
2024,2,Giáo dục,99.58
2024,2,Hàng hoá và dịch vụ khác,100.78
2024,2,Hàng ăn và dịch vụ ăn uống,101.71
2024,2,Lương thực,101.75
2024,2,"May mặc, mũ nón, giày dép",100.16
2024,2,Nhà ở và vật liệu xây dựng,100.43
2024,2,"Phương tiện đi lại, bưu điện",
2024,2,Thiết bị và đồ dùng gia đình,100.26
2024,2,Thuốc và dịch vụ y tế,100.02
2024,2,Thực phẩm,101.98
2024,2,Trong đó: Dịch vụ giáo dục,99.52
2024,2,Trong đó: Dịch vụ y tế,100.00
2024,2,"Văn hóa, giải trí và du lịch",100.79
2024,2,Ăn uống ngoài gia đình,101.04
2024,2,Đồ uống và thuốc lá,100.80
2024,3,Bưu chính viễn thông,99.99
2024,3,Chỉ số giá tiêu dùng,99.77
2024,3,Chỉ số giá vàng,104.59
2024,3,Chỉ số đô la Mỹ,100.88
2024,3,Giao thông,99.97
2024,3,Giáo dục,99.71
2024,3,Hàng hoá và dịch vụ khác,100.06
2024,3,Hàng ăn và dịch vụ ăn uống,99.24
2024,3,Lương thực,99.58
2024,3,"May mặc, mũ nón, giày dép",99.94
2024,3,Nhà ở và vật liệu xây dựng,100.29
2024,3,"Phương tiện đi lại, bưu điện",
2024,3,Thiết bị và đồ dùng gia đình,100.01
2024,3,Thuốc và dịch vụ y tế,100.02
2024,3,Thực phẩm,98.81
2024,3,Trong đó: Dịch vụ giáo dục,99.66
2024,3,Trong đó: Dịch vụ y tế,100.00
2024,3,"Văn hóa, giải trí và du lịch",99.88
2024,3,Ăn uống ngoài gia đình,100.19
2024,3,Đồ uống và thuốc lá,99.93
2024,4,Bưu chính viễn thông,99.83
2024,4,Chỉ số giá tiêu dùng,100.07
2024,4,Chỉ số giá vàng,106.95
2024,4,Chỉ số đô la Mỹ,101.20
2024,4,Giao thông,101.95
2024,4,Giáo dục,97.07
2024,4,Hàng hoá và dịch vụ khác,100.27
2024,4,Hàng ăn và dịch vụ ăn uống,99.87
2024,4,Lương thực,99.37
2024,4,"May mặc, mũ nón, giày dép",100.12
2024,4,Nhà ở và vật liệu xây dựng,100.21
2024,4,"Phương tiện đi lại, bưu điện",
2024,4,Thiết bị và đồ dùng gia đình,100.11
2024,4,Thuốc và dịch vụ y tế,100.92
2024,4,Thực phẩm,99.82
2024,4,Trong đó: Dịch vụ giáo dục,96.68
2024,4,Trong đó: Dịch vụ y tế,101.19
2024,4,"Văn hóa, giải trí và du lịch",100.03
2024,4,Ăn uống ngoài gia đình,100.21
2024,4,Đồ uống và thuốc lá,100.09
2024,5,Bưu chính viễn thông,99.91
2024,5,Chỉ số giá tiêu dùng,100.05
2024,5,Chỉ số giá vàng,103.81
2024,5,Chỉ số đô la Mỹ,101.15
2024,5,Giao thông,98.27
2024,5,Giáo dục,99.75
2024,5,Hàng hoá và dịch vụ khác,100.20
2024,5,Hàng ăn và dịch vụ ăn uống,100.38
2024,5,Lương thực,99.74
2024,5,"May mặc, mũ nón, giày dép",100.00
2024,5,Nhà ở và vật liệu xây dựng,100.38
2024,5,"Phương tiện đi lại, bưu điện",
2024,5,Thiết bị và đồ dùng gia đình,100.12
2024,5,Thuốc và dịch vụ y tế,100.01
2024,5,Thực phẩm,100.59
2024,5,Trong đó: Dịch vụ giáo dục,99.70
2024,5,Trong đó: Dịch vụ y tế,100.00
2024,5,"Văn hóa, giải trí và du lịch",100.31
2024,5,Ăn uống ngoài gia đình,100.14
2024,5,Đồ uống và thuốc lá,100.14
2024,6,Bưu chính viễn thông,100.02
2024,6,Chỉ số giá tiêu dùng,100.17
2024,6,Chỉ số giá vàng,97.36
2024,6,Chỉ số đô la Mỹ,99.96
2024,6,Giao thông,97.73
2024,6,Giáo dục,99.99
2024,6,Hàng hoá và dịch vụ khác,100.05
2024,6,Hàng ăn và dịch vụ ăn uống,100.75
2024,6,Lương thực,100.05
2024,6,"May mặc, mũ nón, giày dép",99.89
2024,6,Nhà ở và vật liệu xây dựng,100.35
2024,6,"Phương tiện đi lại, bưu điện",
2024,6,Thiết bị và đồ dùng gia đình,100.09
2024,6,Thuốc và dịch vụ y tế,100.60
2024,6,Thực phẩm,101.07
2024,6,Trong đó: Dịch vụ giáo dục,100.00
2024,6,Trong đó: Dịch vụ y tế,100.76
2024,6,"Văn hóa, giải trí và du lịch",100.68
2024,6,Ăn uống ngoài gia đình,100.26
2024,6,Đồ uống và thuốc lá,100.17
2024,7,Bưu chính viễn thông,100.00
2024,7,Chỉ số giá tiêu dùng,100.48
2024,7,Chỉ số giá vàng,99.88
2024,7,Chỉ số đô la Mỹ,100.05
2024,7,Giao thông,101.45
2024,7,Giáo dục,100.02
2024,7,Hàng hoá và dịch vụ khác,103.77
2024,7,Hàng ăn và dịch vụ ăn uống,100.26
2024,7,Lương thực,99.97
2024,7,"May mặc, mũ nón, giày dép",100.03
2024,7,Nhà ở và vật liệu xây dựng,100.50
2024,7,"Phương tiện đi lại, bưu điện",
2024,7,Thiết bị và đồ dùng gia đình,100.07
2024,7,Thuốc và dịch vụ y tế,100.13
2024,7,Thực phẩm,100.31
2024,7,Trong đó: Dịch vụ giáo dục,100.00
2024,7,Trong đó: Dịch vụ y tế,100.14
2024,7,"Văn hóa, giải trí và du lịch",100.14
2024,7,Ăn uống ngoài gia đình,100.25
2024,7,Đồ uống và thuốc lá,100.11
2024,8,Bưu chính viễn thông,100.15
2024,8,Chỉ số giá tiêu dùng,100.00
2024,8,Chỉ số giá vàng,101.93
2024,8,Chỉ số đô la Mỹ,99.36
2024,8,Giao thông,98.02
2024,8,Giáo dục,100.14
2024,8,Hàng hoá và dịch vụ khác,100.20
2024,8,Hàng ăn và dịch vụ ăn uống,100.27
2024,8,Lương thực,100.19
2024,8,"May mặc, mũ nón, giày dép",100.05
2024,8,Nhà ở và vật liệu xây dựng,100.29
2024,8,"Phương tiện đi lại, bưu điện",
2024,8,Thiết bị và đồ dùng gia đình,100.09
2024,8,Thuốc và dịch vụ y tế,100.18
2024,8,Thực phẩm,100.28
2024,8,Trong đó: Dịch vụ giáo dục,100.13
2024,8,Trong đó: Dịch vụ y tế,100.21
2024,8,"Văn hóa, giải trí và du lịch",100.12
2024,8,Ăn uống ngoài gia đình,100.26
2024,8,Đồ uống và thuốc lá,100.15
2024,9,Bưu chính viễn thông,100.09
2024,9,Chỉ số giá tiêu dùng,100.29
2024,9,Chỉ số giá vàng,101.88
2024,9,Chỉ số đô la Mỹ,98.21
2024,9,Giao thông,97.23
2024,9,Giáo dục,102.09
2024,9,Hàng hoá và dịch vụ khác,100.24
2024,9,Hàng ăn và dịch vụ ăn uống,100.92
2024,9,Lương thực,100.77
2024,9,"May mặc, mũ nón, giày dép",100.15
2024,9,Nhà ở và vật liệu xây dựng,100.52
2024,9,"Phương tiện đi lại, bưu điện",
2024,9,Thiết bị và đồ dùng gia đình,100.14
2024,9,Thuốc và dịch vụ y tế,100.05
2024,9,Thực phẩm,101.06
2024,9,Trong đó: Dịch vụ giáo dục,102.33
2024,9,Trong đó: Dịch vụ y tế,100.00
2024,9,"Văn hóa, giải trí và du lịch",99.76
2024,9,Ăn uống ngoài gia đình,100.65
2024,9,Đồ uống và thuốc lá,100.03
2024,10,Bưu chính viễn thông,99.95
2024,10,Chỉ số giá tiêu dùng,100.33
2024,10,Chỉ số giá vàng,105.96
2024,10,Chỉ số đô la Mỹ,100.70
2024,10,Giao thông,100.66
2024,10,Giáo dục,100.48
2024,10,Hàng hoá và dịch vụ khác,100.26
2024,10,Hàng ăn và dịch vụ ăn uống,100.55
2024,10,Lương thực,100.77
2024,10,"May mặc, mũ nón, giày dép",100.09
2024,10,Nhà ở và vật liệu xây dựng,100.11
2024,10,"Phương tiện đi lại, bưu điện",
2024,10,Thiết bị và đồ dùng gia đình,100.20
2024,10,Thuốc và dịch vụ y tế,100.02
2024,10,Thực phẩm,100.66
2024,10,Trong đó: Dịch vụ giáo dục,100.53
2024,10,Trong đó: Dịch vụ y tế,100.00
2024,10,"Văn hóa, giải trí và du lịch",100.09
2024,10,Ăn uống ngoài gia đình,100.19
2024,10,Đồ uống và thuốc lá,100.11
2024,11,Bưu chính viễn thông,99.70
2024,11,Chỉ số giá tiêu dùng,100.13
2024,11,Chỉ số giá vàng,102.26
2024,11,Chỉ số đô la Mỹ,101.76
2024,11,Giao thông,99.93
2024,11,Giáo dục,100.11
2024,11,Hàng hoá và dịch vụ khác,100.29
2024,11,Hàng ăn và dịch vụ ăn uống,99.78
2024,11,Lương thực,100.33
2024,11,"May mặc, mũ nón, giày dép",100.21
2024,11,Nhà ở và vật liệu xây dựng,100.87
2024,11,"Phương tiện đi lại, bưu điện",
2024,11,Thiết bị và đồ dùng gia đình,100.08
2024,11,Thuốc và dịch vụ y tế,100.05
2024,11,Thực phẩm,99.50
2024,11,Trong đó: Dịch vụ giáo dục,100.11
2024,11,Trong đó: Dịch vụ y tế,100.01
2024,11,"Văn hóa, giải trí và du lịch",100.20
2024,11,Ăn uống ngoài gia đình,100.26
2024,11,Đồ uống và thuốc lá,100.26
2024,12,Bưu chính viễn thông,99.97
2024,12,Chỉ số giá tiêu dùng,100.29
2024,12,Chỉ số giá vàng,98.62
2024,12,Chỉ số đô la Mỹ,100.09
2024,12,Giao thông,100.57
2024,12,Giáo dục,100.16
2024,12,Hàng hoá và dịch vụ khác,100.22
2024,12,Hàng ăn và dịch vụ ăn uống,99.87
2024,12,Lương thực,100.26
2024,12,"May mặc, mũ nón, giày dép",100.28
2024,12,Nhà ở và vật liệu xây dựng,100.53
2024,12,"Phương tiện đi lại, bưu điện",
2024,12,Thiết bị và đồ dùng gia đình,100.17
2024,12,Thuốc và dịch vụ y tế,102.19
2024,12,Thực phẩm,99.70
2024,12,Trong đó: Dịch vụ giáo dục,100.16
2024,12,Trong đó: Dịch vụ y tế,102.84
2024,12,"Văn hóa, giải trí và du lịch",100.20
2024,12,Ăn uống ngoài gia đình,100.14
2024,12,Đồ uống và thuốc lá,100.20
