Mặt hàng,Tháng,Năm,Lượng,Trị Giá
Thủy sản,1,2017,,96754.37
Thủy sản,2,2017,,106199.1
Thủy sản,3,2017,,116374.63
Thủy sản,4,2017,,101585.06
Thủy sản,5,2017,,102268.91
Thủy sản,6,2017,,126928.63
Thủy sản,7,2017,,119956.59
Thủy sản,8,2017,,145036.36
Thủy sản,9,2017,,122280.4
Thủy sản,10,2017,,115486.37
Thủy sản,11,2017,,146098.88
Thủy sản,12,2017,,141560.19
Sữa và sản phẩm sữa,1,2017,,78648.46
Sữa và sản phẩm sữa,2,2017,,81039.02
Sữa và sản phẩm sữa,3,2017,,68880.37
Sữa và sản phẩm sữa,4,2017,,77000.0
Sữa và sản phẩm sữa,5,2017,,78898.15
Sữa và sản phẩm sữa,6,2017,,88834.02
Sữa và sản phẩm sữa,7,2017,,81778.3
Sữa và sản phẩm sữa,8,2017,,94235.67
Sữa và sản phẩm sữa,9,2017,,78000.0
Sữa và sản phẩm sữa,10,2017,,78000.0
Sữa và sản phẩm sữa,11,2017,,72583.45
Sữa và sản phẩm sữa,12,2017,,80438.77
Rau quả,1,2017,,97055.84
Rau quả,2,2017,,66289.59
Rau quả,3,2017,,67468.22
Rau quả,4,2017,,85476.55
Rau quả,5,2017,,183214.85
Rau quả,6,2017,,136910.92
Rau quả,7,2017,,217420.46
Rau quả,8,2017,,164215.11
Rau quả,9,2017,,136658.31
Rau quả,10,2017,,110976.59
Rau quả,11,2017,,145724.04
Rau quả,12,2017,,136565.04
Hạt điều,1,2017,50.606,110012.41
Hạt điều,2,2017,49.364,103195.34
Hạt điều,3,2017,72.39,141953.41
Hạt điều,4,2017,100.328,190425.49
Hạt điều,5,2017,155.566,289837.06
Hạt điều,6,2017,252.519,473391.46
Hạt điều,7,2017,216.666,418868.44
Hạt điều,8,2017,169.752,347002.8
Hạt điều,9,2017,60.576,130334.54
Hạt điều,10,2017,55.265,119706.53
Hạt điều,11,2017,48.226,101931.67
Hạt điều,12,2017,64.995,147253.34
Lúa mỳ,1,2017,231.65,49000.17
Lúa mỳ,2,2017,367.615,72998.46
Lúa mỳ,3,2017,897.26,178530.3
Lúa mỳ,4,2017,255.749,55773.52
Lúa mỳ,5,2017,401.078,86153.7
Lúa mỳ,6,2017,421.481,87409.28
Lúa mỳ,7,2017,484.903,106959.89
Lúa mỳ,8,2017,319.257,67139.98
Lúa mỳ,9,2017,314.425,73951.1
Lúa mỳ,10,2017,344.021,77737.34
Lúa mỳ,11,2017,260.589,61924.33
Lúa mỳ,12,2017,366.0,76666.96
Ngô,1,2017,590.329,115920.11
Ngô,2,2017,628.524,128243.97
Ngô,3,2017,291.395,63350.32
Ngô,4,2017,761.964,155922.92
Ngô,5,2017,823.193,161815.46
Ngô,6,2017,541.631,105409.9
Ngô,7,2017,597.145,115228.31
Ngô,8,2017,586.589,112117.33
Ngô,9,2017,784.668,146887.85
Ngô,10,2017,841.235,157346.28
Ngô,11,2017,792.58,149548.94
Ngô,12,2017,487.192,92295.28
Đậu tương,1,2017,94.608,42385.49
Đậu tương,2,2017,116.246,50705.7
Đậu tương,3,2017,240.426,107571.77
Đậu tương,4,2017,158.826,69609.53
Đậu tương,5,2017,120.552,51422.16
Đậu tương,6,2017,194.138,79687.03
Đậu tương,7,2017,98.712,41202.86
Đậu tương,8,2017,162.441,67020.04
Đậu tương,9,2017,93.59,40728.12
Đậu tương,10,2017,96.508,40422.03
Đậu tương,11,2017,95.616,41925.32
Đậu tương,12,2017,174.38,75225.34
Dầu mỡ động thực vật,1,2017,,57163.48
Dầu mỡ động thực vật,2,2017,,71105.3
Dầu mỡ động thực vật,3,2017,,55604.91
Dầu mỡ động thực vật,4,2017,,49273.68
Dầu mỡ động thực vật,5,2017,,52122.56
Dầu mỡ động thực vật,6,2017,,64391.05
Dầu mỡ động thực vật,7,2017,,60831.03
Dầu mỡ động thực vật,8,2017,,60437.86
Dầu mỡ động thực vật,9,2017,,71951.68
Dầu mỡ động thực vật,10,2017,,73640.75
Dầu mỡ động thực vật,11,2017,,72179.54
Dầu mỡ động thực vật,12,2017,,72250.31
Bánh kẹo và các sản phẩm từ ngũ cốc,1,2017,,17162.86
Bánh kẹo và các sản phẩm từ ngũ cốc,2,2017,,18306.46
Bánh kẹo và các sản phẩm từ ngũ cốc,3,2017,,20158.64
Bánh kẹo và các sản phẩm từ ngũ cốc,4,2017,,17629.18
Bánh kẹo và các sản phẩm từ ngũ cốc,5,2017,,22956.6
Bánh kẹo và các sản phẩm từ ngũ cốc,6,2017,,19468.78
Bánh kẹo và các sản phẩm từ ngũ cốc,7,2017,,19821.12
Bánh kẹo và các sản phẩm từ ngũ cốc,8,2017,,23812.36
Bánh kẹo và các sản phẩm từ ngũ cốc,9,2017,,26236.56
Bánh kẹo và các sản phẩm từ ngũ cốc,10,2017,,33097.33
Bánh kẹo và các sản phẩm từ ngũ cốc,11,2017,,43375.65
Bánh kẹo và các sản phẩm từ ngũ cốc,12,2017,,40516.94
Chế phẩm thực phẩm khác,1,2017,,37852.45
Chế phẩm thực phẩm khác,2,2017,,61668.4
Chế phẩm thực phẩm khác,3,2017,,56617.98
Chế phẩm thực phẩm khác,4,2017,,41480.39
Chế phẩm thực phẩm khác,5,2017,,58549.88
Chế phẩm thực phẩm khác,6,2017,,55335.78
Chế phẩm thực phẩm khác,7,2017,,55811.33
Chế phẩm thực phẩm khác,8,2017,,53706.6
Chế phẩm thực phẩm khác,9,2017,,47419.51
Chế phẩm thực phẩm khác,10,2017,,50373.66
Chế phẩm thực phẩm khác,11,2017,,56245.79
Chế phẩm thực phẩm khác,12,2017,,54536.1
Thức ăn gia súc và NPL,1,2017,,260538.57
Thức ăn gia súc và NPL,2,2017,,352645.48
Thức ăn gia súc và NPL,3,2017,,308502.06
Thức ăn gia súc và NPL,4,2017,,265766.68
Thức ăn gia súc và NPL,5,2017,,254865.12
Thức ăn gia súc và NPL,6,2017,,329415.91
Thức ăn gia súc và NPL,7,2017,,216844.72
Thức ăn gia súc và NPL,8,2017,,231504.02
Thức ăn gia súc và NPL,9,2017,,254768.15
Thức ăn gia súc và NPL,10,2017,,251193.19
Thức ăn gia súc và NPL,11,2017,,258993.03
Thức ăn gia súc và NPL,12,2017,,242750.08
Nguyên phụ liệu thuốc lá,1,2017,,8098.64
Nguyên phụ liệu thuốc lá,2,2017,,28397.01
Nguyên phụ liệu thuốc lá,3,2017,,22203.14
Nguyên phụ liệu thuốc lá,4,2017,,24134.4
Nguyên phụ liệu thuốc lá,5,2017,,33468.13
Nguyên phụ liệu thuốc lá,6,2017,,31574.55
Nguyên phụ liệu thuốc lá,7,2017,,33810.21
Nguyên phụ liệu thuốc lá,8,2017,,25958.24
Nguyên phụ liệu thuốc lá,9,2017,,25000.0
Nguyên phụ liệu thuốc lá,10,2017,,30000.0
Nguyên phụ liệu thuốc lá,11,2017,,30787.49
Nguyên phụ liệu thuốc lá,12,2017,,36363.46
Quặng và khoáng sản khác,1,2017,,29536.54
Quặng và khoáng sản khác,2,2017,,30978.34
Quặng và khoáng sản khác,3,2017,,47261.35
Quặng và khoáng sản khác,4,2017,,41159.56
Quặng và khoáng sản khác,5,2017,,50965.98
Quặng và khoáng sản khác,6,2017,,61992.35
Quặng và khoáng sản khác,7,2017,,84886.17
Quặng và khoáng sản khác,8,2017,,87083.54
Quặng và khoáng sản khác,9,2017,,51000.0
Quặng và khoáng sản khác,10,2017,,72359.87
Quặng và khoáng sản khác,11,2017,,80104.61
Quặng và khoáng sản khác,12,2017,,50852.42
Than đá,1,2017,485.101,47324.26
Than đá,2,2017,1167.525,148164.65
Than đá,3,2017,1997.622,217047.88
Than đá,4,2017,975.078,85299.83
Than đá,5,2017,1005.045,82832.06
Than đá,6,2017,860.832,78241.72
Than đá,7,2017,1543.425,148464.49
Than đá,8,2017,1412.337,138097.52
Than đá,9,2017,971.433,89420.54
Than đá,10,2017,1239.161,158577.88
Than đá,11,2017,1433.548,172828.47
Than đá,12,2017,1585.937,167794.88
Dầu thô,2,2017,220.0,105000.0
Dầu thô,4,2017,228.0,113000.0
Dầu thô,8,2017,621.727,226049.77
Dầu thô,9,2017,230.0,106000.0
Dầu thô,11,2017,211.0,95000.0
Xăng dầu,1,2017,902.3717583333332,501259.83
Xăng dầu,2,2017,822.6417583333334,444329.54
Xăng dầu,3,2017,1293.6717583333332,667755.39
Xăng dầu,4,2017,1056.2567583333334,538424.47
Xăng dầu,5,2017,1101.0947583333332,540017.95
Xăng dầu,6,2017,1363.4357583333333,648078.55
Xăng dầu,7,2017,1197.4177583333333,606877.92
Xăng dầu,8,2017,1125.2047583333333,595962.94
Xăng dầu,9,2017,959.8007583333334,527197.64
Xăng dầu,10,2017,1141.4770680555548,614011.99
Xăng dầu,11,2017,1140.6907583333332,676809.29
Xăng dầu,12,2017,1263.0,752000.0
Khí đốt hóa lỏng,1,2017,103.772,52910.62
Khí đốt hóa lỏng,2,2017,89.471,53084.55
Khí đốt hóa lỏng,3,2017,116.621,65436.32
Khí đốt hóa lỏng,4,2017,106.586,49498.71
Khí đốt hóa lỏng,5,2017,100.46,44334.72
Khí đốt hóa lỏng,6,2017,133.222,56300.22
Khí đốt hóa lỏng,7,2017,166.56,70766.8
Khí đốt hóa lỏng,8,2017,127.902,64676.07
Khí đốt hóa lỏng,9,2017,138.538,77787.95
Khí đốt hóa lỏng,10,2017,52.23,33666.82
Khí đốt hóa lỏng,11,2017,160.794,98939.31
Khí đốt hóa lỏng,12,2017,67.351,43650.97
Sản phẩm khác từ dầu mỏ,1,2017,,90000.0
Sản phẩm khác từ dầu mỏ,2,2017,,82000.0
Sản phẩm khác từ dầu mỏ,3,2017,,90000.0
Sản phẩm khác từ dầu mỏ,4,2017,,95000.0
Sản phẩm khác từ dầu mỏ,5,2017,,96000.0
Sản phẩm khác từ dầu mỏ,6,2017,,94000.0
Sản phẩm khác từ dầu mỏ,7,2017,,97000.0
Sản phẩm khác từ dầu mỏ,8,2017,,98000.0
Sản phẩm khác từ dầu mỏ,9,2017,,96000.0
Sản phẩm khác từ dầu mỏ,10,2017,,97000.0
Sản phẩm khác từ dầu mỏ,11,2017,,95000.0
Sản phẩm khác từ dầu mỏ,12,2017,,99000.0
Hóa chất,1,2017,,263006.55
Hóa chất,2,2017,,292451.81
Hóa chất,3,2017,,386609.33
Hóa chất,4,2017,,329323.37
Hóa chất,5,2017,,355576.07
Hóa chất,6,2017,,341000.26
Hóa chất,7,2017,,319972.61
Hóa chất,8,2017,,341184.37
Hóa chất,9,2017,,339578.35
Hóa chất,10,2017,,349206.52
Hóa chất,11,2017,,398000.0
Hóa chất,12,2017,,407307.22
Sản phẩm hoá chất,1,2017,,285337.95
Sản phẩm hoá chất,2,2017,,322984.57
Sản phẩm hoá chất,3,2017,,404465.25
Sản phẩm hoá chất,4,2017,,346068.82
Sản phẩm hoá chất,5,2017,,399956.66
Sản phẩm hoá chất,6,2017,,396299.96
Sản phẩm hoá chất,7,2017,,376281.8
Sản phẩm hoá chất,8,2017,,415978.83
Sản phẩm hoá chất,9,2017,,398470.17
Sản phẩm hoá chất,10,2017,,395487.85
Sản phẩm hoá chất,11,2017,,428871.0
Sản phẩm hoá chất,12,2017,,433763.06
Nguyên phụ liệu dược phẩm,1,2017,,29195.29
Nguyên phụ liệu dược phẩm,2,2017,,28379.78
Nguyên phụ liệu dược phẩm,3,2017,,35758.43
Nguyên phụ liệu dược phẩm,4,2017,,30289.92
Nguyên phụ liệu dược phẩm,5,2017,,33940.65
Nguyên phụ liệu dược phẩm,6,2017,,28816.91
Nguyên phụ liệu dược phẩm,7,2017,,24088.27
Nguyên phụ liệu dược phẩm,8,2017,,29569.57
Nguyên phụ liệu dược phẩm,9,2017,,29243.88
Nguyên phụ liệu dược phẩm,10,2017,,27982.05
Nguyên phụ liệu dược phẩm,11,2017,,35273.43
Nguyên phụ liệu dược phẩm,12,2017,,42585.49
Tân dược,1,2017,,178873.44
Tân dược,2,2017,,201981.03
Tân dược,3,2017,,239762.98
Tân dược,4,2017,,204295.78
Tân dược,5,2017,,249067.06
Tân dược,6,2017,,297309.02
Tân dược,7,2017,,221230.83
Tân dược,8,2017,,242055.42
Tân dược,9,2017,,225185.31
Tân dược,10,2017,,258601.05
Tân dược,11,2017,,222086.53
Tân dược,12,2017,,278553.83
Phân bón,1,2017,359.919,94636.89
Phân bón,2,2017,422.063,114647.92
Phân bón,3,2017,461.626,124054.09
Phân bón,4,2017,358.279,98035.48
Phân bón,5,2017,435.477,120145.9
Phân bón,6,2017,364.31,97164.64
Phân bón,7,2017,571.416,151384.16
Phân bón,8,2017,372.686,107297.27
Phân bón,9,2017,283.0,77000.0
Phân bón,10,2017,400.457,101749.8
Phân bón,11,2017,405.0,105000.0
Phân bón,12,2017,404.33,102000.0
"Chất thơm, mỹ phẩm và chế phẩm vệ sinh",1,2017,,39426.49
"Chất thơm, mỹ phẩm và chế phẩm vệ sinh",2,2017,,49048.2
"Chất thơm, mỹ phẩm và chế phẩm vệ sinh",3,2017,,54920.88
"Chất thơm, mỹ phẩm và chế phẩm vệ sinh",4,2017,,47511.63
"Chất thơm, mỹ phẩm và chế phẩm vệ sinh",5,2017,,62352.61
"Chất thơm, mỹ phẩm và chế phẩm vệ sinh",6,2017,,58830.4
"Chất thơm, mỹ phẩm và chế phẩm vệ sinh",7,2017,,52681.87
"Chất thơm, mỹ phẩm và chế phẩm vệ sinh",8,2017,,58979.25
"Chất thơm, mỹ phẩm và chế phẩm vệ sinh",9,2017,,57980.35
"Chất thơm, mỹ phẩm và chế phẩm vệ sinh",10,2017,,60487.13
"Chất thơm, mỹ phẩm và chế phẩm vệ sinh",11,2017,,67414.58
"Chất thơm, mỹ phẩm và chế phẩm vệ sinh",12,2017,,70584.43
Thuốc trừ sâu,1,2017,,58704.07
Thuốc trừ sâu,2,2017,,61304.66
Thuốc trừ sâu,3,2017,,94973.94
Thuốc trừ sâu,4,2017,,77677.55
Thuốc trừ sâu,5,2017,,102654.31
Thuốc trừ sâu,6,2017,,90881.54
Thuốc trừ sâu,7,2017,,81494.32
Thuốc trừ sâu,8,2017,,82000.0
Thuốc trừ sâu,9,2017,,82000.0
Thuốc trừ sâu,10,2017,,93000.0
Thuốc trừ sâu,11,2017,,96000.0
Thuốc trừ sâu,12,2017,,100908.56
Chất dẻo,1,2017,316.924,467702.32
Chất dẻo,2,2017,413.001,605678.05
Chất dẻo,3,2017,458.197,698929.7
Chất dẻo,4,2017,372.877,581738.28
Chất dẻo,5,2017,420.454,648377.26
Chất dẻo,6,2017,420.411,621713.1
Chất dẻo,7,2017,449.838,648556.29
Chất dẻo,8,2017,452.95,666487.62
Chất dẻo,9,2017,425.604,639308.72
Chất dẻo,10,2017,412.908,647671.47
Chất dẻo,11,2017,420.413,668597.7
Chất dẻo,12,2017,439.027,687708.08
Sản phẩm chất dẻo,1,2017,,325831.95
Sản phẩm chất dẻo,2,2017,,384565.48
Sản phẩm chất dẻo,3,2017,,470843.71
Sản phẩm chất dẻo,4,2017,,420722.02
Sản phẩm chất dẻo,5,2017,,452490.98
Sản phẩm chất dẻo,6,2017,,451008.8
Sản phẩm chất dẻo,7,2017,,447982.3
Sản phẩm chất dẻo,8,2017,,483509.48
Sản phẩm chất dẻo,9,2017,,524881.91
Sản phẩm chất dẻo,10,2017,,490659.89
Sản phẩm chất dẻo,11,2017,,508422.25
Sản phẩm chất dẻo,12,2017,,504453.62
Cao su,1,2017,38.128,74144.09
Cao su,2,2017,41.67,89495.23
Cao su,3,2017,41.942,101594.84
Cao su,4,2017,34.343,83768.09
Cao su,5,2017,44.531,99926.04
Cao su,6,2017,43.632,87760.74
Cao su,7,2017,45.724,83199.54
Cao su,8,2017,53.243,94912.35
Cao su,9,2017,49.91,90344.92
Cao su,10,2017,54.0,100000.0
Cao su,11,2017,55.349,98373.46
Cao su,12,2017,56.758,97051.21
Sản phẩm từ cao su,1,2017,,55000.0
Sản phẩm từ cao su,2,2017,,71000.0
Sản phẩm từ cao su,3,2017,,73628.56
Sản phẩm từ cao su,4,2017,,71000.0
Sản phẩm từ cao su,5,2017,,70205.9
Sản phẩm từ cao su,6,2017,,72000.0
Sản phẩm từ cao su,7,2017,,67038.42
Sản phẩm từ cao su,8,2017,,69008.28
Sản phẩm từ cao su,9,2017,,68264.51
Sản phẩm từ cao su,10,2017,,69622.86
Sản phẩm từ cao su,11,2017,,74495.21
Sản phẩm từ cao su,12,2017,,71792.37
Gỗ và sản phẩm gỗ,1,2017,,143447.31
Gỗ và sản phẩm gỗ,2,2017,,154627.27
Gỗ và sản phẩm gỗ,3,2017,,218519.9
Gỗ và sản phẩm gỗ,4,2017,,165624.31
Gỗ và sản phẩm gỗ,5,2017,,193571.68
Gỗ và sản phẩm gỗ,6,2017,,186584.07
Gỗ và sản phẩm gỗ,7,2017,,172952.4
Gỗ và sản phẩm gỗ,8,2017,,209754.61
Gỗ và sản phẩm gỗ,9,2017,,174812.69
Gỗ và sản phẩm gỗ,10,2017,,171386.42
Gỗ và sản phẩm gỗ,11,2017,,180697.01
Gỗ và sản phẩm gỗ,12,2017,,190000.0
Giấy các loại,1,2017,,108743.04
Giấy các loại,2,2017,,130879.14
Giấy các loại,3,2017,,157103.69
Giấy các loại,4,2017,,131869.75
Giấy các loại,5,2017,,150456.13
Giấy các loại,6,2017,,141549.7
Giấy các loại,7,2017,,136274.15
Giấy các loại,8,2017,,136407.28
Giấy các loại,9,2017,,137000.0
Giấy các loại,10,2017,,145000.0
Giấy các loại,11,2017,,160850.7
Giấy các loại,12,2017,,151588.11
Sản phẩm từ giấy,1,2017,,46253.26
Sản phẩm từ giấy,2,2017,,45180.69
Sản phẩm từ giấy,3,2017,,59409.84
Sản phẩm từ giấy,4,2017,,52708.45
Sản phẩm từ giấy,5,2017,,62314.65
Sản phẩm từ giấy,6,2017,,60874.64
Sản phẩm từ giấy,7,2017,,57320.06
Sản phẩm từ giấy,8,2017,,54736.06
Sản phẩm từ giấy,9,2017,,59699.37
Sản phẩm từ giấy,10,2017,,61547.37
Sản phẩm từ giấy,11,2017,,65513.24
Sản phẩm từ giấy,12,2017,,59090.66
Bông,1,2017,93.635,161981.51
Bông,2,2017,118.49,207947.46
Bông,3,2017,111.749,200812.11
Bông,4,2017,111.999,207418.44
Bông,5,2017,128.954,242218.64
Bông,6,2017,114.367,213479.45
Bông,7,2017,95.937,179213.99
Bông,8,2017,115.915,216827.96
Bông,9,2017,117.687,216950.02
Bông,10,2017,102.072,186077.05
Bông,11,2017,78.555,141725.27
Bông,12,2017,105.868,187755.8
Sợi dệt,1,2017,,114090.35
Sợi dệt,2,2017,,135691.46
Sợi dệt,3,2017,,169329.36
Sợi dệt,4,2017,,143516.05
Sợi dệt,5,2017,,168590.67
Sợi dệt,6,2017,,149368.1
Sợi dệt,7,2017,,140836.16
Sợi dệt,8,2017,,152952.24
Sợi dệt,9,2017,,149069.69
Sợi dệt,10,2017,,151977.29
Sợi dệt,11,2017,,167668.04
Sợi dệt,12,2017,,178465.36
Vải,1,2017,,659446.55
Vải,2,2017,,692548.26
Vải,3,2017,,995394.84
Vải,4,2017,,991128.95
Vải,5,2017,,1141356.81
Vải,6,2017,,1010030.2
Vải,7,2017,,969519.15
Vải,8,2017,,899994.71
Vải,9,2017,,910612.84
Vải,10,2017,,1037000.0
Vải,11,2017,,1090290.61
Vải,12,2017,,1025203.77
"Nguyên PL dệt, may, giày dép",1,2017,,320846.9
"Nguyên PL dệt, may, giày dép",2,2017,,401924.56
"Nguyên PL dệt, may, giày dép",3,2017,,522439.99
"Nguyên PL dệt, may, giày dép",4,2017,,482830.93
"Nguyên PL dệt, may, giày dép",5,2017,,478000.0
"Nguyên PL dệt, may, giày dép",6,2017,,474973.98
"Nguyên PL dệt, may, giày dép",7,2017,,475385.19
"Nguyên PL dệt, may, giày dép",8,2017,,431837.92
"Nguyên PL dệt, may, giày dép",9,2017,,450633.2
"Nguyên PL dệt, may, giày dép",10,2017,,471326.33
"Nguyên PL dệt, may, giày dép",11,2017,,454123.16
"Nguyên PL dệt, may, giày dép",12,2017,,416641.29
Thủy tinh và các sản phẩm từ thủy tinh,1,2017,,74333.45
Thủy tinh và các sản phẩm từ thủy tinh,2,2017,,61518.86
Thủy tinh và các sản phẩm từ thủy tinh,3,2017,,86277.08
Thủy tinh và các sản phẩm từ thủy tinh,4,2017,,80977.5
Thủy tinh và các sản phẩm từ thủy tinh,5,2017,,86358.37
Thủy tinh và các sản phẩm từ thủy tinh,6,2017,,81736.64
Thủy tinh và các sản phẩm từ thủy tinh,7,2017,,75078.87
Thủy tinh và các sản phẩm từ thủy tinh,8,2017,,89612.34
Thủy tinh và các sản phẩm từ thủy tinh,9,2017,,99553.32
Thủy tinh và các sản phẩm từ thủy tinh,10,2017,,89358.7
Thủy tinh và các sản phẩm từ thủy tinh,11,2017,,104190.65
Thủy tinh và các sản phẩm từ thủy tinh,12,2017,,101694.79
"Đá quý, KL quý và sản phẩm",1,2017,,24830.96
"Đá quý, KL quý và sản phẩm",2,2017,,49109.53
"Đá quý, KL quý và sản phẩm",3,2017,,50031.97
"Đá quý, KL quý và sản phẩm",4,2017,,41646.59
"Đá quý, KL quý và sản phẩm",5,2017,,47249.91
"Đá quý, KL quý và sản phẩm",6,2017,,41007.15
"Đá quý, KL quý và sản phẩm",7,2017,,52875.21
"Đá quý, KL quý và sản phẩm",8,2017,,52816.94
"Đá quý, KL quý và sản phẩm",9,2017,,59042.55
"Đá quý, KL quý và sản phẩm",10,2017,,66259.31
"Đá quý, KL quý và sản phẩm",11,2017,,65353.63
"Đá quý, KL quý và sản phẩm",12,2017,,58583.46
Phế liệu sắt thép,1,2017,268.179,70310.56
Phế liệu sắt thép,2,2017,359.807,99014.63
Phế liệu sắt thép,3,2017,370.069,104693.23
Phế liệu sắt thép,4,2017,319.098,92428.77
Phế liệu sắt thép,5,2017,403.48,120688.27
Phế liệu sắt thép,6,2017,346.905,95910.78
Phế liệu sắt thép,7,2017,332.95,89968.16
Phế liệu sắt thép,8,2017,476.142,135328.15
Phế liệu sắt thép,9,2017,422.503,127676.37
Phế liệu sắt thép,10,2017,445.627,142112.71
Phế liệu sắt thép,11,2017,497.514,161163.22
Phế liệu sắt thép,12,2017,484.559,157327.09
Sắt thép,1,2017,1211.19,656776.49
Sắt thép,2,2017,1501.973,830438.75
Sắt thép,3,2017,1482.922,877897.53
Sắt thép,4,2017,1416.221,857350.7
Sắt thép,5,2017,1206.804,762482.86
Sắt thép,6,2017,1080.614,646503.08
Sắt thép,7,2017,1087.038,626551.26
Sắt thép,8,2017,1411.409,800633.08
Sắt thép,9,2017,1089.703,677021.44
Sắt thép,10,2017,1232.106,796097.35
Sắt thép,11,2017,1171.0,791000.0
Sắt thép,12,2017,1101.405,754000.0
Sản phẩm từ sắt thép,1,2017,,208760.65
Sản phẩm từ sắt thép,2,2017,,212109.76
Sản phẩm từ sắt thép,3,2017,,254658.0
Sản phẩm từ sắt thép,4,2017,,245559.46
Sản phẩm từ sắt thép,5,2017,,253756.22
Sản phẩm từ sắt thép,6,2017,,252627.53
Sản phẩm từ sắt thép,7,2017,,255809.38
Sản phẩm từ sắt thép,8,2017,,280347.05
Sản phẩm từ sắt thép,9,2017,,274730.26
Sản phẩm từ sắt thép,10,2017,,301438.69
Sản phẩm từ sắt thép,11,2017,,324498.41
Sản phẩm từ sắt thép,12,2017,,342234.38
Kim loại thường khác,1,2017,131.969,390912.95
Kim loại thường khác,2,2017,152.435,478926.11
Kim loại thường khác,3,2017,165.083,532913.18
Kim loại thường khác,4,2017,129.662,444747.14
Kim loại thường khác,5,2017,182.065,561318.34
Kim loại thường khác,6,2017,171.499,535522.08
Kim loại thường khác,7,2017,139.651,473441.82
Kim loại thường khác,8,2017,123.832,448357.47
Kim loại thường khác,9,2017,116.722,447331.41
Kim loại thường khác,10,2017,121.985,465704.74
Kim loại thường khác,11,2017,126.186,500941.06
Kim loại thường khác,12,2017,169.959,580219.43
Sản phẩm từ kim loại thường khác,1,2017,,52844.13
Sản phẩm từ kim loại thường khác,2,2017,,78497.44
Sản phẩm từ kim loại thường khác,3,2017,,76304.52
Sản phẩm từ kim loại thường khác,4,2017,,72779.74
Sản phẩm từ kim loại thường khác,5,2017,,72835.23
Sản phẩm từ kim loại thường khác,6,2017,,75815.7
Sản phẩm từ kim loại thường khác,7,2017,,76331.0
Sản phẩm từ kim loại thường khác,8,2017,,79130.87
Sản phẩm từ kim loại thường khác,9,2017,,78465.26
Sản phẩm từ kim loại thường khác,10,2017,,72560.56
Sản phẩm từ kim loại thường khác,11,2017,,83082.55
Sản phẩm từ kim loại thường khác,12,2017,,81998.92
"Điện tử, máy tính và LK",1,2017,,2181212.36
"Điện tử, máy tính và LK",2,2017,,2596019.48
"Điện tử, máy tính và LK",3,2017,,3169043.41
"Điện tử, máy tính và LK",4,2017,,3044036.0
"Điện tử, máy tính và LK",5,2017,,3159539.47
"Điện tử, máy tính và LK",6,2017,,3090810.66
"Điện tử, máy tính và LK",7,2017,,3093449.36
"Điện tử, máy tính và LK",8,2017,,3289046.68
"Điện tử, máy tính và LK",9,2017,,3666958.82
"Điện tử, máy tính và LK",10,2017,,3276268.97
"Điện tử, máy tính và LK",11,2017,,3500302.81
"Điện tử, máy tính và LK",12,2017,,3707521.65
Hàng điện gia dụng và linh kiện,1,2017,,83315.31
Hàng điện gia dụng và linh kiện,2,2017,,155519.81
Hàng điện gia dụng và linh kiện,3,2017,,231191.05
Hàng điện gia dụng và linh kiện,4,2017,,181559.36
Hàng điện gia dụng và linh kiện,5,2017,,191728.01
Hàng điện gia dụng và linh kiện,6,2017,,157748.94
Hàng điện gia dụng và linh kiện,7,2017,,116076.14
Hàng điện gia dụng và linh kiện,8,2017,,106296.23
Hàng điện gia dụng và linh kiện,9,2017,,92038.15
Hàng điện gia dụng và linh kiện,10,2017,,115531.72
Hàng điện gia dụng và linh kiện,11,2017,,149379.79
Hàng điện gia dụng và linh kiện,12,2017,,139781.62
Điện thoại các loại và linh kiện,1,2017,,833161.8
Điện thoại các loại và linh kiện,2,2017,,955129.88
Điện thoại các loại và linh kiện,3,2017,,1143953.56
Điện thoại các loại và linh kiện,4,2017,,1085154.52
Điện thoại các loại và linh kiện,5,2017,,1098668.5
Điện thoại các loại và linh kiện,6,2017,,1125067.55
Điện thoại các loại và linh kiện,7,2017,,1197790.36
Điện thoại các loại và linh kiện,8,2017,,1473858.81
Điện thoại các loại và linh kiện,9,2017,,1961962.44
Điện thoại các loại và linh kiện,10,2017,,1925532.48
Điện thoại các loại và linh kiện,11,2017,,1748162.53
Điện thoại các loại và linh kiện,12,2017,,1886434.56
"Máy ảnh, máy quay phim và linh kiện",1,2017,,137796.46
"Máy ảnh, máy quay phim và linh kiện",2,2017,,166574.42
"Máy ảnh, máy quay phim và linh kiện",3,2017,,167797.66
"Máy ảnh, máy quay phim và linh kiện",4,2017,,163047.84
"Máy ảnh, máy quay phim và linh kiện",5,2017,,143732.82
"Máy ảnh, máy quay phim và linh kiện",6,2017,,141588.99
"Máy ảnh, máy quay phim và linh kiện",7,2017,,160979.1
"Máy ảnh, máy quay phim và linh kiện",8,2017,,198220.24
"Máy ảnh, máy quay phim và linh kiện",9,2017,,226774.75
"Máy ảnh, máy quay phim và linh kiện",10,2017,,188718.24
"Máy ảnh, máy quay phim và linh kiện",11,2017,,244068.37
"Máy ảnh, máy quay phim và linh kiện",12,2017,,230184.81
"Máy móc, thiết bị, DC, PT khác",1,2017,,2241629.31
"Máy móc, thiết bị, DC, PT khác",2,2017,,2398450.29
"Máy móc, thiết bị, DC, PT khác",3,2017,,3085589.07
"Máy móc, thiết bị, DC, PT khác",4,2017,,3291674.27
"Máy móc, thiết bị, DC, PT khác",5,2017,,3259756.84
"Máy móc, thiết bị, DC, PT khác",6,2017,,3133970.54
"Máy móc, thiết bị, DC, PT khác",7,2017,,2748644.24
"Máy móc, thiết bị, DC, PT khác",8,2017,,2719094.45
"Máy móc, thiết bị, DC, PT khác",9,2017,,2651625.97
"Máy móc, thiết bị, DC, PT khác",10,2017,,2501824.32
"Máy móc, thiết bị, DC, PT khác",11,2017,,2891692.76
"Máy móc, thiết bị, DC, PT khác",12,2017,,2958365.34
Dây điện và cáp điện,1,2017,,76578.74
Dây điện và cáp điện,2,2017,,88678.13
Dây điện và cáp điện,3,2017,,108524.78
Dây điện và cáp điện,4,2017,,95856.73
Dây điện và cáp điện,5,2017,,109543.47
Dây điện và cáp điện,6,2017,,99344.98
Dây điện và cáp điện,7,2017,,98847.81
Dây điện và cáp điện,8,2017,,100340.36
Dây điện và cáp điện,9,2017,,104391.79
Dây điện và cáp điện,10,2017,,104901.89
Dây điện và cáp điện,11,2017,,110439.03
Dây điện và cáp điện,12,2017,,116990.9
Ô tô,1,2017,,372813.76
Ô tô,2,2017,,456627.54
Ô tô,3,2017,,502681.99
Ô tô,4,2017,,448685.82
Ô tô,5,2017,,479598.1
Ô tô,6,2017,,422212.98
Ô tô,7,2017,,408919.36
Ô tô,8,2017,,407286.68
Ô tô,9,2017,,381835.54
Ô tô,10,2017,,433500.93
Ô tô,11,2017,,542903.34
Ô tô,12,2017,,663257.94
Tđ: Nguyên chiếc (nghìn chiếc),1,2017,7.218,151245.35
Tđ: Nguyên chiếc (nghìn chiếc),2,2017,8.01,156889.07
Tđ: Nguyên chiếc (nghìn chiếc),3,2017,11.141,181718.35
Tđ: Nguyên chiếc (nghìn chiếc),4,2017,6.896,167912.88
Tđ: Nguyên chiếc (nghìn chiếc),5,2017,9.953,210366.8
Tđ: Nguyên chiếc (nghìn chiếc),6,2017,7.69,169047.06
Tđ: Nguyên chiếc (nghìn chiếc),7,2017,6.909,165436.92
Tđ: Nguyên chiếc (nghìn chiếc),8,2017,7.773,184622.72
Tđ: Nguyên chiếc (nghìn chiếc),9,2017,6.03,160884.77
Tđ: Nguyên chiếc (nghìn chiếc),10,2017,5.818,154721.35
Tđ: Nguyên chiếc (nghìn chiếc),11,2017,6.426,186361.12
Tđ: Nguyên chiếc (nghìn chiếc),12,2017,13.445,354801.94
Linh kiện phụ tùng ô tô,1,2017,,221568.4
Linh kiện phụ tùng ô tô,2,2017,,299738.47
Linh kiện phụ tùng ô tô,3,2017,,320963.64
Linh kiện phụ tùng ô tô,4,2017,,280772.94
Linh kiện phụ tùng ô tô,5,2017,,269231.3
Linh kiện phụ tùng ô tô,6,2017,,253165.92
Linh kiện phụ tùng ô tô,7,2017,,243482.44
Linh kiện phụ tùng ô tô,8,2017,,222663.96
Linh kiện phụ tùng ô tô,9,2017,,220950.77
Linh kiện phụ tùng ô tô,10,2017,,278779.58
Linh kiện phụ tùng ô tô,11,2017,,356542.22
Linh kiện phụ tùng ô tô,12,2017,,308456.0
"Xe máy và linh kiện, phụ tùng",1,2017,,29092.04
"Xe máy và linh kiện, phụ tùng",2,2017,,34021.29
"Xe máy và linh kiện, phụ tùng",3,2017,,38139.38
"Xe máy và linh kiện, phụ tùng",4,2017,,32734.14
"Xe máy và linh kiện, phụ tùng",5,2017,,35306.37
"Xe máy và linh kiện, phụ tùng",6,2017,,39257.62
"Xe máy và linh kiện, phụ tùng",7,2017,,39259.9
"Xe máy và linh kiện, phụ tùng",8,2017,,42373.59
"Xe máy và linh kiện, phụ tùng",9,2017,,37997.93
"Xe máy và linh kiện, phụ tùng",10,2017,,40407.23
"Xe máy và linh kiện, phụ tùng",11,2017,,41407.12
"Xe máy và linh kiện, phụ tùng",12,2017,,35235.9
Phương tiện vận tải khác và PT,1,2017,,83309.75
Phương tiện vận tải khác và PT,2,2017,,46651.23
Phương tiện vận tải khác và PT,3,2017,,69461.62
Phương tiện vận tải khác và PT,4,2017,,76665.63
Phương tiện vận tải khác và PT,5,2017,,92033.38
Phương tiện vận tải khác và PT,6,2017,,80545.89
Phương tiện vận tải khác và PT,7,2017,,62914.59
Phương tiện vận tải khác và PT,8,2017,,55198.73
Phương tiện vận tải khác và PT,9,2017,,61463.04
Phương tiện vận tải khác và PT,10,2017,,58443.34
Phương tiện vận tải khác và PT,11,2017,,72488.74
Phương tiện vận tải khác và PT,12,2017,,80485.48
Hàng khác,1,2017,,589893.11
Hàng khác,2,2017,,648132.37
Hàng khác,3,2017,,766859.77
Hàng khác,4,2017,,707169.96
Hàng khác,5,2017,,797281.63
Hàng khác,6,2017,,840821.87
Hàng khác,7,2017,,780131.79
Hàng khác,8,2017,,753243.8
Hàng khác,9,2017,,776941.98
Hàng khác,10,2017,,824305.7
Hàng khác,11,2017,,920586.83
Hàng khác,12,2017,,933455.71
Hàng thủy sản,1,2018,,173005.31
Hàng thủy sản,2,2018,,98628.92
Hàng thủy sản,3,2018,,134822.69
Hàng thủy sản,4,2018,,126520.54
Hàng thủy sản,5,2018,,164532.06
Hàng thủy sản,6,2018,,163161.25
Hàng thủy sản,7,2018,,146720.05
Hàng thủy sản,8,2018,,133521.56
Hàng thủy sản,9,2018,,119565.52
Hàng thủy sản,10,2018,,149157.94
Hàng thủy sản,11,2018,,157217.29
Hàng thủy sản,12,2018,,155685.14
Sữa và sản phẩm sữa,1,2018,,77075.02
Sữa và sản phẩm sữa,2,2018,,51032.55
Sữa và sản phẩm sữa,3,2018,,102960.9
Sữa và sản phẩm sữa,4,2018,,84386.22
Sữa và sản phẩm sữa,5,2018,,106189.21
Sữa và sản phẩm sữa,6,2018,,70322.05
Sữa và sản phẩm sữa,7,2018,,77659.92
Sữa và sản phẩm sữa,8,2018,,101195.25
Sữa và sản phẩm sữa,9,2018,,54628.25
Sữa và sản phẩm sữa,10,2018,,84301.54
Sữa và sản phẩm sữa,11,2018,,73539.66
Sữa và sản phẩm sữa,12,2018,,79702.49
Hàng rau quả,1,2018,,167142.86
Hàng rau quả,2,2018,,80575.81
Hàng rau quả,3,2018,,97232.04
Hàng rau quả,4,2018,,111615.26
Hàng rau quả,5,2018,,144955.58
Hàng rau quả,6,2018,,134350.94
Hàng rau quả,7,2018,,194739.92
Hàng rau quả,8,2018,,213859.38
Hàng rau quả,9,2018,,153208.15
Hàng rau quả,10,2018,,138699.52
Hàng rau quả,11,2018,,141660.7
Hàng rau quả,12,2018,,166531.66
Hạt điều,1,2018,96990.0,225090.28
Hạt điều,2,2018,46355.0,111625.22
Hạt điều,3,2018,66017.0,139041.37
Hạt điều,4,2018,54586.0,111921.6
Hạt điều,5,2018,121935.0,261551.6
Hạt điều,6,2018,140665.0,286919.19
Hạt điều,7,2018,212175.0,389072.31
Hạt điều,8,2018,153293.0,283875.11
Hạt điều,9,2018,76488.0,149077.76
Hạt điều,10,2018,91519.0,160133.73
Hạt điều,11,2018,87534.0,143575.09
Hạt điều,12,2018,43222.0,76663.64
Lúa mỳ,1,2018,670187.0,160057.74
Lúa mỳ,2,2018,111316.0,25445.6
Lúa mỳ,3,2018,411605.0,99691.72
Lúa mỳ,4,2018,530855.0,119780.46
Lúa mỳ,5,2018,735416.0,173804.35
Lúa mỳ,6,2018,301594.0,78639.17
Lúa mỳ,7,2018,328529.0,80310.8
Lúa mỳ,8,2018,580971.0,140169.4
Lúa mỳ,9,2018,309168.0,74757.34
Lúa mỳ,10,2018,654162.0,153960.7
Lúa mỳ,11,2018,100803.0,27565.32
Lúa mỳ,12,2018,145342.0,41696.99
Ngô,1,2018,959072.0,179507.1
Ngô,2,2018,530580.0,102870.63
Ngô,3,2018,444225.0,88682.05
Ngô,4,2018,1115618.0,225908.97
Ngô,5,2018,1045655.0,214922.21
Ngô,6,2018,792790.0,173231.95
Ngô,7,2018,559477.0,121831.37
Ngô,8,2018,630601.0,138624.32
Ngô,9,2018,1203660.0,258569.58
Ngô,10,2018,951868.0,204954.78
Ngô,11,2018,910446.0,193899.72
Ngô,12,2018,1037589.0,216768.35
Đậu tương,1,2018,42464.0,19218.98
Đậu tương,2,2018,234047.0,97718.31
Đậu tương,3,2018,115197.0,50201.32
Đậu tương,4,2018,170416.0,75203.0
Đậu tương,5,2018,157881.0,70617.83
Đậu tương,6,2018,116889.0,52566.72
Đậu tương,7,2018,179035.0,79504.87
Đậu tương,8,2018,124209.0,53716.09
Đậu tương,9,2018,184862.0,75957.06
Đậu tương,10,2018,125665.0,51578.12
Đậu tương,11,2018,256136.0,101946.93
Đậu tương,12,2018,117632.0,45588.32
Dầu mỡ động thực vật,1,2018,,72317.78
Dầu mỡ động thực vật,2,2018,,40833.29
Dầu mỡ động thực vật,3,2018,,68447.05
Dầu mỡ động thực vật,4,2018,,51369.18
Dầu mỡ động thực vật,5,2018,,53439.12
Dầu mỡ động thực vật,6,2018,,69106.97
Dầu mỡ động thực vật,7,2018,,63219.83
Dầu mỡ động thực vật,8,2018,,64158.95
Dầu mỡ động thực vật,9,2018,,64553.97
Dầu mỡ động thực vật,10,2018,,60008.41
Dầu mỡ động thực vật,11,2018,,66428.17
Dầu mỡ động thực vật,12,2018,,67514.11
Bánh kẹo và các sản phẩm từ ngũ cốc,1,2018,,36514.03
Bánh kẹo và các sản phẩm từ ngũ cốc,2,2018,,14495.82
Bánh kẹo và các sản phẩm từ ngũ cốc,3,2018,,22446.26
Bánh kẹo và các sản phẩm từ ngũ cốc,4,2018,,20410.01
Bánh kẹo và các sản phẩm từ ngũ cốc,5,2018,,27459.98
Bánh kẹo và các sản phẩm từ ngũ cốc,6,2018,,19354.82
Bánh kẹo và các sản phẩm từ ngũ cốc,7,2018,,28071.65
Bánh kẹo và các sản phẩm từ ngũ cốc,8,2018,,28292.35
Bánh kẹo và các sản phẩm từ ngũ cốc,9,2018,,32935.87
Bánh kẹo và các sản phẩm từ ngũ cốc,10,2018,,44543.76
Bánh kẹo và các sản phẩm từ ngũ cốc,11,2018,,49230.61
Bánh kẹo và các sản phẩm từ ngũ cốc,12,2018,,48008.82
Chế phẩm thực phẩm khỏc,1,2018,,52470.94
Chế phẩm thực phẩm khỏc,2,2018,,35610.77
Chế phẩm thực phẩm khỏc,3,2018,,62632.66
Chế phẩm thực phẩm khỏc,4,2018,,56725.2
Chế phẩm thực phẩm khỏc,5,2018,,66229.28
Chế phẩm thực phẩm khỏc,6,2018,,62377.02
Chế phẩm thực phẩm khỏc,7,2018,,53288.59
Chế phẩm thực phẩm khỏc,8,2018,,63772.45
Chế phẩm thực phẩm khỏc,9,2018,,58447.2
Chế phẩm thực phẩm khỏc,10,2018,,73745.16
Chế phẩm thực phẩm khỏc,11,2018,,69859.59
Chế phẩm thực phẩm khỏc,12,2018,,66261.87
Thức ăn gia súc và nguyên liệu,1,2018,,336864.9
Thức ăn gia súc và nguyên liệu,2,2018,,244346.77
Thức ăn gia súc và nguyên liệu,3,2018,,340697.29
Thức ăn gia súc và nguyên liệu,4,2018,,349048.81
Thức ăn gia súc và nguyên liệu,5,2018,,340565.82
Thức ăn gia súc và nguyên liệu,6,2018,,371071.7
Thức ăn gia súc và nguyên liệu,7,2018,,226940.73
Thức ăn gia súc và nguyên liệu,8,2018,,301627.61
Thức ăn gia súc và nguyên liệu,9,2018,,386313.36
Thức ăn gia súc và nguyên liệu,10,2018,,324568.42
Thức ăn gia súc và nguyên liệu,11,2018,,318709.74
Thức ăn gia súc và nguyên liệu,12,2018,,371169.42
Nguyên phụ liệu thuốc lá,1,2018,,8833.52
Nguyên phụ liệu thuốc lá,2,2018,,10701.88
Nguyên phụ liệu thuốc lá,3,2018,,29818.68
Nguyên phụ liệu thuốc lá,4,2018,,25256.89
Nguyên phụ liệu thuốc lá,5,2018,,37164.94
Nguyên phụ liệu thuốc lá,6,2018,,25561.44
Nguyên phụ liệu thuốc lá,7,2018,,23543.87
Nguyên phụ liệu thuốc lá,8,2018,,41866.73
Nguyên phụ liệu thuốc lá,9,2018,,19889.57
Nguyên phụ liệu thuốc lá,10,2018,,35814.6
Nguyên phụ liệu thuốc lá,11,2018,,44633.22
Nguyên phụ liệu thuốc lá,12,2018,,46720.13
Quặng và khoáng sản khác,1,2018,1063486.0,96872.7
Quặng và khoáng sản khác,2,2018,677440.0,56335.18
Quặng và khoáng sản khác,3,2018,1181528.0,107138.95
Quặng và khoáng sản khác,4,2018,773775.0,68000.66
Quặng và khoáng sản khác,5,2018,1451183.0,117005.26
Quặng và khoáng sản khác,6,2018,1262140.0,96581.42
Quặng và khoáng sản khác,7,2018,1538821.0,121029.73
Quặng và khoáng sản khác,8,2018,1416480.0,124088.37
Quặng và khoáng sản khác,9,2018,1249847.0,86859.37
Quặng và khoáng sản khác,10,2018,1101876.0,104338.91
Quặng và khoáng sản khác,11,2018,1414296.0,117118.72
Quặng và khoáng sản khác,12,2018,1359551.0,101914.6
Than đá,1,2018,1161514.0,136094.32
Than đá,2,2018,1164256.0,155227.4
Than đá,3,2018,1351277.0,157742.96
Than đá,4,2018,2162864.0,248850.34
Than đá,5,2018,2624235.0,287786.54
Than đá,6,2018,1878056.0,222682.05
Than đá,7,2018,1637522.0,177050.55
Than đá,8,2018,1404731.0,165147.51
Than đá,9,2018,2000009.0,236085.16
Than đá,10,2018,1956500.0,260878.65
Than đá,11,2018,2661007.0,212832.95
Than đá,12,2018,2855182.0,294503.28
Dầu thô,3,2018,159836.0,41802.95
Dầu thô,4,2018,268820.0,120488.29
Dầu thô,5,2018,553340.0,287913.95
Dầu thô,6,2018,268298.0,142339.43
Dầu thô,7,2018,557393.0,300439.97
Dầu thô,8,2018,952418.0,541265.13
Dầu thô,9,2018,218350.0,124771.6
Dầu thô,10,2018,810486.0,472918.87
Dầu thô,11,2018,684998.0,398571.66
Dầu thô,12,2018,694226.0,313178.79
Xăng dầu các loại,1,2018,1290674.0,791719.91
Xăng dầu các loại,2,2018,916675.0,606211.54
Xăng dầu các loại,3,2018,1172040.0,786885.7
Xăng dầu các loại,4,2018,985079.0,632563.98
Xăng dầu các loại,5,2018,1266292.0,853715.7
Xăng dầu các loại,6,2018,1371854.0,953184.6
Xăng dầu các loại,7,2018,728847.0,483749.62
Xăng dầu các loại,8,2018,824547.0,579442.55
Xăng dầu các loại,9,2018,771078.0,571401.4
Xăng dầu các loại,10,2018,651694.0,486849.5
Xăng dầu các loại,11,2018,723045.0,497085.09
Xăng dầu các loại,12,2018,731669.0,397379.9
Xăng,1,2018,323953.0,216380.3
Xăng,2,2018,300950.0,209636.42
Xăng,3,2018,207340.0,156848.34
Xăng,4,2018,204943.0,159713.11
Xăng,5,2018,269169.0,209807.41
Xăng,6,2018,280992.0,222258.99
Xăng,7,2018,141404.0,107649.05
Xăng,8,2018,135509.0,118532.21
Xăng,9,2018,100657.0,87840.68
Xăng,10,2018,30054.0,28053.47
Xăng,11,2018,50594.0,34999.36
Xăng,12,2018,7065.0,15061.31
Dầu DO,1,2018,765466.0,455435.29
Dầu DO,2,2018,390961.0,255005.03
Dầu DO,3,2018,615880.0,389250.7
Dầu DO,4,2018,565187.0,341912.89
Dầu DO,5,2018,690092.0,476504.54
Dầu DO,6,2018,878452.0,592170.66
Dầu DO,7,2018,350174.0,235419.94
Dầu DO,8,2018,481443.0,322472.91
Dầu DO,9,2018,420748.0,305195.08
Dầu DO,10,2018,391454.0,296509.85
Dầu DO,11,2018,374334.0,252294.68
Dầu DO,12,2018,401841.0,212224.95
Dầu FO,1,2018,48941.0,19312.6
Dầu FO,2,2018,53024.0,20905.88
Dầu FO,3,2018,63720.0,25747.79
Dầu FO,4,2018,76115.0,31456.49
Dầu FO,5,2018,95617.0,44481.8
Dầu FO,6,2018,51633.0,26084.48
Dầu FO,7,2018,39910.0,18935.08
Dầu FO,8,2018,34728.0,15778.0
Dầu FO,9,2018,26244.0,13060.72
Dầu FO,10,2018,58832.0,29959.02
Dầu FO,11,2018,66726.0,32250.61
Dầu FO,12,2018,95867.0,35946.1
Nhiên liệu bay,1,2018,152313.0,100591.7
Nhiên liệu bay,2,2018,165752.0,107426.07
Nhiên liệu bay,3,2018,279290.0,189130.28
Nhiên liệu bay,4,2018,138833.0,93619.47
Nhiên liệu bay,5,2018,178387.0,130286.29
Nhiên liệu bay,6,2018,154516.0,108654.03
Nhiên liệu bay,7,2018,153193.0,108116.03
Nhiên liệu bay,8,2018,166837.0,118265.98
Nhiên liệu bay,9,2018,138433.0,101994.48
Nhiên liệu bay,10,2018,164571.0,127273.08
Nhiên liệu bay,11,2018,182802.0,140783.35
Nhiên liệu bay,12,2018,170931.0,101511.89
Khí đốt hóa lỏng,1,2018,166214.0,100086.85
Khí đốt hóa lỏng,2,2018,97107.0,52851.19
Khí đốt hóa lỏng,3,2018,115883.0,58472.12
Khí đốt hóa lỏng,4,2018,88289.0,47495.79
Khí đốt hóa lỏng,5,2018,112627.0,63473.29
Khí đốt hóa lỏng,6,2018,155536.0,93006.11
Khí đốt hóa lỏng,7,2018,135986.0,80150.16
Khí đốt hóa lỏng,8,2018,109197.0,69421.86
Khí đốt hóa lỏng,9,2018,129448.0,88932.03
Khí đốt hóa lỏng,10,2018,115230.0,77043.82
Khí đốt hóa lỏng,11,2018,114574.0,62581.58
Khí đốt hóa lỏng,12,2018,105376.0,50243.09
Sản phẩm khác từ dầu mỏ,1,2018,,86776.65
Sản phẩm khác từ dầu mỏ,2,2018,,54707.53
Sản phẩm khác từ dầu mỏ,3,2018,,100295.39
Sản phẩm khác từ dầu mỏ,4,2018,,84772.2
Sản phẩm khác từ dầu mỏ,5,2018,,86654.26
Sản phẩm khác từ dầu mỏ,6,2018,,80376.63
Sản phẩm khác từ dầu mỏ,7,2018,,73490.79
Sản phẩm khác từ dầu mỏ,8,2018,,77046.67
Sản phẩm khác từ dầu mỏ,9,2018,,62477.39
Sản phẩm khác từ dầu mỏ,10,2018,,85541.42
Sản phẩm khác từ dầu mỏ,11,2018,,84252.88
Sản phẩm khác từ dầu mỏ,12,2018,,98170.96
Hóa chất,1,2018,,416910.07
Hóa chất,2,2018,,285145.24
Hóa chất,3,2018,,443179.14
Hóa chất,4,2018,,403672.39
Hóa chất,5,2018,,479525.2
Hóa chất,6,2018,,430274.12
Hóa chất,7,2018,,439790.08
Hóa chất,8,2018,,455720.76
Hóa chất,9,2018,,401835.39
Hóa chất,10,2018,,487264.94
Hóa chất,11,2018,,482828.41
Hóa chất,12,2018,,436869.92
Sản phẩm từ hóa chất,1,2018,,424321.87
Sản phẩm từ hóa chất,2,2018,,281642.1
Sản phẩm từ hóa chất,3,2018,,415624.19
Sản phẩm từ hóa chất,4,2018,,377707.96
Sản phẩm từ hóa chất,5,2018,,480700.47
Sản phẩm từ hóa chất,6,2018,,409637.2
Sản phẩm từ hóa chất,7,2018,,434192.13
Sản phẩm từ hóa chất,8,2018,,464877.32
Sản phẩm từ hóa chất,9,2018,,395175.1
Sản phẩm từ hóa chất,10,2018,,455463.64
Sản phẩm từ hóa chất,11,2018,,457697.06
Sản phẩm từ hóa chất,12,2018,,433538.52
Nguyên phụ liệu dược phẩm,1,2018,,41883.88
Nguyên phụ liệu dược phẩm,2,2018,,26966.07
Nguyên phụ liệu dược phẩm,3,2018,,38436.95
Nguyên phụ liệu dược phẩm,4,2018,,26522.09
Nguyên phụ liệu dược phẩm,5,2018,,38615.73
Nguyên phụ liệu dược phẩm,6,2018,,30321.15
Nguyên phụ liệu dược phẩm,7,2018,,34638.64
Nguyên phụ liệu dược phẩm,8,2018,,33399.74
Nguyên phụ liệu dược phẩm,9,2018,,26519.83
Nguyên phụ liệu dược phẩm,10,2018,,39939.83
Nguyên phụ liệu dược phẩm,11,2018,,34343.27
Nguyên phụ liệu dược phẩm,12,2018,,35254.67
Dược phẩm,1,2018,,234913.47
Dược phẩm,2,2018,,127695.19
Dược phẩm,3,2018,,228528.66
Dược phẩm,4,2018,,221079.0
Dược phẩm,5,2018,,330671.59
Dược phẩm,6,2018,,216845.16
Dược phẩm,7,2018,,280653.02
Dược phẩm,8,2018,,209991.69
Dược phẩm,9,2018,,208993.88
Dược phẩm,10,2018,,232315.85
Dược phẩm,11,2018,,249255.96
Dược phẩm,12,2018,,254926.06
Phân bón các loại,1,2018,287938.0,79635.07
Phân bón các loại,2,2018,240727.0,65343.29
Phân bón các loại,3,2018,414431.0,117631.29
Phân bón các loại,4,2018,484573.0,143341.84
Phân bón các loại,5,2018,416730.0,119486.43
Phân bón các loại,6,2018,408280.0,117945.96
Phân bón các loại,7,2018,238771.0,62534.39
Phân bón các loại,8,2018,300997.0,88286.05
Phân bón các loại,9,2018,303310.0,85309.62
Phân bón các loại,10,2018,299468.0,87607.77
Phân bón các loại,11,2018,366372.0,100820.27
Phân bón các loại,12,2018,466554.0,135439.54
Phân U rê,1,2018,19948.0,5360.37
Phân U rê,2,2018,16873.0,4699.81
Phân U rê,3,2018,44746.0,12911.15
Phân U rê,4,2018,133954.0,37480.36
Phân U rê,5,2018,17346.0,4837.03
Phân U rê,6,2018,47603.0,13181.97
Phân U rê,7,2018,46824.0,12958.77
Phân U rê,8,2018,24223.0,7016.48
Phân U rê,9,2018,12957.0,3907.55
Phân U rê,10,2018,17255.0,5614.32
Phân U rê,11,2018,53307.0,18160.06
Phân U rê,12,2018,63970.0,20615.98
Phân NPK,1,2018,25165.0,9925.98
Phân NPK,2,2018,23193.0,9749.67
Phân NPK,3,2018,39898.0,15062.21
Phân NPK,4,2018,47437.0,17165.69
Phân NPK,5,2018,53468.0,19598.78
Phân NPK,6,2018,60207.0,22761.17
Phân NPK,7,2018,49728.0,21377.69
Phân NPK,8,2018,46668.0,17795.03
Phân NPK,9,2018,29585.0,11755.89
Phân NPK,10,2018,27176.0,10326.26
Phân NPK,11,2018,12298.0,5712.66
Phân NPK,12,2018,16110.0,6696.78
Phân DAP,1,2018,41854.0,17066.86
Phân DAP,2,2018,19898.0,8271.46
Phân DAP,3,2018,83051.0,35531.73
Phân DAP,4,2018,70522.0,30721.22
Phân DAP,5,2018,35015.0,14577.89
Phân DAP,6,2018,52922.0,23210.85
Phân DAP,7,2018,40543.0,17218.56
Phân DAP,8,2018,57307.0,24182.61
Phân DAP,9,2018,49969.0,21266.7
Phân DAP,10,2018,62720.0,25638.03
Phân DAP,11,2018,91458.0,38649.71
Phân DAP,12,2018,88688.0,37343.5
Phân SA,1,2018,66873.0,8558.21
Phân SA,2,2018,57650.0,7356.65
Phân SA,3,2018,128049.0,16243.32
Phân SA,4,2018,72988.0,9313.5
Phân SA,5,2018,70440.0,9077.31
Phân SA,6,2018,85974.0,11156.75
Phân SA,7,2018,72839.0,9455.69
Phân SA,8,2018,77054.0,10249.53
Phân SA,9,2018,87621.0,11443.59
Phân SA,10,2018,85989.0,11061.94
Phân SA,11,2018,120455.0,16043.95
Phân SA,12,2018,127968.0,17105.65
Phân Kali,1,2018,89714.0,23572.76
Phân Kali,2,2018,97744.0,26475.47
Phân Kali,3,2018,73023.0,19537.17
Phân Kali,4,2018,110037.0,30969.94
Phân Kali,5,2018,149697.0,43076.24
Phân Kali,6,2018,127158.0,35751.11
Phân Kali,7,2018,1263.0,65.94
Phân Kali,8,2018,35984.0,10200.18
Phân Kali,9,2018,85665.0,24518.23
Phân Kali,10,2018,69245.0,20448.77
Phân Kali,11,2018,47235.0,13372.73
Phân Kali,12,2018,128175.0,39690.63
"Chất thơm, mỹ phẩm và chế phẩm vệ sinh",1,2018,,65053.41
"Chất thơm, mỹ phẩm và chế phẩm vệ sinh",2,2018,,46250.14
"Chất thơm, mỹ phẩm và chế phẩm vệ sinh",3,2018,,69197.58
"Chất thơm, mỹ phẩm và chế phẩm vệ sinh",4,2018,,62846.36
"Chất thơm, mỹ phẩm và chế phẩm vệ sinh",5,2018,,71831.65
"Chất thơm, mỹ phẩm và chế phẩm vệ sinh",6,2018,,63973.73
"Chất thơm, mỹ phẩm và chế phẩm vệ sinh",7,2018,,71763.58
"Chất thơm, mỹ phẩm và chế phẩm vệ sinh",8,2018,,69397.91
"Chất thơm, mỹ phẩm và chế phẩm vệ sinh",9,2018,,66565.71
"Chất thơm, mỹ phẩm và chế phẩm vệ sinh",10,2018,,71945.92
"Chất thơm, mỹ phẩm và chế phẩm vệ sinh",11,2018,,71649.05
"Chất thơm, mỹ phẩm và chế phẩm vệ sinh",12,2018,,62132.6
Thuốc trừ sâu và nguyên liệu,1,2018,,76843.31
Thuốc trừ sâu và nguyên liệu,2,2018,,59156.9
Thuốc trừ sâu và nguyên liệu,3,2018,,72086.84
Thuốc trừ sâu và nguyên liệu,4,2018,,82418.02
Thuốc trừ sâu và nguyên liệu,5,2018,,93887.91
Thuốc trừ sâu và nguyên liệu,6,2018,,77383.29
Thuốc trừ sâu và nguyên liệu,7,2018,,77300.11
Thuốc trừ sâu và nguyên liệu,8,2018,,64394.35
Thuốc trừ sâu và nguyên liệu,9,2018,,74124.23
Thuốc trừ sâu và nguyên liệu,10,2018,,80290.2
Thuốc trừ sâu và nguyên liệu,11,2018,,98537.07
Thuốc trừ sâu và nguyên liệu,12,2018,,82468.79
Chất dẻo nguyên liệu,1,2018,496642.0,757158.38
Chất dẻo nguyên liệu,2,2018,325227.0,514815.63
Chất dẻo nguyên liệu,3,2018,486100.0,790648.5
Chất dẻo nguyên liệu,4,2018,377168.0,629206.85
Chất dẻo nguyên liệu,5,2018,513233.0,868560.21
Chất dẻo nguyên liệu,6,2018,462234.0,766025.68
Chất dẻo nguyên liệu,7,2018,430692.0,716965.3
Chất dẻo nguyên liệu,8,2018,495652.0,836814.7
Chất dẻo nguyên liệu,9,2018,450455.0,742360.49
Chất dẻo nguyên liệu,10,2018,529487.0,858097.16
Chất dẻo nguyên liệu,11,2018,529523.0,838473.94
Chất dẻo nguyên liệu,12,2018,485135.0,747785.87
Sản phẩm từ chất dẻo,1,2018,,511946.31
Sản phẩm từ chất dẻo,2,2018,,360207.14
Sản phẩm từ chất dẻo,3,2018,,477426.28
Sản phẩm từ chất dẻo,4,2018,,414794.22
Sản phẩm từ chất dẻo,5,2018,,541344.32
Sản phẩm từ chất dẻo,6,2018,,481984.34
Sản phẩm từ chất dẻo,7,2018,,494998.82
Sản phẩm từ chất dẻo,8,2018,,537179.4
Sản phẩm từ chất dẻo,9,2018,,490897.66
Sản phẩm từ chất dẻo,10,2018,,538431.91
Sản phẩm từ chất dẻo,11,2018,,536614.91
Sản phẩm từ chất dẻo,12,2018,,507390.39
Cao su,1,2018,60665.0,103890.74
Cao su,2,2018,34712.0,62279.45
Cao su,3,2018,53811.0,97981.58
Cao su,4,2018,39505.0,72883.05
Cao su,5,2018,55316.0,102896.86
Cao su,6,2018,46073.0,89070.36
Cao su,7,2018,43983.0,81707.86
Cao su,8,2018,52234.0,97506.65
Cao su,9,2018,49498.0,91205.12
Cao su,10,2018,61140.0,112026.8
Cao su,11,2018,54976.0,98914.95
Cao su,12,2018,63777.0,103165.9
Sản phẩm từ cao su,1,2018,,71509.13
Sản phẩm từ cao su,2,2018,,53250.37
Sản phẩm từ cao su,3,2018,,71371.73
Sản phẩm từ cao su,4,2018,,63882.43
Sản phẩm từ cao su,5,2018,,79628.0
Sản phẩm từ cao su,6,2018,,72225.8
Sản phẩm từ cao su,7,2018,,74450.09
Sản phẩm từ cao su,8,2018,,73856.71
Sản phẩm từ cao su,9,2018,,71510.84
Sản phẩm từ cao su,10,2018,,78588.64
Sản phẩm từ cao su,11,2018,,79794.88
Sản phẩm từ cao su,12,2018,,74892.64
Gỗ và sản phẩm gỗ,1,2018,,212246.4
Gỗ và sản phẩm gỗ,2,2018,,129648.0
Gỗ và sản phẩm gỗ,3,2018,,177830.41
Gỗ và sản phẩm gỗ,4,2018,,166778.09
Gỗ và sản phẩm gỗ,5,2018,,192704.36
Gỗ và sản phẩm gỗ,6,2018,,190758.86
Gỗ và sản phẩm gỗ,7,2018,,193733.14
Gỗ và sản phẩm gỗ,8,2018,,202648.04
Gỗ và sản phẩm gỗ,9,2018,,193431.98
Gỗ và sản phẩm gỗ,10,2018,,211802.7
Gỗ và sản phẩm gỗ,11,2018,,222354.96
Gỗ và sản phẩm gỗ,12,2018,,221623.73
Giấy các loại,1,2018,187156.0,169239.74
Giấy các loại,2,2018,109713.0,100976.13
Giấy các loại,3,2018,183133.0,167763.85
Giấy các loại,4,2018,157934.0,148443.48
Giấy các loại,5,2018,183853.0,174042.26
Giấy các loại,6,2018,155308.0,150396.05
Giấy các loại,7,2018,166195.0,156956.87
Giấy các loại,8,2018,174440.0,166214.87
Giấy các loại,9,2018,165241.0,151255.09
Giấy các loại,10,2018,194160.0,182223.28
Giấy các loại,11,2018,198539.0,171166.65
Giấy các loại,12,2018,194750.0,156088.7
Sản phẩm từ giấy,1,2018,,64149.48
Sản phẩm từ giấy,2,2018,,40325.95
Sản phẩm từ giấy,3,2018,,55520.12
Sản phẩm từ giấy,4,2018,,57062.64
Sản phẩm từ giấy,5,2018,,66269.79
Sản phẩm từ giấy,6,2018,,58416.43
Sản phẩm từ giấy,7,2018,,60501.2
Sản phẩm từ giấy,8,2018,,58431.79
Sản phẩm từ giấy,9,2018,,55246.67
Sản phẩm từ giấy,10,2018,,73973.08
Sản phẩm từ giấy,11,2018,,65465.36
Sản phẩm từ giấy,12,2018,,65431.64
Bông các loại,1,2018,143804.0,252741.68
Bông các loại,2,2018,111211.0,201628.61
Bông các loại,3,2018,153799.0,285991.43
Bông các loại,4,2018,123174.0,232275.11
Bông các loại,5,2018,157863.0,296252.08
Bông các loại,6,2018,146629.0,279237.86
Bông các loại,7,2018,164036.0,326635.53
Bông các loại,8,2018,138688.0,282922.13
Bông các loại,9,2018,103770.0,214439.79
Bông các loại,10,2018,102508.0,206728.28
Bông các loại,11,2018,104566.0,205200.52
Bông các loại,12,2018,117735.0,227077.86
"Xơ, sợi dệt các loại",1,2018,89075.0,196361.27
"Xơ, sợi dệt các loại",2,2018,57046.0,127854.0
"Xơ, sợi dệt các loại",3,2018,85717.0,198720.08
"Xơ, sợi dệt các loại",4,2018,76765.0,181188.25
"Xơ, sợi dệt các loại",5,2018,101301.0,252223.21
"Xơ, sợi dệt các loại",6,2018,81885.0,197856.52
"Xơ, sợi dệt các loại",7,2018,89042.0,204530.4
"Xơ, sợi dệt các loại",8,2018,96069.0,220714.74
"Xơ, sợi dệt các loại",9,2018,84586.0,200112.51
"Xơ, sợi dệt các loại",10,2018,95730.0,222179.4
"Xơ, sợi dệt các loại",11,2018,87877.0,209182.34
"Xơ, sợi dệt các loại",12,2018,89722.0,208097.94
Vải các loại,1,2018,,1044675.44
Vải các loại,2,2018,,735177.89
Vải các loại,3,2018,,885679.68
Vải các loại,4,2018,,1097695.63
Vải các loại,5,2018,,1365705.51
Vải các loại,6,2018,,1142259.4
Vải các loại,7,2018,,1120057.67
Vải các loại,8,2018,,1017222.85
Vải các loại,9,2018,,1002335.06
Vải các loại,10,2018,,1151318.74
Vải các loại,11,2018,,1151516.79
Vải các loại,12,2018,,1061138.55
"Nguyên phụ liệu dệt, may, da giày",1,2018,,437377.57
"Nguyên phụ liệu dệt, may, da giày",2,2018,,313854.18
"Nguyên phụ liệu dệt, may, da giày",3,2018,,489366.5
"Nguyên phụ liệu dệt, may, da giày",4,2018,,496375.45
"Nguyên phụ liệu dệt, may, da giày",5,2018,,592288.03
"Nguyên phụ liệu dệt, may, da giày",6,2018,,493393.09
"Nguyên phụ liệu dệt, may, da giày",7,2018,,501031.36
"Nguyên phụ liệu dệt, may, da giày",8,2018,,475502.75
"Nguyên phụ liệu dệt, may, da giày",9,2018,,469417.08
"Nguyên phụ liệu dệt, may, da giày",10,2018,,524218.51
"Nguyên phụ liệu dệt, may, da giày",11,2018,,487705.78
"Nguyên phụ liệu dệt, may, da giày",12,2018,,428840.74
Thủy tinh và các sản phẩm từ thủy tinh,1,2018,,96002.88
Thủy tinh và các sản phẩm từ thủy tinh,2,2018,,55546.7
Thủy tinh và các sản phẩm từ thủy tinh,3,2018,,77718.42
Thủy tinh và các sản phẩm từ thủy tinh,4,2018,,73279.98
Thủy tinh và các sản phẩm từ thủy tinh,5,2018,,83416.35
Thủy tinh và các sản phẩm từ thủy tinh,6,2018,,72502.77
Thủy tinh và các sản phẩm từ thủy tinh,7,2018,,79688.3
Thủy tinh và các sản phẩm từ thủy tinh,8,2018,,84183.55
Thủy tinh và các sản phẩm từ thủy tinh,9,2018,,85810.57
Thủy tinh và các sản phẩm từ thủy tinh,10,2018,,80690.22
Thủy tinh và các sản phẩm từ thủy tinh,11,2018,,94049.12
Thủy tinh và các sản phẩm từ thủy tinh,12,2018,,88250.66
"Đá quý, kim loại quý và sản phẩm",1,2018,,43554.84
"Đá quý, kim loại quý và sản phẩm",2,2018,,34264.57
"Đá quý, kim loại quý và sản phẩm",3,2018,,68456.61
"Đá quý, kim loại quý và sản phẩm",4,2018,,44645.04
"Đá quý, kim loại quý và sản phẩm",5,2018,,65914.18
"Đá quý, kim loại quý và sản phẩm",6,2018,,57863.54
"Đá quý, kim loại quý và sản phẩm",7,2018,,55460.5
"Đá quý, kim loại quý và sản phẩm",8,2018,,57340.3
"Đá quý, kim loại quý và sản phẩm",9,2018,,64473.33
"Đá quý, kim loại quý và sản phẩm",10,2018,,78170.6
"Đá quý, kim loại quý và sản phẩm",11,2018,,67800.08
"Đá quý, kim loại quý và sản phẩm",12,2018,,62436.77
Phế liệu sắt thép,1,2018,593119.0,200240.27
Phế liệu sắt thép,2,2018,293044.0,105091.72
Phế liệu sắt thép,3,2018,421944.0,156874.15
Phế liệu sắt thép,4,2018,393282.0,140265.5
Phế liệu sắt thép,5,2018,388716.0,141568.7
Phế liệu sắt thép,6,2018,384142.0,136537.16
Phế liệu sắt thép,7,2018,483537.0,175143.72
Phế liệu sắt thép,8,2018,522600.0,161389.38
Phế liệu sắt thép,9,2018,466917.0,168512.5
Phế liệu sắt thép,10,2018,548273.0,192824.31
Phế liệu sắt thép,11,2018,625125.0,192238.84
Phế liệu sắt thép,12,2018,531414.0,167276.92
Sắt thép các loại,1,2018,1162442.0,808582.03
Sắt thép các loại,2,2018,1095638.0,632454.41
Sắt thép các loại,3,2018,860033.0,742256.08
Sắt thép các loại,4,2018,1163985.0,843934.81
Sắt thép các loại,5,2018,1398922.0,1033639.08
Sắt thép các loại,6,2018,1198757.0,868681.77
Sắt thép các loại,7,2018,1171809.0,874550.36
Sắt thép các loại,8,2018,1240252.0,920144.01
Sắt thép các loại,9,2018,1044634.0,785783.57
Sắt thép các loại,10,2018,1123399.0,846379.59
Sắt thép các loại,11,2018,943614.0,728117.48
Sắt thép các loại,12,2018,1126938.0,805508.88
Sản phẩm từ sắt thép,1,2018,,309756.84
Sản phẩm từ sắt thép,2,2018,,204297.8
Sản phẩm từ sắt thép,3,2018,,272044.66
Sản phẩm từ sắt thép,4,2018,,260475.28
Sản phẩm từ sắt thép,5,2018,,331380.01
Sản phẩm từ sắt thép,6,2018,,296647.33
Sản phẩm từ sắt thép,7,2018,,302770.98
Sản phẩm từ sắt thép,8,2018,,349331.58
Sản phẩm từ sắt thép,9,2018,,311740.56
Sản phẩm từ sắt thép,10,2018,,339362.75
Sản phẩm từ sắt thép,11,2018,,355064.6
Sản phẩm từ sắt thép,12,2018,,331243.9
Kim loại thường khác,1,2018,134124.0,504701.94
Kim loại thường khác,2,2018,96045.0,377580.33
Kim loại thường khác,3,2018,213208.0,815090.43
Kim loại thường khác,4,2018,143126.0,479531.83
Kim loại thường khác,5,2018,187694.0,683622.75
Kim loại thường khác,6,2018,146456.0,565611.16
Kim loại thường khác,7,2018,530752.0,1209583.21
Kim loại thường khác,8,2018,162993.0,581853.13
Kim loại thường khác,9,2018,124672.0,455222.66
Kim loại thường khác,10,2018,152851.0,549326.2
Kim loại thường khác,11,2018,141807.0,515125.29
Kim loại thường khác,12,2018,139824.0,512309.85
Sản phẩm từ kim loại thường khác,1,2018,,83237.13
Sản phẩm từ kim loại thường khác,2,2018,,53853.84
Sản phẩm từ kim loại thường khác,3,2018,,77792.17
Sản phẩm từ kim loại thường khác,4,2018,,97849.89
Sản phẩm từ kim loại thường khác,5,2018,,154920.79
Sản phẩm từ kim loại thường khác,6,2018,,105666.29
Sản phẩm từ kim loại thường khác,7,2018,,420076.1
Sản phẩm từ kim loại thường khác,8,2018,,322802.74
Sản phẩm từ kim loại thường khác,9,2018,,94659.71
Sản phẩm từ kim loại thường khác,10,2018,,107774.41
Sản phẩm từ kim loại thường khác,11,2018,,102500.91
Sản phẩm từ kim loại thường khác,12,2018,,115355.96
"Máy vi tính, sản phẩm điện tử & linh kiện",1,2018,,3699928.27
"Máy vi tính, sản phẩm điện tử & linh kiện",2,2018,,3028655.95
"Máy vi tính, sản phẩm điện tử & linh kiện",3,2018,,3692363.2
"Máy vi tính, sản phẩm điện tử & linh kiện",4,2018,,2717279.22
"Máy vi tính, sản phẩm điện tử & linh kiện",5,2018,,3464628.4
"Máy vi tính, sản phẩm điện tử & linh kiện",6,2018,,3169507.86
"Máy vi tính, sản phẩm điện tử & linh kiện",7,2018,,3381985.55
"Máy vi tính, sản phẩm điện tử & linh kiện",8,2018,,4131507.47
"Máy vi tính, sản phẩm điện tử & linh kiện",9,2018,,3527294.2
"Máy vi tính, sản phẩm điện tử & linh kiện",10,2018,,3879260.74
"Máy vi tính, sản phẩm điện tử & linh kiện",11,2018,,3908894.65
"Máy vi tính, sản phẩm điện tử & linh kiện",12,2018,,3596475.43
Hàng điện gia dụng và linh kiện,1,2018,,196880.48
Hàng điện gia dụng và linh kiện,2,2018,,151028.34
Hàng điện gia dụng và linh kiện,3,2018,,227182.98
Hàng điện gia dụng và linh kiện,4,2018,,188792.65
Hàng điện gia dụng và linh kiện,5,2018,,197841.39
Hàng điện gia dụng và linh kiện,6,2018,,151313.62
Hàng điện gia dụng và linh kiện,7,2018,,112456.09
Hàng điện gia dụng và linh kiện,8,2018,,112600.34
Hàng điện gia dụng và linh kiện,9,2018,,100982.17
Hàng điện gia dụng và linh kiện,10,2018,,127597.69
Hàng điện gia dụng và linh kiện,11,2018,,148411.97
Hàng điện gia dụng và linh kiện,12,2018,,150624.32
Điện thoại các loại và linh kiện,1,2018,,1578144.89
Điện thoại các loại và linh kiện,2,2018,,766763.66
Điện thoại các loại và linh kiện,3,2018,,978630.21
Điện thoại các loại và linh kiện,4,2018,,961290.98
Điện thoại các loại và linh kiện,5,2018,,830923.14
Điện thoại các loại và linh kiện,6,2018,,875542.76
Điện thoại các loại và linh kiện,7,2018,,1403688.52
Điện thoại các loại và linh kiện,8,2018,,1896276.24
Điện thoại các loại và linh kiện,9,2018,,1706028.72
Điện thoại các loại và linh kiện,10,2018,,1681633.19
Điện thoại các loại và linh kiện,11,2018,,1730924.01
Điện thoại các loại và linh kiện,12,2018,,1455177.77
Máy ảnh máy quay phim và linh kiện,1,2018,,224449.23
Máy ảnh máy quay phim và linh kiện,2,2018,,135640.38
Máy ảnh máy quay phim và linh kiện,3,2018,,152070.37
Máy ảnh máy quay phim và linh kiện,4,2018,,144814.55
Máy ảnh máy quay phim và linh kiện,5,2018,,197723.63
Máy ảnh máy quay phim và linh kiện,6,2018,,207031.78
Máy ảnh máy quay phim và linh kiện,7,2018,,205283.68
Máy ảnh máy quay phim và linh kiện,8,2018,,239593.21
Máy ảnh máy quay phim và linh kiện,9,2018,,233369.45
Máy ảnh máy quay phim và linh kiện,10,2018,,281374.76
Máy ảnh máy quay phim và linh kiện,11,2018,,254998.46
Máy ảnh máy quay phim và linh kiện,12,2018,,181650.1
"Máy móc, thiết bị, dụng cụ & phụ tùng",1,2018,,2915779.72
"Máy móc, thiết bị, dụng cụ & phụ tùng",2,2018,,1957094.98
"Máy móc, thiết bị, dụng cụ & phụ tùng",3,2018,,2695722.32
"Máy móc, thiết bị, dụng cụ & phụ tùng",4,2018,,2435514.86
"Máy móc, thiết bị, dụng cụ & phụ tùng",5,2018,,3140834.34
"Máy móc, thiết bị, dụng cụ & phụ tùng",6,2018,,2792799.25
"Máy móc, thiết bị, dụng cụ & phụ tùng",7,2018,,2929781.1
"Máy móc, thiết bị, dụng cụ & phụ tùng",8,2018,,2962648.54
"Máy móc, thiết bị, dụng cụ & phụ tùng",9,2018,,2753759.23
"Máy móc, thiết bị, dụng cụ & phụ tùng",10,2018,,3028157.74
"Máy móc, thiết bị, dụng cụ & phụ tùng",11,2018,,3052713.23
"Máy móc, thiết bị, dụng cụ & phụ tùng",12,2018,,3062504.03
Dây điện và dây cáp điện,1,2018,,111886.7
Dây điện và dây cáp điện,2,2018,,83306.16
Dây điện và dây cáp điện,3,2018,,104094.34
Dây điện và dây cáp điện,4,2018,,97218.91
Dây điện và dây cáp điện,5,2018,,116814.51
Dây điện và dây cáp điện,6,2018,,111533.88
Dây điện và dây cáp điện,7,2018,,99517.65
Dây điện và dây cáp điện,8,2018,,117239.11
Dây điện và dây cáp điện,9,2018,,129413.07
Dây điện và dây cáp điện,10,2018,,109175.71
Dây điện và dây cáp điện,11,2018,,141034.48
Dây điện và dây cáp điện,12,2018,,135346.47
Ô tô nguyên chiếc các loại,1,2018,340.0,21573.25
Ô tô nguyên chiếc các loại,2,2018,222.0,13733.71
Ô tô nguyên chiếc các loại,3,2018,3655.0,83093.6
Ô tô nguyên chiếc các loại,4,2018,2537.0,61191.17
Ô tô nguyên chiếc các loại,5,2018,2302.0,68142.95
Ô tô nguyên chiếc các loại,6,2018,3328.0,81547.51
Ô tô nguyên chiếc các loại,7,2018,6573.0,135307.7
Ô tô nguyên chiếc các loại,8,2018,9859.0,216998.57
Ô tô nguyên chiếc các loại,9,2018,11479.0,241111.26
Ô tô nguyên chiếc các loại,10,2018,12474.0,262269.88
Ô tô nguyên chiếc các loại,11,2018,14514.0,304765.98
Ô tô nguyên chiếc các loại,12,2018,14326.0,310607.33
Ô tô 9 chỗ ngồi trở xuống,1,2018,17.0,567.26
Ô tô 9 chỗ ngồi trở xuống,2,2018,14.0,593.33
Ô tô 9 chỗ ngồi trở xuống,3,2018,3073.0,67282.62
Ô tô 9 chỗ ngồi trở xuống,4,2018,2084.0,43277.73
Ô tô 9 chỗ ngồi trở xuống,5,2018,1627.0,40284.09
Ô tô 9 chỗ ngồi trở xuống,6,2018,1775.0,40963.19
Ô tô 9 chỗ ngồi trở xuống,7,2018,3719.0,70235.93
Ô tô 9 chỗ ngồi trở xuống,8,2018,6227.0,121899.97
Ô tô 9 chỗ ngồi trở xuống,9,2018,7188.0,144788.48
Ô tô 9 chỗ ngồi trở xuống,10,2018,8119.0,153808.42
Ô tô 9 chỗ ngồi trở xuống,11,2018,9682.0,186853.02
Ô tô 9 chỗ ngồi trở xuống,12,2018,10456.0,200458.78
Ô tô trên 9 chỗ ngồi,3,2018,6.0,240.55
Ô tô trên 9 chỗ ngồi,4,2018,1.0,46.0
Ô tô trên 9 chỗ ngồi,5,2018,2.0,58.01
Ô tô trên 9 chỗ ngồi,7,2018,206.0,6369.48
Ô tô trên 9 chỗ ngồi,8,2018,149.0,4502.22
Ô tô trên 9 chỗ ngồi,9,2018,137.0,4208.88
Ô tô trên 9 chỗ ngồi,10,2018,100.0,3100.0
Ô tô trên 9 chỗ ngồi,11,2018,118.0,3083.62
Ô tô trên 9 chỗ ngồi,12,2018,85.0,2656.06
Ô tô tải,1,2018,183.0,9919.25
Ô tô tải,2,2018,134.0,7488.66
Ô tô tải,3,2018,522.0,12073.66
Ô tô tải,4,2018,434.0,12961.48
Ô tô tải,5,2018,253.0,2326.56
Ô tô tải,6,2018,1459.0,28493.33
Ô tô tải,7,2018,2466.0,46078.45
Ô tô tải,8,2018,3268.0,71057.06
Ô tô tải,9,2018,3857.0,78613.6
Ô tô tải,10,2018,3828.0,72749.29
Ô tô tải,11,2018,4443.0,95132.84
Ô tô tải,12,2018,3341.0,64787.66
"Linh kiện, phụ tùng ô tô",1,2018,,233693.02
"Linh kiện, phụ tùng ô tô",2,2018,,202744.04
"Linh kiện, phụ tùng ô tô",3,2018,,302550.66
"Linh kiện, phụ tùng ô tô",4,2018,,234777.09
"Linh kiện, phụ tùng ô tô",5,2018,,274008.07
"Linh kiện, phụ tùng ô tô",6,2018,,475688.16
"Linh kiện, phụ tùng ô tô",7,2018,,307031.85
"Linh kiện, phụ tùng ô tô",8,2018,,347799.26
"Linh kiện, phụ tùng ô tô",9,2018,,309049.69
"Linh kiện, phụ tùng ô tô",10,2018,,325588.15
"Linh kiện, phụ tùng ô tô",11,2018,,299214.77
"Linh kiện, phụ tùng ô tô",12,2018,,269037.93
Xe máy và linh kiện,1,2018,,48476.84
Xe máy và linh kiện,2,2018,,32439.36
Xe máy và linh kiện,3,2018,,45860.19
Xe máy và linh kiện,4,2018,,40241.29
Xe máy và linh kiện,5,2018,,59363.88
Xe máy và linh kiện,6,2018,,44553.34
Xe máy và linh kiện,7,2018,,59921.67
Xe máy và linh kiện,8,2018,,61410.41
Xe máy và linh kiện,9,2018,,52839.13
Xe máy và linh kiện,10,2018,,66934.17
Xe máy và linh kiện,11,2018,,64623.55
Xe máy và linh kiện,12,2018,,77412.51
Phương tiện vận tải khác và phụ tùng,1,2018,,75893.89
Phương tiện vận tải khác và phụ tùng,2,2018,,70966.92
Phương tiện vận tải khác và phụ tùng,3,2018,,56409.32
Phương tiện vận tải khác và phụ tùng,4,2018,,56096.5
Phương tiện vận tải khác và phụ tùng,5,2018,,77748.97
Phương tiện vận tải khác và phụ tùng,6,2018,,89516.05
Phương tiện vận tải khác và phụ tùng,7,2018,,93936.36
Phương tiện vận tải khác và phụ tùng,8,2018,,77170.84
Phương tiện vận tải khác và phụ tùng,9,2018,,79395.27
Phương tiện vận tải khác và phụ tùng,10,2018,,119881.74
Phương tiện vận tải khác và phụ tùng,11,2018,,177482.16
Phương tiện vận tải khác và phụ tùng,12,2018,,117742.64
Hàng hoá khác,1,2018,,989095.22
Hàng hoá khác,2,2018,,633757.04
Hàng hoá khác,3,2018,,824682.78
Hàng hoá khác,4,2018,,816385.67
Hàng hoá khác,5,2018,,1022661.72
Hàng hoá khác,6,2018,,852814.52
Hàng hoá khác,7,2018,,912783.49
Hàng hoá khác,8,2018,,945656.86
Hàng hoá khác,9,2018,,827005.25
Hàng hoá khác,10,2018,,1020236.05
Hàng hoá khác,11,2018,,1029585.2
Hàng hoá khác,12,2018,,1061302.58
T/đó: Khu vực có vốn ĐTTTNN,1,2019,,12171995.01
T/đó: Khu vực có vốn ĐTTTNN,2,2019,,9013174.37
T/đó: Khu vực có vốn ĐTTTNN,3,2019,,12269025.46
T/đó: Khu vực có vốn ĐTTTNN,4,2019,,11617679.25
T/đó: Khu vực có vốn ĐTTTNN,5,2019,,13046468.32
T/đó: Khu vực có vốn ĐTTTNN,6,2019,,11295065.34
T/đó: Khu vực có vốn ĐTTTNN,7,2019,,13235809.52
T/đó: Khu vực có vốn ĐTTTNN,8,2019,,13299821.87
T/đó: Khu vực có vốn ĐTTTNN,9,2019,,12903853.77
T/đó: Khu vực có vốn ĐTTTNN,10,2019,,12449909.15
T/đó: Khu vực có vốn ĐTTTNN,11,2019,,11541865.62
T/đó: Khu vực có vốn ĐTTTNN,12,2019,,11797063.2
Hàng thủy sản,1,2019,,156329.32
Hàng thủy sản,2,2019,,107814.07
Hàng thủy sản,3,2019,,148299.19
Hàng thủy sản,4,2019,,148647.16
Hàng thủy sản,5,2019,,168599.65
Hàng thủy sản,6,2019,,149685.24
Hàng thủy sản,7,2019,,172333.25
Hàng thủy sản,8,2019,,138868.4
Hàng thủy sản,9,2019,,130116.86
Hàng thủy sản,10,2019,,142407.17
Hàng thủy sản,11,2019,,143212.04
Hàng thủy sản,12,2019,,181407.91
Sữa và sản phẩm sữa,1,2019,,65317.16
Sữa và sản phẩm sữa,2,2019,,100999.58
Sữa và sản phẩm sữa,3,2019,,91881.56
Sữa và sản phẩm sữa,4,2019,,89522.82
Sữa và sản phẩm sữa,5,2019,,96841.86
Sữa và sản phẩm sữa,6,2019,,75970.89
Sữa và sản phẩm sữa,7,2019,,86273.78
Sữa và sản phẩm sữa,8,2019,,84930.83
Sữa và sản phẩm sữa,9,2019,,72161.72
Sữa và sản phẩm sữa,10,2019,,102180.18
Sữa và sản phẩm sữa,11,2019,,81302.28
Sữa và sản phẩm sữa,12,2019,,100375.33
Hàng rau quả,1,2019,,172761.69
Hàng rau quả,2,2019,,107554.54
Hàng rau quả,3,2019,,138782.37
Hàng rau quả,4,2019,,231593.97
Hàng rau quả,5,2019,,192978.35
Hàng rau quả,6,2019,,146557.96
Hàng rau quả,7,2019,,150471.61
Hàng rau quả,8,2019,,129099.06
Hàng rau quả,9,2019,,117732.93
Hàng rau quả,10,2019,,119406.55
Hàng rau quả,11,2019,,117997.95
Hàng rau quả,12,2019,,153068.58
Hạt điều,1,2019,56851.0,91074.31
Hạt điều,2,2019,75327.0,139314.51
Hạt điều,3,2019,94995.0,163711.51
Hạt điều,4,2019,57469.0,87981.56
Hạt điều,5,2019,187304.0,252716.72
Hạt điều,6,2019,235934.0,292373.49
Hạt điều,7,2019,229918.0,254251.87
Hạt điều,8,2019,194122.0,214147.94
Hạt điều,9,2019,162669.0,197367.13
Hạt điều,10,2019,122932.0,167421.07
Hạt điều,11,2019,102750.0,154774.54
Hạt điều,12,2019,98341.0,150648.99
Lúa mỳ,1,2019,257657.25,73151.48
Lúa mỳ,2,2019,102924.0,28603.65
Lúa mỳ,3,2019,138242.0,37786.63
Lúa mỳ,4,2019,250290.0,71483.14
Lúa mỳ,5,2019,280990.25,79548.33
Lúa mỳ,6,2019,169163.75,46244.17
Lúa mỳ,7,2019,175873.75,47744.58
Lúa mỳ,8,2019,162113.0,40249.34
Lúa mỳ,9,2019,301402.0,69690.96
Lúa mỳ,10,2019,488829.0,118485.29
Lúa mỳ,11,2019,234071.0,53906.93
Lúa mỳ,12,2019,226301.0,59772.38
Ngô,1,2019,898001.0,188734.55
Ngô,2,2019,716369.0,152210.1
Ngô,3,2019,433640.0,92852.92
Ngô,4,2019,918102.0,193149.04
Ngô,5,2019,1146811.0,235639.55
Ngô,6,2019,469254.0,95088.09
Ngô,7,2019,758474.0,152423.21
Ngô,8,2019,1124433.0,221320.02
Ngô,9,2019,1657231.0,320219.98
Ngô,10,2019,1124804.0,220653.38
Ngô,11,2019,1137991.0,219513.31
Ngô,12,2019,1123008.0,234388.4
Đậu tương,1,2019,157433.0,61658.23
Đậu tương,2,2019,158342.0,62723.62
Đậu tương,3,2019,110897.0,44858.79
Đậu tương,4,2019,163821.0,63703.39
Đậu tương,5,2019,179258.0,72021.01
Đậu tương,6,2019,188125.0,72164.32
Đậu tương,7,2019,63087.0,25676.59
Đậu tương,8,2019,106973.0,43679.31
Đậu tương,9,2019,177993.0,71454.11
Đậu tương,10,2019,112059.0,45480.33
Đậu tương,11,2019,111433.0,45001.81
Đậu tương,12,2019,176550.0,72801.5
Dầu mỡ động thực vật,1,2019,,60837.45
Dầu mỡ động thực vật,2,2019,,35981.46
Dầu mỡ động thực vật,3,2019,,65431.85
Dầu mỡ động thực vật,4,2019,,55683.31
Dầu mỡ động thực vật,5,2019,,53040.09
Dầu mỡ động thực vật,6,2019,,60737.19
Dầu mỡ động thực vật,7,2019,,60313.72
Dầu mỡ động thực vật,8,2019,,54113.28
Dầu mỡ động thực vật,9,2019,,56073.6
Dầu mỡ động thực vật,10,2019,,72022.2
Dầu mỡ động thực vật,11,2019,,72120.84
Dầu mỡ động thực vật,12,2019,,87832.2
Bánh kẹo và các sản phẩm từ ngũ cốc,1,2019,,32009.22
Bánh kẹo và các sản phẩm từ ngũ cốc,2,2019,,15482.24
Bánh kẹo và các sản phẩm từ ngũ cốc,3,2019,,25684.62
Bánh kẹo và các sản phẩm từ ngũ cốc,4,2019,,24636.84
Bánh kẹo và các sản phẩm từ ngũ cốc,5,2019,,31040.66
Bánh kẹo và các sản phẩm từ ngũ cốc,6,2019,,25564.63
Bánh kẹo và các sản phẩm từ ngũ cốc,7,2019,,36410.53
Bánh kẹo và các sản phẩm từ ngũ cốc,8,2019,,33473.79
Bánh kẹo và các sản phẩm từ ngũ cốc,9,2019,,42683.13
Bánh kẹo và các sản phẩm từ ngũ cốc,10,2019,,52594.6
Bánh kẹo và các sản phẩm từ ngũ cốc,11,2019,,53707.47
Bánh kẹo và các sản phẩm từ ngũ cốc,12,2019,,55173.94
Chế phẩm thực phẩm khỏc,1,2019,,67710.08
Chế phẩm thực phẩm khỏc,2,2019,,64267.25
Chế phẩm thực phẩm khỏc,3,2019,,71150.13
Chế phẩm thực phẩm khỏc,4,2019,,65296.64
Chế phẩm thực phẩm khỏc,5,2019,,90371.93
Chế phẩm thực phẩm khỏc,6,2019,,72398.83
Chế phẩm thực phẩm khỏc,7,2019,,98624.16
Chế phẩm thực phẩm khỏc,8,2019,,71701.53
Chế phẩm thực phẩm khỏc,9,2019,,83001.36
Chế phẩm thực phẩm khỏc,10,2019,,89551.44
Chế phẩm thực phẩm khỏc,11,2019,,84933.63
Chế phẩm thực phẩm khỏc,12,2019,,101978.28
Thức ăn gia súc và nguyên liệu,1,2019,,370854.08
Thức ăn gia súc và nguyên liệu,2,2019,,242903.86
Thức ăn gia súc và nguyên liệu,3,2019,,356140.43
Thức ăn gia súc và nguyên liệu,4,2019,,291842.91
Thức ăn gia súc và nguyên liệu,5,2019,,352338.69
Thức ăn gia súc và nguyên liệu,6,2019,,297210.67
Thức ăn gia súc và nguyên liệu,7,2019,,304007.91
Thức ăn gia súc và nguyên liệu,8,2019,,367721.99
Thức ăn gia súc và nguyên liệu,9,2019,,241773.96
Thức ăn gia súc và nguyên liệu,10,2019,,333858.42
Thức ăn gia súc và nguyên liệu,11,2019,,235605.2
Thức ăn gia súc và nguyên liệu,12,2019,,317532.41
Nguyên phụ liệu thuốc lá,1,2019,,16965.63
Nguyên phụ liệu thuốc lá,2,2019,,13587.43
Nguyên phụ liệu thuốc lá,3,2019,,33036.47
Nguyên phụ liệu thuốc lá,4,2019,,31488.05
Nguyên phụ liệu thuốc lá,5,2019,,26708.03
Nguyên phụ liệu thuốc lá,6,2019,,29699.58
Nguyên phụ liệu thuốc lá,7,2019,,24875.77
Nguyên phụ liệu thuốc lá,8,2019,,23782.32
Nguyên phụ liệu thuốc lá,9,2019,,20207.27
Nguyên phụ liệu thuốc lá,10,2019,,18971.15
Nguyên phụ liệu thuốc lá,11,2019,,26028.49
Nguyên phụ liệu thuốc lá,12,2019,,35503.99
Quặng và khoáng sản khác,1,2019,1694221.0,148721.73
Quặng và khoáng sản khác,2,2019,920460.0,84315.49
Quặng và khoáng sản khác,3,2019,1728893.0,162980.73
Quặng và khoáng sản khác,4,2019,1563748.0,137232.35
Quặng và khoáng sản khác,5,2019,1277091.0,126881.45
Quặng và khoáng sản khác,6,2019,1420849.0,149610.21
Quặng và khoáng sản khác,7,2019,1296752.0,155568.09
Quặng và khoáng sản khác,8,2019,1195378.0,130407.9
Quặng và khoáng sản khác,9,2019,1280152.0,103109.32
Quặng và khoáng sản khác,10,2019,1027255.0,92105.43
Quặng và khoáng sản khác,11,2019,1715702.0,146024.86
Quặng và khoáng sản khác,12,2019,1188812.0,100388.27
Than đá,1,2019,3117418.0,340281.97
Than đá,2,2019,2356779.0,206018.61
Than đá,3,2019,3911373.0,366221.36
Than đá,4,2019,3957206.0,360891.63
Than đá,5,2019,3856368.0,377296.18
Than đá,6,2019,3438438.0,340958.72
Than đá,7,2019,4139749.0,345213.31
Than đá,8,2019,4868465.0,366089.17
Than đá,9,2019,2863866.0,228469.09
Than đá,10,2019,4305641.0,322422.07
Than đá,11,2019,2767365.0,216602.05
Than đá,12,2019,4267034.0,319557.18
Dầu thô,1,2019,910633.0,390365.95
Dầu thô,2,2019,551808.0,245045.98
Dầu thô,3,2019,635795.0,266494.08
Dầu thô,4,2019,1215663.0,497650.35
Dầu thô,5,2019,514246.0,401113.72
Dầu thô,6,2019,552822.0,277361.75
Dầu thô,7,2019,460390.0,220781.81
Dầu thô,8,2019,641747.0,305983.11
Dầu thô,9,2019,1089212.0,481199.72
Dầu thô,10,2019,268682.0,122767.8
Dầu thô,11,2019,233676.0,119174.81
Dầu thô,12,2019,541144.0,267761.18
Xăng dầu các loại,1,2019,643665.0,353640.73
Xăng dầu các loại,2,2019,511021.0,301707.26
Xăng dầu các loại,3,2019,925561.0,570969.64
Xăng dầu các loại,4,2019,985568.0,658516.51
Xăng dầu các loại,5,2019,793599.0,522957.26
Xăng dầu các loại,6,2019,529946.0,304902.37
Xăng dầu các loại,7,2019,1035896.0,625369.62
Xăng dầu các loại,8,2019,862199.0,502378.49
Xăng dầu các loại,9,2019,590625.0,363337.41
Xăng dầu các loại,10,2019,1121754.0,677525.55
Xăng dầu các loại,11,2019,862155.0,521997.46
Xăng dầu các loại,12,2019,935899.0,551227.08
Xăng,1,2019,78508.0,41603.28
Xăng,2,2019,63873.0,39283.01
Xăng,3,2019,243928.0,155519.41
Xăng,4,2019,271008.0,200015.54
Xăng,5,2019,156570.0,120048.23
Xăng,6,2019,68243.0,44349.7
Xăng,7,2019,129597.0,83238.62
Xăng,8,2019,122423.0,76884.47
Xăng,9,2019,132355.0,88342.96
Xăng,10,2019,251198.0,166699.4
Xăng,11,2019,276170.0,194711.57
Xăng,12,2019,192365.0,131987.78
Dầu DO,1,2019,345974.0,193333.4
Dầu DO,2,2019,223441.0,133837.99
Dầu DO,3,2019,428916.0,262965.67
Dầu DO,4,2019,442627.0,285300.38
Dầu DO,5,2019,360635.0,231603.95
Dầu DO,6,2019,237880.0,138372.62
Dầu DO,7,2019,638764.0,386632.79
Dầu DO,8,2019,456854.0,267975.04
Dầu DO,9,2019,263587.0,159672.47
Dầu DO,10,2019,640459.0,378796.03
Dầu DO,11,2019,318177.0,190552.89
Dầu DO,12,2019,395618.0,241208.29
Dầu FO,1,2019,38091.0,13989.38
Dầu FO,2,2019,67591.0,29846.27
Dầu FO,3,2019,58081.0,26004.73
Dầu FO,4,2019,44320.0,20650.23
Dầu FO,5,2019,58578.0,27421.66
Dầu FO,6,2019,60872.0,25377.43
Dầu FO,7,2019,73770.0,34312.38
Dầu FO,8,2019,81038.0,34852.57
Dầu FO,9,2019,32972.0,14019.37
Dầu FO,10,2019,42034.0,15657.84
Dầu FO,11,2019,112263.0,43377.4
Dầu FO,12,2019,163576.0,63053.03
Nhiên liệu bay,1,2019,162222.0,94207.23
Nhiên liệu bay,2,2019,149833.0,94682.52
Nhiên liệu bay,3,2019,181795.0,118723.8
Nhiên liệu bay,4,2019,203714.0,136932.04
Nhiên liệu bay,5,2019,185521.0,123334.12
Nhiên liệu bay,6,2019,153016.0,91069.46
Nhiên liệu bay,7,2019,151095.0,96447.46
Nhiên liệu bay,8,2019,185964.0,112918.74
Nhiên liệu bay,9,2019,161710.0,101418.83
Nhiên liệu bay,10,2019,181470.0,112295.98
Nhiên liệu bay,11,2019,150084.0,90164.21
Nhiên liệu bay,12,2019,184340.0,114977.87
Khí đốt hóa lỏng,1,2019,152760.0,76261.67
Khí đốt hóa lỏng,2,2019,86556.0,47340.19
Khí đốt hóa lỏng,3,2019,124555.0,71346.66
Khí đốt hóa lỏng,4,2019,124177.0,72354.86
Khí đốt hóa lỏng,5,2019,186530.0,103052.02
Khí đốt hóa lỏng,6,2019,142216.0,65831.7
Khí đốt hóa lỏng,7,2019,125045.0,54665.11
Khí đốt hóa lỏng,8,2019,222181.0,91935.17
Khí đốt hóa lỏng,9,2019,148845.0,62607.93
Khí đốt hóa lỏng,10,2019,151633.0,76086.22
Khí đốt hóa lỏng,11,2019,198002.0,95817.16
Khí đốt hóa lỏng,12,2019,148288.0,77942.22
Sản phẩm khác từ dầu mỏ,1,2019,,73502.99
Sản phẩm khác từ dầu mỏ,2,2019,,67599.76
Sản phẩm khác từ dầu mỏ,3,2019,,70780.83
Sản phẩm khác từ dầu mỏ,4,2019,,80822.51
Sản phẩm khác từ dầu mỏ,5,2019,,93966.94
Sản phẩm khác từ dầu mỏ,6,2019,,66888.15
Sản phẩm khác từ dầu mỏ,7,2019,,67011.92
Sản phẩm khác từ dầu mỏ,8,2019,,79552.65
Sản phẩm khác từ dầu mỏ,9,2019,,72226.97
Sản phẩm khác từ dầu mỏ,10,2019,,75462.38
Sản phẩm khác từ dầu mỏ,11,2019,,85371.02
Sản phẩm khác từ dầu mỏ,12,2019,,96079.64
Hóa chất,1,2019,,462491.85
Hóa chất,2,2019,,321667.65
Hóa chất,3,2019,,471532.36
Hóa chất,4,2019,,424390.71
Hóa chất,5,2019,,492583.26
Hóa chất,6,2019,,398410.79
Hóa chất,7,2019,,431651.27
Hóa chất,8,2019,,432313.78
Hóa chất,9,2019,,404007.73
Hóa chất,10,2019,,438416.12
Hóa chất,11,2019,,400733.63
Hóa chất,12,2019,,450438.98
Sản phẩm từ hóa chất,1,2019,,446547.37
Sản phẩm từ hóa chất,2,2019,,292093.35
Sản phẩm từ hóa chất,3,2019,,438574.83
Sản phẩm từ hóa chất,4,2019,,426842.33
Sản phẩm từ hóa chất,5,2019,,504853.5
Sản phẩm từ hóa chất,6,2019,,423537.95
Sản phẩm từ hóa chất,7,2019,,486908.22
Sản phẩm từ hóa chất,8,2019,,455249.33
Sản phẩm từ hóa chất,9,2019,,466050.49
Sản phẩm từ hóa chất,10,2019,,488287.78
Sản phẩm từ hóa chất,11,2019,,477941.03
Sản phẩm từ hóa chất,12,2019,,512715.25
Nguyên phụ liệu dược phẩm,1,2019,,43508.03
Nguyên phụ liệu dược phẩm,2,2019,,23698.35
Nguyên phụ liệu dược phẩm,3,2019,,37068.05
Nguyên phụ liệu dược phẩm,4,2019,,35578.68
Nguyên phụ liệu dược phẩm,5,2019,,34676.63
Nguyên phụ liệu dược phẩm,6,2019,,32958.44
Nguyên phụ liệu dược phẩm,7,2019,,36020.54
Nguyên phụ liệu dược phẩm,8,2019,,28353.34
Nguyên phụ liệu dược phẩm,9,2019,,27435.03
Nguyên phụ liệu dược phẩm,10,2019,,25353.43
Nguyên phụ liệu dược phẩm,11,2019,,26744.5
Nguyên phụ liệu dược phẩm,12,2019,,38286.84
Dược phẩm,1,2019,,265921.73
Dược phẩm,2,2019,,179289.52
Dược phẩm,3,2019,,255326.14
Dược phẩm,4,2019,,226809.93
Dược phẩm,5,2019,,340647.3
Dược phẩm,6,2019,,244705.72
Dược phẩm,7,2019,,300710.66
Dược phẩm,8,2019,,224169.37
Dược phẩm,9,2019,,247667.42
Dược phẩm,10,2019,,240706.55
Dược phẩm,11,2019,,249592.84
Dược phẩm,12,2019,,294915.94
Phân bón các loại,1,2019,366687.0,110378.92
Phân bón các loại,2,2019,330386.0,96649.59
Phân bón các loại,3,2019,286774.0,76091.3
Phân bón các loại,4,2019,387745.0,108985.44
Phân bón các loại,5,2019,350988.0,95964.76
Phân bón các loại,6,2019,273252.0,76063.84
Phân bón các loại,7,2019,302191.0,85815.71
Phân bón các loại,8,2019,228656.0,60775.34
Phân bón các loại,9,2019,256705.0,66468.64
Phân bón các loại,10,2019,308838.0,81598.32
Phân bón các loại,11,2019,279898.0,69138.17
Phân bón các loại,12,2019,363300.0,107710.11
Phân U rê,1,2019,42851.0,13633.37
Phân U rê,2,2019,41842.0,12006.69
Phân U rê,3,2019,24988.0,6861.15
Phân U rê,4,2019,93495.0,25507.16
Phân U rê,5,2019,59101.0,16748.43
Phân U rê,6,2019,28883.0,8311.18
Phân U rê,7,2019,1303.0,427.15
Phân U rê,8,2019,124.0,81.65
Phân U rê,9,2019,11536.0,3233.22
Phân U rê,10,2019,29192.0,8115.48
Phân U rê,11,2019,20998.0,5548.45
Phân U rê,12,2019,43095.0,10961.69
Phân NPK,1,2019,33119.0,12683.1
Phân NPK,2,2019,10921.0,4610.86
Phân NPK,3,2019,36248.0,15295.19
Phân NPK,4,2019,35535.0,14678.97
Phân NPK,5,2019,43668.0,17862.15
Phân NPK,6,2019,39837.0,15691.04
Phân NPK,7,2019,43968.0,17085.91
Phân NPK,8,2019,31932.0,12279.0
Phân NPK,9,2019,20359.0,9189.52
Phân NPK,10,2019,24302.0,10105.23
Phân NPK,11,2019,17276.0,7344.76
Phân NPK,12,2019,48752.0,18399.6
Phân DAP,1,2019,56794.0,24326.34
Phân DAP,2,2019,23325.0,10724.53
Phân DAP,3,2019,31359.0,13359.88
Phân DAP,4,2019,60342.0,25591.76
Phân DAP,5,2019,42000.0,17871.76
Phân DAP,6,2019,46416.0,18537.82
Phân DAP,7,2019,32579.0,13811.25
Phân DAP,8,2019,43275.0,16138.89
Phân DAP,9,2019,31620.0,10982.88
Phân DAP,10,2019,31257.0,10533.56
Phân DAP,11,2019,61198.0,19902.26
Phân DAP,12,2019,38674.0,16003.74
Phân SA,1,2019,78452.0,10390.23
Phân SA,2,2019,57584.0,7250.46
Phân SA,3,2019,99853.0,12366.45
Phân SA,4,2019,104569.0,13060.05
Phân SA,5,2019,94459.0,11759.75
Phân SA,6,2019,51524.0,6528.82
Phân SA,7,2019,65267.0,8320.87
Phân SA,8,2019,79231.0,10144.29
Phân SA,9,2019,86166.0,10622.48
Phân SA,10,2019,73297.0,8830.11
Phân SA,11,2019,101358.0,12332.9
Phân SA,12,2019,80095.0,9957.19
Phân Kali,1,2019,107182.0,32979.45
Phân Kali,2,2019,167353.0,53258.78
Phân Kali,3,2019,39433.0,11669.09
Phân Kali,4,2019,44525.0,13085.98
Phân Kali,5,2019,47940.0,14505.68
Phân Kali,6,2019,44720.0,12874.13
Phân Kali,7,2019,103125.0,30862.25
Phân Kali,8,2019,27301.0,7226.32
Phân Kali,9,2019,53041.0,15539.74
Phân Kali,10,2019,104603.0,31117.01
Phân Kali,11,2019,28013.0,7991.34
Phân Kali,12,2019,85470.0,29430.9
"Chất thơm, mỹ phẩm và chế phẩm vệ sinh",1,2019,,66486.49
"Chất thơm, mỹ phẩm và chế phẩm vệ sinh",2,2019,,53813.72
"Chất thơm, mỹ phẩm và chế phẩm vệ sinh",3,2019,,66546.19
"Chất thơm, mỹ phẩm và chế phẩm vệ sinh",4,2019,,68864.07
"Chất thơm, mỹ phẩm và chế phẩm vệ sinh",5,2019,,81399.15
"Chất thơm, mỹ phẩm và chế phẩm vệ sinh",6,2019,,64236.09
"Chất thơm, mỹ phẩm và chế phẩm vệ sinh",7,2019,,79152.17
"Chất thơm, mỹ phẩm và chế phẩm vệ sinh",8,2019,,75536.85
"Chất thơm, mỹ phẩm và chế phẩm vệ sinh",9,2019,,66690.94
"Chất thơm, mỹ phẩm và chế phẩm vệ sinh",10,2019,,78868.3
"Chất thơm, mỹ phẩm và chế phẩm vệ sinh",11,2019,,77987.17
"Chất thơm, mỹ phẩm và chế phẩm vệ sinh",12,2019,,84109.74
Thuốc trừ sâu và nguyên liệu,1,2019,,89471.25
Thuốc trừ sâu và nguyên liệu,2,2019,,32146.66
Thuốc trừ sâu và nguyên liệu,3,2019,,63409.09
Thuốc trừ sâu và nguyên liệu,4,2019,,81841.91
Thuốc trừ sâu và nguyên liệu,5,2019,,128975.67
Thuốc trừ sâu và nguyên liệu,6,2019,,61664.51
Thuốc trừ sâu và nguyên liệu,7,2019,,68109.63
Thuốc trừ sâu và nguyên liệu,8,2019,,70747.77
Thuốc trừ sâu và nguyên liệu,9,2019,,71905.67
Thuốc trừ sâu và nguyên liệu,10,2019,,67653.78
Thuốc trừ sâu và nguyên liệu,11,2019,,58789.42
Thuốc trừ sâu và nguyên liệu,12,2019,,70264.51
Chất dẻo nguyên liệu,1,2019,529413.0,773967.08
Chất dẻo nguyên liệu,2,2019,403644.0,590359.16
Chất dẻo nguyên liệu,3,2019,541020.0,783146.03
Chất dẻo nguyên liệu,4,2019,470856.0,712809.73
Chất dẻo nguyên liệu,5,2019,549991.0,821121.4
Chất dẻo nguyên liệu,6,2019,487414.0,704402.37
Chất dẻo nguyên liệu,7,2019,579013.0,822377.46
Chất dẻo nguyên liệu,8,2019,575967.0,785082.85
Chất dẻo nguyên liệu,9,2019,526063.0,715105.9
Chất dẻo nguyên liệu,10,2019,574039.0,780306.7
Chất dẻo nguyên liệu,11,2019,537140.0,730952.25
Chất dẻo nguyên liệu,12,2019,570154.0,772220.6
Sản phẩm từ chất dẻo,1,2019,,572025.77
Sản phẩm từ chất dẻo,2,2019,,359467.12
Sản phẩm từ chất dẻo,3,2019,,545288.84
Sản phẩm từ chất dẻo,4,2019,,509036.94
Sản phẩm từ chất dẻo,5,2019,,570603.37
Sản phẩm từ chất dẻo,6,2019,,502741.0
Sản phẩm từ chất dẻo,7,2019,,585551.16
Sản phẩm từ chất dẻo,8,2019,,573767.65
Sản phẩm từ chất dẻo,9,2019,,552523.98
Sản phẩm từ chất dẻo,10,2019,,586729.04
Sản phẩm từ chất dẻo,11,2019,,568742.4
Sản phẩm từ chất dẻo,12,2019,,612456.45
Cao su,1,2019,48831.0,90929.28
Cao su,2,2019,40561.0,70094.57
Cao su,3,2019,68624.0,110090.26
Cao su,4,2019,51092.0,91037.32
Cao su,5,2019,55642.0,99891.62
Cao su,6,2019,48303.0,83591.82
Cao su,7,2019,59907.0,102534.62
Cao su,8,2019,64204.0,104552.43
Cao su,9,2019,65069.0,100171.01
Cao su,10,2019,76912.0,114010.62
Cao su,11,2019,81041.0,119403.49
Cao su,12,2019,89325.0,134423.08
Sản phẩm từ cao su,1,2019,,78047.37
Sản phẩm từ cao su,2,2019,,49824.75
Sản phẩm từ cao su,3,2019,,73155.91
Sản phẩm từ cao su,4,2019,,74921.56
Sản phẩm từ cao su,5,2019,,84227.94
Sản phẩm từ cao su,6,2019,,70745.51
Sản phẩm từ cao su,7,2019,,83573.46
Sản phẩm từ cao su,8,2019,,75287.47
Sản phẩm từ cao su,9,2019,,75261.16
Sản phẩm từ cao su,10,2019,,79180.02
Sản phẩm từ cao su,11,2019,,77753.39
Sản phẩm từ cao su,12,2019,,81812.16
Gỗ và sản phẩm gỗ,1,2019,,251126.69
Gỗ và sản phẩm gỗ,2,2019,,120101.65
Gỗ và sản phẩm gỗ,3,2019,,209082.12
Gỗ và sản phẩm gỗ,4,2019,,196046.04
Gỗ và sản phẩm gỗ,5,2019,,239799.82
Gỗ và sản phẩm gỗ,6,2019,,217644.01
Gỗ và sản phẩm gỗ,7,2019,,223471.91
Gỗ và sản phẩm gỗ,8,2019,,217861.49
Gỗ và sản phẩm gỗ,9,2019,,199130.51
Gỗ và sản phẩm gỗ,10,2019,,210991.54
Gỗ và sản phẩm gỗ,11,2019,,216247.03
Gỗ và sản phẩm gỗ,12,2019,,241354.13
Giấy các loại,1,2019,164788.0,154121.92
Giấy các loại,2,2019,112364.0,107230.41
Giấy các loại,3,2019,160461.0,150573.72
Giấy các loại,4,2019,149256.0,138039.56
Giấy các loại,5,2019,175576.0,162325.61
Giấy các loại,6,2019,152309.0,140818.26
Giấy các loại,7,2019,189201.0,173485.91
Giấy các loại,8,2019,178192.0,144705.2
Giấy các loại,9,2019,168868.0,141182.11
Giấy các loại,10,2019,206801.0,162130.04
Giấy các loại,11,2019,183257.0,146690.3
Giấy các loại,12,2019,203079.0,164796.04
Sản phẩm từ giấy,1,2019,,62495.88
Sản phẩm từ giấy,2,2019,,38910.29
Sản phẩm từ giấy,3,2019,,64123.43
Sản phẩm từ giấy,4,2019,,58177.97
Sản phẩm từ giấy,5,2019,,68838.82
Sản phẩm từ giấy,6,2019,,60782.64
Sản phẩm từ giấy,7,2019,,67978.87
Sản phẩm từ giấy,8,2019,,63054.18
Sản phẩm từ giấy,9,2019,,65280.39
Sản phẩm từ giấy,10,2019,,71906.5
Sản phẩm từ giấy,11,2019,,75242.54
Sản phẩm từ giấy,12,2019,,82862.6
Bông các loại,1,2019,139041.0,260646.54
Bông các loại,2,2019,90443.0,167667.07
Bông các loại,3,2019,150317.0,282302.64
Bông các loại,4,2019,141304.0,259939.18
Bông các loại,5,2019,145148.0,262139.03
Bông các loại,6,2019,143238.0,257602.6
Bông các loại,7,2019,133223.0,239737.54
Bông các loại,8,2019,102823.0,181925.48
Bông các loại,9,2019,94456.0,158228.67
Bông các loại,10,2019,106997.0,174765.86
Bông các loại,11,2019,102323.0,163766.77
Bông các loại,12,2019,101793.0,161710.34
"Xơ, sợi dệt các loại",1,2019,93237.0,211323.71
"Xơ, sợi dệt các loại",2,2019,57414.0,127770.99
"Xơ, sợi dệt các loại",3,2019,99067.0,225797.47
"Xơ, sợi dệt các loại",4,2019,90897.0,211842.02
"Xơ, sợi dệt các loại",5,2019,104003.0,244093.29
"Xơ, sợi dệt các loại",6,2019,83889.0,194742.01
"Xơ, sợi dệt các loại",7,2019,97858.0,214697.84
"Xơ, sợi dệt các loại",8,2019,95185.0,195112.88
"Xơ, sợi dệt các loại",9,2019,95197.0,193806.23
"Xơ, sợi dệt các loại",10,2019,92509.0,198064.45
"Xơ, sợi dệt các loại",11,2019,95470.0,192351.15
"Xơ, sợi dệt các loại",12,2019,100786.0,199917.02
Vải các loại,1,2019,,1157731.01
Vải các loại,2,2019,,632692.03
Vải các loại,3,2019,,1081692.41
Vải các loại,4,2019,,1206866.39
Vải các loại,5,2019,,1368025.95
Vải các loại,6,2019,,1117951.15
Vải các loại,7,2019,,1157193.27
Vải các loại,8,2019,,997315.05
Vải các loại,9,2019,,1014899.07
Vải các loại,10,2019,,1219876.87
Vải các loại,11,2019,,1174406.14
Vải các loại,12,2019,,1147875.65
"Nguyên phụ liệu dệt, may, da giày",1,2019,,478429.57
"Nguyên phụ liệu dệt, may, da giày",2,2019,,326603.49
"Nguyên phụ liệu dệt, may, da giày",3,2019,,523969.61
"Nguyên phụ liệu dệt, may, da giày",4,2019,,528119.8
"Nguyên phụ liệu dệt, may, da giày",5,2019,,609287.62
"Nguyên phụ liệu dệt, may, da giày",6,2019,,464953.92
"Nguyên phụ liệu dệt, may, da giày",7,2019,,526146.06
"Nguyên phụ liệu dệt, may, da giày",8,2019,,471578.19
"Nguyên phụ liệu dệt, may, da giày",9,2019,,455720.64
"Nguyên phụ liệu dệt, may, da giày",10,2019,,529265.89
"Nguyên phụ liệu dệt, may, da giày",11,2019,,491941.62
"Nguyên phụ liệu dệt, may, da giày",12,2019,,465487.39
Thủy tinh và các sản phẩm từ thủy tinh,1,2019,,93587.42
Thủy tinh và các sản phẩm từ thủy tinh,2,2019,,45042.23
Thủy tinh và các sản phẩm từ thủy tinh,3,2019,,88752.23
Thủy tinh và các sản phẩm từ thủy tinh,4,2019,,81772.68
Thủy tinh và các sản phẩm từ thủy tinh,5,2019,,95454.26
Thủy tinh và các sản phẩm từ thủy tinh,6,2019,,86065.5
Thủy tinh và các sản phẩm từ thủy tinh,7,2019,,121549.25
Thủy tinh và các sản phẩm từ thủy tinh,8,2019,,126713.96
Thủy tinh và các sản phẩm từ thủy tinh,9,2019,,118069.04
Thủy tinh và các sản phẩm từ thủy tinh,10,2019,,127998.14
Thủy tinh và các sản phẩm từ thủy tinh,11,2019,,128331.72
Thủy tinh và các sản phẩm từ thủy tinh,12,2019,,126199.35
"Đá quý, kim loại quý và sản phẩm",1,2019,,58900.41
"Đá quý, kim loại quý và sản phẩm",2,2019,,48447.88
"Đá quý, kim loại quý và sản phẩm",3,2019,,60132.68
"Đá quý, kim loại quý và sản phẩm",4,2019,,48374.56
"Đá quý, kim loại quý và sản phẩm",5,2019,,61856.09
"Đá quý, kim loại quý và sản phẩm",6,2019,,49982.66
"Đá quý, kim loại quý và sản phẩm",7,2019,,81425.74
"Đá quý, kim loại quý và sản phẩm",8,2019,,64810.22
"Đá quý, kim loại quý và sản phẩm",9,2019,,75235.29
"Đá quý, kim loại quý và sản phẩm",10,2019,,74622.24
"Đá quý, kim loại quý và sản phẩm",11,2019,,67117.62
"Đá quý, kim loại quý và sản phẩm",12,2019,,72387.45
Phế liệu sắt thép,1,2019,274550.0,89459.54
Phế liệu sắt thép,2,2019,212690.0,59757.42
Phế liệu sắt thép,3,2019,360429.0,118426.65
Phế liệu sắt thép,4,2019,650123.0,197282.36
Phế liệu sắt thép,5,2019,485709.0,170277.87
Phế liệu sắt thép,6,2019,420124.0,127131.6
Phế liệu sắt thép,7,2019,487614.0,157697.54
Phế liệu sắt thép,8,2019,616355.0,183173.0
Phế liệu sắt thép,9,2019,700217.0,218547.38
Phế liệu sắt thép,10,2019,451645.0,125894.77
Phế liệu sắt thép,11,2019,395105.0,94746.13
Phế liệu sắt thép,12,2019,528690.0,118873.61
Sắt thép các loại,1,2019,1151610.0,800474.67
Sắt thép các loại,2,2019,866037.0,562644.56
Sắt thép các loại,3,2019,1354086.0,899213.55
Sắt thép các loại,4,2019,1296068.0,866547.09
Sắt thép các loại,5,2019,1449222.0,976256.89
Sắt thép các loại,6,2019,1036192.0,718606.98
Sắt thép các loại,7,2019,1226642.0,814000.97
Sắt thép các loại,8,2019,1268013.0,820451.85
Sắt thép các loại,9,2019,1162972.0,753152.86
Sắt thép các loại,10,2019,1430202.0,887736.95
Sắt thép các loại,11,2019,1121623.0,685968.03
Sắt thép các loại,12,2019,1192397.0,722834.73
Sản phẩm từ sắt thép,1,2019,,378125.42
Sản phẩm từ sắt thép,2,2019,,223526.81
Sản phẩm từ sắt thép,3,2019,,315253.64
Sản phẩm từ sắt thép,4,2019,,326867.31
Sản phẩm từ sắt thép,5,2019,,358458.71
Sản phẩm từ sắt thép,6,2019,,304822.3
Sản phẩm từ sắt thép,7,2019,,384667.24
Sản phẩm từ sắt thép,8,2019,,348157.0
Sản phẩm từ sắt thép,9,2019,,366244.08
Sản phẩm từ sắt thép,10,2019,,378730.51
Sản phẩm từ sắt thép,11,2019,,325535.7
Sản phẩm từ sắt thép,12,2019,,363331.84
Kim loại thường khác,1,2019,153444.0,552978.72
Kim loại thường khác,2,2019,98955.0,375871.59
Kim loại thường khác,3,2019,149741.0,564138.47
Kim loại thường khác,4,2019,152694.0,558575.24
Kim loại thường khác,5,2019,162301.0,588623.77
Kim loại thường khác,6,2019,143629.0,514896.87
Kim loại thường khác,7,2019,157666.0,534507.89
Kim loại thường khác,8,2019,155601.0,512031.8
Kim loại thường khác,9,2019,171233.0,549619.91
Kim loại thường khác,10,2019,187834.0,565508.09
Kim loại thường khác,11,2019,170002.0,536715.84
Kim loại thường khác,12,2019,167266.0,532500.27
Sản phẩm từ kim loại thường khác,1,2019,,139644.6
Sản phẩm từ kim loại thường khác,2,2019,,65103.79
Sản phẩm từ kim loại thường khác,3,2019,,125338.41
Sản phẩm từ kim loại thường khác,4,2019,,116267.54
Sản phẩm từ kim loại thường khác,5,2019,,156275.51
Sản phẩm từ kim loại thường khác,6,2019,,135392.89
Sản phẩm từ kim loại thường khác,7,2019,,165272.74
Sản phẩm từ kim loại thường khác,8,2019,,137321.48
Sản phẩm từ kim loại thường khác,9,2019,,127348.05
Sản phẩm từ kim loại thường khác,10,2019,,129718.09
Sản phẩm từ kim loại thường khác,11,2019,,162285.42
Sản phẩm từ kim loại thường khác,12,2019,,147917.15
"Máy vi tính, sản phẩm điện tử & linh kiện",1,2019,,3890900.64
"Máy vi tính, sản phẩm điện tử & linh kiện",2,2019,,3228554.18
"Máy vi tính, sản phẩm điện tử & linh kiện",3,2019,,4668620.2
"Máy vi tính, sản phẩm điện tử & linh kiện",4,2019,,3990293.03
"Máy vi tính, sản phẩm điện tử & linh kiện",5,2019,,4338337.74
"Máy vi tính, sản phẩm điện tử & linh kiện",6,2019,,3787631.99
"Máy vi tính, sản phẩm điện tử & linh kiện",7,2019,,4715353.35
"Máy vi tính, sản phẩm điện tử & linh kiện",8,2019,,4929788.76
"Máy vi tính, sản phẩm điện tử & linh kiện",9,2019,,4705291.69
"Máy vi tính, sản phẩm điện tử & linh kiện",10,2019,,4429311.28
"Máy vi tính, sản phẩm điện tử & linh kiện",11,2019,,4365576.44
"Máy vi tính, sản phẩm điện tử & linh kiện",12,2019,,4303613.03
Hàng điện gia dụng và linh kiện,1,2019,,143689.24
Hàng điện gia dụng và linh kiện,2,2019,,137949.19
Hàng điện gia dụng và linh kiện,3,2019,,207856.86
Hàng điện gia dụng và linh kiện,4,2019,,199474.35
Hàng điện gia dụng và linh kiện,5,2019,,221170.65
Hàng điện gia dụng và linh kiện,6,2019,,161805.73
Hàng điện gia dụng và linh kiện,7,2019,,158471.3
Hàng điện gia dụng và linh kiện,8,2019,,120815.75
Hàng điện gia dụng và linh kiện,9,2019,,128526.85
Hàng điện gia dụng và linh kiện,10,2019,,157105.21
Hàng điện gia dụng và linh kiện,11,2019,,166457.25
Hàng điện gia dụng và linh kiện,12,2019,,189540.29
Điện thoại các loại và linh kiện,1,2019,,1157421.65
Điện thoại các loại và linh kiện,2,2019,,668584.9
Điện thoại các loại và linh kiện,3,2019,,961590.88
Điện thoại các loại và linh kiện,4,2019,,1023588.72
Điện thoại các loại và linh kiện,5,2019,,1044260.15
Điện thoại các loại và linh kiện,6,2019,,959810.69
Điện thoại các loại và linh kiện,7,2019,,1431422.04
Điện thoại các loại và linh kiện,8,2019,,1725122.06
Điện thoại các loại và linh kiện,9,2019,,1657675.34
Điện thoại các loại và linh kiện,10,2019,,1516998.43
Điện thoại các loại và linh kiện,11,2019,,1219914.15
Điện thoại các loại và linh kiện,12,2019,,1249236.34
Máy ảnh máy quay phim và linh kiện,1,2019,,187088.47
Máy ảnh máy quay phim và linh kiện,2,2019,,157475.0
Máy ảnh máy quay phim và linh kiện,3,2019,,191404.53
Máy ảnh máy quay phim và linh kiện,4,2019,,212127.61
Máy ảnh máy quay phim và linh kiện,5,2019,,221149.53
Máy ảnh máy quay phim và linh kiện,6,2019,,195895.44
Máy ảnh máy quay phim và linh kiện,7,2019,,250592.17
Máy ảnh máy quay phim và linh kiện,8,2019,,255314.36
Máy ảnh máy quay phim và linh kiện,9,2019,,281479.87
Máy ảnh máy quay phim và linh kiện,10,2019,,261792.7
Máy ảnh máy quay phim và linh kiện,11,2019,,211891.4
Máy ảnh máy quay phim và linh kiện,12,2019,,215573.02
"Máy móc, thiết bị, dụng cụ & phụ tùng",1,2019,,3412652.07
"Máy móc, thiết bị, dụng cụ & phụ tùng",2,2019,,2107768.99
"Máy móc, thiết bị, dụng cụ & phụ tùng",3,2019,,3046759.37
"Máy móc, thiết bị, dụng cụ & phụ tùng",4,2019,,3006796.66
"Máy móc, thiết bị, dụng cụ & phụ tùng",5,2019,,3260641.66
"Máy móc, thiết bị, dụng cụ & phụ tùng",6,2019,,2811533.48
"Máy móc, thiết bị, dụng cụ & phụ tùng",7,2019,,3174338.39
"Máy móc, thiết bị, dụng cụ & phụ tùng",8,2019,,3159201.37
"Máy móc, thiết bị, dụng cụ & phụ tùng",9,2019,,2906162.92
"Máy móc, thiết bị, dụng cụ & phụ tùng",10,2019,,3140320.33
"Máy móc, thiết bị, dụng cụ & phụ tùng",11,2019,,3114320.12
"Máy móc, thiết bị, dụng cụ & phụ tùng",12,2019,,3608110.79
Dây điện và dây cáp điện,1,2019,,128279.32
Dây điện và dây cáp điện,2,2019,,89406.52
Dây điện và dây cáp điện,3,2019,,144034.16
Dây điện và dây cáp điện,4,2019,,155983.43
Dây điện và dây cáp điện,5,2019,,146028.65
Dây điện và dây cáp điện,6,2019,,131212.79
Dây điện và dây cáp điện,7,2019,,159201.84
Dây điện và dây cáp điện,8,2019,,161815.88
Dây điện và dây cáp điện,9,2019,,120661.93
Dây điện và dây cáp điện,10,2019,,141577.0
Dây điện và dây cáp điện,11,2019,,143347.38
Dây điện và dây cáp điện,12,2019,,147629.47
Ô tô nguyên chiếc các loại,1,2019,11658.0,273829.96
Ô tô nguyên chiếc các loại,2,2019,14119.0,300230.79
Ô tô nguyên chiếc các loại,3,2019,13223.0,308982.55
Ô tô nguyên chiếc các loại,4,2019,11682.0,242572.16
Ô tô nguyên chiếc các loại,5,2019,14113.0,299537.38
Ô tô nguyên chiếc các loại,6,2019,10642.0,255212.05
Ô tô nguyên chiếc các loại,7,2019,11255.0,254409.03
Ô tô nguyên chiếc các loại,8,2019,9237.0,201231.26
Ô tô nguyên chiếc các loại,9,2019,11105.0,256237.37
Ô tô nguyên chiếc các loại,10,2019,16450.0,323271.93
Ô tô nguyên chiếc các loại,11,2019,10212.0,241073.7
Ô tô nguyên chiếc các loại,12,2019,6605.0,204737.8
Ô tô 9 chỗ ngồi trở xuống,1,2019,7862.0,168733.16
Ô tô 9 chỗ ngồi trở xuống,2,2019,10522.0,210281.55
Ô tô 9 chỗ ngồi trở xuống,3,2019,9038.0,177453.21
Ô tô 9 chỗ ngồi trở xuống,4,2019,8839.0,164493.88
Ô tô 9 chỗ ngồi trở xuống,5,2019,11409.0,198886.28
Ô tô 9 chỗ ngồi trở xuống,6,2019,7257.0,137951.5
Ô tô 9 chỗ ngồi trở xuống,7,2019,8136.0,160608.65
Ô tô 9 chỗ ngồi trở xuống,8,2019,7991.0,158212.64
Ô tô 9 chỗ ngồi trở xuống,9,2019,8176.0,162784.32
Ô tô 9 chỗ ngồi trở xuống,10,2019,12635.0,215005.02
Ô tô 9 chỗ ngồi trở xuống,11,2019,7396.0,137300.15
Ô tô 9 chỗ ngồi trở xuống,12,2019,3173.0,72715.21
Ô tô trên 9 chỗ ngồi,1,2019,69.0,2656.93
Ô tô trên 9 chỗ ngồi,2,2019,48.0,968.07
Ô tô trên 9 chỗ ngồi,4,2019,2.0,34.14
Ô tô trên 9 chỗ ngồi,5,2019,51.0,2932.52
Ô tô trên 9 chỗ ngồi,6,2019,12.0,91.92
Ô tô trên 9 chỗ ngồi,7,2019,17.0,138.84
Ô tô trên 9 chỗ ngồi,8,2019,13.0,370.99
Ô tô trên 9 chỗ ngồi,9,2019,12.0,95.36
Ô tô trên 9 chỗ ngồi,10,2019,19.0,1020.3
Ô tô trên 9 chỗ ngồi,11,2019,6.0,139.23
Ô tô trên 9 chỗ ngồi,12,2019,358.0,7411.5
Ô tô tải,1,2019,3452.0,77265.53
Ô tô tải,2,2019,3470.0,80911.53
Ô tô tải,3,2019,3668.0,90253.41
Ô tô tải,4,2019,2455.0,48447.38
Ô tô tải,5,2019,2113.0,66362.17
Ô tô tải,6,2019,2721.0,75949.56
Ô tô tải,7,2019,2926.0,67612.41
Ô tô tải,8,2019,704.0,22521.42
Ô tô tải,9,2019,2096.0,53566.97
Ô tô tải,10,2019,2836.0,60957.64
Ô tô tải,11,2019,1986.0,50695.43
Ô tô tải,12,2019,1983.0,70202.02
"Linh kiện, phụ tùng ô tô",1,2019,,326070.59
"Linh kiện, phụ tùng ô tô",2,2019,,304891.95
"Linh kiện, phụ tùng ô tô",3,2019,,347974.48
"Linh kiện, phụ tùng ô tô",4,2019,,318841.71
"Linh kiện, phụ tùng ô tô",5,2019,,357196.13
"Linh kiện, phụ tùng ô tô",6,2019,,292207.42
"Linh kiện, phụ tùng ô tô",7,2019,,444042.45
"Linh kiện, phụ tùng ô tô",8,2019,,347298.58
"Linh kiện, phụ tùng ô tô",9,2019,,336796.83
"Linh kiện, phụ tùng ô tô",10,2019,,394181.95
"Linh kiện, phụ tùng ô tô",11,2019,,343407.43
"Linh kiện, phụ tùng ô tô",12,2019,,348285.46
Xe máy và linh kiện,1,2019,,64471.71
Xe máy và linh kiện,2,2019,,47058.91
Xe máy và linh kiện,3,2019,,63499.07
Xe máy và linh kiện,4,2019,,57191.49
Xe máy và linh kiện,5,2019,,68302.15
Xe máy và linh kiện,6,2019,,60011.48
Xe máy và linh kiện,7,2019,,76469.6
Xe máy và linh kiện,8,2019,,70914.92
Xe máy và linh kiện,9,2019,,79193.03
Xe máy và linh kiện,10,2019,,74921.11
Xe máy và linh kiện,11,2019,,83182.63
Xe máy và linh kiện,12,2019,,102497.36
Phương tiện vận tải khác và phụ tùng,1,2019,,81979.68
Phương tiện vận tải khác và phụ tùng,2,2019,,70145.61
Phương tiện vận tải khác và phụ tùng,3,2019,,85580.39
Phương tiện vận tải khác và phụ tùng,4,2019,,106927.98
Phương tiện vận tải khác và phụ tùng,5,2019,,87527.48
Phương tiện vận tải khác và phụ tùng,6,2019,,88944.97
Phương tiện vận tải khác và phụ tùng,7,2019,,84257.02
Phương tiện vận tải khác và phụ tùng,8,2019,,69249.3
Phương tiện vận tải khác và phụ tùng,9,2019,,114272.5
Phương tiện vận tải khác và phụ tùng,10,2019,,91093.67
Phương tiện vận tải khác và phụ tùng,11,2019,,122303.53
Phương tiện vận tải khác và phụ tùng,12,2019,,111983.62
Hàng hoá khác,1,2019,,1094493.3
Hàng hoá khác,2,2019,,664622.7
Hàng hoá khác,3,2019,,1027722.84
Hàng hoá khác,4,2019,,1001132.3
Hàng hoá khác,5,2019,,1153355.96
Hàng hoá khác,6,2019,,1008356.13
Hàng hoá khác,7,2019,,1098862.01
Hàng hoá khác,8,2019,,1022130.81
Hàng hoá khác,9,2019,,1026057.64
Hàng hoá khác,10,2019,,1094192.3
Hàng hoá khác,11,2019,,1097989.44
Hàng hoá khác,12,2019,,1220288.13
T/đó: Khu vực có vốn ĐTTTNN,1,2020,,11816447.57
T/đó: Khu vực có vốn ĐTTTNN,2,2020,,12322245.22
T/đó: Khu vực có vốn ĐTTTNN,3,2020,,14379741.69
T/đó: Khu vực có vốn ĐTTTNN,4,2020,,11603033.1
T/đó: Khu vực có vốn ĐTTTNN,5,2020,,11124012.22
T/đó: Khu vực có vốn ĐTTTNN,6,2020,,12878345.45
T/đó: Khu vực có vốn ĐTTTNN,7,2020,,13776469.2
T/đó: Khu vực có vốn ĐTTTNN,8,2020,,14841264.75
T/đó: Khu vực có vốn ĐTTTNN,9,2020,,16071617.19
T/đó: Khu vực có vốn ĐTTTNN,10,2020,,15916985.76
T/đó: Khu vực có vốn ĐTTTNN,11,2020,,16290838.95
T/đó: Khu vực có vốn ĐTTTNN,12,2020,,17993266.13
Hàng thủy sản,1,2020,,117783.81
Hàng thủy sản,2,2020,,136107.65
Hàng thủy sản,3,2020,,154952.72
Hàng thủy sản,4,2020,,139785.68
Hàng thủy sản,5,2020,,150337.07
Hàng thủy sản,6,2020,,143428.94
Hàng thủy sản,7,2020,,151607.88
Hàng thủy sản,8,2020,,151148.31
Hàng thủy sản,9,2020,,162578.76
Hàng thủy sản,10,2020,,143134.8
Hàng thủy sản,11,2020,,144960.69
Hàng thủy sản,12,2020,,173506.46
Sữa và sản phẩm sữa,1,2020,,82597.05
Sữa và sản phẩm sữa,2,2020,,105642.77
Sữa và sản phẩm sữa,3,2020,,95425.44
Sữa và sản phẩm sữa,4,2020,,87619.84
Sữa và sản phẩm sữa,5,2020,,95479.26
Sữa và sản phẩm sữa,6,2020,,100931.54
Sữa và sản phẩm sữa,7,2020,,100685.19
Sữa và sản phẩm sữa,8,2020,,92816.94
Sữa và sản phẩm sữa,9,2020,,73743.07
Sữa và sản phẩm sữa,10,2020,,57369.47
Sữa và sản phẩm sữa,11,2020,,78719.78
Sữa và sản phẩm sữa,12,2020,,77157.72
Hàng rau quả,1,2020,,113720.3
Hàng rau quả,2,2020,,83893.06
Hàng rau quả,3,2020,,94814.64
Hàng rau quả,4,2020,,84472.66
Hàng rau quả,5,2020,,99391.55
Hàng rau quả,6,2020,,112152.23
Hàng rau quả,7,2020,,127761.67
Hàng rau quả,8,2020,,102200.63
Hàng rau quả,9,2020,,117526.28
Hàng rau quả,10,2020,,111140.18
Hàng rau quả,11,2020,,112498.96
Hàng rau quả,12,2020,,149615.37
Hạt điều,1,2020,51538.0,84246.22
Hạt điều,2,2020,46170.0,73367.97
Hạt điều,3,2020,90206.0,134950.11
Hạt điều,4,2020,107336.0,141641.43
Hạt điều,5,2020,112159.0,145798.79
Hạt điều,6,2020,191822.0,218421.86
Hạt điều,7,2020,183925.0,196224.46
Hạt điều,8,2020,187352.0,207489.62
Hạt điều,9,2020,143019.0,165566.84
Hạt điều,10,2020,85721.0,108886.56
Hạt điều,11,2020,122319.0,154686.14
Hạt điều,12,2020,133712.0,176933.37
Lúa mỳ,1,2020,341732.66,85909.19
Lúa mỳ,2,2020,285097.0,71035.85
Lúa mỳ,3,2020,293592.66,71421.28
Lúa mỳ,4,2020,228335.0,61201.63
Lúa mỳ,5,2020,278975.0,76786.38
Lúa mỳ,6,2020,204699.66,54793.04
Lúa mỳ,7,2020,184037.0,49292.49
Lúa mỳ,8,2020,55121.0,14815.63
Lúa mỳ,9,2020,318559.0,80366.94
Lúa mỳ,10,2020,325839.02,80092.55
Lúa mỳ,11,2020,101998.0,24849.71
Lúa mỳ,12,2020,319392.0,84439.21
Ngô,1,2020,751966.0,147713.28
Ngô,2,2020,354328.0,82099.16
Ngô,3,2020,216125.0,38942.54
Ngô,4,2020,840510.0,182293.31
Ngô,5,2020,1106462.0,235074.23
Ngô,6,2020,1156712.0,243915.46
Ngô,7,2020,1432634.0,289938.8
Ngô,8,2020,1246050.0,236283.51
Ngô,9,2020,1404143.0,264472.71
Ngô,10,2020,1463346.0,273208.39
Ngô,11,2020,1125390.0,205968.28
Ngô,12,2020,974391.0,188418.82
Đậu tương,1,2020,89558.0,37104.27
Đậu tương,2,2020,129540.0,53666.62
Đậu tương,3,2020,210910.0,85613.35
Đậu tương,4,2020,118801.0,47185.95
Đậu tương,5,2020,275167.0,108363.51
Đậu tương,6,2020,186263.0,71959.22
Đậu tương,7,2020,208686.0,81042.58
Đậu tương,8,2020,109692.0,43733.33
Đậu tương,9,2020,110471.0,44799.85
Đậu tương,10,2020,180671.0,78983.65
Đậu tương,11,2020,129448.0,59149.91
Đậu tương,12,2020,125521.0,62149.02
Dầu mỡ động thực vật,1,2020,,57783.07
Dầu mỡ động thực vật,2,2020,,55821.72
Dầu mỡ động thực vật,3,2020,,56824.5
Dầu mỡ động thực vật,4,2020,,57912.13
Dầu mỡ động thực vật,5,2020,,67960.83
Dầu mỡ động thực vật,6,2020,,73608.42
Dầu mỡ động thực vật,7,2020,,71607.56
Dầu mỡ động thực vật,8,2020,,97742.84
Dầu mỡ động thực vật,9,2020,,79030.86
Dầu mỡ động thực vật,10,2020,,91700.01
Dầu mỡ động thực vật,11,2020,,100843.91
Dầu mỡ động thực vật,12,2020,,106471.12
Bánh kẹo và các sản phẩm từ ngũ cốc,1,2020,,21195.5
Bánh kẹo và các sản phẩm từ ngũ cốc,2,2020,,27642.25
Bánh kẹo và các sản phẩm từ ngũ cốc,3,2020,,28893.58
Bánh kẹo và các sản phẩm từ ngũ cốc,4,2020,,24147.65
Bánh kẹo và các sản phẩm từ ngũ cốc,5,2020,,26081.15
Bánh kẹo và các sản phẩm từ ngũ cốc,6,2020,,27065.77
Bánh kẹo và các sản phẩm từ ngũ cốc,7,2020,,27841.82
Bánh kẹo và các sản phẩm từ ngũ cốc,8,2020,,27828.75
Bánh kẹo và các sản phẩm từ ngũ cốc,9,2020,,32826.57
Bánh kẹo và các sản phẩm từ ngũ cốc,10,2020,,43076.19
Bánh kẹo và các sản phẩm từ ngũ cốc,11,2020,,43997.64
Bánh kẹo và các sản phẩm từ ngũ cốc,12,2020,,59725.04
Chế phẩm thực phẩm khỏc,1,2020,,64595.36
Chế phẩm thực phẩm khỏc,2,2020,,75080.2
Chế phẩm thực phẩm khỏc,3,2020,,78052.03
Chế phẩm thực phẩm khỏc,4,2020,,79319.94
Chế phẩm thực phẩm khỏc,5,2020,,88598.7
Chế phẩm thực phẩm khỏc,6,2020,,87727.3
Chế phẩm thực phẩm khỏc,7,2020,,62356.32
Chế phẩm thực phẩm khỏc,8,2020,,74062.92
Chế phẩm thực phẩm khỏc,9,2020,,85365.87
Chế phẩm thực phẩm khỏc,10,2020,,86536.36
Chế phẩm thực phẩm khỏc,11,2020,,82077.43
Chế phẩm thực phẩm khỏc,12,2020,,92341.47
Thức ăn gia súc và nguyên liệu,1,2020,,222101.77
Thức ăn gia súc và nguyên liệu,2,2020,,272084.45
Thức ăn gia súc và nguyên liệu,3,2020,,312072.38
Thức ăn gia súc và nguyên liệu,4,2020,,283060.21
Thức ăn gia súc và nguyên liệu,5,2020,,328505.99
Thức ăn gia súc và nguyên liệu,6,2020,,439232.34
Thức ăn gia súc và nguyên liệu,7,2020,,325290.8
Thức ăn gia súc và nguyên liệu,8,2020,,402033.6
Thức ăn gia súc và nguyên liệu,9,2020,,348099.13
Thức ăn gia súc và nguyên liệu,10,2020,,295424.09
Thức ăn gia súc và nguyên liệu,11,2020,,260199.44
Thức ăn gia súc và nguyên liệu,12,2020,,352815.9
Nguyên phụ liệu thuốc lá,1,2020,,8388.89
Nguyên phụ liệu thuốc lá,2,2020,,3809.4
Nguyên phụ liệu thuốc lá,3,2020,,8000.41
Nguyên phụ liệu thuốc lá,4,2020,,22991.58
Nguyên phụ liệu thuốc lá,5,2020,,18280.01
Nguyên phụ liệu thuốc lá,6,2020,,30437.28
Nguyên phụ liệu thuốc lá,7,2020,,25964.17
Nguyên phụ liệu thuốc lá,8,2020,,33431.94
Nguyên phụ liệu thuốc lá,9,2020,,26031.46
Nguyên phụ liệu thuốc lá,10,2020,,21139.28
Nguyên phụ liệu thuốc lá,11,2020,,20757.71
Nguyên phụ liệu thuốc lá,12,2020,,58816.84
Quặng và khoáng sản khác,1,2020,1187664.0,111104.33
Quặng và khoáng sản khác,2,2020,1538836.0,144394.61
Quặng và khoáng sản khác,3,2020,1249195.0,109102.2
Quặng và khoáng sản khác,4,2020,1562728.0,117603.83
Quặng và khoáng sản khác,5,2020,1341502.0,103069.05
Quặng và khoáng sản khác,6,2020,1489993.0,144939.01
Quặng và khoáng sản khác,7,2020,1265750.0,131469.28
Quặng và khoáng sản khác,8,2020,1479599.0,151116.39
Quặng và khoáng sản khác,9,2020,2146431.0,239260.37
Quặng và khoáng sản khác,10,2020,1978905.0,209562.91
Quặng và khoáng sản khác,11,2020,1952682.0,194865.24
Quặng và khoáng sản khác,12,2020,2176944.0,235566.56
Than đá,1,2020,3331730.0,262158.96
Than đá,2,2020,3487331.0,260124.09
Than đá,3,2020,4392499.0,322317.02
Than đá,4,2020,6394977.0,479723.67
Than đá,5,2020,7660972.0,524310.38
Than đá,6,2020,6303387.0,415074.2
Than đá,7,2020,4322683.0,261747.19
Than đá,8,2020,4722985.0,309980.52
Than đá,9,2020,3677302.0,242354.24
Than đá,10,2020,3509386.0,219256.37
Than đá,11,2020,3069350.0,200329.53
Than đá,12,2020,3939041.0,280282.61
Dầu thô,1,2020,915315.0,458465.54
Dầu thô,2,2020,1056574.0,538168.18
Dầu thô,3,2020,1569961.0,616935.33
Dầu thô,4,2020,1009746.0,170107.68
Dầu thô,5,2020,999062.0,122938.02
Dầu thô,6,2020,717691.0,176070.26
Dầu thô,7,2020,932875.0,268091.81
Dầu thô,8,2020,843665.0,286708.53
Dầu thô,9,2020,823712.0,277020.97
Dầu thô,10,2020,949258.0,291095.72
Dầu thô,11,2020,691407.0,256439.16
Dầu thô,12,2020,1235944.0,350948.49
Xăng dầu các loại,1,2020,756431.0,473896.79
Xăng dầu các loại,2,2020,598038.0,298595.42
Xăng dầu các loại,3,2020,486521.0,196195.51
Xăng dầu các loại,4,2020,561846.0,151627.86
Xăng dầu các loại,5,2020,777599.0,201924.73
Xăng dầu các loại,6,2020,1132541.0,400815.37
Xăng dầu các loại,7,2020,1076731.0,423802.68
Xăng dầu các loại,8,2020,555692.0,217904.74
Xăng dầu các loại,9,2020,445946.0,167868.03
Xăng dầu các loại,10,2020,486208.0,181422.64
Xăng dầu các loại,11,2020,589011.0,229091.12
Xăng dầu các loại,12,2020,801142.0,383503.15
Xăng,1,2020,167328.0,109859.06
Xăng,2,2020,70920.0,41486.58
Xăng,3,2020,47321.0,21756.2
Xăng,4,2020,71270.0,17285.74
Xăng,5,2020,52224.0,13266.41
Xăng,6,2020,256113.0,99293.86
Xăng,7,2020,202366.0,88315.0
Xăng,8,2020,79050.0,38641.58
Xăng,9,2020,79944.0,36742.91
Xăng,10,2020,154332.0,65213.39
Xăng,11,2020,158287.0,68937.22
Xăng,12,2020,194402.0,96144.77
Dầu DO,1,2020,220220.0,133318.08
Dầu DO,2,2020,307352.0,162017.57
Dầu DO,3,2020,193069.0,81743.37
Dầu DO,4,2020,420976.0,115300.55
Dầu DO,5,2020,623282.0,166062.59
Dầu DO,6,2020,704125.0,248739.22
Dầu DO,7,2020,752479.0,293546.9
Dầu DO,8,2020,344214.0,133998.28
Dầu DO,9,2020,271552.0,101524.11
Dầu DO,10,2020,222026.0,78639.45
Dầu DO,11,2020,301162.0,113233.49
Dầu DO,12,2020,452291.0,213624.9
Dầu FO,1,2020,107460.0,52097.28
Dầu FO,2,2020,55663.0,22000.44
Dầu FO,3,2020,130653.0,42240.26
Dầu FO,4,2020,20782.0,4282.07
Dầu FO,5,2020,54376.0,12411.18
Dầu FO,6,2020,39661.0,10478.46
Dầu FO,7,2020,34734.0,9962.36
Dầu FO,8,2020,41400.0,12384.44
Dầu FO,9,2020,56099.0,17307.7
Dầu FO,10,2020,45234.0,14016.81
Dầu FO,11,2020,48948.0,16594.9
Dầu FO,12,2020,41727.0,15206.04
Nhiên liệu bay,1,2020,254477.0,174180.77
Nhiên liệu bay,2,2020,171847.0,73416.21
Nhiên liệu bay,3,2020,110141.0,49209.08
Nhiên liệu bay,4,2020,18060.0,4232.88
Nhiên liệu bay,5,2020,49124.0,9107.73
Nhiên liệu bay,6,2020,119741.0,39914.56
Nhiên liệu bay,7,2020,80962.0,29767.1
Nhiên liệu bay,8,2020,91028.0,32764.9
Nhiên liệu bay,9,2020,38350.0,12292.71
Nhiên liệu bay,10,2020,58292.0,21216.85
Nhiên liệu bay,11,2020,80613.0,30324.5
Nhiên liệu bay,12,2020,106541.0,55647.54
Khí đốt hóa lỏng,1,2020,151694.0,96230.52
Khí đốt hóa lỏng,2,2020,108441.0,62440.28
Khí đốt hóa lỏng,3,2020,161597.0,69622.99
Khí đốt hóa lỏng,4,2020,108513.0,37065.61
Khí đốt hóa lỏng,5,2020,161072.0,68339.73
Khí đốt hóa lỏng,6,2020,105908.0,45957.6
Khí đốt hóa lỏng,7,2020,159590.0,66274.48
Khí đốt hóa lỏng,8,2020,218123.0,87273.25
Khí đốt hóa lỏng,9,2020,182396.0,76251.43
Khí đốt hóa lỏng,10,2020,157558.0,69321.14
Khí đốt hóa lỏng,11,2020,136605.0,71927.15
Khí đốt hóa lỏng,12,2020,158391.0,82197.81
Sản phẩm khác từ dầu mỏ,1,2020,,86172.97
Sản phẩm khác từ dầu mỏ,2,2020,,87897.19
Sản phẩm khác từ dầu mỏ,3,2020,,79058.45
Sản phẩm khác từ dầu mỏ,4,2020,,51245.07
Sản phẩm khác từ dầu mỏ,5,2020,,49342.64
Sản phẩm khác từ dầu mỏ,6,2020,,74581.16
Sản phẩm khác từ dầu mỏ,7,2020,,82192.83
Sản phẩm khác từ dầu mỏ,8,2020,,60562.18
Sản phẩm khác từ dầu mỏ,9,2020,,78860.9
Sản phẩm khác từ dầu mỏ,10,2020,,72472.42
Sản phẩm khác từ dầu mỏ,11,2020,,76484.64
Sản phẩm khác từ dầu mỏ,12,2020,,86693.41
Hóa chất,1,2020,,372377.33
Hóa chất,2,2020,,416359.87
Hóa chất,3,2020,,524442.93
Hóa chất,4,2020,,371522.36
Hóa chất,5,2020,,318785.83
Hóa chất,6,2020,,357976.75
Hóa chất,7,2020,,392689.69
Hóa chất,8,2020,,402239.68
Hóa chất,9,2020,,415566.38
Hóa chất,10,2020,,421608.49
Hóa chất,11,2020,,459576.44
Hóa chất,12,2020,,563425.64
Sản phẩm từ hóa chất,1,2020,,376591.24
Sản phẩm từ hóa chất,2,2020,,435406.71
Sản phẩm từ hóa chất,3,2020,,569252.81
Sản phẩm từ hóa chất,4,2020,,444670.6
Sản phẩm từ hóa chất,5,2020,,402230.41
Sản phẩm từ hóa chất,6,2020,,393893.36
Sản phẩm từ hóa chất,7,2020,,465154.86
Sản phẩm từ hóa chất,8,2020,,460306.52
Sản phẩm từ hóa chất,9,2020,,525966.14
Sản phẩm từ hóa chất,10,2020,,489400.29
Sản phẩm từ hóa chất,11,2020,,533339.21
Sản phẩm từ hóa chất,12,2020,,645218.88
Nguyên phụ liệu dược phẩm,1,2020,,23283.78
Nguyên phụ liệu dược phẩm,2,2020,,23198.98
Nguyên phụ liệu dược phẩm,3,2020,,61607.79
Nguyên phụ liệu dược phẩm,4,2020,,47995.89
Nguyên phụ liệu dược phẩm,5,2020,,43649.46
Nguyên phụ liệu dược phẩm,6,2020,,31783.72
Nguyên phụ liệu dược phẩm,7,2020,,26477.02
Nguyên phụ liệu dược phẩm,8,2020,,26547.46
Nguyên phụ liệu dược phẩm,9,2020,,28376.41
Nguyên phụ liệu dược phẩm,10,2020,,24553.46
Nguyên phụ liệu dược phẩm,11,2020,,33705.53
Nguyên phụ liệu dược phẩm,12,2020,,40676.27
Dược phẩm,1,2020,,211378.79
Dược phẩm,2,2020,,249077.08
Dược phẩm,3,2020,,262939.64
Dược phẩm,4,2020,,277834.21
Dược phẩm,5,2020,,269538.21
Dược phẩm,6,2020,,318804.93
Dược phẩm,7,2020,,281647.27
Dược phẩm,8,2020,,249060.67
Dược phẩm,9,2020,,266336.12
Dược phẩm,10,2020,,320491.54
Dược phẩm,11,2020,,277623.01
Dược phẩm,12,2020,,311172.85
Phân bón các loại,1,2020,271621.0,65893.35
Phân bón các loại,2,2020,314637.0,76359.48
Phân bón các loại,3,2020,399600.0,103435.29
Phân bón các loại,4,2020,323440.0,82701.74
Phân bón các loại,5,2020,386861.0,105689.4
Phân bón các loại,6,2020,323547.0,80143.81
Phân bón các loại,7,2020,339790.0,75491.18
Phân bón các loại,8,2020,268315.0,58733.96
Phân bón các loại,9,2020,279134.0,69266.14
Phân bón các loại,10,2020,262588.0,67102.14
Phân bón các loại,11,2020,470791.0,71214.6
Phân bón các loại,12,2020,163044.0,95497.29
Phân U rê,1,2020,4458.0,1194.38
Phân U rê,2,2020,17191.0,4518.71
Phân U rê,3,2020,17423.0,4591.41
Phân U rê,4,2020,223.0,82.96
Phân U rê,5,2020,10201.0,2698.5
Phân U rê,6,2020,10281.0,2522.1
Phân U rê,7,2020,7235.0,1870.95
Phân U rê,8,2020,3708.0,940.14
Phân U rê,9,2020,496.0,151.17
Phân U rê,10,2020,126.0,60.5
Phân U rê,11,2020,191006.0,533.41
Phân U rê,12,2020,-180260.0,2410.29
Phân NPK,1,2020,20789.0,8147.58
Phân NPK,2,2020,35261.0,12663.27
Phân NPK,3,2020,31027.0,11462.77
Phân NPK,4,2020,32904.0,12412.44
Phân NPK,5,2020,31635.0,11224.15
Phân NPK,6,2020,38491.0,13810.6
Phân NPK,7,2020,103460.0,39544.56
Phân NPK,8,2020,17606.0,7713.01
Phân NPK,9,2020,29639.0,11647.32
Phân NPK,10,2020,36350.0,12485.69
Phân NPK,11,2020,36723.0,12697.23
Phân NPK,12,2020,52466.0,21278.42
Phân DAP,1,2020,10349.0,3289.4
Phân DAP,2,2020,23549.0,7470.44
Phân DAP,3,2020,114806.0,38302.66
Phân DAP,4,2020,57305.0,19370.31
Phân DAP,5,2020,69146.0,23500.08
Phân DAP,6,2020,62318.0,21437.72
Phân DAP,7,2020,44399.0,14978.45
Phân DAP,8,2020,13049.0,4413.7
Phân DAP,9,2020,40878.0,13239.77
Phân DAP,10,2020,63150.0,22484.25
Phân DAP,11,2020,49498.0,17634.47
Phân DAP,12,2020,38253.0,14380.04
Phân SA,1,2020,78658.0,8580.74
Phân SA,2,2020,110348.0,16344.97
Phân SA,3,2020,114785.0,11977.18
Phân SA,4,2020,96296.0,10619.32
Phân SA,5,2020,57762.0,6388.93
Phân SA,6,2020,80191.0,8388.78
Phân SA,7,2020,74591.0,3046.73
Phân SA,8,2020,80008.0,8525.77
Phân SA,9,2020,72979.0,7600.95
Phân SA,10,2020,65145.0,7238.28
Phân SA,11,2020,76369.0,8787.83
Phân SA,12,2020,79465.0,9532.55
Phân Kali,1,2020,110665.0,30939.24
Phân Kali,2,2020,88160.0,24186.35
Phân Kali,3,2020,52139.0,14061.38
Phân Kali,4,2020,69208.0,19687.55
Phân Kali,5,2020,153644.0,41533.76
Phân Kali,6,2020,64865.0,15912.73
Phân Kali,7,2020,115946.0,29239.22
Phân Kali,8,2020,100523.0,24652.98
Phân Kali,9,2020,93294.0,23057.79
Phân Kali,10,2020,51611.0,13011.65
Phân Kali,11,2020,56692.0,13816.83
Phân Kali,12,2020,131121.0,32852.34
"Chất thơm, mỹ phẩm và chế phẩm vệ sinh",1,2020,,55622.28
"Chất thơm, mỹ phẩm và chế phẩm vệ sinh",2,2020,,68261.8
"Chất thơm, mỹ phẩm và chế phẩm vệ sinh",3,2020,,81679.1
"Chất thơm, mỹ phẩm và chế phẩm vệ sinh",4,2020,,75389.26
"Chất thơm, mỹ phẩm và chế phẩm vệ sinh",5,2020,,74608.77
"Chất thơm, mỹ phẩm và chế phẩm vệ sinh",6,2020,,69704.71
"Chất thơm, mỹ phẩm và chế phẩm vệ sinh",7,2020,,74522.93
"Chất thơm, mỹ phẩm và chế phẩm vệ sinh",8,2020,,78494.08
"Chất thơm, mỹ phẩm và chế phẩm vệ sinh",9,2020,,75134.22
"Chất thơm, mỹ phẩm và chế phẩm vệ sinh",10,2020,,75070.02
"Chất thơm, mỹ phẩm và chế phẩm vệ sinh",11,2020,,81287.05
"Chất thơm, mỹ phẩm và chế phẩm vệ sinh",12,2020,,93148.42
Thuốc trừ sâu và nguyên liệu,1,2020,,52105.77
Thuốc trừ sâu và nguyên liệu,2,2020,,40380.8
Thuốc trừ sâu và nguyên liệu,3,2020,,53587.3
Thuốc trừ sâu và nguyên liệu,4,2020,,74566.42
Thuốc trừ sâu và nguyên liệu,5,2020,,55226.33
Thuốc trừ sâu và nguyên liệu,6,2020,,70941.55
Thuốc trừ sâu và nguyên liệu,7,2020,,66431.09
Thuốc trừ sâu và nguyên liệu,8,2020,,60444.77
Thuốc trừ sâu và nguyên liệu,9,2020,,58081.44
Thuốc trừ sâu và nguyên liệu,10,2020,,54209.92
Thuốc trừ sâu và nguyên liệu,11,2020,,53951.81
Thuốc trừ sâu và nguyên liệu,12,2020,,64297.24
Chất dẻo nguyên liệu,1,2020,417282.0,554070.24
Chất dẻo nguyên liệu,2,2020,591962.0,739832.83
Chất dẻo nguyên liệu,3,2020,572013.0,762519.48
Chất dẻo nguyên liệu,4,2020,509508.0,657915.86
Chất dẻo nguyên liệu,5,2020,507187.0,586401.23
Chất dẻo nguyên liệu,6,2020,560224.0,618557.43
Chất dẻo nguyên liệu,7,2020,577379.0,663205.41
Chất dẻo nguyên liệu,8,2020,562574.0,671830.89
Chất dẻo nguyên liệu,9,2020,576999.0,731227.42
Chất dẻo nguyên liệu,10,2020,596524.0,724455.81
Chất dẻo nguyên liệu,11,2020,541702.0,758459.55
Chất dẻo nguyên liệu,12,2020,589634.0,928843.81
Sản phẩm từ chất dẻo,1,2020,,517488.23
Sản phẩm từ chất dẻo,2,2020,,479333.17
Sản phẩm từ chất dẻo,3,2020,,666276.6
Sản phẩm từ chất dẻo,4,2020,,541784.9
Sản phẩm từ chất dẻo,5,2020,,483921.12
Sản phẩm từ chất dẻo,6,2020,,549955.38
Sản phẩm từ chất dẻo,7,2020,,618954.21
Sản phẩm từ chất dẻo,8,2020,,634116.63
Sản phẩm từ chất dẻo,9,2020,,703831.2
Sản phẩm từ chất dẻo,10,2020,,678956.13
Sản phẩm từ chất dẻo,11,2020,,663315.69
Sản phẩm từ chất dẻo,12,2020,,736820.53
Cao su,1,2020,52929.0,79990.88
Cao su,2,2020,59865.0,97643.4
Cao su,3,2020,67908.0,107241.05
Cao su,4,2020,61485.0,86894.7
Cao su,5,2020,60129.0,76945.73
Cao su,6,2020,71486.0,83213.3
Cao su,7,2020,89761.0,105620.56
Cao su,8,2020,101721.0,119561.96
Cao su,9,2020,116488.0,137913.28
Cao su,10,2020,125333.0,159264.83
Cao su,11,2020,133480.0,176228.08
Cao su,12,2020,181938.0,241713.24
Sản phẩm từ cao su,1,2020,,61507.06
Sản phẩm từ cao su,2,2020,,58063.42
Sản phẩm từ cao su,3,2020,,78168.38
Sản phẩm từ cao su,4,2020,,66154.25
Sản phẩm từ cao su,5,2020,,64270.28
Sản phẩm từ cao su,6,2020,,63082.8
Sản phẩm từ cao su,7,2020,,73335.8
Sản phẩm từ cao su,8,2020,,73629.86
Sản phẩm từ cao su,9,2020,,78174.88
Sản phẩm từ cao su,10,2020,,78218.9
Sản phẩm từ cao su,11,2020,,84210.76
Sản phẩm từ cao su,12,2020,,90634.63
Gỗ và sản phẩm gỗ,1,2020,,169091.21
Gỗ và sản phẩm gỗ,2,2020,,160686.46
Gỗ và sản phẩm gỗ,3,2020,,200196.84
Gỗ và sản phẩm gỗ,4,2020,,201185.57
Gỗ và sản phẩm gỗ,5,2020,,187724.5
Gỗ và sản phẩm gỗ,6,2020,,188451.46
Gỗ và sản phẩm gỗ,7,2020,,210093.57
Gỗ và sản phẩm gỗ,8,2020,,226719.31
Gỗ và sản phẩm gỗ,9,2020,,220471.47
Gỗ và sản phẩm gỗ,10,2020,,248235.0
Gỗ và sản phẩm gỗ,11,2020,,253349.53
Gỗ và sản phẩm gỗ,12,2020,,292303.28
Giấy các loại,1,2020,131394.0,109804.34
Giấy các loại,2,2020,172003.0,133887.48
Giấy các loại,3,2020,198108.0,165855.16
Giấy các loại,4,2020,177018.0,144620.69
Giấy các loại,5,2020,153865.0,127443.48
Giấy các loại,6,2020,156368.0,125766.55
Giấy các loại,7,2020,160887.0,135508.35
Giấy các loại,8,2020,146748.0,125987.13
Giấy các loại,9,2020,168142.0,136068.34
Giấy các loại,10,2020,193451.0,149840.06
Giấy các loại,11,2020,186884.0,148238.07
Giấy các loại,12,2020,201394.0,172945.13
Sản phẩm từ giấy,1,2020,,55638.85
Sản phẩm từ giấy,2,2020,,43942.55
Sản phẩm từ giấy,3,2020,,73400.27
Sản phẩm từ giấy,4,2020,,66741.2
Sản phẩm từ giấy,5,2020,,58006.38
Sản phẩm từ giấy,6,2020,,60875.03
Sản phẩm từ giấy,7,2020,,69110.36
Sản phẩm từ giấy,8,2020,,71913.68
Sản phẩm từ giấy,9,2020,,76289.38
Sản phẩm từ giấy,10,2020,,88362.54
Sản phẩm từ giấy,11,2020,,79260.55
Sản phẩm từ giấy,12,2020,,101829.89
Bông các loại,1,2020,81026.0,128943.86
Bông các loại,2,2020,151529.0,247056.83
Bông các loại,3,2020,160434.0,266471.17
Bông các loại,4,2020,142846.0,237643.27
Bông các loại,5,2020,127356.0,203141.88
Bông các loại,6,2020,117978.0,178571.37
Bông các loại,7,2020,120936.0,179022.04
Bông các loại,8,2020,120664.0,172252.65
Bông các loại,9,2020,108729.0,157812.21
Bông các loại,10,2020,95141.0,140826.28
Bông các loại,11,2020,111863.0,169503.95
Bông các loại,12,2020,128612.0,201010.97
"Xơ, sợi dệt các loại",1,2020,72959.0,153599.61
"Xơ, sợi dệt các loại",2,2020,77817.0,155986.48
"Xơ, sợi dệt các loại",3,2020,118509.0,235380.36
"Xơ, sợi dệt các loại",4,2020,76110.0,162919.29
"Xơ, sợi dệt các loại",5,2020,58790.0,124032.33
"Xơ, sợi dệt các loại",6,2020,75247.0,132288.01
"Xơ, sợi dệt các loại",7,2020,84740.0,151361.92
"Xơ, sợi dệt các loại",8,2020,88125.0,154334.51
"Xơ, sợi dệt các loại",9,2020,89368.0,167210.83
"Xơ, sợi dệt các loại",10,2020,91093.0,172183.74
"Xơ, sợi dệt các loại",11,2020,101140.0,179190.9
"Xơ, sợi dệt các loại",12,2020,112997.0,210342.31
Vải các loại,1,2020,,850323.7
Vải các loại,2,2020,,709328.58
Vải các loại,3,2020,,1071101.15
Vải các loại,4,2020,,925852.6
Vải các loại,5,2020,,952395.43
Vải các loại,6,2020,,1012009.34
Vải các loại,7,2020,,1015626.78
Vải các loại,8,2020,,911685.92
Vải các loại,9,2020,,983001.38
Vải các loại,10,2020,,1104107.18
Vải các loại,11,2020,,1116952.19
Vải các loại,12,2020,,1223174.65
"Nguyên phụ liệu dệt, may, da giày",1,2020,,366115.33
"Nguyên phụ liệu dệt, may, da giày",2,2020,,368617.55
"Nguyên phụ liệu dệt, may, da giày",3,2020,,542056.52
"Nguyên phụ liệu dệt, may, da giày",4,2020,,426058.81
"Nguyên phụ liệu dệt, may, da giày",5,2020,,404827.24
"Nguyên phụ liệu dệt, may, da giày",6,2020,,405480.58
"Nguyên phụ liệu dệt, may, da giày",7,2020,,410433.99
"Nguyên phụ liệu dệt, may, da giày",8,2020,,427315.79
"Nguyên phụ liệu dệt, may, da giày",9,2020,,466209.35
"Nguyên phụ liệu dệt, may, da giày",10,2020,,527979.68
"Nguyên phụ liệu dệt, may, da giày",11,2020,,471244.59
"Nguyên phụ liệu dệt, may, da giày",12,2020,,564766.93
Thủy tinh và các sản phẩm từ thủy tinh,1,2020,,114970.42
Thủy tinh và các sản phẩm từ thủy tinh,2,2020,,73447.17
Thủy tinh và các sản phẩm từ thủy tinh,3,2020,,120847.96
Thủy tinh và các sản phẩm từ thủy tinh,4,2020,,125472.87
Thủy tinh và các sản phẩm từ thủy tinh,5,2020,,101798.59
Thủy tinh và các sản phẩm từ thủy tinh,6,2020,,101826.43
Thủy tinh và các sản phẩm từ thủy tinh,7,2020,,112389.24
Thủy tinh và các sản phẩm từ thủy tinh,8,2020,,110460.77
Thủy tinh và các sản phẩm từ thủy tinh,9,2020,,127696.95
Thủy tinh và các sản phẩm từ thủy tinh,10,2020,,138403.48
Thủy tinh và các sản phẩm từ thủy tinh,11,2020,,144362.42
Thủy tinh và các sản phẩm từ thủy tinh,12,2020,,171129.58
"Đá quý, kim loại quý và sản phẩm",1,2020,,41218.6
"Đá quý, kim loại quý và sản phẩm",2,2020,,66862.58
"Đá quý, kim loại quý và sản phẩm",3,2020,,59735.95
"Đá quý, kim loại quý và sản phẩm",4,2020,,27762.66
"Đá quý, kim loại quý và sản phẩm",5,2020,,26717.34
"Đá quý, kim loại quý và sản phẩm",6,2020,,36976.15
"Đá quý, kim loại quý và sản phẩm",7,2020,,50707.55
"Đá quý, kim loại quý và sản phẩm",8,2020,,54262.8
"Đá quý, kim loại quý và sản phẩm",9,2020,,67616.28
"Đá quý, kim loại quý và sản phẩm",10,2020,,72778.85
"Đá quý, kim loại quý và sản phẩm",11,2020,,71520.32
"Đá quý, kim loại quý và sản phẩm",12,2020,,74238.36
Phế liệu sắt thép,1,2020,351764.0,91990.03
Phế liệu sắt thép,2,2020,543547.0,150082.13
Phế liệu sắt thép,3,2020,495226.0,124404.56
Phế liệu sắt thép,4,2020,398906.0,105356.75
Phế liệu sắt thép,5,2020,373397.0,81905.71
Phế liệu sắt thép,6,2020,448697.0,110071.5
Phế liệu sắt thép,7,2020,519428.0,129794.48
Phế liệu sắt thép,8,2020,683228.0,167032.41
Phế liệu sắt thép,9,2020,481692.0,129665.41
Phế liệu sắt thép,10,2020,599212.0,173538.33
Phế liệu sắt thép,11,2020,578556.0,170916.97
Phế liệu sắt thép,12,2020,795999.0,237293.43
Sắt thép các loại,1,2020,944865.0,570074.26
Sắt thép các loại,2,2020,1025741.0,613438.46
Sắt thép các loại,3,2020,1335189.0,818067.59
Sắt thép các loại,4,2020,1145504.0,717228.5
Sắt thép các loại,5,2020,1058511.0,643097.41
Sắt thép các loại,6,2020,1191406.0,653063.73
Sắt thép các loại,7,2020,1431531.0,760847.29
Sắt thép các loại,8,2020,1220996.0,650033.1
Sắt thép các loại,9,2020,1010672.0,629099.62
Sắt thép các loại,10,2020,920190.0,599995.39
Sắt thép các loại,11,2020,1032999.0,696459.04
Sắt thép các loại,12,2020,941326.0,715494.39
Sản phẩm từ sắt thép,1,2020,,295742.82
Sản phẩm từ sắt thép,2,2020,,288763.9
Sản phẩm từ sắt thép,3,2020,,342598.98
Sản phẩm từ sắt thép,4,2020,,348637.54
Sản phẩm từ sắt thép,5,2020,,306765.58
Sản phẩm từ sắt thép,6,2020,,340777.77
Sản phẩm từ sắt thép,7,2020,,381481.33
Sản phẩm từ sắt thép,8,2020,,395531.15
Sản phẩm từ sắt thép,9,2020,,465985.27
Sản phẩm từ sắt thép,10,2020,,431919.97
Sản phẩm từ sắt thép,11,2020,,447299.08
Sản phẩm từ sắt thép,12,2020,,491956.35
Kim loại thường khác,1,2020,124794.0,428489.83
Kim loại thường khác,2,2020,149297.0,505218.22
Kim loại thường khác,3,2020,168926.0,566496.67
Kim loại thường khác,4,2020,160029.0,477710.83
Kim loại thường khác,5,2020,144762.0,408554.58
Kim loại thường khác,6,2020,134194.0,400276.81
Kim loại thường khác,7,2020,152833.0,484903.18
Kim loại thường khác,8,2020,147478.0,510087.22
Kim loại thường khác,9,2020,157444.0,527730.42
Kim loại thường khác,10,2020,159785.0,543569.3
Kim loại thường khác,11,2020,153110.0,536539.86
Kim loại thường khác,12,2020,180927.0,663347.31
Sản phẩm từ kim loại thường khác,1,2020,,114631.44
Sản phẩm từ kim loại thường khác,2,2020,,79352.33
Sản phẩm từ kim loại thường khác,3,2020,,116360.24
Sản phẩm từ kim loại thường khác,4,2020,,115969.41
Sản phẩm từ kim loại thường khác,5,2020,,102794.52
Sản phẩm từ kim loại thường khác,6,2020,,112260.37
Sản phẩm từ kim loại thường khác,7,2020,,122198.86
Sản phẩm từ kim loại thường khác,8,2020,,119431.83
Sản phẩm từ kim loại thường khác,9,2020,,127703.78
Sản phẩm từ kim loại thường khác,10,2020,,124560.62
Sản phẩm từ kim loại thường khác,11,2020,,139300.26
Sản phẩm từ kim loại thường khác,12,2020,,151620.24
"Máy vi tính, sản phẩm điện tử & linh kiện",1,2020,,4232296.5
"Máy vi tính, sản phẩm điện tử & linh kiện",2,2020,,4454554.12
"Máy vi tính, sản phẩm điện tử & linh kiện",3,2020,,5066724.56
"Máy vi tính, sản phẩm điện tử & linh kiện",4,2020,,3832158.15
"Máy vi tính, sản phẩm điện tử & linh kiện",5,2020,,4454599.86
"Máy vi tính, sản phẩm điện tử & linh kiện",6,2020,,5123021.29
"Máy vi tính, sản phẩm điện tử & linh kiện",7,2020,,5558913.7
"Máy vi tính, sản phẩm điện tử & linh kiện",8,2020,,6028304.94
"Máy vi tính, sản phẩm điện tử & linh kiện",9,2020,,6329687.37
"Máy vi tính, sản phẩm điện tử & linh kiện",10,2020,,6194193.32
"Máy vi tính, sản phẩm điện tử & linh kiện",11,2020,,6298405.75
"Máy vi tính, sản phẩm điện tử & linh kiện",12,2020,,6398262.96
Hàng điện gia dụng và linh kiện,1,2020,,137619.12
Hàng điện gia dụng và linh kiện,2,2020,,213395.57
Hàng điện gia dụng và linh kiện,3,2020,,212148.99
Hàng điện gia dụng và linh kiện,4,2020,,166200.46
Hàng điện gia dụng và linh kiện,5,2020,,151948.84
Hàng điện gia dụng và linh kiện,6,2020,,238698.82
Hàng điện gia dụng và linh kiện,7,2020,,160335.26
Hàng điện gia dụng và linh kiện,8,2020,,129035.72
Hàng điện gia dụng và linh kiện,9,2020,,128082.13
Hàng điện gia dụng và linh kiện,10,2020,,126090.6
Hàng điện gia dụng và linh kiện,11,2020,,144383.63
Hàng điện gia dụng và linh kiện,12,2020,,182647.42
Điện thoại các loại và linh kiện,1,2020,,1138549.58
Điện thoại các loại và linh kiện,2,2020,,939901.86
Điện thoại các loại và linh kiện,3,2020,,1188434.33
Điện thoại các loại và linh kiện,4,2020,,798884.24
Điện thoại các loại và linh kiện,5,2020,,867128.75
Điện thoại các loại và linh kiện,6,2020,,1038195.13
Điện thoại các loại và linh kiện,7,2020,,1178953.33
Điện thoại các loại và linh kiện,8,2020,,1616076.67
Điện thoại các loại và linh kiện,9,2020,,1869195.01
Điện thoại các loại và linh kiện,10,2020,,1945721.01
Điện thoại các loại và linh kiện,11,2020,,1983948.72
Điện thoại các loại và linh kiện,12,2020,,2080329.06
Máy ảnh máy quay phim và linh kiện,1,2020,,195397.17
Máy ảnh máy quay phim và linh kiện,2,2020,,169746.45
Máy ảnh máy quay phim và linh kiện,3,2020,,207805.63
Máy ảnh máy quay phim và linh kiện,4,2020,,140416.66
Máy ảnh máy quay phim và linh kiện,5,2020,,143388.35
Máy ảnh máy quay phim và linh kiện,6,2020,,190844.84
Máy ảnh máy quay phim và linh kiện,7,2020,,238799.7
Máy ảnh máy quay phim và linh kiện,8,2020,,220787.66
Máy ảnh máy quay phim và linh kiện,9,2020,,251368.46
Máy ảnh máy quay phim và linh kiện,10,2020,,250818.59
Máy ảnh máy quay phim và linh kiện,11,2020,,238645.02
Máy ảnh máy quay phim và linh kiện,12,2020,,235508.07
"Máy móc, thiết bị, dụng cụ & phụ tùng",1,2020,,2822616.72
"Máy móc, thiết bị, dụng cụ & phụ tùng",2,2020,,2393936.75
"Máy móc, thiết bị, dụng cụ & phụ tùng",3,2020,,3018261.7
"Máy móc, thiết bị, dụng cụ & phụ tùng",4,2020,,3017557.88
"Máy móc, thiết bị, dụng cụ & phụ tùng",5,2020,,2561913.72
"Máy móc, thiết bị, dụng cụ & phụ tùng",6,2020,,2953912.83
"Máy móc, thiết bị, dụng cụ & phụ tùng",7,2020,,3103127.04
"Máy móc, thiết bị, dụng cụ & phụ tùng",8,2020,,3170780.84
"Máy móc, thiết bị, dụng cụ & phụ tùng",9,2020,,3424405.73
"Máy móc, thiết bị, dụng cụ & phụ tùng",10,2020,,3298992.76
"Máy móc, thiết bị, dụng cụ & phụ tùng",11,2020,,3387072.16
"Máy móc, thiết bị, dụng cụ & phụ tùng",12,2020,,4098836.73
Dây điện và dây cáp điện,1,2020,,122728.08
Dây điện và dây cáp điện,2,2020,,103399.46
Dây điện và dây cáp điện,3,2020,,165996.07
Dây điện và dây cáp điện,4,2020,,161940.98
Dây điện và dây cáp điện,5,2020,,140304.33
Dây điện và dây cáp điện,6,2020,,150242.27
Dây điện và dây cáp điện,7,2020,,174069.91
Dây điện và dây cáp điện,8,2020,,179880.64
Dây điện và dây cáp điện,9,2020,,202185.44
Dây điện và dây cáp điện,10,2020,,204288.55
Dây điện và dây cáp điện,11,2020,,220024.16
Dây điện và dây cáp điện,12,2020,,226460.73
Ô tô nguyên chiếc các loại,1,2020,4281.0,111003.46
Ô tô nguyên chiếc các loại,2,2020,10242.0,222337.08
Ô tô nguyên chiếc các loại,3,2020,12150.0,224581.88
Ô tô nguyên chiếc các loại,4,2020,4913.0,131398.88
Ô tô nguyên chiếc các loại,5,2020,5212.0,121922.73
Ô tô nguyên chiếc các loại,6,2020,3490.0,98043.68
Ô tô nguyên chiếc các loại,7,2020,4685.0,108699.32
Ô tô nguyên chiếc các loại,8,2020,8839.0,203586.56
Ô tô nguyên chiếc các loại,9,2020,12653.0,255522.39
Ô tô nguyên chiếc các loại,10,2020,13645.0,283199.13
Ô tô nguyên chiếc các loại,11,2020,12151.0,270858.57
Ô tô nguyên chiếc các loại,12,2020,12940.0,317939.82
Ô tô 9 chỗ ngồi trở xuống,1,2020,2593.0,51202.77
Ô tô 9 chỗ ngồi trở xuống,2,2020,8175.0,163875.23
Ô tô 9 chỗ ngồi trở xuống,3,2020,9833.0,162957.82
Ô tô 9 chỗ ngồi trở xuống,4,2020,3511.0,82990.66
Ô tô 9 chỗ ngồi trở xuống,5,2020,4411.0,89260.76
Ô tô 9 chỗ ngồi trở xuống,6,2020,2082.0,33550.76
Ô tô 9 chỗ ngồi trở xuống,7,2020,2838.0,40593.72
Ô tô 9 chỗ ngồi trở xuống,8,2020,6145.0,128447.02
Ô tô 9 chỗ ngồi trở xuống,9,2020,9732.0,164330.26
Ô tô 9 chỗ ngồi trở xuống,10,2020,10379.0,192726.71
Ô tô 9 chỗ ngồi trở xuống,11,2020,8405.0,160009.79
Ô tô 9 chỗ ngồi trở xuống,12,2020,7472.0,151335.01
Ô tô trên 9 chỗ ngồi,1,2020,8.0,58.06
Ô tô trên 9 chỗ ngồi,2,2020,6.0,139.43
Ô tô trên 9 chỗ ngồi,3,2020,35.0,760.01
Ô tô trên 9 chỗ ngồi,4,2020,14.0,102.1
Ô tô trên 9 chỗ ngồi,5,2020,8.0,238.88
Ô tô trên 9 chỗ ngồi,6,2020,7.0,46.2
Ô tô trên 9 chỗ ngồi,7,2020,45.0,692.46
Ô tô trên 9 chỗ ngồi,9,2020,7.0,297.65
Ô tô trên 9 chỗ ngồi,10,2020,20.0,547.56
Ô tô trên 9 chỗ ngồi,11,2020,12.0,402.8
Ô tô trên 9 chỗ ngồi,12,2020,293.0,6676.84
Ô tô tải,1,2020,1490.0,44587.23
Ô tô tải,2,2020,1935.0,43773.48
Ô tô tải,3,2020,1987.0,44800.54
Ô tô tải,4,2020,840.0,21931.99
Ô tô tải,5,2020,289.0,8240.81
Ô tô tải,6,2020,840.0,27812.79
Ô tô tải,7,2020,1164.0,30912.07
Ô tô tải,8,2020,2214.0,55684.04
Ô tô tải,9,2020,2351.0,64529.06
Ô tô tải,10,2020,2426.0,55609.48
Ô tô tải,11,2020,2555.0,60316.44
Ô tô tải,12,2020,4329.0,102088.97
"Linh kiện, phụ tùng ô tô",1,2020,,329274.63
"Linh kiện, phụ tùng ô tô",2,2020,,327911.08
"Linh kiện, phụ tùng ô tô",3,2020,,308212.46
"Linh kiện, phụ tùng ô tô",4,2020,,201891.26
"Linh kiện, phụ tùng ô tô",5,2020,,163641.65
"Linh kiện, phụ tùng ô tô",6,2020,,279921.63
"Linh kiện, phụ tùng ô tô",7,2020,,347433.48
"Linh kiện, phụ tùng ô tô",8,2020,,318313.66
"Linh kiện, phụ tùng ô tô",9,2020,,384832.78
"Linh kiện, phụ tùng ô tô",10,2020,,394633.22
"Linh kiện, phụ tùng ô tô",11,2020,,442149.34
"Linh kiện, phụ tùng ô tô",12,2020,,506999.03
Xe máy và linh kiện,1,2020,,51542.22
Xe máy và linh kiện,2,2020,,62602.22
Xe máy và linh kiện,3,2020,,69087.92
Xe máy và linh kiện,4,2020,,51221.88
Xe máy và linh kiện,5,2020,,51683.33
Xe máy và linh kiện,6,2020,,45765.05
Xe máy và linh kiện,7,2020,,57349.34
Xe máy và linh kiện,8,2020,,59291.14
Xe máy và linh kiện,9,2020,,67004.55
Xe máy và linh kiện,10,2020,,76646.44
Xe máy và linh kiện,11,2020,,77166.01
Xe máy và linh kiện,12,2020,,90804.64
Phương tiện vận tải khác và phụ tùng,1,2020,,86588.72
Phương tiện vận tải khác và phụ tùng,2,2020,,44540.71
Phương tiện vận tải khác và phụ tùng,3,2020,,59601.11
Phương tiện vận tải khác và phụ tùng,4,2020,,31543.18
Phương tiện vận tải khác và phụ tùng,5,2020,,91670.5
Phương tiện vận tải khác và phụ tùng,6,2020,,35828.83
Phương tiện vận tải khác và phụ tùng,7,2020,,76762.5
Phương tiện vận tải khác và phụ tùng,8,2020,,39973.32
Phương tiện vận tải khác và phụ tùng,9,2020,,72338.61
Phương tiện vận tải khác và phụ tùng,10,2020,,70154.84
Phương tiện vận tải khác và phụ tùng,11,2020,,118937.29
Phương tiện vận tải khác và phụ tùng,12,2020,,133742.99
Hàng hoá khác,1,2020,,970731.13
Hàng hoá khác,2,2020,,996495.77
Hàng hoá khác,3,2020,,1184391.11
Hàng hoá khác,4,2020,,1035514.06
Hàng hoá khác,5,2020,,1030053.3
Hàng hoá khác,6,2020,,1147453.94
Hàng hoá khác,7,2020,,1162699.94
Hàng hoá khác,8,2020,,1175757.76
Hàng hoá khác,9,2020,,1271335.47
Hàng hoá khác,10,2020,,1300745.56
Hàng hoá khác,11,2020,,1291278.97
Hàng hoá khác,12,2020,,1497487.43
T/đó: Khu vực có vốn ĐTTTNN,1,2021,17590482.327,
T/đó: Khu vực có vốn ĐTTTNN,2,2021,13917604.642,
T/đó: Khu vực có vốn ĐTTTNN,3,2021,18214910.73599999,
T/đó: Khu vực có vốn ĐTTTNN,4,2021,17887555.549000002,
T/đó: Khu vực có vốn ĐTTTNN,5,2021,17994453.15,
T/đó: Khu vực có vốn ĐTTTNN,6,2021,17711851.13200002,
T/đó: Khu vực có vốn ĐTTTNN,7,2021,19045482.106999982,
T/đó: Khu vực có vốn ĐTTTNN,8,2021,18420314.585999988,
T/đó: Khu vực có vốn ĐTTTNN,9,2021,18499635.84599998,
T/đó: Khu vực có vốn ĐTTTNN,10,2021,17256820.526999988,
T/đó: Khu vực có vốn ĐTTTNN,11,2021,20544215.98000001,
T/đó: Khu vực có vốn ĐTTTNN,12,2021,21123698.944,
Hàng thủy sản,1,2021,183846.914,
Hàng thủy sản,2,2021,115904.777,
Hàng thủy sản,3,2021,199287.43,
Hàng thủy sản,4,2021,192181.393,
Hàng thủy sản,5,2021,173918.06400000007,
Hàng thủy sản,6,2021,157679.43,
Hàng thủy sản,7,2021,173497.46000000025,
Hàng thủy sản,8,2021,147452.11299999995,
Hàng thủy sản,9,2021,135928.3340000001,
Hàng thủy sản,10,2021,137051.18300000002,
Hàng thủy sản,11,2021,170580.5570000001,
Hàng thủy sản,12,2021,192265.38500000007,
Sữa và sản phẩm sữa,1,2021,91197.332,
Sữa và sản phẩm sữa,2,2021,81336.08000000002,
Sữa và sản phẩm sữa,3,2021,112873.73599999998,
Sữa và sản phẩm sữa,4,2021,120261.022,
Sữa và sản phẩm sữa,5,2021,119806.43300000002,
Sữa và sản phẩm sữa,6,2021,110821.34600000002,
Sữa và sản phẩm sữa,7,2021,107766.581,
Sữa và sản phẩm sữa,8,2021,82287.74899999995,
Sữa và sản phẩm sữa,9,2021,84626.74100000004,
Sữa và sản phẩm sữa,10,2021,91690.94999999995,
Sữa và sản phẩm sữa,11,2021,86326.42299999995,
Sữa và sản phẩm sữa,12,2021,88594.26800000016,
Hàng rau quả,1,2021,149049.247,
Hàng rau quả,2,2021,94839.745,
Hàng rau quả,3,2021,107258.92299999998,
Hàng rau quả,4,2021,105821.143,
Hàng rau quả,5,2021,117421.62600000002,
Hàng rau quả,6,2021,117089.116,
Hàng rau quả,7,2021,137300.79599999994,
Hàng rau quả,8,2021,116855.883,
Hàng rau quả,9,2021,125121.91399999984,
Hàng rau quả,10,2021,126915.1940000001,
Hàng rau quả,11,2021,151348.28,
Hàng rau quả,12,2021,131504.83599999986,
Hạt điều,1,2021,179974.511,114682.0
Hạt điều,2,2021,168778.001,471744.0
Hạt điều,3,2021,760738.7320000001,440582.0
Hạt điều,4,2021,725507.808,262868.0
Hạt điều,5,2021,374394.428,296180.0
Hạt điều,6,2021,399983.087,322346.0
Hạt điều,7,2021,437870.1730000006,220451.0
Hạt điều,8,2021,274806.42000000004,266440.0
Hạt điều,9,2021,354275.63900000014,158561.0
Hạt điều,10,2021,223382.15599999984,111883.0
Hạt điều,11,2021,161908.29099999962,85530.0
Hạt điều,12,2021,123977.87499999988,2875728.0
Lúa mỳ,1,2021,85188.925,394498.0
Lúa mỳ,2,2021,102613.814,475262.0
Lúa mỳ,3,2021,133329.191,408017.0
Lúa mỳ,4,2021,114747.743,283379.0
Lúa mỳ,5,2021,81838.73599999996,412792.0
Lúa mỳ,6,2021,123821.45900000008,438508.0
Lúa mỳ,7,2021,132323.474,353901.0
Lúa mỳ,8,2021,106295.62200000002,626668.0
Lúa mỳ,9,2021,194182.79500000025,373026.0
Lúa mỳ,10,2021,113618.65500000009,340675.0
Lúa mỳ,11,2021,112763.13200000004,234481.0
Lúa mỳ,12,2021,79581.01699999998,4674609.0
Ngô,1,2021,236097.002,545400.0
Ngô,2,2021,146637.409,1045462.0
Ngô,3,2021,288523.549,672550.0
Ngô,4,2021,190304.73499999996,963554.0
Ngô,5,2021,276114.00599999994,867370.0
Ngô,6,2021,261690.25299999988,1146125.0
Ngô,7,2021,368775.8040000003,463288.0
Ngô,8,2021,142218.50299999976,834010.0
Ngô,9,2021,261340.9270000005,819935.0
Ngô,10,2021,234994.8879999997,1011388.0
Ngô,11,2021,311304.941,509944.0
Ngô,12,2021,162940.22799999986,10025600.0
Đậu tương,1,2021,73663.174,216369.0
Đậu tương,2,2021,117854.966,168150.0
Đậu tương,3,2021,94247.701,219492.0
Đậu tương,4,2021,124993.63899999997,210566.0
Đậu tương,5,2021,119760.00600000004,126164.0
Đậu tương,6,2021,75929.64799999993,196906.0
Đậu tương,7,2021,121269.11400000006,113088.0
Đậu tương,8,2021,69393.098,143361.0
Đậu tương,9,2021,89139.81200000003,160746.0
Đậu tương,10,2021,102750.92099999996,115897.0
Đậu tương,11,2021,71441.09399999992,205259.0
Đậu tương,12,2021,121495.96299999989,2019778.0
Dầu mỡ động thực vật,1,2021,107146.493,
Dầu mỡ động thực vật,2,2021,77304.28600000001,
Dầu mỡ động thực vật,3,2021,86650.47699999997,
Dầu mỡ động thực vật,4,2021,89228.30200000004,
Dầu mỡ động thực vật,5,2021,96023.29199999996,
Dầu mỡ động thực vật,6,2021,121936.328,
Dầu mỡ động thực vật,7,2021,120787.31400000004,
Dầu mỡ động thực vật,8,2021,106500.58100000002,
Dầu mỡ động thực vật,9,2021,104811.745,
Dầu mỡ động thực vật,10,2021,116687.122,
Dầu mỡ động thực vật,11,2021,161309.65500000003,
Dầu mỡ động thực vật,12,2021,163758.11800000002,
Bánh kẹo và các sản phẩm từ ngũ cốc,1,2021,48475.564,
Bánh kẹo và các sản phẩm từ ngũ cốc,2,2021,23503.887,
Bánh kẹo và các sản phẩm từ ngũ cốc,3,2021,39634.932,
Bánh kẹo và các sản phẩm từ ngũ cốc,4,2021,30482.63500000001,
Bánh kẹo và các sản phẩm từ ngũ cốc,5,2021,34056.820999999996,
Bánh kẹo và các sản phẩm từ ngũ cốc,6,2021,36090.902,
Bánh kẹo và các sản phẩm từ ngũ cốc,7,2021,35135.66499999998,
Bánh kẹo và các sản phẩm từ ngũ cốc,8,2021,34419.946000000025,
Bánh kẹo và các sản phẩm từ ngũ cốc,9,2021,36890.88600000003,
Bánh kẹo và các sản phẩm từ ngũ cốc,10,2021,50256.149999999994,
Bánh kẹo và các sản phẩm từ ngũ cốc,11,2021,60729.47999999995,
Bánh kẹo và các sản phẩm từ ngũ cốc,12,2021,58554.293999999965,
Chế phẩm thực phẩm khỏc,1,2021,88373.777,
Chế phẩm thực phẩm khỏc,2,2021,63617.92199999999,
Chế phẩm thực phẩm khỏc,3,2021,94612.668,
Chế phẩm thực phẩm khỏc,4,2021,88290.66900000002,
Chế phẩm thực phẩm khỏc,5,2021,94983.187,
Chế phẩm thực phẩm khỏc,6,2021,101967.20099999996,
Chế phẩm thực phẩm khỏc,7,2021,92389.025,
Chế phẩm thực phẩm khỏc,8,2021,87589.65799999991,
Chế phẩm thực phẩm khỏc,9,2021,102893.67600000006,
Chế phẩm thực phẩm khỏc,10,2021,98776.31899999989,
Chế phẩm thực phẩm khỏc,11,2021,108068.18300000003,
Chế phẩm thực phẩm khỏc,12,2021,108025.58799999984,
Thức ăn gia súc và nguyên liệu,1,2021,366489.847,
Thức ăn gia súc và nguyên liệu,2,2021,315409.27900000004,
Thức ăn gia súc và nguyên liệu,3,2021,528335.4909999999,
Thức ăn gia súc và nguyên liệu,4,2021,435778.37099999987,
Thức ăn gia súc và nguyên liệu,5,2021,443200.4720000001,
Thức ăn gia súc và nguyên liệu,6,2021,371006.406,
Thức ăn gia súc và nguyên liệu,7,2021,473445.84299999994,
Thức ăn gia súc và nguyên liệu,8,2021,392577.8280000002,
Thức ăn gia súc và nguyên liệu,9,2021,419316.80800000025,
Thức ăn gia súc và nguyên liệu,10,2021,391434.5269999998,
Thức ăn gia súc và nguyên liệu,11,2021,362419.8340000003,
Thức ăn gia súc và nguyên liệu,12,2021,432219.6369999997,
Nguyên phụ liệu thuốc lá,1,2021,5493.93,
Nguyên phụ liệu thuốc lá,2,2021,8021.15,
Nguyên phụ liệu thuốc lá,3,2021,5846.51,
Nguyên phụ liệu thuốc lá,4,2021,23168.95,
Nguyên phụ liệu thuốc lá,5,2021,22599.62,
Nguyên phụ liệu thuốc lá,6,2021,24192.8,
Nguyên phụ liệu thuốc lá,7,2021,28047.81,
Nguyên phụ liệu thuốc lá,8,2021,21419.77,
Nguyên phụ liệu thuốc lá,9,2021,28931.63,
Nguyên phụ liệu thuốc lá,10,2021,31929.979999999996,
Nguyên phụ liệu thuốc lá,11,2021,36980.23,
Nguyên phụ liệu thuốc lá,12,2021,50733.276000000005,
Quặng và khoáng sản khác,1,2021,249905.784,1529428.0
Quặng và khoáng sản khác,2,2021,238989.187,2295575.0
Quặng và khoáng sản khác,3,2021,375516.638,2402961.0
Quặng và khoáng sản khác,4,2021,388079.76100000006,3000639.0
Quặng và khoáng sản khác,5,2021,456444.44099999976,2611814.0
Quặng và khoáng sản khác,6,2021,478451.5010000003,2073904.0
Quặng và khoáng sản khác,7,2021,403865.82700000016,1925266.0
Quặng và khoáng sản khác,8,2021,333247.7270000001,1975815.0
Quặng và khoáng sản khác,9,2021,271635.5840000004,1889275.0
Quặng và khoáng sản khác,10,2021,185674.74499999973,2271672.0
Quặng và khoáng sản khác,11,2021,255865.0530000004,2167326.0
Quặng và khoáng sản khác,12,2021,182177.023,26031238.0
Than đá,1,2021,261514.23,1923487.0
Than đá,2,2021,165054.52,3947775.0
Than đá,3,2021,340207.63,3836149.0
Than đá,4,2021,333698.97,3731450.0
Than đá,5,2021,359936.94,3496058.0
Than đá,6,2021,366778.77,3572569.0
Than đá,7,2021,418865.89,3743083.0
Than đá,8,2021,517911.35,2190554.0
Than đá,9,2021,334087.85,2165932.0
Than đá,10,2021,421777.93,2021604.0
Than đá,11,2021,414253.0,2671598.0
Than đá,12,2021,525596.91,36291104.0
Dầu thô,1,2021,131137.109,909951.0
Dầu thô,2,2021,370930.776,628423.0
Dầu thô,3,2021,305187.022,823733.0
Dầu thô,4,2021,394868.47000000015,953949.0
Dầu thô,5,2021,455621.72299999994,958102.0
Dầu thô,6,2021,493633.8029999998,1315902.0
Dầu thô,7,2021,719999.5899999996,694277.0
Dầu thô,8,2021,368958.20100000023,544861.0
Dầu thô,9,2021,290282.2499999999,712248.0
Dầu thô,10,2021,397842.61600000033,949591.0
Dầu thô,11,2021,597196.4659999989,1098044.0
Dầu thô,12,2021,631430.0100000005,9938209.0
Xăng dầu các loại,1,2021,418551.96,486342.0
Xăng dầu các loại,2,2021,243366.57,697161.0
Xăng dầu các loại,3,2021,380915.89,732943.0
Xăng dầu các loại,4,2021,393518.16,687768.0
Xăng dầu các loại,5,2021,395797.27,527525.0
Xăng dầu các loại,6,2021,316823.16,573976.0
Xăng dầu các loại,7,2021,381345.59,308999.0
Xăng dầu các loại,8,2021,171204.16,398184.0
Xăng dầu các loại,9,2021,224649.89,494958.0
Xăng dầu các loại,10,2021,355004.41,594633.0
Xăng dầu các loại,11,2021,414579.78199999983,628091.0
Xăng dầu các loại,12,2021,449787.1169999998,6989125.0
Xăng,1,2021,135837.351,101302.0
Xăng,2,2021,58977.777,61287.0
Xăng,3,2021,44664.15400000001,120247.0
Xăng,4,2021,80837.86300000004,53157.0
Xăng,5,2021,36637.31999999995,25161.0
Xăng,6,2021,20263.245000000024,52.0
Xăng,7,2021,33581.77800000005,24099.0
Xăng,8,2021,7633.040999999939,27855.0
Xăng,9,2021,17701.96200000003,16771.0
Xăng,10,2021,15039.103999999905,23342.0
Xăng,11,2021,3400.4010000000417,152068.0
Xăng,12,2021,130497.019,856176.0
Dầu DO,1,2021,216530.823,273126.0
Dầu DO,2,2021,136246.60899999997,478733.0
Dầu DO,3,2021,260181.57100000008,447705.0
Dầu DO,4,2021,230051.29899999997,488350.0
Dầu DO,5,2021,280097.60900000005,394354.0
Dầu DO,6,2021,238059.88,468964.0
Dầu DO,7,2021,286975.2799999999,212122.0
Dầu DO,8,2021,123425.64599999992,330203.0
Dầu DO,9,2021,181187.91800000027,416792.0
Dầu DO,10,2021,300499.7270000001,435658.0
Dầu DO,11,2021,317646.86100000015,342379.0
Dầu DO,12,2021,238350.903,4751903.0
Dầu FO,1,2021,20741.808,65364.0
Dầu FO,2,2021,24812.497,90150.0
Dầu FO,3,2021,38102.42199999999,64907.0
Dầu FO,4,2021,26771.05500000001,47151.0
Dầu FO,5,2021,21244.476,65792.0
Dầu FO,6,2021,32663.106000000003,52852.0
Dầu FO,7,2021,27765.23499999999,23682.0
Dầu FO,8,2021,12184.345000000005,37008.0
Dầu FO,9,2021,21202.556000000015,45276.0
Dầu FO,10,2021,27503.139,48265.0
Dầu FO,11,2021,27278.67799999999,59386.0
Dầu FO,12,2021,31647.114999999965,656116.0
Nhiên liệu bay,1,2021,45440.86,40358.0
Nhiên liệu bay,2,2021,19889.290999999997,36442.0
Nhiên liệu bay,3,2021,20684.23700000001,100102.0
Nhiên liệu bay,4,2021,55149.56699999998,98401.0
Nhiên liệu bay,5,2021,56201.081000000006,37132.0
Nhiên liệu bay,6,2021,24026.70000000001,45696.0
Nhiên liệu bay,7,2021,28960.353000000003,16169.0
Nhiên liệu bay,8,2021,9267.924999999988,36065.0
Nhiên liệu bay,9,2021,23250.052999999985,9947.0
Nhiên liệu bay,10,2021,7202.7059999999765,87374.0
Nhiên liệu bay,11,2021,66333.26600000002,68076.0
Nhiên liệu bay,12,2021,44908.26800000001,663670.0
Khí đốt hóa lỏng,1,2021,91902.717,134355.0
Khí đốt hóa lỏng,2,2021,83445.256,148402.0
Khí đốt hóa lỏng,3,2021,98646.206,114563.0
Khí đốt hóa lỏng,4,2021,65648.55200000003,147635.0
Khí đốt hóa lỏng,5,2021,78709.32499999995,103224.0
Khí đốt hóa lỏng,6,2021,61539.94200000004,212074.0
Khí đốt hóa lỏng,7,2021,139826.31299999997,249079.0
Khí đốt hóa lỏng,8,2021,175393.64500000002,206599.0
Khí đốt hóa lỏng,9,2021,145726.42700000005,146753.0
Khí đốt hóa lỏng,10,2021,133073.95400000003,151093.0
Khí đốt hóa lỏng,11,2021,135679.08499999985,200257.0
Khí đốt hóa lỏng,12,2021,161294.228,1971183.0
Sản phẩm khác từ dầu mỏ,1,2021,97543.523,
Sản phẩm khác từ dầu mỏ,2,2021,71475.96699999999,
Sản phẩm khác từ dầu mỏ,3,2021,89252.276,
Sản phẩm khác từ dầu mỏ,4,2021,124917.43199999996,
Sản phẩm khác từ dầu mỏ,5,2021,111204.08300000004,
Sản phẩm khác từ dầu mỏ,6,2021,98806.82099999992,
Sản phẩm khác từ dầu mỏ,7,2021,109083.66400000003,
Sản phẩm khác từ dầu mỏ,8,2021,87522.58500000012,
Sản phẩm khác từ dầu mỏ,9,2021,77367.03799999999,
Sản phẩm khác từ dầu mỏ,10,2021,82182.67900000005,
Sản phẩm khác từ dầu mỏ,11,2021,125216.163,
Sản phẩm khác từ dầu mỏ,12,2021,127231.2410000002,
Hóa chất,1,2021,571100.642,
Hóa chất,2,2021,466058.04300000006,
Hóa chất,3,2021,706961.49,
Hóa chất,4,2021,688522.2490000001,
Hóa chất,5,2021,701129.0449999997,
Hóa chất,6,2021,655529.1540000008,
Hóa chất,7,2021,658279.1669999992,
Hóa chất,8,2021,567154.4319999998,
Hóa chất,9,2021,542477.0250000001,
Hóa chất,10,2021,567237.9209999989,
Hóa chất,11,2021,651629.7410000002,
Hóa chất,12,2021,851664.8519999997,
Sản phẩm từ hóa chất,1,2021,605680.34,
Sản phẩm từ hóa chất,2,2021,449817.2770000001,
Sản phẩm từ hóa chất,3,2021,659231.6019999998,
Sản phẩm từ hóa chất,4,2021,612469.569,
Sản phẩm từ hóa chất,5,2021,594950.7809999998,
Sản phẩm từ hóa chất,6,2021,594841.3479999996,
Sản phẩm từ hóa chất,7,2021,799622.833,
Sản phẩm từ hóa chất,8,2021,719570.782,
Sản phẩm từ hóa chất,9,2021,713359.6170000009,
Sản phẩm từ hóa chất,10,2021,570481.2740000001,
Sản phẩm từ hóa chất,11,2021,672251.4189999996,
Sản phẩm từ hóa chất,12,2021,743125.708,
Nguyên phụ liệu dược phẩm,1,2021,35383.071,
Nguyên phụ liệu dược phẩm,2,2021,26331.998999999996,
Nguyên phụ liệu dược phẩm,3,2021,45136.238999999994,
Nguyên phụ liệu dược phẩm,4,2021,35996.07799999999,
Nguyên phụ liệu dược phẩm,5,2021,35531.75500000001,
Nguyên phụ liệu dược phẩm,6,2021,35233.11900000001,
Nguyên phụ liệu dược phẩm,7,2021,30993.52700000001,
Nguyên phụ liệu dược phẩm,8,2021,32341.945000000014,
Nguyên phụ liệu dược phẩm,9,2021,35316.80300000002,
Nguyên phụ liệu dược phẩm,10,2021,28113.523999999983,
Nguyên phụ liệu dược phẩm,11,2021,41744.21899999999,
Nguyên phụ liệu dược phẩm,12,2021,36893.39900000004,
Dược phẩm,1,2021,260196.464,
Dược phẩm,2,2021,153976.49999999997,
Dược phẩm,3,2021,271090.326,
Dược phẩm,4,2021,224880.17499999996,
Dược phẩm,5,2021,274901.16099999996,
Dược phẩm,6,2021,291441.65099999995,
Dược phẩm,7,2021,230313.6600000001,
Dược phẩm,8,2021,316349.5539999999,
Dược phẩm,9,2021,440232.2149999996,
Dược phẩm,10,2021,506464.7869999998,
Dược phẩm,11,2021,400001.2699999998,
Dược phẩm,12,2021,630713.0290000003,
Phân bón các loại,1,2021,84555.04,292187.0
Phân bón các loại,2,2021,74956.48,371537.0
Phân bón các loại,3,2021,104219.92,341940.0
Phân bón các loại,4,2021,95857.91,543359.0
Phân bón các loại,5,2021,159798.72,439153.0
Phân bón các loại,6,2021,125935.88,515031.0
Phân bón các loại,7,2021,157361.18,336588.0
Phân bón các loại,8,2021,106656.42,267232.0
Phân bón các loại,9,2021,90267.59,371876.0
Phân bón các loại,10,2021,144045.96000000002,369654.0
Phân bón các loại,11,2021,148542.11,371364.0
Phân bón các loại,12,2021,160052.2080000001,4542073.0
Phân U rê,1,2021,1314.69,8837.0
Phân U rê,2,2021,2935.685,2002.0
Phân U rê,3,2021,579.0159999999996,18209.0
Phân U rê,4,2021,6476.669,47500.0
Phân U rê,5,2021,18204.256,84928.0
Phân U rê,6,2021,32633.034000000003,61732.0
Phân U rê,7,2021,25800.137,18329.0
Phân U rê,8,2021,8565.139999999994,6853.0
Phân U rê,9,2021,3245.958999999994,21075.0
Phân U rê,10,2021,9272.65400000002,216.0
Phân U rê,11,2021,3286.055999999992,3513.0
Phân U rê,12,2021,3291.9589999999976,277561.0
Phân NPK,1,2021,17463.139,35563.0
Phân NPK,2,2021,12044.342,43674.0
Phân NPK,3,2021,17292.073,38212.0
Phân NPK,4,2021,16394.021999999994,63400.0
Phân NPK,5,2021,25457.149,29734.0
Phân NPK,6,2021,13074.568999999989,32106.0
Phân NPK,7,2021,13229.590000000013,32861.0
Phân NPK,8,2021,14504.731999999987,24415.0
Phân NPK,9,2021,11567.973000000013,30820.0
Phân NPK,10,2021,14967.392999999967,19372.0
Phân NPK,11,2021,10038.70700000004,12925.0
Phân NPK,12,2021,7664.657999999981,409037.0
Phân DAP,1,2021,17433.244,35351.0
Phân DAP,2,2021,13580.008000000002,73623.0
Phân DAP,3,2021,35046.703,21923.0
Phân DAP,4,2021,11073.271999999995,39281.0
Phân DAP,5,2021,20420.98700000001,29813.0
Phân DAP,6,2021,15401.191999999995,38434.0
Phân DAP,7,2021,22376.132999999987,27047.0
Phân DAP,8,2021,15941.30800000002,12285.0
Phân DAP,9,2021,7503.625999999989,34801.0
Phân DAP,10,2021,20920.38000000002,9987.0
Phân DAP,11,2021,7968.010000000009,10775.0
Phân DAP,12,2021,7369.867999999959,379040.0
Phân SA,1,2021,7295.35,81679.0
Phân SA,2,2021,10495.231999999998,127895.0
Phân SA,3,2021,18184.927000000003,78417.0
Phân SA,4,2021,12822.654999999995,130867.0
Phân SA,5,2021,21864.413000000008,161247.0
Phân SA,6,2021,28070.752,154316.0
Phân SA,7,2021,30784.01399999999,126856.0
Phân SA,8,2021,28409.660999999986,69724.0
Phân SA,9,2021,15712.881999999996,102489.0
Phân SA,10,2021,24671.22400000001,166883.0
Phân SA,11,2021,46964.78300000002,142213.0
Phân SA,12,2021,52706.96900000001,1399488.0
Phân Kali,1,2021,27104.915,91115.0
Phân Kali,2,2021,23094.710999999996,55915.0
Phân Kali,3,2021,12813.327000000005,107480.0
Phân Kali,4,2021,26859.606999999996,176784.0
Phân Kali,5,2021,49934.23900000001,55892.0
Phân Kali,6,2021,16810.30600000002,137691.0
Phân Kali,7,2021,41886.577,38178.0
Phân Kali,8,2021,15265.193999999996,76061.0
Phân Kali,9,2021,27739.11300000002,119022.0
Phân Kali,10,2021,54529.30400000001,106360.0
Phân Kali,11,2021,55608.316,117389.0
Phân Kali,12,2021,64392.91899999997,1192976.0
"Chất thơm, mỹ phẩm và chế phẩm vệ sinh",1,2021,86811.333,
"Chất thơm, mỹ phẩm và chế phẩm vệ sinh",2,2021,64206.246,
"Chất thơm, mỹ phẩm và chế phẩm vệ sinh",3,2021,102747.406,
"Chất thơm, mỹ phẩm và chế phẩm vệ sinh",4,2021,103179.982,
"Chất thơm, mỹ phẩm và chế phẩm vệ sinh",5,2021,97116.591,
"Chất thơm, mỹ phẩm và chế phẩm vệ sinh",6,2021,95555.80899999994,
"Chất thơm, mỹ phẩm và chế phẩm vệ sinh",7,2021,87133.48000000003,
"Chất thơm, mỹ phẩm và chế phẩm vệ sinh",8,2021,72479.66900000004,
"Chất thơm, mỹ phẩm và chế phẩm vệ sinh",9,2021,66022.38600000004,
"Chất thơm, mỹ phẩm và chế phẩm vệ sinh",10,2021,72138.80100000002,
"Chất thơm, mỹ phẩm và chế phẩm vệ sinh",11,2021,89514.26300000008,
"Chất thơm, mỹ phẩm và chế phẩm vệ sinh",12,2021,102910.384,
Thuốc trừ sâu và nguyên liệu,1,2021,61027.972,
Thuốc trừ sâu và nguyên liệu,2,2021,55991.46599999999,
Thuốc trừ sâu và nguyên liệu,3,2021,82042.13200000001,
Thuốc trừ sâu và nguyên liệu,4,2021,84089.044,
Thuốc trừ sâu và nguyên liệu,5,2021,83670.17599999998,
Thuốc trừ sâu và nguyên liệu,6,2021,79593.07400000002,
Thuốc trừ sâu và nguyên liệu,7,2021,73296.837,
Thuốc trừ sâu và nguyên liệu,8,2021,68920.60699999996,
Thuốc trừ sâu và nguyên liệu,9,2021,60966.33500000009,
Thuốc trừ sâu và nguyên liệu,10,2021,68680.68799999997,
Thuốc trừ sâu và nguyên liệu,11,2021,82611.63900000002,
Thuốc trừ sâu và nguyên liệu,12,2021,110730.42200000008,
Chất dẻo nguyên liệu,1,2021,962612.639,494700.0
Chất dẻo nguyên liệu,2,2021,754984.2679999999,729115.0
Chất dẻo nguyên liệu,3,2021,1156968.5570000005,601813.0
Chất dẻo nguyên liệu,4,2021,1043777.6989999998,604968.0
Chất dẻo nguyên liệu,5,2021,1094680.6209999996,578634.0
Chất dẻo nguyên liệu,6,2021,1022469.8310000004,615996.0
Chất dẻo nguyên liệu,7,2021,1061302.1609999996,579411.0
Chất dẻo nguyên liệu,8,2021,949679.4680000006,486523.0
Chất dẻo nguyên liệu,9,2021,815658.1350000009,503151.0
Chất dẻo nguyên liệu,10,2021,765065.929999999,517262.0
Chất dẻo nguyên liệu,11,2021,958089.3099999998,597549.0
Chất dẻo nguyên liệu,12,2021,1100468.968999998,6949228.0
Sản phẩm từ chất dẻo,1,2021,709054.14,
Sản phẩm từ chất dẻo,2,2021,519857.8490000001,
Sản phẩm từ chất dẻo,3,2021,708475.0680000001,
Sản phẩm từ chất dẻo,4,2021,674892.9789999999,
Sản phẩm từ chất dẻo,5,2021,682750.9780000002,
Sản phẩm từ chất dẻo,6,2021,634411.7970000004,
Sản phẩm từ chất dẻo,7,2021,667342.6309999997,
Sản phẩm từ chất dẻo,8,2021,704081.7700000001,
Sản phẩm từ chất dẻo,9,2021,634961.518999999,
Sản phẩm từ chất dẻo,10,2021,595785.2320000004,
Sản phẩm từ chất dẻo,11,2021,717971.3639999988,
Sản phẩm từ chất dẻo,12,2021,710318.3869999998,
Cao su,1,2021,255063.829,179341.0
Cao su,2,2021,224447.536,127924.0
Cao su,3,2021,211473.948,102188.0
Cao su,4,2021,169021.84500000012,135375.0
Cao su,5,2021,219177.40099999987,130283.0
Cao su,6,2021,205173.19600000005,192817.0
Cao su,7,2021,265833.64300000016,183974.0
Cao su,8,2021,248662.382,172231.0
Cao su,9,2021,230887.5219999999,183959.0
Cao su,10,2021,251360.77000000028,234838.0
Cao su,11,2021,310455.7489999996,287019.0
Cao su,12,2021,377541.8779999997,2127626.0
Sản phẩm từ cao su,1,2021,86737.289,
Sản phẩm từ cao su,2,2021,67096.787,
Sản phẩm từ cao su,3,2021,94301.44,
Sản phẩm từ cao su,4,2021,98207.86599999997,
Sản phẩm từ cao su,5,2021,94092.91500000002,
Sản phẩm từ cao su,6,2021,93580.83900000002,
Sản phẩm từ cao su,7,2021,88256.76899999996,
Sản phẩm từ cao su,8,2021,82851.5079999999,
Sản phẩm từ cao su,9,2021,75418.28000000001,
Sản phẩm từ cao su,10,2021,74819.46000000006,
Sản phẩm từ cao su,11,2021,85526.4809999999,
Sản phẩm từ cao su,12,2021,87317.78100000006,
Gỗ và sản phẩm gỗ,1,2021,278027.895,
Gỗ và sản phẩm gỗ,2,2021,191620.621,
Gỗ và sản phẩm gỗ,3,2021,259199.67500000005,
Gỗ và sản phẩm gỗ,4,2021,262919.078,
Gỗ và sản phẩm gỗ,5,2021,282022.61899999995,
Gỗ và sản phẩm gỗ,6,2021,268993.11400000006,
Gỗ và sản phẩm gỗ,7,2021,285320.47199999983,
Gỗ và sản phẩm gỗ,8,2021,235840.83300000016,
Gỗ và sản phẩm gỗ,9,2021,216171.1489999998,
Gỗ và sản phẩm gỗ,10,2021,200018.6250000001,
Gỗ và sản phẩm gỗ,11,2021,228273.36400000012,
Gỗ và sản phẩm gỗ,12,2021,220537.9980000002,
Giấy các loại,1,2021,173485.646,153863.0
Giấy các loại,2,2021,126501.87299999996,246163.0
Giấy các loại,3,2021,213137.26900000003,202080.0
Giấy các loại,4,2021,186168.864,227568.0
Giấy các loại,5,2021,222559.0269999999,207594.0
Giấy các loại,6,2021,202089.02199999985,188056.0
Giấy các loại,7,2021,184173.65400000004,167152.0
Giấy các loại,8,2021,165462.131,135255.0
Giấy các loại,9,2021,138344.3789999999,137914.0
Giấy các loại,10,2021,135976.99699999992,170971.0
Giấy các loại,11,2021,165907.79900000006,197329.0
Giấy các loại,12,2021,187790.5050000001,2243922.0
Sản phẩm từ giấy,1,2021,89456.245,
Sản phẩm từ giấy,2,2021,52083.66,
Sản phẩm từ giấy,3,2021,90688.218,
Sản phẩm từ giấy,4,2021,91391.84900000002,
Sản phẩm từ giấy,5,2021,87784.15599999999,
Sản phẩm từ giấy,6,2021,86190.34399999995,
Sản phẩm từ giấy,7,2021,83005.75300000006,
Sản phẩm từ giấy,8,2021,75240.29700000005,
Sản phẩm từ giấy,9,2021,73754.65300000008,
Sản phẩm từ giấy,10,2021,81813.73599999995,
Sản phẩm từ giấy,11,2021,100035.92000000009,
Sản phẩm từ giấy,12,2021,93383.24500000002,
Bông các loại,1,2021,197062.968,101930.0
Bông các loại,2,2021,168708.14400000003,175591.0
Bông các loại,3,2021,311439.141,175326.0
Bông các loại,4,2021,318752.27900000004,158246.0
Bông các loại,5,2021,303704.2739999999,145506.0
Bông các loại,6,2021,284221.3989999999,140500.0
Bông các loại,7,2021,274884.5559999998,133551.0
Bông các loại,8,2021,267923.00299999997,161383.0
Bông các loại,9,2021,329344.4859999999,126353.0
Bông các loại,10,2021,252731.01099999988,127664.0
Bông các loại,11,2021,280089.7090000002,109635.0
Bông các loại,12,2021,243330.9819999998,1679177.0
"Xơ, sợi dệt các loại",1,2021,220100.11,74396.0
"Xơ, sợi dệt các loại",2,2021,157672.17,117885.0
"Xơ, sợi dệt các loại",3,2021,254218.9,103126.0
"Xơ, sợi dệt các loại",4,2021,243112.98,93392.0
"Xơ, sợi dệt các loại",5,2021,225901.69,91905.0
"Xơ, sợi dệt các loại",6,2021,223354.92,91211.0
"Xơ, sợi dệt các loại",7,2021,233295.55,70322.0
"Xơ, sợi dệt các loại",8,2021,178501.16999999998,59830.0
"Xơ, sợi dệt các loại",9,2021,153785.65,72492.0
"Xơ, sợi dệt các loại",10,2021,182170.45800000025,94602.0
"Xơ, sợi dệt các loại",11,2021,222884.8990000001,111062.0
"Xơ, sợi dệt các loại",12,2021,257572.032,1092435.0
Vải các loại,1,2021,1107855.289,
Vải các loại,2,2021,782739.3489999999,
Vải các loại,3,2021,1090012.958,
Vải các loại,4,2021,1410352.356,
Vải các loại,5,2021,1506351.7340000004,
Vải các loại,6,2021,1387830.1650000005,
Vải các loại,7,2021,1234202.532,
Vải các loại,8,2021,1005613.1890000014,
Vải các loại,9,2021,989836.4629999998,
Vải các loại,10,2021,1102409.8479999995,
Vải các loại,11,2021,1335934.7650000008,
Vải các loại,12,2021,1371524.1079999993,
"Nguyên phụ liệu dệt, may, da giày",1,2021,528598.993,
"Nguyên phụ liệu dệt, may, da giày",2,2021,353788.66500000004,
"Nguyên phụ liệu dệt, may, da giày",3,2021,617568.1329999999,
"Nguyên phụ liệu dệt, may, da giày",4,2021,632018.7249999999,
"Nguyên phụ liệu dệt, may, da giày",5,2021,620632.8559999999,
"Nguyên phụ liệu dệt, may, da giày",6,2021,581960.3510000007,
"Nguyên phụ liệu dệt, may, da giày",7,2021,534564.443,
"Nguyên phụ liệu dệt, may, da giày",8,2021,443357.29199999943,
"Nguyên phụ liệu dệt, may, da giày",9,2021,438185.04,
"Nguyên phụ liệu dệt, may, da giày",10,2021,434236.0200000005,
"Nguyên phụ liệu dệt, may, da giày",11,2021,551110.1689999998,
"Nguyên phụ liệu dệt, may, da giày",12,2021,519618.28000000026,
Thủy tinh và các sản phẩm từ thủy tinh,1,2021,169171.337,
Thủy tinh và các sản phẩm từ thủy tinh,2,2021,118127.722,
Thủy tinh và các sản phẩm từ thủy tinh,3,2021,146335.059,
Thủy tinh và các sản phẩm từ thủy tinh,4,2021,135243.902,
Thủy tinh và các sản phẩm từ thủy tinh,5,2021,119600.05799999996,
Thủy tinh và các sản phẩm từ thủy tinh,6,2021,103623.95299999998,
Thủy tinh và các sản phẩm từ thủy tinh,7,2021,106552.93700000003,
Thủy tinh và các sản phẩm từ thủy tinh,8,2021,122282.84200000006,
Thủy tinh và các sản phẩm từ thủy tinh,9,2021,99634.45799999988,
Thủy tinh và các sản phẩm từ thủy tinh,10,2021,95744.63899999997,
Thủy tinh và các sản phẩm từ thủy tinh,11,2021,133641.26,
Thủy tinh và các sản phẩm từ thủy tinh,12,2021,152072.47400000028,
"Đá quý, kim loại quý và sản phẩm",1,2021,70251.466,
"Đá quý, kim loại quý và sản phẩm",2,2021,49513.861999999994,
"Đá quý, kim loại quý và sản phẩm",3,2021,92817.328,
"Đá quý, kim loại quý và sản phẩm",4,2021,90345.27800000003,
"Đá quý, kim loại quý và sản phẩm",5,2021,93017.07899999995,
"Đá quý, kim loại quý và sản phẩm",6,2021,84281.02300000003,
"Đá quý, kim loại quý và sản phẩm",7,2021,79106.20599999993,
"Đá quý, kim loại quý và sản phẩm",8,2021,65698.74800000007,
"Đá quý, kim loại quý và sản phẩm",9,2021,73964.04000000008,
"Đá quý, kim loại quý và sản phẩm",10,2021,117940.63099999998,
"Đá quý, kim loại quý và sản phẩm",11,2021,116537.4620000001,
"Đá quý, kim loại quý và sản phẩm",12,2021,83091.13900000001,
Phế liệu sắt thép,1,2021,148924.539,376668.0
Phế liệu sắt thép,2,2021,158093.564,649316.0
Phế liệu sắt thép,3,2021,262397.55000000005,595712.0
Phế liệu sắt thép,4,2021,248828.6719999999,708027.0
Phế liệu sắt thép,5,2021,288056.21699999995,703133.0
Phế liệu sắt thép,6,2021,324649.8520000002,702697.0
Phế liệu sắt thép,7,2021,331900.95499999984,385043.0
Phế liệu sắt thép,8,2021,183632.537,405712.0
Phế liệu sắt thép,9,2021,157384.61599999992,381268.0
Phế liệu sắt thép,10,2021,180538.23600000003,449445.0
Phế liệu sắt thép,11,2021,223332.301,569716.0
Phế liệu sắt thép,12,2021,295739.4450000003,6339985.0
Sắt thép các loại,1,2021,841377.08,1025316.0
Sắt thép các loại,2,2021,724563.64,1427947.0
Sắt thép các loại,3,2021,1080070.54,1346670.0
Sắt thép các loại,4,2021,1087442.85,951530.0
Sắt thép các loại,5,2021,909824.27,1123380.0
Sắt thép các loại,6,2021,1143199.57,932657.0
Sắt thép các loại,7,2021,1008106.65,837053.0
Sắt thép các loại,8,2021,932967.26,819597.0
Sắt thép các loại,9,2021,942508.78,844048.0
Sắt thép các loại,10,2021,933914.1480000012,883298.0
Sắt thép các loại,11,2021,908952.9229999976,898443.0
Sắt thép các loại,12,2021,1010083.402,12313024.0
Sản phẩm từ sắt thép,1,2021,439914.125,
Sản phẩm từ sắt thép,2,2021,293550.005,
Sản phẩm từ sắt thép,3,2021,427526.863,
Sản phẩm từ sắt thép,4,2021,426295.0199999999,
Sản phẩm từ sắt thép,5,2021,462394.9730000001,
Sản phẩm từ sắt thép,6,2021,462904.43099999975,
Sản phẩm từ sắt thép,7,2021,499231.671,
Sản phẩm từ sắt thép,8,2021,437782.7370000001,
Sản phẩm từ sắt thép,9,2021,468132.8739999997,
Sản phẩm từ sắt thép,10,2021,420364.91399999976,
Sản phẩm từ sắt thép,11,2021,466119.7659999997,
Sản phẩm từ sắt thép,12,2021,457237.5090000004,
Kim loại thường khác,1,2021,715120.33,145139.0
Kim loại thường khác,2,2021,626227.76,203665.0
Kim loại thường khác,3,2021,820360.68,171785.0
Kim loại thường khác,4,2021,696182.08,185447.0
Kim loại thường khác,5,2021,788880.0,183439.0
Kim loại thường khác,6,2021,789184.75,172341.0
Kim loại thường khác,7,2021,721020.62,147320.0
Kim loại thường khác,8,2021,685591.98,144536.0
Kim loại thường khác,9,2021,668548.7,121729.0
Kim loại thường khác,10,2021,629753.56,137770.0
Kim loại thường khác,11,2021,687285.9660000004,160430.0
Kim loại thường khác,12,2021,783701.4629999999,1948478.0
Sản phẩm từ kim loại thường khác,1,2021,142523.999,
Sản phẩm từ kim loại thường khác,2,2021,108520.954,
Sản phẩm từ kim loại thường khác,3,2021,143062.88299999997,
Sản phẩm từ kim loại thường khác,4,2021,138442.32900000009,
Sản phẩm từ kim loại thường khác,5,2021,134005.8419999999,
Sản phẩm từ kim loại thường khác,6,2021,129942.04900000006,
Sản phẩm từ kim loại thường khác,7,2021,152955.641,
Sản phẩm từ kim loại thường khác,8,2021,162396.65599999967,
Sản phẩm từ kim loại thường khác,9,2021,141709.766,
Sản phẩm từ kim loại thường khác,10,2021,115226.422,
Sản phẩm từ kim loại thường khác,11,2021,156371.72299999994,
Sản phẩm từ kim loại thường khác,12,2021,148627.0649999999,
"Máy vi tính, sản phẩm điện tử & linh kiện",1,2021,5659342.348,
"Máy vi tính, sản phẩm điện tử & linh kiện",2,2021,4928322.4569999995,
"Máy vi tính, sản phẩm điện tử & linh kiện",3,2021,5959788.8889999995,
"Máy vi tính, sản phẩm điện tử & linh kiện",4,2021,5682041.074000002,
"Máy vi tính, sản phẩm điện tử & linh kiện",5,2021,5600668.112000001,
"Máy vi tính, sản phẩm điện tử & linh kiện",6,2021,5732327.739999999,
"Máy vi tính, sản phẩm điện tử & linh kiện",7,2021,6318405.411999998,
"Máy vi tính, sản phẩm điện tử & linh kiện",8,2021,6958272.179000002,
"Máy vi tính, sản phẩm điện tử & linh kiện",9,2021,6945129.402999994,
"Máy vi tính, sản phẩm điện tử & linh kiện",10,2021,6563729.465999995,
"Máy vi tính, sản phẩm điện tử & linh kiện",11,2021,7792064.488000003,
"Máy vi tính, sản phẩm điện tử & linh kiện",12,2021,7300459.020999995,
Hàng điện gia dụng và linh kiện,1,2021,198040.737,
Hàng điện gia dụng và linh kiện,2,2021,184416.501,
Hàng điện gia dụng và linh kiện,3,2021,261441.8369999999,
Hàng điện gia dụng và linh kiện,4,2021,246155.096,
Hàng điện gia dụng và linh kiện,5,2021,243287.54800000004,
Hàng điện gia dụng và linh kiện,6,2021,183371.84299999996,
Hàng điện gia dụng và linh kiện,7,2021,132471.27100000015,
Hàng điện gia dụng và linh kiện,8,2021,116619.4819999998,
Hàng điện gia dụng và linh kiện,9,2021,85679.12700000007,
Hàng điện gia dụng và linh kiện,10,2021,92075.824,
Hàng điện gia dụng và linh kiện,11,2021,152798.89899999995,
Hàng điện gia dụng và linh kiện,12,2021,211387.23900000015,
Điện thoại các loại và linh kiện,1,2021,2288085.421,
Điện thoại các loại và linh kiện,2,2021,1243917.8109999998,
Điện thoại các loại và linh kiện,3,2021,1279934.8509999998,
Điện thoại các loại và linh kiện,4,2021,1343579.1280000005,
Điện thoại các loại và linh kiện,5,2021,1416504.2570000002,
Điện thoại các loại và linh kiện,6,2021,1447033.5499999989,
Điện thoại các loại và linh kiện,7,2021,1691439.4060000014,
Điện thoại các loại và linh kiện,8,2021,1877295.817,
Điện thoại các loại và linh kiện,9,2021,2212634.6999999993,
Điện thoại các loại và linh kiện,10,2021,2013479.7010000013,
Điện thoại các loại và linh kiện,11,2021,2345842.05,
Điện thoại các loại và linh kiện,12,2021,2274955.4049999965,
Máy ảnh máy quay phim và linh kiện,1,2021,199452.786,
Máy ảnh máy quay phim và linh kiện,2,2021,116416.07499999998,
Máy ảnh máy quay phim và linh kiện,3,2021,165462.73000000007,
Máy ảnh máy quay phim và linh kiện,4,2021,192264.82999999993,
Máy ảnh máy quay phim và linh kiện,5,2021,165488.75199999995,
Máy ảnh máy quay phim và linh kiện,6,2021,158535.067,
Máy ảnh máy quay phim và linh kiện,7,2021,212193.317,
Máy ảnh máy quay phim và linh kiện,8,2021,165207.13899999994,
Máy ảnh máy quay phim và linh kiện,9,2021,180675.675,
Máy ảnh máy quay phim và linh kiện,10,2021,167711.81599999985,
Máy ảnh máy quay phim và linh kiện,11,2021,281361.1610000001,
Máy ảnh máy quay phim và linh kiện,12,2021,225788.0050000001,
"Máy móc, thiết bị, dụng cụ & phụ tùng",1,2021,3912428.075,
"Máy móc, thiết bị, dụng cụ & phụ tùng",2,2021,2901479.206,
"Máy móc, thiết bị, dụng cụ & phụ tùng",3,2021,4021512.235,
"Máy móc, thiết bị, dụng cụ & phụ tùng",4,2021,3915669.486999999,
"Máy móc, thiết bị, dụng cụ & phụ tùng",5,2021,4157187.054000001,
"Máy móc, thiết bị, dụng cụ & phụ tùng",6,2021,4003994.9640000006,
"Máy móc, thiết bị, dụng cụ & phụ tùng",7,2021,4261961.5409999965,
"Máy móc, thiết bị, dụng cụ & phụ tùng",8,2021,3989630.596,
"Máy móc, thiết bị, dụng cụ & phụ tùng",9,2021,3670836.215000002,
"Máy móc, thiết bị, dụng cụ & phụ tùng",10,2021,3557226.298999994,
"Máy móc, thiết bị, dụng cụ & phụ tùng",11,2021,3942551.013000003,
"Máy móc, thiết bị, dụng cụ & phụ tùng",12,2021,3961910.957999996,
Dây điện và dây cáp điện,1,2021,197350.466,
Dây điện và dây cáp điện,2,2021,145556.22400000002,
Dây điện và dây cáp điện,3,2021,215784.497,
Dây điện và dây cáp điện,4,2021,210376.066,
Dây điện và dây cáp điện,5,2021,194925.355,
Dây điện và dây cáp điện,6,2021,186199.60299999992,
Dây điện và dây cáp điện,7,2021,223937.15000000017,
Dây điện và dây cáp điện,8,2021,207756.9409999999,
Dây điện và dây cáp điện,9,2021,207357.2120000001,
Dây điện và dây cáp điện,10,2021,190792.61700000011,
Dây điện và dây cáp điện,11,2021,218256.8259999999,
Dây điện và dây cáp điện,12,2021,212606.54499999995,
Ô tô nguyên chiếc các loại (*),1,2021,212512.08,10024.0
Ô tô nguyên chiếc các loại (*),2,2021,210757.71,16993.0
Ô tô nguyên chiếc các loại (*),3,2021,387103.14,14801.0
Ô tô nguyên chiếc các loại (*),4,2021,310548.45,15575.0
Ô tô nguyên chiếc các loại (*),5,2021,380473.45,15432.0
Ô tô nguyên chiếc các loại (*),6,2021,336654.04,14357.0
Ô tô nguyên chiếc các loại (*),7,2021,288777.19,10177.0
Ô tô nguyên chiếc các loại (*),8,2021,224528.47400000013,8675.0
Ô tô nguyên chiếc các loại (*),9,2021,195003.3870000003,15356.0
Ô tô nguyên chiếc các loại (*),10,2021,348174.4850000001,15238.0
Ô tô nguyên chiếc các loại (*),11,2021,335051.76399999973,15064.0
Ô tô nguyên chiếc các loại (*),12,2021,427610.1480000003,160035.0
Ô tô 9 chỗ ngồi trở xuống,1,2021,101580.734,6984.0
Ô tô 9 chỗ ngồi trở xuống,2,2021,130719.791,10848.0
Ô tô 9 chỗ ngồi trở xuống,3,2021,194562.286,10331.0
Ô tô 9 chỗ ngồi trở xuống,4,2021,157258.95200000002,10264.0
Ô tô 9 chỗ ngồi trở xuống,5,2021,197111.03799999988,10411.0
Ô tô 9 chỗ ngồi trở xuống,6,2021,193107.86000000004,10795.0
Ô tô 9 chỗ ngồi trở xuống,7,2021,193359.48999999993,7519.0
Ô tô 9 chỗ ngồi trở xuống,8,2021,141273.85299999986,5927.0
Ô tô 9 chỗ ngồi trở xuống,9,2021,111734.27399999996,11747.0
Ô tô 9 chỗ ngồi trở xuống,10,2021,226776.8760000001,11164.0
Ô tô 9 chỗ ngồi trở xuống,11,2021,196140.65999999983,8535.0
Ô tô 9 chỗ ngồi trở xuống,12,2021,191174.719,109728.0
Ô tô trên 9 chỗ ngồi,1,2021,96.291,
Ô tô trên 9 chỗ ngồi,2,2021,,12.0
Ô tô trên 9 chỗ ngồi,3,2021,402.804,26.0
Ô tô trên 9 chỗ ngồi,4,2021,543.402,49.0
Ô tô trên 9 chỗ ngồi,5,2021,1651.0159999999998,68.0
Ô tô trên 9 chỗ ngồi,6,2021,2100.8540000000003,30.0
Ô tô trên 9 chỗ ngồi,7,2021,1005.3999999999996,9.0
Ô tô trên 9 chỗ ngồi,8,2021,139.40200000000004,9.0
Ô tô trên 9 chỗ ngồi,9,2021,267.96900000000005,57.0
Ô tô trên 9 chỗ ngồi,10,2021,1308.6390000000004,28.0
Ô tô trên 9 chỗ ngồi,11,2021,551.5889999999999,82.0
Ô tô trên 9 chỗ ngồi,12,2021,1699.6669999999997,373.0
Ô tô tải,1,2021,60625.715,2455.0
Ô tô tải,2,2021,55216.89,4767.0
Ô tô tải,3,2021,118402.221,2546.0
Ô tô tải,4,2021,65822.67099999999,3357.0
Ô tô tải,5,2021,87875.37800000006,3772.0
Ô tô tải,6,2021,88661.30900000004,2798.0
Ô tô tải,7,2021,59562.47899999995,2124.0
Ô tô tải,8,2021,49471.315000000075,1864.0
Ô tô tải,9,2021,38387.36300000003,2491.0
Ô tô tải,10,2021,64792.934999999954,2562.0
Ô tô tải,11,2021,66365.09200000008,3950.0
Ô tô tải,12,2021,122141.64000000004,34916.0
"Linh kiện, phụ tùng ô tô",1,2021,384784.472,
"Linh kiện, phụ tùng ô tô",2,2021,345467.20800000004,
"Linh kiện, phụ tùng ô tô",3,2021,491894.3089999999,
"Linh kiện, phụ tùng ô tô",4,2021,451628.59299999994,
"Linh kiện, phụ tùng ô tô",5,2021,481343.9070000002,
"Linh kiện, phụ tùng ô tô",6,2021,470156.545,
"Linh kiện, phụ tùng ô tô",7,2021,421738.6809999999,
"Linh kiện, phụ tùng ô tô",8,2021,329392.94200000033,
"Linh kiện, phụ tùng ô tô",9,2021,332057.5770000001,
"Linh kiện, phụ tùng ô tô",10,2021,366385.82100000005,
"Linh kiện, phụ tùng ô tô",11,2021,399033.3869999997,
"Linh kiện, phụ tùng ô tô",12,2021,447817.52999999985,
Xe máy và linh kiện,1,2021,73373.125,
Xe máy và linh kiện,2,2021,61197.253,
Xe máy và linh kiện,3,2021,86857.89300000001,
Xe máy và linh kiện,4,2021,81305.84700000001,
Xe máy và linh kiện,5,2021,78515.451,
Xe máy và linh kiện,6,2021,69212.12,
Xe máy và linh kiện,7,2021,53103.97999999998,
Xe máy và linh kiện,8,2021,40841.734999999986,
Xe máy và linh kiện,9,2021,35746.58999999997,
Xe máy và linh kiện,10,2021,43511.57200000005,
Xe máy và linh kiện,11,2021,72962.96600000001,
Xe máy và linh kiện,12,2021,74107.45900000003,
Phương tiện vận tải khác và phụ tùng,1,2021,108080.43,
Phương tiện vận tải khác và phụ tùng,2,2021,59985.42,
Phương tiện vận tải khác và phụ tùng,3,2021,69240.02,
Phương tiện vận tải khác và phụ tùng,4,2021,87699.45,
Phương tiện vận tải khác và phụ tùng,5,2021,134144.09,
Phương tiện vận tải khác và phụ tùng,6,2021,104755.0,
Phương tiện vận tải khác và phụ tùng,7,2021,122543.85,
Phương tiện vận tải khác và phụ tùng,8,2021,79474.86200000002,
Phương tiện vận tải khác và phụ tùng,9,2021,77231.95300000004,
Phương tiện vận tải khác và phụ tùng,10,2021,62542.1920000001,
Phương tiện vận tải khác và phụ tùng,11,2021,110134.15500000009,
Phương tiện vận tải khác và phụ tùng,12,2021,116010.72500000017,
Hàng hoá khác,1,2021,1520308.932,
Hàng hoá khác,2,2021,1192546.167,
Hàng hoá khác,3,2021,1566978.0040000002,
Hàng hoá khác,4,2021,1442448.3549999995,
Hàng hoá khác,5,2021,1544460.271000001,
Hàng hoá khác,6,2021,1408963.237999999,
Hàng hoá khác,7,2021,1461409.6690000007,
Hàng hoá khác,8,2021,1363368.171000001,
Hàng hoá khác,9,2021,1188701.2190000014,
Hàng hoá khác,10,2021,1228056.2879999997,
Hàng hoá khác,11,2021,1510161.7550000004,
Hàng hoá khác,12,2021,2172901.3459999985,
T/đó: Khu vực có vốn ĐTTTNN,1,2022,19479486.972,
T/đó: Khu vực có vốn ĐTTTNN,2,2022,17263882.743000004,
T/đó: Khu vực có vốn ĐTTTNN,3,2022,20944231.506,
T/đó: Khu vực có vốn ĐTTTNN,4,2022,21061425.02300001,
T/đó: Khu vực có vốn ĐTTTNN,5,2022,20674611.208000008,
T/đó: Khu vực có vốn ĐTTTNN,6,2022,20503729.878999997,
T/đó: Khu vực có vốn ĐTTTNN,7,2022,20332210.44999999,
T/đó: Khu vực có vốn ĐTTTNN,8,2022,20628248.912000004,
T/đó: Khu vực có vốn ĐTTTNN,9,2022,18756132.53200001,
T/đó: Khu vực có vốn ĐTTTNN,10,2022,18304456.782999996,
T/đó: Khu vực có vốn ĐTTTNN,11,2022,18111626.07200003,
T/đó: Khu vực có vốn ĐTTTNN,12,2022,17144550.914999995,
Hàng thủy sản,1,2022,177354.012,
Hàng thủy sản,2,2022,156967.978,
Hàng thủy sản,3,2022,210445.51,
Hàng thủy sản,4,2022,210707.85199999996,
Hàng thủy sản,5,2022,230771.23600000003,
Hàng thủy sản,6,2022,253107.027,
Hàng thủy sản,7,2022,300610.5050000001,
Hàng thủy sản,8,2022,300717.0809999998,
Hàng thủy sản,9,2022,200175.93800000008,
Hàng thủy sản,10,2022,225441.06000000008,
Hàng thủy sản,11,2022,229035.33499999996,
Hàng thủy sản,12,2022,225933.7370000002,
Sữa và sản phẩm sữa,1,2022,113358.396,
Sữa và sản phẩm sữa,2,2022,114307.683,
Sữa và sản phẩm sữa,3,2022,109732.001,
Sữa và sản phẩm sữa,4,2022,112381.674,
Sữa và sản phẩm sữa,5,2022,118592.74200000004,
Sữa và sản phẩm sữa,6,2022,136901.65399999992,
Sữa và sản phẩm sữa,7,2022,102047.00099999987,
Sữa và sản phẩm sữa,8,2022,106254.21200000009,
Sữa và sản phẩm sữa,9,2022,84815.67999999989,
Sữa và sản phẩm sữa,10,2022,76976.14300000011,
Sữa và sản phẩm sữa,11,2022,83105.79399999995,
Sữa và sản phẩm sữa,12,2022,94227.00900000003,
Hàng rau quả,1,2022,166691.504,
Hàng rau quả,2,2022,91771.88400000002,
Hàng rau quả,3,2022,143681.741,
Hàng rau quả,4,2022,148691.99899999998,
Hàng rau quả,5,2022,171521.02500000005,
Hàng rau quả,6,2022,161959.27999999994,
Hàng rau quả,7,2022,177540.48300000004,
Hàng rau quả,8,2022,196218.16500000007,
Hàng rau quả,9,2022,201368.40999999997,
Hàng rau quả,10,2022,214357.889,
Hàng rau quả,11,2022,204419.18100000013,
Hàng rau quả,12,2022,198984.63100000008,
Hạt điều,1,2022,95772.456,89126.0
Hạt điều,2,2022,142158.118,324455.0
Hạt điều,3,2022,497213.785,251119.0
Hạt điều,4,2022,367636.39599999983,175192.0
Hạt điều,5,2022,246765.956,247657.0
Hạt điều,6,2022,346197.684,186589.0
Hạt điều,7,2022,255738.74499999988,154248.0
Hạt điều,8,2022,201496.06800000032,137257.0
Hạt điều,9,2022,189326.70999999973,96558.0
Hạt điều,10,2022,127131.2129999998,74916.0
Hạt điều,11,2022,92297.90599999976,97825.0
Hạt điều,12,2022,116771.47499999987,1898973.0
Lúa mỳ,1,2022,115632.49,247492.0
Lúa mỳ,2,2022,94448.93,474795.0
Lúa mỳ,3,2022,174109.34,492749.0
Lúa mỳ,4,2022,188136.11,389870.0
Lúa mỳ,5,2022,147513.37,307426.0
Lúa mỳ,6,2022,114459.56,341102.0
Lúa mỳ,7,2022,141072.25,291425.0
Lúa mỳ,8,2022,116342.53,368341.0
Lúa mỳ,9,2022,156312.39,158070.0
Lúa mỳ,10,2022,67575.95000000001,306845.0
Lúa mỳ,11,2022,116983.08,218852.0
Lúa mỳ,12,2022,82489.15,3932302.0
Ngô,1,2022,340170.143,507276.0
Ngô,2,2022,164006.091,515845.0
Ngô,3,2022,173351.87999999995,483035.0
Ngô,4,2022,174106.74500000005,1024443.0
Ngô,5,2022,385302.999,953965.0
Ngô,6,2022,368784.6189999999,594998.0
Ngô,7,2022,225908.1999999999,713478.0
Ngô,8,2022,258861.82,809337.0
Ngô,9,2022,280001.03400000016,870301.0
Ngô,10,2022,283207.82500000036,868981.0
Ngô,11,2022,286475.5480000001,1162217.0
Ngô,12,2022,387612.1259999999,9568183.0
Đậu tương,1,2022,112931.94,187196.0
Đậu tương,2,2022,117188.02,151417.0
Đậu tương,3,2022,104054.56,201189.0
Đậu tương,4,2022,145507.93,190103.0
Đậu tương,5,2022,139092.88900000002,115710.0
Đậu tương,6,2022,85419.23500000004,198588.0
Đậu tương,7,2022,149808.03600000002,54077.0
Đậu tương,8,2022,40631.72199999995,114039.0
Đậu tương,9,2022,80071.13199999993,134011.0
Đậu tương,10,2022,91359.67400000006,103754.0
Đậu tương,11,2022,71799.85999999981,203009.0
Đậu tương,12,2022,137482.22500000003,1838655.0
Dầu mỡ động thực vật,1,2022,135338.051,
Dầu mỡ động thực vật,2,2022,65510.620999999985,
Dầu mỡ động thực vật,3,2022,113875.25999999998,
Dầu mỡ động thực vật,4,2022,145376.676,
Dầu mỡ động thực vật,5,2022,88541.29799999998,
Dầu mỡ động thực vật,6,2022,167550.0360000001,
Dầu mỡ động thực vật,7,2022,148017.54200000004,
Dầu mỡ động thực vật,8,2022,173312.18899999993,
Dầu mỡ động thực vật,9,2022,161151.67400000014,
Dầu mỡ động thực vật,10,2022,161496.47099999993,
Dầu mỡ động thực vật,11,2022,144181.781,
Dầu mỡ động thực vật,12,2022,160638.54600000012,
Bánh kẹo và các sản phẩm từ ngũ cốc,1,2022,44288.103,
Bánh kẹo và các sản phẩm từ ngũ cốc,2,2022,33791.626000000004,
Bánh kẹo và các sản phẩm từ ngũ cốc,3,2022,36668.55099999999,
Bánh kẹo và các sản phẩm từ ngũ cốc,4,2022,39118.06700000001,
Bánh kẹo và các sản phẩm từ ngũ cốc,5,2022,42251.72499999998,
Bánh kẹo và các sản phẩm từ ngũ cốc,6,2022,43631.822000000015,
Bánh kẹo và các sản phẩm từ ngũ cốc,7,2022,43003.764999999985,
Bánh kẹo và các sản phẩm từ ngũ cốc,8,2022,51090.23700000007,
Bánh kẹo và các sản phẩm từ ngũ cốc,9,2022,54335.20799999997,
Bánh kẹo và các sản phẩm từ ngũ cốc,10,2022,66155.30599999991,
Bánh kẹo và các sản phẩm từ ngũ cốc,11,2022,70883.91900000004,
Bánh kẹo và các sản phẩm từ ngũ cốc,12,2022,64368.00300000001,
Chế phẩm thực phẩm khỏc,1,2022,105470.041,
Chế phẩm thực phẩm khỏc,2,2022,105567.139,
Chế phẩm thực phẩm khỏc,3,2022,114922.648,
Chế phẩm thực phẩm khỏc,4,2022,107704.609,
Chế phẩm thực phẩm khỏc,5,2022,127484.14900000003,
Chế phẩm thực phẩm khỏc,6,2022,122778.59399999998,
Chế phẩm thực phẩm khỏc,7,2022,123205.78500000008,
Chế phẩm thực phẩm khỏc,8,2022,134491.71599999996,
Chế phẩm thực phẩm khỏc,9,2022,110288.3329999998,
Chế phẩm thực phẩm khỏc,10,2022,106498.47399999989,
Chế phẩm thực phẩm khỏc,11,2022,83880.37600000005,
Chế phẩm thực phẩm khỏc,12,2022,95883.151,
Thức ăn gia súc và nguyên liệu,1,2022,351827.0,
Thức ăn gia súc và nguyên liệu,2,2022,276033.69,
Thức ăn gia súc và nguyên liệu,3,2022,412669.0,
Thức ăn gia súc và nguyên liệu,4,2022,393690.06,
Thức ăn gia súc và nguyên liệu,5,2022,606884.0,
Thức ăn gia súc và nguyên liệu,6,2022,575832.69,
Thức ăn gia súc và nguyên liệu,7,2022,461078.78,
Thức ăn gia súc và nguyên liệu,8,2022,572006.35,
Thức ăn gia súc và nguyên liệu,9,2022,433054.91,
Thức ăn gia súc và nguyên liệu,10,2022,423601.86,
Thức ăn gia súc và nguyên liệu,11,2022,508343.18699999945,
Thức ăn gia súc và nguyên liệu,12,2022,584118.5919999997,
Nguyên phụ liệu thuốc lá,1,2022,8054.48,
Nguyên phụ liệu thuốc lá,2,2022,15176.31,
Nguyên phụ liệu thuốc lá,3,2022,19796.07,
Nguyên phụ liệu thuốc lá,4,2022,34615.41,
Nguyên phụ liệu thuốc lá,5,2022,39912.53999999999,
Nguyên phụ liệu thuốc lá,6,2022,43899.875000000015,
Nguyên phụ liệu thuốc lá,7,2022,36220.686999999976,
Nguyên phụ liệu thuốc lá,8,2022,33037.003000000026,
Nguyên phụ liệu thuốc lá,9,2022,28730.14899999998,
Nguyên phụ liệu thuốc lá,10,2022,37056.16400000005,
Nguyên phụ liệu thuốc lá,11,2022,27286.109,
Nguyên phụ liệu thuốc lá,12,2022,53176.33499999998,
Quặng và khoáng sản khác,1,2022,209840.828,1622542.0
Quặng và khoáng sản khác,2,2022,228699.116,2625638.0
Quặng và khoáng sản khác,3,2022,377467.287,1711025.0
Quặng và khoáng sản khác,4,2022,248141.0059999999,2365043.0
Quặng và khoáng sản khác,5,2022,351554.29200000025,2381378.0
Quặng và khoáng sản khác,6,2022,305146.546,1572380.0
Quặng và khoáng sản khác,7,2022,220976.05399999977,1539198.0
Quặng và khoáng sản khác,8,2022,149472.56600000008,1440490.0
Quặng và khoáng sản khác,9,2022,157345.13599999968,1553246.0
Quặng và khoáng sản khác,10,2022,160293.04300000027,1085844.0
Quặng và khoáng sản khác,11,2022,105080.37300000034,987089.0
Quặng và khoáng sản khác,12,2022,99972.18200000023,20771671.0
Than đá,1,2022,428786.08,2047258.0
Than đá,2,2022,430518.29,2543892.0
Than đá,3,2022,624298.78,2981673.0
Than đá,4,2022,908551.42,2927409.0
Than đá,5,2022,762526.23,4449864.0
Than đá,6,2022,1165326.62,2757479.0
Than đá,7,2022,672079.74,2792314.0
Than đá,8,2022,505298.43,2057782.0
Than đá,9,2022,301814.7970000001,2362330.0
Than đá,10,2022,422247.2089999996,2337538.0
Than đá,11,2022,428469.3109999996,2877248.0
Than đá,12,2022,514299.88699999993,31973881.0
Dầu thô,1,2022,392845.698,348502.57
Dầu thô,2,2022,194101.04099999997,841399.97
Dầu thô,3,2022,632206.3340000001,896389.94
Dầu thô,4,2022,893726.6479999997,935879.94
Dầu thô,5,2022,456534.87400000053,715265.66
Dầu thô,6,2022,703910.7349999995,755817.35
Dầu thô,7,2022,604586.8190000003,1364098.71
Dầu thô,8,2022,1031354.4610000004,1115165.85
Dầu thô,9,2022,827345.1480000002,633122.12
Dầu thô,10,2022,606063.9770000001,1158378.0
Dầu thô,11,2022,838040.5609999999,961206.0
Dầu thô,12,2022,629745.3520000001,10202348.0
Xăng dầu các loại,1,2022,451378.65,738569.0
Xăng dầu các loại,2,2022,637225.49,1305930.0
Xăng dầu các loại,3,2022,1357467.46,765105.0
Xăng dầu các loại,4,2022,849007.83,765916.0
Xăng dầu các loại,5,2022,905429.9,617589.0
Xăng dầu các loại,6,2022,821773.18,630436.0
Xăng dầu các loại,7,2022,704146.64,465307.0
Xăng dầu các loại,8,2022,478595.16,623653.0
Xăng dầu các loại,9,2022,628067.69,592277.0
Xăng dầu các loại,10,2022,540498.72,776577.0
Xăng dầu các loại,11,2022,749132.4800000001,980996.0
Xăng dầu các loại,12,2022,846153.36,8874959.0
Xăng,1,2022,32252.451,96148.0
Xăng,2,2022,95951.969,429108.0
Xăng,3,2022,491108.041,153565.0
Xăng,4,2022,178151.33299999998,113083.0
Xăng,5,2022,151202.54500000004,50011.0
Xăng,6,2022,78311.19199999991,110423.0
Xăng,7,2022,118999.45800000022,77464.0
Xăng,8,2022,83715.04799999994,147805.0
Xăng,9,2022,139667.54999999993,163447.0
Xăng,10,2022,133703.97700000007,307149.0
Xăng,11,2022,276994.4520000003,256956.0
Xăng,12,2022,205200.53199999977,1944200.0
Dầu DO,1,2022,298627.995,484828.0
Dầu DO,2,2022,413641.657,675269.0
Dầu DO,3,2022,668802.8899999999,458007.0
Dầu DO,4,2022,521929.38100000005,455920.0
Dầu DO,5,2022,544738.9050000003,388817.0
Dầu DO,6,2022,513561.3879999998,292899.0
Dầu DO,7,2022,344965.9210000001,229874.0
Dầu DO,8,2022,236065.57700000005,330585.0
Dầu DO,9,2022,351835.0179999997,240290.0
Dầu DO,10,2022,251926.42200000025,319746.0
Dầu DO,11,2022,342656.30200000014,534773.0
Dầu DO,12,2022,491439.3479999993,4809795.0
Dầu FO,1,2022,42471.474,56002.0
Dầu FO,2,2022,38653.922999999995,77207.0
Dầu FO,3,2022,58358.60500000001,53434.0
Dầu FO,4,2022,43910.997,49762.0
Dầu FO,5,2022,41695.40599999999,22154.0
Dầu FO,6,2022,20863.728999999992,48806.0
Dầu FO,7,2022,38290.98000000001,19262.0
Dầu FO,8,2022,11865.579000000029,30374.0
Dầu FO,9,2022,15934.936999999976,64069.0
Dầu FO,10,2022,32412.29099999994,51618.0
Dầu FO,11,2022,25431.339000000007,57247.0
Dầu FO,12,2022,26029.06099999996,605616.0
Nhiên liệu bay,1,2022,78025.635,95360.0
Nhiên liệu bay,2,2022,83503.797,124346.0
Nhiên liệu bay,3,2022,139156.69299999997,93177.0
Nhiên liệu bay,4,2022,97013.09000000004,147149.0
Nhiên liệu bay,5,2022,167787.45,143942.0
Nhiên liệu bay,6,2022,192939.7319999999,154378.0
Nhiên liệu bay,7,2022,175776.80600000016,138716.0
Nhiên liệu bay,8,2022,147636.37199999992,114890.0
Nhiên liệu bay,9,2022,120630.19100000012,117905.0
Nhiên liệu bay,10,2022,116803.08599999992,99359.0
Nhiên liệu bay,11,2022,99727.97500000012,131092.0
Nhiên liệu bay,12,2022,123125.92200000004,1459406.0
Khí đốt hóa lỏng,1,2022,110617.166,46457.0
Khí đốt hóa lỏng,2,2022,41828.18900000001,136605.0
Khí đốt hóa lỏng,3,2022,132057.89699999997,202725.0
Khí đốt hóa lỏng,4,2022,202276.40100000004,177291.0
Khí đốt hóa lỏng,5,2022,154576.15699999998,94413.0
Khí đốt hóa lỏng,6,2022,78000.81999999995,134743.0
Khí đốt hóa lỏng,7,2022,109829.96099999998,243483.0
Khí đốt hóa lỏng,8,2022,176401.062,237977.0
Khí đốt hóa lỏng,9,2022,161322.069,216708.0
Khí đốt hóa lỏng,10,2022,139768.83800000008,155542.0
Khí đốt hóa lỏng,11,2022,105545.82500000008,178217.0
Khí đốt hóa lỏng,12,2022,126230.50000000007,1965257.0
Sản phẩm khác từ dầu mỏ,1,2022,116344.909,
Sản phẩm khác từ dầu mỏ,2,2022,112775.315,
Sản phẩm khác từ dầu mỏ,3,2022,140311.88900000002,
Sản phẩm khác từ dầu mỏ,4,2022,118783.978,
Sản phẩm khác từ dầu mỏ,5,2022,138633.64599999995,
Sản phẩm khác từ dầu mỏ,6,2022,129852.83000000006,
Sản phẩm khác từ dầu mỏ,7,2022,138222.7209999999,
Sản phẩm khác từ dầu mỏ,8,2022,135602.9450000001,
Sản phẩm khác từ dầu mỏ,9,2022,108749.44599999998,
Sản phẩm khác từ dầu mỏ,10,2022,100591.05300000006,
Sản phẩm khác từ dầu mỏ,11,2022,140339.4879999999,
Sản phẩm khác từ dầu mỏ,12,2022,207113.70500000007,
Hóa chất,1,2022,763818.48,
Hóa chất,2,2022,705984.89,
Hóa chất,3,2022,871997.65,
Hóa chất,4,2022,909891.52,
Hóa chất,5,2022,924289.89,
Hóa chất,6,2022,926633.24,
Hóa chất,7,2022,842935.47,
Hóa chất,8,2022,713951.15,
Hóa chất,9,2022,593879.2729999996,
Hóa chất,10,2022,635012.9640000002,
Hóa chất,11,2022,648614.8559999992,
Hóa chất,12,2022,607855.8980000005,
Sản phẩm từ hóa chất,1,2022,746889.193,
Sản phẩm từ hóa chất,2,2022,659211.845,
Sản phẩm từ hóa chất,3,2022,845883.4490000003,
Sản phẩm từ hóa chất,4,2022,730906.2410000002,
Sản phẩm từ hóa chất,5,2022,763329.4719999998,
Sản phẩm từ hóa chất,6,2022,747770.933,
Sản phẩm từ hóa chất,7,2022,780750.8489999992,
Sản phẩm từ hóa chất,8,2022,764539.1689999995,
Sản phẩm từ hóa chất,9,2022,683950.8539999998,
Sản phẩm từ hóa chất,10,2022,701257.9100000008,
Sản phẩm từ hóa chất,11,2022,663771.8099999991,
Sản phẩm từ hóa chất,12,2022,659445.304,
Nguyên phụ liệu dược phẩm,1,2022,28951.598,
Nguyên phụ liệu dược phẩm,2,2022,21470.546,
Nguyên phụ liệu dược phẩm,3,2022,35478.496,
Nguyên phụ liệu dược phẩm,4,2022,37104.481,
Nguyên phụ liệu dược phẩm,5,2022,40802.509999999995,
Nguyên phụ liệu dược phẩm,6,2022,52937.028000000035,
Nguyên phụ liệu dược phẩm,7,2022,37112.80499999998,
Nguyên phụ liệu dược phẩm,8,2022,37427.79599999997,
Nguyên phụ liệu dược phẩm,9,2022,33383.32099999998,
Nguyên phụ liệu dược phẩm,10,2022,42593.44099999998,
Nguyên phụ liệu dược phẩm,11,2022,41144.01699999998,
Nguyên phụ liệu dược phẩm,12,2022,52200.238,
Dược phẩm,1,2022,238586.287,
Dược phẩm,2,2022,286065.044,
Dược phẩm,3,2022,333668.49,
Dược phẩm,4,2022,267903.15800000005,
Dược phẩm,5,2022,308969.40299999993,
Dược phẩm,6,2022,278266.84400000004,
Dược phẩm,7,2022,222323.5319999999,
Dược phẩm,8,2022,233883.76500000013,
Dược phẩm,9,2022,262777.31799999997,
Dược phẩm,10,2022,297192.4500000002,
Dược phẩm,11,2022,308596.6339999996,
Dược phẩm,12,2022,505269.598,
Phân bón các loại,1,2022,153608.28,271787.0
Phân bón các loại,2,2022,132166.47,334021.0
Phân bón các loại,3,2022,155558.98,322037.0
Phân bón các loại,4,2022,154042.41,295303.0
Phân bón các loại,5,2022,141651.27,233695.0
Phân bón các loại,6,2022,109681.52500000004,166332.0
Phân bón các loại,7,2022,64346.1669999999,245939.0
Phân bón các loại,8,2022,112597.09400000008,257861.0
Phân bón các loại,9,2022,123355.43900000004,322020.0
Phân bón các loại,10,2022,154265.26000000004,330569.0
Phân bón các loại,11,2022,161004.48099999994,290124.0
Phân bón các loại,12,2022,155459.9840000002,3392419.0
Phân U rê,1,2022,5312.887,2663.0
Phân U rê,2,2022,1148.96,26020.0
Phân U rê,3,2022,16612.342,28702.0
Phân U rê,4,2022,18481.195,2634.0
Phân U rê,5,2022,1997.552999999998,10563.0
Phân U rê,6,2022,6755.595,4427.0
Phân U rê,7,2022,2645.287999999998,16346.0
Phân U rê,8,2022,9655.741999999998,997.0
Phân U rê,9,2022,507.45900000000074,210.0
Phân U rê,10,2022,131.6750000000011,3216.0
Phân U rê,11,2022,1836.9029999999968,80.0
Phân U rê,12,2022,52.57999999999265,103101.0
Phân NPK,1,2022,15969.805,22693.0
Phân NPK,2,2022,13617.802,37780.0
Phân NPK,3,2022,24349.916000000005,34856.0
Phân NPK,4,2022,21603.265999999996,40739.0
Phân NPK,5,2022,27487.859999999993,18077.0
Phân NPK,6,2022,12820.411999999991,18849.0
Phân NPK,7,2022,14415.517999999993,28541.0
Phân NPK,8,2022,20085.14100000004,18786.0
Phân NPK,9,2022,12768.900999999994,8278.0
Phân NPK,10,2022,6167.54700000001,2670.0
Phân NPK,11,2022,2212.7509999999784,17420.0
Phân NPK,12,2022,12648.930999999991,275665.0
Phân DAP,1,2022,10216.909,28015.0
Phân DAP,2,2022,23172.354,34250.0
Phân DAP,3,2022,28270.149,19966.0
Phân DAP,4,2022,17304.993000000002,10330.0
Phân DAP,5,2022,9260.713000000003,9854.0
Phân DAP,6,2022,8593.266999999993,611.0
Phân DAP,7,2022,-300.93799999999464,11019.0
Phân DAP,8,2022,10425.710000000006,52181.0
Phân DAP,9,2022,47298.498,76598.0
Phân DAP,10,2022,62314.45300000002,29125.0
Phân DAP,11,2022,24201.217999999964,88888.0
Phân DAP,12,2022,66969.58400000002,376140.0
Phân SA,1,2022,35210.745,76975.0
Phân SA,2,2022,26312.117999999995,130756.0
Phân SA,3,2022,38771.83699999999,117304.0
Phân SA,4,2022,37412.56000000002,114774.0
Phân SA,5,2022,39989.35199999998,90398.0
Phân SA,6,2022,30563.964,76692.0
Phân SA,7,2022,23896.82799999999,93099.0
Phân SA,8,2022,23700.17899999999,100426.0
Phân SA,9,2022,25233.62999999999,112618.0
Phân SA,10,2022,27684.118,94235.0
Phân SA,11,2022,22771.12099999997,46853.0
Phân SA,12,2022,11356.433999999994,1147549.0
Phân Kali,1,2022,62634.284,79755.0
Phân Kali,2,2022,46489.026,47545.0
Phân Kali,3,2022,31046.86900000001,47756.0
Phân Kali,4,2022,30674.285999999993,29787.0
Phân Kali,5,2022,22003.592999999993,26304.0
Phân Kali,6,2022,20426.380000000005,4702.0
Phân Kali,7,2022,3548.0770000000193,36817.0
Phân Kali,8,2022,30786.271999999997,26270.0
Phân Kali,9,2022,16613.44099999999,25272.0
Phân Kali,10,2022,14450.088999999978,99607.0
Phân Kali,11,2022,66866.16,51016.0
Phân Kali,12,2022,29252.195000000007,580356.0
"Chất thơm, mỹ phẩm và chế phẩm vệ sinh",1,2022,85934.428,
"Chất thơm, mỹ phẩm và chế phẩm vệ sinh",2,2022,72694.795,
"Chất thơm, mỹ phẩm và chế phẩm vệ sinh",3,2022,99506.984,
"Chất thơm, mỹ phẩm và chế phẩm vệ sinh",4,2022,84331.33100000002,
"Chất thơm, mỹ phẩm và chế phẩm vệ sinh",5,2022,103571.47,
"Chất thơm, mỹ phẩm và chế phẩm vệ sinh",6,2022,100360.533,
"Chất thơm, mỹ phẩm và chế phẩm vệ sinh",7,2022,93679.45500000005,
"Chất thơm, mỹ phẩm và chế phẩm vệ sinh",8,2022,105442.58899999988,
"Chất thơm, mỹ phẩm và chế phẩm vệ sinh",9,2022,108069.714,
"Chất thơm, mỹ phẩm và chế phẩm vệ sinh",10,2022,104553.42899999996,
"Chất thơm, mỹ phẩm và chế phẩm vệ sinh",11,2022,105458.957,
"Chất thơm, mỹ phẩm và chế phẩm vệ sinh",12,2022,105514.10299999996,
Thuốc trừ sâu và nguyên liệu,1,2022,89968.885,
Thuốc trừ sâu và nguyên liệu,2,2022,62811.79300000002,
Thuốc trừ sâu và nguyên liệu,3,2022,73642.79799999997,
Thuốc trừ sâu và nguyên liệu,4,2022,72667.43100000006,
Thuốc trừ sâu và nguyên liệu,5,2022,93198.774,
Thuốc trừ sâu và nguyên liệu,6,2022,112506.18300000003,
Thuốc trừ sâu và nguyên liệu,7,2022,95473.50299999998,
Thuốc trừ sâu và nguyên liệu,8,2022,90839.28899999996,
Thuốc trừ sâu và nguyên liệu,9,2022,67140.97200000002,
Thuốc trừ sâu và nguyên liệu,10,2022,79797.37299999998,
Thuốc trừ sâu và nguyên liệu,11,2022,77367.9669999999,
Thuốc trừ sâu và nguyên liệu,12,2022,58218.655999999915,
Chất dẻo nguyên liệu,1,2022,1018394.852,618806.0
Chất dẻo nguyên liệu,2,2022,1079646.793,685564.0
Chất dẻo nguyên liệu,3,2022,1224397.841,601417.0
Chất dẻo nguyên liệu,4,2022,1120986.9049999998,612390.0
Chất dẻo nguyên liệu,5,2022,1181649.906000001,599748.0
Chất dẻo nguyên liệu,6,2022,1132829.1200000006,627276.0
Chất dẻo nguyên liệu,7,2022,1133669.4689999982,571439.0
Chất dẻo nguyên liệu,8,2022,1000818.7070000004,578639.0
Chất dẻo nguyên liệu,9,2022,920522.0619999984,601860.0
Chất dẻo nguyên liệu,10,2022,912992.1460000012,593177.0
Chất dẻo nguyên liệu,11,2022,938197.1109999992,460014.0
Chất dẻo nguyên liệu,12,2022,723275.9059999986,7116929.0
Sản phẩm từ chất dẻo,1,2022,702206.35,
Sản phẩm từ chất dẻo,2,2022,551257.1749999999,
Sản phẩm từ chất dẻo,3,2022,646957.9690000002,
Sản phẩm từ chất dẻo,4,2022,727124.9690000002,
Sản phẩm từ chất dẻo,5,2022,758530.715,
Sản phẩm từ chất dẻo,6,2022,785298.8170000004,
Sản phẩm từ chất dẻo,7,2022,726686.4450000004,
Sản phẩm từ chất dẻo,8,2022,691786.5489999998,
Sản phẩm từ chất dẻo,9,2022,630294.4059999996,
Sản phẩm từ chất dẻo,10,2022,632362.2120000004,
Sản phẩm từ chất dẻo,11,2022,656804.2140000007,
Sản phẩm từ chất dẻo,12,2022,610366.1449999997,
Cao su,1,2022,365470.253,198299.0
Cao su,2,2022,284282.532,155882.0
Cao su,3,2022,251600.37,143395.0
Cao su,4,2022,230230.03600000008,179070.0
Cao su,5,2022,274176.8119999999,183633.0
Cao su,6,2022,281010.078,166272.0
Cao su,7,2022,255088.38899999997,184670.0
Cao su,8,2022,272095.12399999995,161217.0
Cao su,9,2022,225509.40800000005,160629.0
Cao su,10,2022,226896.42599999977,215030.0
Cao su,11,2022,237825.28400000068,209396.0
Cao su,12,2022,247606.3069999998,2230080.0
Sản phẩm từ cao su,1,2022,93078.726,
Sản phẩm từ cao su,2,2022,67688.321,
Sản phẩm từ cao su,3,2022,86061.18600000002,
Sản phẩm từ cao su,4,2022,90076.56699999998,
Sản phẩm từ cao su,5,2022,98293.414,
Sản phẩm từ cao su,6,2022,96614.52999999996,
Sản phẩm từ cao su,7,2022,90597.25299999995,
Sản phẩm từ cao su,8,2022,90509.28299999997,
Sản phẩm từ cao su,9,2022,88654.98800000013,
Sản phẩm từ cao su,10,2022,84339.65599999996,
Sản phẩm từ cao su,11,2022,88625.36800000002,
Sản phẩm từ cao su,12,2022,84512.88200000022,
Gỗ và sản phẩm gỗ,1,2022,250141.378,
Gỗ và sản phẩm gỗ,2,2022,191500.309,
Gỗ và sản phẩm gỗ,3,2022,236851.8509999999,
Gỗ và sản phẩm gỗ,4,2022,273628.4580000001,
Gỗ và sản phẩm gỗ,5,2022,320977.9809999999,
Gỗ và sản phẩm gỗ,6,2022,303452.75099999993,
Gỗ và sản phẩm gỗ,7,2022,285396.9940000002,
Gỗ và sản phẩm gỗ,8,2022,284679.7459999998,
Gỗ và sản phẩm gỗ,9,2022,229938.05800000025,
Gỗ và sản phẩm gỗ,10,2022,222400.62599999973,
Gỗ và sản phẩm gỗ,11,2022,223117.30800000025,
Gỗ và sản phẩm gỗ,12,2022,206726.2050000001,
Giấy các loại,1,2022,171477.055,176205.0
Giấy các loại,2,2022,171709.849,204758.0
Giấy các loại,3,2022,198884.04599999997,197608.0
Giấy các loại,4,2022,196015.6950000001,207881.0
Giấy các loại,5,2022,212030.38300000003,203029.0
Giấy các loại,6,2022,213444.20700000005,180698.0
Giấy các loại,7,2022,187506.3639999999,179434.0
Giấy các loại,8,2022,185757.31400000013,150405.0
Giấy các loại,9,2022,156314.57099999988,154789.0
Giấy các loại,10,2022,157182.0669999997,167755.0
Giấy các loại,11,2022,164966.80800000008,164700.0
Giấy các loại,12,2022,160746.92799999972,2163774.0
Sản phẩm từ giấy,1,2022,85763.153,
Sản phẩm từ giấy,2,2022,56854.836999999985,
Sản phẩm từ giấy,3,2022,74465.99700000002,
Sản phẩm từ giấy,4,2022,95661.41899999998,
Sản phẩm từ giấy,5,2022,91238.081,
Sản phẩm từ giấy,6,2022,81422.40599999994,
Sản phẩm từ giấy,7,2022,79268.874,
Sản phẩm từ giấy,8,2022,81897.95100000004,
Sản phẩm từ giấy,9,2022,89140.69800000002,
Sản phẩm từ giấy,10,2022,77575.46400000008,
Sản phẩm từ giấy,11,2022,78483.87800000007,
Sản phẩm từ giấy,12,2022,70449.47600000007,
Bông các loại,1,2022,315483.947,119506.0
Bông các loại,2,2022,304273.641,122264.0
Bông các loại,3,2022,329915.7639999999,96743.0
Bông các loại,4,2022,270052.94899999996,120953.0
Bông các loại,5,2022,339290.3819999999,93775.0
Bông các loại,6,2022,272534.81399999995,104884.0
Bông các loại,7,2022,310597.4279999998,133805.0
Bông các loại,8,2022,406948.4540000003,141551.0
Bông các loại,9,2022,427380.7329999999,140193.0
Bông các loại,10,2022,413192.8199999998,133175.0
Bông các loại,11,2022,379882.631,101142.0
Bông các loại,12,2022,260543.99200000003,1435654.0
"Xơ, sợi dệt các loại",1,2022,232316.786,80824.0
"Xơ, sợi dệt các loại",2,2022,201086.274,100561.0
"Xơ, sợi dệt các loại",3,2022,246376.41100000005,83563.0
"Xơ, sợi dệt các loại",4,2022,223485.64,102252.0
"Xơ, sợi dệt các loại",5,2022,258430.13699999984,91661.0
"Xơ, sợi dệt các loại",6,2022,246386.39900000015,91278.0
"Xơ, sợi dệt các loại",7,2022,237540.85299999983,89489.0
"Xơ, sợi dệt các loại",8,2022,213735.03100000005,74467.0
"Xơ, sợi dệt các loại",9,2022,180629.25900000005,73362.0
"Xơ, sợi dệt các loại",10,2022,165763.77300000002,82915.0
"Xơ, sợi dệt các loại",11,2022,174729.71799999985,82042.0
"Xơ, sợi dệt các loại",12,2022,165960.16800000003,1045780.0
Vải các loại,1,2022,1392142.749,
Vải các loại,2,2022,945822.586,
Vải các loại,3,2022,1260521.0049999997,
Vải các loại,4,2022,1449555.5949999995,
Vải các loại,5,2022,1598110.9970000002,
Vải các loại,6,2022,1304745.5039999995,
Vải các loại,7,2022,1157940.831000001,
Vải các loại,8,2022,1204310.3669999994,
Vải các loại,9,2022,1129857.2480000004,
Vải các loại,10,2022,1062653.0400000017,
Vải các loại,11,2022,1160812.1060000013,
Vải các loại,12,2022,1040251.417,
"Nguyên phụ liệu dệt, may, da giày",1,2022,563910.545,
"Nguyên phụ liệu dệt, may, da giày",2,2022,443518.9989999999,
"Nguyên phụ liệu dệt, may, da giày",3,2022,576943.2720000002,
"Nguyên phụ liệu dệt, may, da giày",4,2022,684313.0219999998,
"Nguyên phụ liệu dệt, may, da giày",5,2022,673079.9020000001,
"Nguyên phụ liệu dệt, may, da giày",6,2022,580191.1039999997,
"Nguyên phụ liệu dệt, may, da giày",7,2022,545539.1529999998,
"Nguyên phụ liệu dệt, may, da giày",8,2022,573418.151,
"Nguyên phụ liệu dệt, may, da giày",9,2022,595652.2940000001,
"Nguyên phụ liệu dệt, may, da giày",10,2022,488744.7200000001,
"Nguyên phụ liệu dệt, may, da giày",11,2022,493393.1720000006,
"Nguyên phụ liệu dệt, may, da giày",12,2022,453162.97300000046,
Thủy tinh và các sản phẩm từ thủy tinh,1,2022,131024.618,
Thủy tinh và các sản phẩm từ thủy tinh,2,2022,92012.512,
Thủy tinh và các sản phẩm từ thủy tinh,3,2022,115455.54099999998,
Thủy tinh và các sản phẩm từ thủy tinh,4,2022,125099.18800000004,
Thủy tinh và các sản phẩm từ thủy tinh,5,2022,134127.80399999995,
Thủy tinh và các sản phẩm từ thủy tinh,6,2022,161366.78100000013,
Thủy tinh và các sản phẩm từ thủy tinh,7,2022,163354.49299999996,
Thủy tinh và các sản phẩm từ thủy tinh,8,2022,158536.6789999997,
Thủy tinh và các sản phẩm từ thủy tinh,9,2022,120123.56799999993,
Thủy tinh và các sản phẩm từ thủy tinh,10,2022,129836.54500000011,
Thủy tinh và các sản phẩm từ thủy tinh,11,2022,121382.11199999992,
Thủy tinh và các sản phẩm từ thủy tinh,12,2022,127965.138,
"Đá quý, kim loại quý và sản phẩm",1,2022,89343.195,
"Đá quý, kim loại quý và sản phẩm",2,2022,99506.259,
"Đá quý, kim loại quý và sản phẩm",3,2022,123772.899,
"Đá quý, kim loại quý và sản phẩm",4,2022,129763.095,
"Đá quý, kim loại quý và sản phẩm",5,2022,125164.25100000008,
"Đá quý, kim loại quý và sản phẩm",6,2022,94597.54400000002,
"Đá quý, kim loại quý và sản phẩm",7,2022,110251.955,
"Đá quý, kim loại quý và sản phẩm",8,2022,106197.0970000001,
"Đá quý, kim loại quý và sản phẩm",9,2022,115469.982,
"Đá quý, kim loại quý và sản phẩm",10,2022,101197.22799999992,
"Đá quý, kim loại quý và sản phẩm",11,2022,93131.36200000024,
"Đá quý, kim loại quý và sản phẩm",12,2022,85815.33399999983,
Phế liệu sắt thép,1,2022,91132.62,339300.0
Phế liệu sắt thép,2,2022,155339.471,375482.0
Phế liệu sắt thép,3,2022,155970.98400000003,465535.0
Phế liệu sắt thép,4,2022,262908.5319999999,619315.0
Phế liệu sắt thép,5,2022,312614.54800000007,558665.0
Phế liệu sắt thép,6,2022,302348.52899999986,216416.0
Phế liệu sắt thép,7,2022,90657.94800000012,329914.0
Phế liệu sắt thép,8,2022,142084.99500000014,328362.0
Phế liệu sắt thép,9,2022,116285.58699999984,302615.0
Phế liệu sắt thép,10,2022,120401.15400000013,245856.0
Phế liệu sắt thép,11,2022,97933.06199999996,206380.0
Phế liệu sắt thép,12,2022,78050.09300000014,4164780.0
Sắt thép các loại,1,2022,1073230.658,895944.0
Sắt thép các loại,2,2022,937357.274,1098305.0
Sắt thép các loại,3,2022,1133910.7370000004,960663.0
Sắt thép các loại,4,2022,1036513.8959999996,1280439.0
Sắt thép các loại,5,2022,1408463.1649999998,1239161.0
Sắt thép các loại,6,2022,1383036.062999999,909609.0
Sắt thép các loại,7,2022,1033008.7430000004,784562.0
Sắt thép các loại,8,2022,847712.3269999996,743456.0
Sắt thép các loại,9,2022,711739.0309999995,831044.0
Sắt thép các loại,10,2022,730686.7520000003,969674.0
Sắt thép các loại,11,2022,812050.1789999995,947585.0
Sắt thép các loại,12,2022,812470.5320000015,11679503.0
Sản phẩm từ sắt thép,1,2022,435178.306,
Sản phẩm từ sắt thép,2,2022,336787.458,
Sản phẩm từ sắt thép,3,2022,392225.2949999999,
Sản phẩm từ sắt thép,4,2022,405510.3520000002,
Sản phẩm từ sắt thép,5,2022,450190.11899999995,
Sản phẩm từ sắt thép,6,2022,498514.8570000001,
Sản phẩm từ sắt thép,7,2022,506228.3180000002,
Sản phẩm từ sắt thép,8,2022,515602.2080000001,
Sản phẩm từ sắt thép,9,2022,462836.9209999994,
Sản phẩm từ sắt thép,10,2022,453836.9260000002,
Sản phẩm từ sắt thép,11,2022,504696.56500000064,
Sản phẩm từ sắt thép,12,2022,437607.4909999997,
Kim loại thường khác,1,2022,729917.26,148774.0
Kim loại thường khác,2,2022,746638.04,184978.0
Kim loại thường khác,3,2022,842332.89,169230.0
Kim loại thường khác,4,2022,872948.49,183079.0
Kim loại thường khác,5,2022,967626.99,168630.0
Kim loại thường khác,6,2022,867999.51,167439.0
Kim loại thường khác,7,2022,810157.82,175240.0
Kim loại thường khác,8,2022,815919.44,132847.0
Kim loại thường khác,9,2022,600140.16,142305.0
Kim loại thường khác,10,2022,639370.3,158759.0
Kim loại thường khác,11,2022,679888.84,162824.0
Kim loại thường khác,12,2022,680958.36,1949742.0
Sản phẩm từ kim loại thường khác,1,2022,154255.42,
Sản phẩm từ kim loại thường khác,2,2022,121913.30999999995,
Sản phẩm từ kim loại thường khác,3,2022,154036.49000000002,
Sản phẩm từ kim loại thường khác,4,2022,182085.97,
Sản phẩm từ kim loại thường khác,5,2022,177523.81700000007,
Sản phẩm từ kim loại thường khác,6,2022,194446.6950000001,
Sản phẩm từ kim loại thường khác,7,2022,194702.291,
Sản phẩm từ kim loại thường khác,8,2022,180251.014,
Sản phẩm từ kim loại thường khác,9,2022,166453.86700000011,
Sản phẩm từ kim loại thường khác,10,2022,163402.1239999999,
Sản phẩm từ kim loại thường khác,11,2022,171356.33900000018,
Sản phẩm từ kim loại thường khác,12,2022,161052.60899999997,
"Máy vi tính, sản phẩm điện tử & linh kiện",1,2022,7120659.929,
"Máy vi tính, sản phẩm điện tử & linh kiện",2,2022,6604694.071,
"Máy vi tính, sản phẩm điện tử & linh kiện",3,2022,8002855.6499999985,
"Máy vi tính, sản phẩm điện tử & linh kiện",4,2022,7489332.137000002,
"Máy vi tính, sản phẩm điện tử & linh kiện",5,2022,7029746.597999997,
"Máy vi tính, sản phẩm điện tử & linh kiện",6,2022,6758030.586000003,
"Máy vi tính, sản phẩm điện tử & linh kiện",7,2022,7097097.512999997,
"Máy vi tính, sản phẩm điện tử & linh kiện",8,2022,7134329.741000004,
"Máy vi tính, sản phẩm điện tử & linh kiện",9,2022,6731727.614,
"Máy vi tính, sản phẩm điện tử & linh kiện",10,2022,6477925.393999994,
"Máy vi tính, sản phẩm điện tử & linh kiện",11,2022,5627301.225000009,
"Máy vi tính, sản phẩm điện tử & linh kiện",12,2022,5810533.15699999,
Hàng điện gia dụng và linh kiện,1,2022,213893.256,
Hàng điện gia dụng và linh kiện,2,2022,183020.63,
Hàng điện gia dụng và linh kiện,3,2022,247696.83800000005,
Hàng điện gia dụng và linh kiện,4,2022,265193.192,
Hàng điện gia dụng và linh kiện,5,2022,233610.435,
Hàng điện gia dụng và linh kiện,6,2022,209453.7439999999,
Hàng điện gia dụng và linh kiện,7,2022,167064.35499999992,
Hàng điện gia dụng và linh kiện,8,2022,163990.1459999999,
Hàng điện gia dụng và linh kiện,9,2022,156893.40899999993,
Hàng điện gia dụng và linh kiện,10,2022,168619.8830000001,
Hàng điện gia dụng và linh kiện,11,2022,170934.92699999985,
Hàng điện gia dụng và linh kiện,12,2022,158052.24400000012,
Điện thoại các loại và linh kiện,1,2022,2009859.257,
Điện thoại các loại và linh kiện,2,2022,1634834.488,
Điện thoại các loại và linh kiện,3,2022,1892510.3829999997,
Điện thoại các loại và linh kiện,4,2022,1838948.5190000008,
Điện thoại các loại và linh kiện,5,2022,1473312.505000001,
Điện thoại các loại và linh kiện,6,2022,1428926.829,
Điện thoại các loại và linh kiện,7,2022,1800138.3410000002,
Điện thoại các loại và linh kiện,8,2022,1787585.0989999988,
Điện thoại các loại và linh kiện,9,2022,1922433.5279999992,
Điện thoại các loại và linh kiện,10,2022,1988387.2020000017,
Điện thoại các loại và linh kiện,11,2022,1937387.0249999969,
Điện thoại các loại và linh kiện,12,2022,1411848.157,
Máy ảnh máy quay phim và linh kiện,1,2022,175354.014,
Máy ảnh máy quay phim và linh kiện,2,2022,137246.116,
Máy ảnh máy quay phim và linh kiện,3,2022,172271.53899999996,
Máy ảnh máy quay phim và linh kiện,4,2022,169687.743,
Máy ảnh máy quay phim và linh kiện,5,2022,146299.26399999994,
Máy ảnh máy quay phim và linh kiện,6,2022,170391.81799999994,
Máy ảnh máy quay phim và linh kiện,7,2022,193230.854,
Máy ảnh máy quay phim và linh kiện,8,2022,256582.05600000007,
Máy ảnh máy quay phim và linh kiện,9,2022,251477.68799999985,
Máy ảnh máy quay phim và linh kiện,10,2022,230529.59799999997,
Máy ảnh máy quay phim và linh kiện,11,2022,208241.79799999992,
Máy ảnh máy quay phim và linh kiện,12,2022,226475.327,
"Máy móc, thiết bị, dụng cụ & phụ tùng",1,2022,3927485.837,
"Máy móc, thiết bị, dụng cụ & phụ tùng",2,2022,3037634.3070000005,
"Máy móc, thiết bị, dụng cụ & phụ tùng",3,2022,3564193.786,
"Máy móc, thiết bị, dụng cụ & phụ tùng",4,2022,3823824.408999999,
"Máy móc, thiết bị, dụng cụ & phụ tùng",5,2022,3999976.8019999983,
"Máy móc, thiết bị, dụng cụ & phụ tùng",6,2022,4110714.415000004,
"Máy móc, thiết bị, dụng cụ & phụ tùng",7,2022,4174073.906999999,
"Máy móc, thiết bị, dụng cụ & phụ tùng",8,2022,4096323.664000002,
"Máy móc, thiết bị, dụng cụ & phụ tùng",9,2022,3727828.216999998,
"Máy móc, thiết bị, dụng cụ & phụ tùng",10,2022,3369250.021000003,
"Máy móc, thiết bị, dụng cụ & phụ tùng",11,2022,3809206.099999999,
"Máy móc, thiết bị, dụng cụ & phụ tùng",12,2022,3552152.3019999913,
Dây điện và dây cáp điện,1,2022,203734.026,
Dây điện và dây cáp điện,2,2022,174564.477,
Dây điện và dây cáp điện,3,2022,179821.74,
Dây điện và dây cáp điện,4,2022,214813.29599999997,
Dây điện và dây cáp điện,5,2022,224596.07200000004,
Dây điện và dây cáp điện,6,2022,213692.473,
Dây điện và dây cáp điện,7,2022,210847.68200000003,
Dây điện và dây cáp điện,8,2022,213076.8999999999,
Dây điện và dây cáp điện,9,2022,194517.061,
Dây điện và dây cáp điện,10,2022,191924.57900000017,
Dây điện và dây cáp điện,11,2022,207756.8770000001,
Dây điện và dây cáp điện,12,2022,211715.86600000015,
Ô tô nguyên chiếc các loại (*),1,2022,126992.77,9166.0
Ô tô nguyên chiếc các loại (*),2,2022,211605.86,10302.0
Ô tô nguyên chiếc các loại (*),3,2022,233862.38,12997.0
Ô tô nguyên chiếc các loại (*),4,2022,342785.66,13934.0
Ô tô nguyên chiếc các loại (*),5,2022,363501.6,12808.0
Ô tô nguyên chiếc các loại (*),6,2022,294081.88,14295.0
Ô tô nguyên chiếc các loại (*),7,2022,296954.02300000004,18213.0
Ô tô nguyên chiếc các loại (*),8,2022,381087.7039999999,18257.0
Ô tô nguyên chiếc các loại (*),9,2022,363637.4580000001,14356.0
Ô tô nguyên chiếc các loại (*),10,2022,319878.9840000002,22738.0
Ô tô nguyên chiếc các loại (*),11,2022,470161.0099999998,21877.0
Ô tô nguyên chiếc các loại (*),12,2022,432193.16800000006,173467.0
Ô tô 9 chỗ ngồi trở xuống,1,2022,98795.804,8067.0
Ô tô 9 chỗ ngồi trở xuống,2,2022,159897.582,8746.0
Ô tô 9 chỗ ngồi trở xuống,3,2022,175497.34500000003,9300.0
Ô tô 9 chỗ ngồi trở xuống,4,2022,181280.17099999997,9248.0
Ô tô 9 chỗ ngồi trở xuống,5,2022,191770.412,9681.0
Ô tô 9 chỗ ngồi trở xuống,6,2022,177689.15799999994,11943.0
Ô tô 9 chỗ ngồi trở xuống,7,2022,213840.07200000004,16124.0
Ô tô 9 chỗ ngồi trở xuống,8,2022,290363.40600000013,15599.0
Ô tô 9 chỗ ngồi trở xuống,9,2022,272802.59,12403.0
Ô tô 9 chỗ ngồi trở xuống,10,2022,246858.70199999984,20720.0
Ô tô 9 chỗ ngồi trở xuống,11,2022,409737.53299999953,19073.0
Ô tô 9 chỗ ngồi trở xuống,12,2022,349876.43300000083,144912.0
Ô tô trên 9 chỗ ngồi,1,2022,513.6,
Ô tô trên 9 chỗ ngồi,4,2022,,19.0
Ô tô trên 9 chỗ ngồi,5,2022,155.644,71.0
Ô tô trên 9 chỗ ngồi,6,2022,898.804,
Ô tô trên 9 chỗ ngồi,9,2022,,57.0
Ô tô trên 9 chỗ ngồi,10,2022,485.72300000000007,301.0
Ô tô trên 9 chỗ ngồi,11,2022,8382.192,375.0
Ô tô trên 9 chỗ ngồi,12,2022,8194.603,836.0
Ô tô tải,1,2022,11678.047,309.0
Ô tô tải,2,2022,18931.941,997.0
Ô tô tải,3,2022,30464.284,2164.0
Ô tô tải,4,2022,94344.004,3055.0
Ô tô tải,5,2022,102594.475,2203.0
Ô tô tải,6,2022,70533.56800000001,1699.0
Ô tô tải,7,2022,50112.15099999997,1475.0
Ô tô tải,8,2022,46409.462,1644.0
Ô tô tải,9,2022,47225.892000000065,1105.0
Ô tô tải,10,2022,37350.03300000001,1344.0
Ô tô tải,11,2022,30726.855000000058,1712.0
Ô tô tải,12,2022,40687.08199999989,17967.0
"Linh kiện, phụ tùng ô tô",1,2022,394999.762,
"Linh kiện, phụ tùng ô tô",2,2022,392308.395,
"Linh kiện, phụ tùng ô tô",3,2022,479357.647,
"Linh kiện, phụ tùng ô tô",4,2022,484593.2479999998,
"Linh kiện, phụ tùng ô tô",5,2022,547086.5690000003,
"Linh kiện, phụ tùng ô tô",6,2022,476210.8330000002,
"Linh kiện, phụ tùng ô tô",7,2022,487900.664,
"Linh kiện, phụ tùng ô tô",8,2022,529462.4080000004,
"Linh kiện, phụ tùng ô tô",9,2022,507928.91400000046,
"Linh kiện, phụ tùng ô tô",10,2022,509297.7669999997,
"Linh kiện, phụ tùng ô tô",11,2022,534776.472999999,
"Linh kiện, phụ tùng ô tô",12,2022,499204.451,
Xe máy và linh kiện,1,2022,58615.847,
Xe máy và linh kiện,2,2022,54712.302,
Xe máy và linh kiện,3,2022,66384.57,
Xe máy và linh kiện,4,2022,68118.38999999998,
Xe máy và linh kiện,5,2022,65296.517,
Xe máy và linh kiện,6,2022,72350.84100000001,
Xe máy và linh kiện,7,2022,71086.26500000001,
Xe máy và linh kiện,8,2022,73630.40299999996,
Xe máy và linh kiện,9,2022,66375.79800000001,
Xe máy và linh kiện,10,2022,72379.74499999994,
Xe máy và linh kiện,11,2022,73217.36300000019,
Xe máy và linh kiện,12,2022,64979.749000000134,
Phương tiện vận tải khác và phụ tùng,1,2022,94459.513,
Phương tiện vận tải khác và phụ tùng,2,2022,64160.516,
Phương tiện vận tải khác và phụ tùng,3,2022,112924.35899999995,
Phương tiện vận tải khác và phụ tùng,4,2022,99401.331,
Phương tiện vận tải khác và phụ tùng,5,2022,152736.83500000005,
Phương tiện vận tải khác và phụ tùng,6,2022,209322.5379999999,
Phương tiện vận tải khác và phụ tùng,7,2022,97522.57599999994,
Phương tiện vận tải khác và phụ tùng,8,2022,98761.18700000017,
Phương tiện vận tải khác và phụ tùng,9,2022,121249.48200000005,
Phương tiện vận tải khác và phụ tùng,10,2022,153120.89800000002,
Phương tiện vận tải khác và phụ tùng,11,2022,116507.81799999994,
Phương tiện vận tải khác và phụ tùng,12,2022,88920.63599999988,
Hàng hoá khác,1,2022,1644143.407,
Hàng hoá khác,2,2022,1405180.113,
Hàng hoá khác,3,2022,1752775.495,
Hàng hoá khác,4,2022,1592139.069,
Hàng hoá khác,5,2022,1799786.0449999997,
Hàng hoá khác,6,2022,1731732.53,
Hàng hoá khác,7,2022,1705107.6900000002,
Hàng hoá khác,8,2022,1624189.3740000003,
Hàng hoá khác,9,2022,1442152.4540000006,
Hàng hoá khác,10,2022,1628672.2960000008,
Hàng hoá khác,11,2022,1627109.928000002,
Hàng hoá khác,12,2022,1760153.802,
T/đó: Khu vực có vốn ĐTTTNN,1,2023,15529779.203,
T/đó: Khu vực có vốn ĐTTTNN,2,2023,15339425.608,
T/đó: Khu vực có vốn ĐTTTNN,3,2023,17831103.863999993,
T/đó: Khu vực có vốn ĐTTTNN,4,2023,16215528.618000004,
T/đó: Khu vực có vốn ĐTTTNN,5,2023,16761357.121000009,
T/đó: Khu vực có vốn ĐTTTNN,6,2023,16938948.952999994,
T/đó: Khu vực có vốn ĐTTTNN,7,2023,16658751.200000005,
T/đó: Khu vực có vốn ĐTTTNN,8,2023,18841962.152999997,
T/đó: Khu vực có vốn ĐTTTNN,9,2023,18523267.03,
T/đó: Khu vực có vốn ĐTTTNN,10,2023,18894186.636999995,
T/đó: Khu vực có vốn ĐTTTNN,11,2023,19028385.004000008,
T/đó: Khu vực có vốn ĐTTTNN,12,2023,18502464.632,
Hàng thủy sản,1,2023,188521.794,
Hàng thủy sản,2,2023,229335.896,
Hàng thủy sản,3,2023,245800.661,
Hàng thủy sản,4,2023,192728.739,
Hàng thủy sản,5,2023,195087.30099999992,
Hàng thủy sản,6,2023,219359.56999999977,
Hàng thủy sản,7,2023,225521.51400000017,
Hàng thủy sản,8,2023,238201.32399999996,
Hàng thủy sản,9,2023,208034.28499999983,
Hàng thủy sản,10,2023,197643.7369999999,
Hàng thủy sản,11,2023,228497.61000000004,
Hàng thủy sản,12,2023,221823.3080000002,
Sữa và sản phẩm sữa,1,2023,88961.629,
Sữa và sản phẩm sữa,2,2023,105645.383,
Sữa và sản phẩm sữa,3,2023,122017.85600000004,
Sữa và sản phẩm sữa,4,2023,89766.936,
Sữa và sản phẩm sữa,5,2023,111944.14600000002,
Sữa và sản phẩm sữa,6,2023,93788.87400000004,
Sữa và sản phẩm sữa,7,2023,97999.83099999996,
Sữa và sản phẩm sữa,8,2023,90491.61099999987,
Sữa và sản phẩm sữa,9,2023,65301.99000000006,
Sữa và sản phẩm sữa,10,2023,85502.76499999985,
Sữa và sản phẩm sữa,11,2023,108999.87899999991,
Sữa và sản phẩm sữa,12,2023,101287.5950000002,
Hàng rau quả,1,2023,149105.266,
Hàng rau quả,2,2023,124450.88900000002,
Hàng rau quả,3,2023,145128.854,
Hàng rau quả,4,2023,140822.53199999995,
Hàng rau quả,5,2023,161963.52199999994,
Hàng rau quả,6,2023,166608.35300000018,
Hàng rau quả,7,2023,196293.82800000004,
Hàng rau quả,8,2023,196906.3710000001,
Hàng rau quả,9,2023,173995.50799999997,
Hàng rau quả,10,2023,162295.64500000008,
Hàng rau quả,11,2023,170076.9150000001,
Hàng rau quả,12,2023,174411.58600000013,
Hạt điều,1,2023,129758.684,167484.0
Hạt điều,2,2023,230420.44799999995,295519.0
Hạt điều,3,2023,399639.96,227898.0
Hạt điều,4,2023,303147.4140000001,254929.0
Hạt điều,5,2023,315635.7009999999,310909.0
Hạt điều,6,2023,348799.595,362439.0
Hạt điều,7,2023,390968.0349999999,339870.0
Hạt điều,8,2023,349671.11899999995,263381.0
Hạt điều,9,2023,264861.13500000024,191095.0
Hạt điều,10,2023,194632.00900000008,138756.0
Hạt điều,11,2023,143757.81900000013,110647.0
Hạt điều,12,2023,121644.4839999997,2767503.0
Lúa mỳ,1,2023,86552.81,384070.0
Lúa mỳ,2,2023,142780.6,593192.0
Lúa mỳ,3,2023,215381.53,441060.0
Lúa mỳ,4,2023,159552.35,389586.0
Lúa mỳ,5,2023,151842.16,436295.0
Lúa mỳ,6,2023,136031.82,333797.0
Lúa mỳ,7,2023,110978.90599999989,330634.0
Lúa mỳ,8,2023,104966.9060000001,177782.0
Lúa mỳ,9,2023,52999.99399999986,414633.0
Lúa mỳ,10,2023,130364.2710000001,256541.0
Lúa mỳ,11,2023,74871.29199999981,690529.0
Lúa mỳ,12,2023,193195.2960000001,4684596.0
Ngô,1,2023,269354.273,615736.0
Ngô,2,2023,208340.07,767323.0
Ngô,3,2023,260801.6310000001,622014.0
Ngô,4,2023,211993.06099999987,398603.0
Ngô,5,2023,129794.98599999992,505608.0
Ngô,6,2023,155376.99599999993,563864.0
Ngô,7,2023,168020.7059999999,1074882.0
Ngô,8,2023,310420.3200000006,1160868.0
Ngô,9,2023,318059.0679999998,1233008.0
Ngô,10,2023,327751.8040000003,612874.0
Ngô,11,2023,160184.85099999944,1352209.0
Ngô,12,2023,347084.1040000003,9711524.0
Đậu tương,1,2023,46154.95,233174.0
Đậu tương,2,2023,167170.77,196771.0
Đậu tương,3,2023,133253.63,238144.0
Đậu tương,4,2023,155011.36,140895.0
Đậu tương,5,2023,86385.17,240419.0
Đậu tương,6,2023,140152.65,90376.0
Đậu tương,7,2023,51971.38,166090.0
Đậu tương,8,2023,96646.19,97006.0
Đậu tương,9,2023,58238.08,138874.0
Đậu tương,10,2023,83812.63,44981.0
Đậu tương,11,2023,29837.12000000001,202653.0
Đậu tương,12,2023,120740.2,1858085.0
Dầu mỡ động thực vật,1,2023,68104.854,
Dầu mỡ động thực vật,2,2023,91654.19,
Dầu mỡ động thực vật,3,2023,107578.05499999998,
Dầu mỡ động thực vật,4,2023,116804.35899999998,
Dầu mỡ động thực vật,5,2023,73066.36200000001,
Dầu mỡ động thực vật,6,2023,95868.928,
Dầu mỡ động thực vật,7,2023,103198.49500000004,
Dầu mỡ động thực vật,8,2023,123289.744,
Dầu mỡ động thực vật,9,2023,148190.03200000012,
Dầu mỡ động thực vật,10,2023,154692.6819999999,
Dầu mỡ động thực vật,11,2023,118303.25299999995,
Dầu mỡ động thực vật,12,2023,130673.60300000012,
Bánh kẹo và các sản phẩm từ ngũ cốc,1,2023,27434.22,
Bánh kẹo và các sản phẩm từ ngũ cốc,2,2023,40057.064,
Bánh kẹo và các sản phẩm từ ngũ cốc,3,2023,40984.149000000005,
Bánh kẹo và các sản phẩm từ ngũ cốc,4,2023,37080.85299999999,
Bánh kẹo và các sản phẩm từ ngũ cốc,5,2023,38637.96800000001,
Bánh kẹo và các sản phẩm từ ngũ cốc,6,2023,34743.893,
Bánh kẹo và các sản phẩm từ ngũ cốc,7,2023,41303.41800000002,
Bánh kẹo và các sản phẩm từ ngũ cốc,8,2023,49509.778999999995,
Bánh kẹo và các sản phẩm từ ngũ cốc,9,2023,55189.412000000026,
Bánh kẹo và các sản phẩm từ ngũ cốc,10,2023,65554.41900000001,
Bánh kẹo và các sản phẩm từ ngũ cốc,11,2023,61452.43700000005,
Bánh kẹo và các sản phẩm từ ngũ cốc,12,2023,54004.51999999996,
Chế phẩm thực phẩm khỏc,1,2023,82566.577,
Chế phẩm thực phẩm khỏc,2,2023,98912.41,
Chế phẩm thực phẩm khỏc,3,2023,125623.95800000004,
Chế phẩm thực phẩm khỏc,4,2023,107130.63,
Chế phẩm thực phẩm khỏc,5,2023,118232.607,
Chế phẩm thực phẩm khỏc,6,2023,107768.89,
Chế phẩm thực phẩm khỏc,7,2023,116584.27299999996,
Chế phẩm thực phẩm khỏc,8,2023,96265.981,
Chế phẩm thực phẩm khỏc,9,2023,82817.88699999997,
Chế phẩm thực phẩm khỏc,10,2023,109799.63399999996,
Chế phẩm thực phẩm khỏc,11,2023,96175.70200000016,
Chế phẩm thực phẩm khỏc,12,2023,97722.63499999978,
Thức ăn gia súc và nguyên liệu,1,2023,377266.496,
Thức ăn gia súc và nguyên liệu,2,2023,366871.673,
Thức ăn gia súc và nguyên liệu,3,2023,415634.1740000002,
Thức ăn gia súc và nguyên liệu,4,2023,376789.02700000006,
Thức ăn gia súc và nguyên liệu,5,2023,394954.65499999985,
Thức ăn gia súc và nguyên liệu,6,2023,405712.8480000003,
Thức ăn gia súc và nguyên liệu,7,2023,515445.10099999985,
Thức ăn gia súc và nguyên liệu,8,2023,548025.5989999999,
Thức ăn gia súc và nguyên liệu,9,2023,420562.32100000005,
Thức ăn gia súc và nguyên liệu,10,2023,450796.39600000024,
Thức ăn gia súc và nguyên liệu,11,2023,321153.5520000002,
Thức ăn gia súc và nguyên liệu,12,2023,360131.13299999945,
Nguyên phụ liệu thuốc lá,1,2023,1997.143,
Nguyên phụ liệu thuốc lá,2,2023,3852.616,
Nguyên phụ liệu thuốc lá,3,2023,4507.744000000001,
Nguyên phụ liệu thuốc lá,4,2023,7962.374,
Nguyên phụ liệu thuốc lá,5,2023,13350.864999999996,
Nguyên phụ liệu thuốc lá,6,2023,32148.854000000003,
Nguyên phụ liệu thuốc lá,7,2023,55756.865000000005,
Nguyên phụ liệu thuốc lá,8,2023,49203.29100000001,
Nguyên phụ liệu thuốc lá,9,2023,38284.348,
Nguyên phụ liệu thuốc lá,10,2023,38377.44399999996,
Nguyên phụ liệu thuốc lá,11,2023,68498.11100000006,
Nguyên phụ liệu thuốc lá,12,2023,85195.91199999995,
Quặng và khoáng sản khác,1,2023,188759.585,1126679.0
Quặng và khoáng sản khác,2,2023,135334.91199999998,1563767.0
Quặng và khoáng sản khác,3,2023,185241.04800000004,1931603.0
Quặng và khoáng sản khác,4,2023,226749.37699999995,1389131.0
Quặng và khoáng sản khác,5,2023,146224.67899999995,1907561.0
Quặng và khoáng sản khác,6,2023,187022.158,2011024.0
Quặng và khoáng sản khác,7,2023,210988.7879999999,2264721.0
Quặng và khoáng sản khác,8,2023,235748.528,1497460.0
Quặng và khoáng sản khác,9,2023,182182.26699999996,1465713.0
Quặng và khoáng sản khác,10,2023,171637.84300000008,1938544.0
Quặng và khoáng sản khác,11,2023,216796.0949999999,2248793.0
Quặng và khoáng sản khác,12,2023,279883.10899999994,20981076.0
Than đá,1,2023,272157.145,3170388.0
Than đá,2,2023,539531.6699999999,3716547.0
Than đá,3,2023,662372.358,3482443.0
Than đá,4,2023,576344.929,4962622.0
Than đá,5,2023,644924.7149999999,7177859.0
Than đá,6,2023,990248.0300000004,5365090.0
Than đá,7,2023,657045.193,4993187.0
Than đá,8,2023,597028.0939999996,3213262.0
Than đá,9,2023,418261.4800000005,3600203.0
Than đá,10,2023,501990.2340000002,4980723.0
Than đá,11,2023,689773.1329999994,4811118.0
Than đá,12,2023,621039.1170000006,51158858.0
Dầu thô,1,2023,677319.598,906418.0
Dầu thô,2,2023,567636.754,719185.0
Dầu thô,3,2023,457513.58199999994,957978.0
Dầu thô,4,2023,564583.8969999999,1308170.0
Dầu thô,5,2023,825067.3500000001,897105.0
Dầu thô,6,2023,501861.9709999999,1121034.0
Dầu thô,7,2023,616918.6720000003,458802.0
Dầu thô,8,2023,316768.8669999996,356329.0
Dầu thô,9,2023,288444.2600000007,1215978.0
Dầu thô,10,2023,879216.8599999994,869945.0
Dầu thô,11,2023,597425.4570000004,1297188.0
Dầu thô,12,2023,813462.608,11188163.0
Xăng dầu các loại,1,2023,913717.52,823949.0
Xăng dầu các loại,2,2023,727690.45,743519.0
Xăng dầu các loại,3,2023,599200.76,667012.0
Xăng dầu các loại,4,2023,531840.35,910039.0
Xăng dầu các loại,5,2023,641542.31,1043641.0
Xăng dầu các loại,6,2023,746777.0,922178.0
Xăng dầu các loại,7,2023,724777.46,1079939.0
Xăng dầu các loại,8,2023,995740.32,815248.0
Xăng dầu các loại,9,2023,777385.24,745903.0
Xăng dầu các loại,10,2023,667382.63,621139.0
Xăng dầu các loại,11,2023,524750.99,655739.0
Xăng dầu các loại,12,2023,514355.0099999998,10053997.0
Xăng,1,2023,250574.378,205043.0
Xăng,2,2023,200817.979,132565.0
Xăng,3,2023,118832.64799999996,145697.0
Xăng,4,2023,138512.68000000008,138975.0
Xăng,5,2023,116411.01599999996,198804.0
Xăng,6,2023,164067.54700000005,169827.0
Xăng,7,2023,151760.56600000002,200766.0
Xăng,8,2023,198058.958,140095.0
Xăng,9,2023,145139.71399999983,165455.0
Xăng,10,2023,146081.34499999988,188170.0
Xăng,11,2023,171008.715,74187.0
Xăng,12,2023,67446.98099999991,2046985.0
Dầu DO,1,2023,481589.597,425110.0
Dầu DO,2,2023,370252.168,369497.0
Dầu DO,3,2023,292289.8199999999,330185.0
Dầu DO,4,2023,253652.822,540742.0
Dầu DO,5,2023,376316.6920000001,622700.0
Dầu DO,6,2023,440538.3780000001,531736.0
Dầu DO,7,2023,404295.7630000003,656621.0
Dầu DO,8,2023,598571.0749999997,491854.0
Dầu DO,9,2023,462716.60400000034,425687.0
Dầu DO,10,2023,384967.71399999975,218947.0
Dầu DO,11,2023,178789.63799999986,402506.0
Dầu DO,12,2023,310323.4760000007,5546738.0
Dầu FO,1,2023,17560.285,41854.0
Dầu FO,2,2023,23016.406,54440.0
Dầu FO,3,2023,29708.207,55807.0
Dầu FO,4,2023,30245.606000000003,91338.0
Dầu FO,5,2023,45824.933000000005,95374.0
Dầu FO,6,2023,48132.941999999995,25094.0
Dầu FO,7,2023,14303.19999999999,41297.0
Dầu FO,8,2023,26088.996000000017,35592.0
Dầu FO,9,2023,22993.029000000013,25256.0
Dầu FO,10,2023,13987.793999999973,59361.0
Dầu FO,11,2023,33720.806,50435.0
Dầu FO,12,2023,28783.419999999984,613413.0
Nhiên liệu bay,1,2023,161707.504,150490.0
Nhiên liệu bay,2,2023,134752.75600000002,182943.0
Nhiên liệu bay,3,2023,154608.48699999994,135324.0
Nhiên liệu bay,4,2023,109682.248,130327.0
Nhiên liệu bay,5,2023,96530.04700000002,126754.0
Nhiên liệu bay,6,2023,94032.08900000004,195352.0
Nhiên liệu bay,7,2023,154225.9149999999,176541.0
Nhiên liệu bay,8,2023,168917.96799999996,146732.0
Nhiên liệu bay,9,2023,146013.58800000008,141917.0
Nhiên liệu bay,10,2023,136744.81600000008,142251.0
Nhiên liệu bay,11,2023,126834.04199999988,128612.0
Nhiên liệu bay,12,2023,107801.13300000016,1826815.0
Khí đốt hóa lỏng,1,2023,177598.806,126185.0
Khí đốt hóa lỏng,2,2023,106904.80399999996,184930.0
Khí đốt hóa lỏng,3,2023,143536.19599999997,240760.0
Khí đốt hóa lỏng,4,2023,145916.741,194313.0
Khí đốt hóa lỏng,5,2023,105701.307,141887.0
Khí đốt hóa lỏng,6,2023,70628.25299999991,345353.0
Khí đốt hóa lỏng,7,2023,158378.138,226121.0
Khí đốt hóa lỏng,8,2023,121616.841,193659.0
Khí đốt hóa lỏng,9,2023,121136.697,198599.0
Khí đốt hóa lỏng,10,2023,128616.91099999992,177786.0
Khí đốt hóa lỏng,11,2023,123753.6180000001,222470.0
Khí đốt hóa lỏng,12,2023,151470.96400000015,2514046.0
Sản phẩm khác từ dầu mỏ,1,2023,108751.77,
Sản phẩm khác từ dầu mỏ,2,2023,89646.97,
Sản phẩm khác từ dầu mỏ,3,2023,138110.782,
Sản phẩm khác từ dầu mỏ,4,2023,156115.35899999994,
Sản phẩm khác từ dầu mỏ,5,2023,114552.11600000002,
Sản phẩm khác từ dầu mỏ,6,2023,127852.32299999996,
Sản phẩm khác từ dầu mỏ,7,2023,145241.434,
Sản phẩm khác từ dầu mỏ,8,2023,125834.27900000008,
Sản phẩm khác từ dầu mỏ,9,2023,114958.49399999992,
Sản phẩm khác từ dầu mỏ,10,2023,239293.105,
Sản phẩm khác từ dầu mỏ,11,2023,127462.89400000007,
Sản phẩm khác từ dầu mỏ,12,2023,147865.6329999999,
Hóa chất,1,2023,478290.706,
Hóa chất,2,2023,582947.3300000001,
Hóa chất,3,2023,786753.6029999999,
Hóa chất,4,2023,638097.3089999999,
Hóa chất,5,2023,722786.8940000003,
Hóa chất,6,2023,604920.381,
Hóa chất,7,2023,575557.3549999995,
Hóa chất,8,2023,639595.085,
Hóa chất,9,2023,649677.4690000005,
Hóa chất,10,2023,684112.0329999998,
Hóa chất,11,2023,671278.2819999997,
Hóa chất,12,2023,692494.9390000002,
Sản phẩm từ hóa chất,1,2023,501261.524,
Sản phẩm từ hóa chất,2,2023,568375.801,
Sản phẩm từ hóa chất,3,2023,704665.821,
Sản phẩm từ hóa chất,4,2023,608901.5510000002,
Sản phẩm từ hóa chất,5,2023,670348.9939999997,
Sản phẩm từ hóa chất,6,2023,613898.4360000005,
Sản phẩm từ hóa chất,7,2023,609278.3399999996,
Sản phẩm từ hóa chất,8,2023,670919.3379999993,
Sản phẩm từ hóa chất,9,2023,646597.0490000003,
Sản phẩm từ hóa chất,10,2023,647144.2119999991,
Sản phẩm từ hóa chất,11,2023,692239.217,
Sản phẩm từ hóa chất,12,2023,671767.3080000002,
Nguyên phụ liệu dược phẩm,1,2023,30160.494,
Nguyên phụ liệu dược phẩm,2,2023,34408.717000000004,
Nguyên phụ liệu dược phẩm,3,2023,44484.582,
Nguyên phụ liệu dược phẩm,4,2023,38368.609,
Nguyên phụ liệu dược phẩm,5,2023,37576.51300000001,
Nguyên phụ liệu dược phẩm,6,2023,41027.761000000006,
Nguyên phụ liệu dược phẩm,7,2023,41069.742999999995,
Nguyên phụ liệu dược phẩm,8,2023,33400.71700000001,
Nguyên phụ liệu dược phẩm,9,2023,33585.935999999994,
Nguyên phụ liệu dược phẩm,10,2023,33859.810999999994,
Nguyên phụ liệu dược phẩm,11,2023,35272.13700000005,
Nguyên phụ liệu dược phẩm,12,2023,35234.95499999996,
Dược phẩm,1,2023,242180.046,
Dược phẩm,2,2023,270538.49600000004,
Dược phẩm,3,2023,295954.05299999996,
Dược phẩm,4,2023,261551.983,
Dược phẩm,5,2023,262176.03,
Dược phẩm,6,2023,277394.6399999999,
Dược phẩm,7,2023,289344.4260000002,
Dược phẩm,8,2023,294595.8969999999,
Dược phẩm,9,2023,323606.0460000001,
Dược phẩm,10,2023,289750.1000000001,
Dược phẩm,11,2023,341799.6969999997,
Dược phẩm,12,2023,291616.8790000002,
Phân bón các loại,1,2023,57057.38,182143.0
Phân bón các loại,2,2023,67253.45,291402.0
Phân bón các loại,3,2023,113212.59,296099.0
Phân bón các loại,4,2023,100704.22,379937.0
Phân bón các loại,5,2023,120202.79,413108.0
Phân bón các loại,6,2023,130729.76,304343.0
Phân bón các loại,7,2023,85651.82,471509.0
Phân bón các loại,8,2023,158147.63,431657.0
Phân bón các loại,9,2023,156205.05,411417.0
Phân bón các loại,10,2023,141445.52,371270.0
Phân bón các loại,11,2023,138727.05,423626.0
Phân bón các loại,12,2023,141850.35,4115866.0
Phân U rê,1,2023,7463.044,6083.0
Phân U rê,2,2023,2885.598,41179.0
Phân U rê,3,2023,15172.227,19064.0
Phân U rê,4,2023,6616.103000000003,22598.0
Phân U rê,5,2023,8068.012999999999,49400.0
Phân U rê,6,2023,17382.517,19606.0
Phân U rê,7,2023,6562.457999999999,23430.0
Phân U rê,8,2023,9128.212000000009,29953.0
Phân U rê,9,2023,11474.819999999989,41126.0
Phân U rê,10,2023,17679.57499999999,27439.0
Phân U rê,11,2023,10559.062,15323.0
Phân U rê,12,2023,5973.213999999993,310794.0
Phân NPK,1,2023,8705.81,13819.0
Phân NPK,2,2023,9133.69,65274.0
Phân NPK,3,2023,40420.95,50869.0
Phân NPK,4,2023,29397.852,48575.0
Phân NPK,5,2023,24893.564,32464.0
Phân NPK,6,2023,17252.384000000005,24914.0
Phân NPK,7,2023,12502.774999999992,35020.0
Phân NPK,8,2023,17978.214000000007,30338.0
Phân NPK,9,2023,15559.336000000008,31887.0
Phân NPK,10,2023,15940.117999999986,61667.0
Phân NPK,11,2023,31294.689,52967.0
Phân NPK,12,2023,26882.20299999998,460806.0
Phân DAP,1,2023,2408.0,15294.0
Phân DAP,2,2023,12906.991,13007.0
Phân DAP,3,2023,8279.135,24726.0
Phân DAP,4,2023,15299.083999999995,18248.0
Phân DAP,5,2023,10572.766000000003,29662.0
Phân DAP,6,2023,15257.559,30156.0
Phân DAP,7,2023,14774.243999999992,73956.0
Phân DAP,8,2023,39135.50100000001,58412.0
Phân DAP,9,2023,29822.504999999997,53813.0
Phân DAP,10,2023,30767.85999999998,57645.0
Phân DAP,11,2023,34007.036000000015,67389.0
Phân DAP,12,2023,38522.753999999986,445318.0
Phân SA,1,2023,7417.318,66872.0
Phân SA,2,2023,12604.884000000002,84401.0
Phân SA,3,2023,16432.207,97426.0
Phân SA,4,2023,16665.348,111858.0
Phân SA,5,2023,17862.459000000006,130967.0
Phân SA,6,2023,19481.750000000004,106728.0
Phân SA,7,2023,14096.598000000002,93932.0
Phân SA,8,2023,13797.31600000001,88330.0
Phân SA,9,2023,14874.668000000009,97970.0
Phân SA,10,2023,16634.30299999999,59796.0
Phân SA,11,2023,10541.485000000015,122660.0
Phân SA,12,2023,19682.557,1098824.0
Phân Kali,1,2023,10592.294,15440.0
Phân Kali,2,2023,6974.023999999999,31882.0
Phân Kali,3,2023,18207.674,39012.0
Phân Kali,4,2023,13682.509,34082.0
Phân Kali,5,2023,14035.940000000004,71087.0
Phân Kali,6,2023,30948.87199999999,40452.0
Phân Kali,7,2023,13481.99500000002,162025.0
Phân Kali,8,2023,54234.55599999998,163897.0
Phân Kali,9,2023,62749.282,68977.0
Phân Kali,10,2023,24035.068000000007,47234.0
Phân Kali,11,2023,15415.65300000003,86516.0
Phân Kali,12,2023,29981.48299999995,780584.0
"Chất thơm, mỹ phẩm và chế phẩm vệ sinh",1,2023,66874.869,
"Chất thơm, mỹ phẩm và chế phẩm vệ sinh",2,2023,99156.573,
"Chất thơm, mỹ phẩm và chế phẩm vệ sinh",3,2023,120006.21199999996,
"Chất thơm, mỹ phẩm và chế phẩm vệ sinh",4,2023,99605.86600000008,
"Chất thơm, mỹ phẩm và chế phẩm vệ sinh",5,2023,109981.009,
"Chất thơm, mỹ phẩm và chế phẩm vệ sinh",6,2023,99125.4230000001,
"Chất thơm, mỹ phẩm và chế phẩm vệ sinh",7,2023,98283.573,
"Chất thơm, mỹ phẩm và chế phẩm vệ sinh",8,2023,107838.64799999996,
"Chất thơm, mỹ phẩm và chế phẩm vệ sinh",9,2023,97767.07900000006,
"Chất thơm, mỹ phẩm và chế phẩm vệ sinh",10,2023,104879.65000000004,
"Chất thơm, mỹ phẩm và chế phẩm vệ sinh",11,2023,112700.47099999992,
"Chất thơm, mỹ phẩm và chế phẩm vệ sinh",12,2023,104447.44100000012,
Thuốc trừ sâu và nguyên liệu,1,2023,42865.16,
Thuốc trừ sâu và nguyên liệu,2,2023,65655.58,
Thuốc trừ sâu và nguyên liệu,3,2023,84571.22,
Thuốc trừ sâu và nguyên liệu,4,2023,62737.58,
Thuốc trừ sâu và nguyên liệu,5,2023,76112.93,
Thuốc trừ sâu và nguyên liệu,6,2023,74307.07,
Thuốc trừ sâu và nguyên liệu,7,2023,64365.29,
Thuốc trừ sâu và nguyên liệu,8,2023,68978.42,
Thuốc trừ sâu và nguyên liệu,9,2023,74124.57,
Thuốc trừ sâu và nguyên liệu,10,2023,75407.04,
Thuốc trừ sâu và nguyên liệu,11,2023,73962.46,
Thuốc trừ sâu và nguyên liệu,12,2023,75518.93,
Chất dẻo nguyên liệu,1,2023,588061.603,538175.0
Chất dẻo nguyên liệu,2,2023,783204.16,615564.0
Chất dẻo nguyên liệu,3,2023,922655.525,470379.0
Chất dẻo nguyên liệu,4,2023,720487.4430000001,553969.0
Chất dẻo nguyên liệu,5,2023,831307.7050000002,566062.0
Chất dẻo nguyên liệu,6,2023,814319.1209999999,565977.0
Chất dẻo nguyên liệu,7,2023,784034.4249999995,656337.0
Chất dẻo nguyên liệu,8,2023,882637.769,612595.0
Chất dẻo nguyên liệu,9,2023,846749.6109999992,637672.0
Chất dẻo nguyên liệu,10,2023,881148.0619999996,633678.0
Chất dẻo nguyên liệu,11,2023,898725.4400000001,578479.0
Chất dẻo nguyên liệu,12,2023,802070.682,6814277.0
Sản phẩm từ chất dẻo,1,2023,515879.959,
Sản phẩm từ chất dẻo,2,2023,506661.4170000001,
Sản phẩm từ chất dẻo,3,2023,633118.3859999999,
Sản phẩm từ chất dẻo,4,2023,585653.6979999999,
Sản phẩm từ chất dẻo,5,2023,650791.5290000001,
Sản phẩm từ chất dẻo,6,2023,628925.6579999998,
Sản phẩm từ chất dẻo,7,2023,647444.25,
Sản phẩm từ chất dẻo,8,2023,689352.4479999999,
Sản phẩm từ chất dẻo,9,2023,661882.6409999998,
Sản phẩm từ chất dẻo,10,2023,651191.4600000009,
Sản phẩm từ chất dẻo,11,2023,690400.1959999995,
Sản phẩm từ chất dẻo,12,2023,647258.3830000004,
Cao su,1,2023,167303.21,110593.0
Cao su,2,2023,159309.76600000003,108072.0
Cao su,3,2023,169539.48999999996,97486.0
Cao su,4,2023,140656.44299999994,134677.0
Cao su,5,2023,176593.82500000004,134670.0
Cao su,6,2023,175094.08799999996,144070.0
Cao su,7,2023,180895.82999999993,173529.0
Cao su,8,2023,210594.785,149219.0
Cao su,9,2023,188000.69500000015,154340.0
Cao su,10,2023,194831.92,196588.0
Cao su,11,2023,237347.1030000002,207206.0
Cao su,12,2023,256206.9439999999,1753914.0
Sản phẩm từ cao su,1,2023,63245.311,
Sản phẩm từ cao su,2,2023,63276.986,
Sản phẩm từ cao su,3,2023,85281.749,
Sản phẩm từ cao su,4,2023,73126.84799999995,
Sản phẩm từ cao su,5,2023,79306.34300000007,
Sản phẩm từ cao su,6,2023,77747.01999999997,
Sản phẩm từ cao su,7,2023,79338.10700000003,
Sản phẩm từ cao su,8,2023,78368.893,
Sản phẩm từ cao su,9,2023,75928.81199999999,
Sản phẩm từ cao su,10,2023,77639.51199999994,
Sản phẩm từ cao su,11,2023,84337.38899999986,
Sản phẩm từ cao su,12,2023,81680.38900000008,
Gỗ và sản phẩm gỗ,1,2023,120488.786,
Gỗ và sản phẩm gỗ,2,2023,150024.97400000002,
Gỗ và sản phẩm gỗ,3,2023,194307.96299999996,
Gỗ và sản phẩm gỗ,4,2023,168875.231,
Gỗ và sản phẩm gỗ,5,2023,216395.63199999995,
Gỗ và sản phẩm gỗ,6,2023,189810.5599999999,
Gỗ và sản phẩm gỗ,7,2023,190814.307,
Gỗ và sản phẩm gỗ,8,2023,185084.30099999995,
Gỗ và sản phẩm gỗ,9,2023,189847.702,
Gỗ và sản phẩm gỗ,10,2023,178152.67599999995,
Gỗ và sản phẩm gỗ,11,2023,201959.2870000001,
Gỗ và sản phẩm gỗ,12,2023,186075.26,
Giấy các loại,1,2023,118248.459,171742.0
Giấy các loại,2,2023,158249.65199999997,201910.0
Giấy các loại,3,2023,184652.6550000001,178475.0
Giấy các loại,4,2023,163436.53799999997,193160.0
Giấy các loại,5,2023,178889.82200000007,177736.0
Giấy các loại,6,2023,167668.59199999998,177265.0
Giấy các loại,7,2023,161058.98500000002,175010.0
Giấy các loại,8,2023,161605.2739999999,186721.0
Giấy các loại,9,2023,161127.59199999986,193094.0
Giấy các loại,10,2023,164989.90000000005,225280.0
Giấy các loại,11,2023,188178.87899999987,192799.0
Giấy các loại,12,2023,173477.537,2196211.0
Sản phẩm từ giấy,1,2023,51555.56,
Sản phẩm từ giấy,2,2023,62416.716,
Sản phẩm từ giấy,3,2023,79622.19199999998,
Sản phẩm từ giấy,4,2023,67116.52000000003,
Sản phẩm từ giấy,5,2023,78516.89899999999,
Sản phẩm từ giấy,6,2023,70601.952,
Sản phẩm từ giấy,7,2023,80521.94200000004,
Sản phẩm từ giấy,8,2023,92159.68199999996,
Sản phẩm từ giấy,9,2023,86860.5010000001,
Sản phẩm từ giấy,10,2023,76583.33599999985,
Sản phẩm từ giấy,11,2023,85450.68199999997,
Sản phẩm từ giấy,12,2023,79687.10400000005,
Bông các loại,1,2023,175146.393,76611.0
Bông các loại,2,2023,182391.089,95541.0
Bông các loại,3,2023,218120.014,124113.0
Bông các loại,4,2023,276303.9049999999,145829.0
Bông các loại,5,2023,311732.98400000005,117583.0
Bông các loại,6,2023,242350.65400000024,129699.0
Bông các loại,7,2023,266438.9279999995,121372.0
Bông các loại,8,2023,244182.7930000002,108571.0
Bông các loại,9,2023,220476.968,107555.0
Bông các loại,10,2023,216544.73300000015,119784.0
Bông các loại,11,2023,237016.67000000007,121057.0
Bông các loại,12,2023,240955.1719999998,1337631.0
"Xơ, sợi dệt các loại",1,2023,135990.655,79247.0
"Xơ, sợi dệt các loại",2,2023,159193.05000000002,100885.0
"Xơ, sợi dệt các loại",3,2023,209781.992,84347.0
"Xơ, sợi dệt các loại",4,2023,174417.127,89397.0
"Xơ, sợi dệt các loại",5,2023,196918.07,94686.0
"Xơ, sợi dệt các loại",6,2023,188590.28400000013,78978.0
"Xơ, sợi dệt các loại",7,2023,169817.82400000005,84516.0
"Xơ, sợi dệt các loại",8,2023,181406.43899999993,89131.0
"Xơ, sợi dệt các loại",9,2023,189450.57999999975,96140.0
"Xơ, sợi dệt các loại",10,2023,194555.4319999999,99569.0
"Xơ, sợi dệt các loại",11,2023,194319.34600000005,95436.0
"Xơ, sợi dệt các loại",12,2023,196797.70500000007,1052962.0
Vải các loại,1,2023,936043.314,
Vải các loại,2,2023,776136.935,
Vải các loại,3,2023,1272604.516,
Vải các loại,4,2023,1149096.695,
Vải các loại,5,2023,1196696.5619999997,
Vải các loại,6,2023,1085380.008,
Vải các loại,7,2023,978221.683,
Vải các loại,8,2023,1083823.211,
Vải các loại,9,2023,1100847.8689999997,
Vải các loại,10,2023,1132505.1430000018,
Vải các loại,11,2023,1162674.3730000004,
Vải các loại,12,2023,1142711.636,
"Nguyên phụ liệu dệt, may, da giày",1,2023,377390.876,
"Nguyên phụ liệu dệt, may, da giày",2,2023,421493.06,
"Nguyên phụ liệu dệt, may, da giày",3,2023,586668.267,
"Nguyên phụ liệu dệt, may, da giày",4,2023,484235.66999999987,
"Nguyên phụ liệu dệt, may, da giày",5,2023,525110.243,
"Nguyên phụ liệu dệt, may, da giày",6,2023,484939.2070000001,
"Nguyên phụ liệu dệt, may, da giày",7,2023,514028.76600000047,
"Nguyên phụ liệu dệt, may, da giày",8,2023,537706.9570000002,
"Nguyên phụ liệu dệt, may, da giày",9,2023,518914.7719999996,
"Nguyên phụ liệu dệt, may, da giày",10,2023,496385.6249999997,
"Nguyên phụ liệu dệt, may, da giày",11,2023,535770.9209999999,
"Nguyên phụ liệu dệt, may, da giày",12,2023,525391.5010000002,
Thủy tinh và các sản phẩm từ thủy tinh,1,2023,117179.005,
Thủy tinh và các sản phẩm từ thủy tinh,2,2023,115886.079,
Thủy tinh và các sản phẩm từ thủy tinh,3,2023,131289.21699999998,
Thủy tinh và các sản phẩm từ thủy tinh,4,2023,120256.705,
Thủy tinh và các sản phẩm từ thủy tinh,5,2023,121154.31600000014,
Thủy tinh và các sản phẩm từ thủy tinh,6,2023,137948.661,
Thủy tinh và các sản phẩm từ thủy tinh,7,2023,138035.50500000003,
Thủy tinh và các sản phẩm từ thủy tinh,8,2023,160693.59999999998,
Thủy tinh và các sản phẩm từ thủy tinh,9,2023,149139.48699999996,
Thủy tinh và các sản phẩm từ thủy tinh,10,2023,162134.75300000003,
Thủy tinh và các sản phẩm từ thủy tinh,11,2023,149377.3160000001,
Thủy tinh và các sản phẩm từ thủy tinh,12,2023,145473.32799999998,
"Đá quý, kim loại quý và sản phẩm",1,2023,46818.173,
"Đá quý, kim loại quý và sản phẩm",2,2023,114831.163,
"Đá quý, kim loại quý và sản phẩm",3,2023,101255.309,
"Đá quý, kim loại quý và sản phẩm",4,2023,79307.044,
"Đá quý, kim loại quý và sản phẩm",5,2023,67804.36499999999,
"Đá quý, kim loại quý và sản phẩm",6,2023,66395.391,
"Đá quý, kim loại quý và sản phẩm",7,2023,63673.49999999995,
"Đá quý, kim loại quý và sản phẩm",8,2023,74082.28499999997,
"Đá quý, kim loại quý và sản phẩm",9,2023,67251.14999999997,
"Đá quý, kim loại quý và sản phẩm",10,2023,64920.50500000019,
"Đá quý, kim loại quý và sản phẩm",11,2023,64728.34399999987,
"Đá quý, kim loại quý và sản phẩm",12,2023,60579.14999999991,
Phế liệu sắt thép,1,2023,82275.589,468902.0
Phế liệu sắt thép,2,2023,179936.86999999997,555870.0
Phế liệu sắt thép,3,2023,222432.977,596728.0
Phế liệu sắt thép,4,2023,257595.2390000001,301775.0
Phế liệu sắt thép,5,2023,120684.23300000008,206819.0
Phế liệu sắt thép,6,2023,72903.10200000001,215707.0
Phế liệu sắt thép,7,2023,76707.03299999988,307845.0
Phế liệu sắt thép,8,2023,121292.74700000026,302901.0
Phế liệu sắt thép,9,2023,103420.22300000006,311820.0
Phế liệu sắt thép,10,2023,113272.08999999992,391213.0
Phế liệu sắt thép,11,2023,145644.30400000006,434565.0
Phế liệu sắt thép,12,2023,154586.6170000001,4307607.0
Sắt thép các loại,1,2023,525840.231,840543.0
Sắt thép các loại,2,2023,673204.0599999999,1303097.0
Sắt thép các loại,3,2023,1070228.4589999998,1032837.0
Sắt thép các loại,4,2023,893224.866,837163.0
Sắt thép các loại,5,2023,772173.383,956155.0
Sắt thép các loại,6,2023,835372.4240000007,1079733.0
Sắt thép các loại,7,2023,832310.7879999998,1285145.0
Sắt thép các loại,8,2023,935806.323,1404689.0
Sắt thép các loại,9,2023,996939.7280000002,1278024.0
Sắt thép các loại,10,2023,956732.5480000004,1496095.0
Sắt thép các loại,11,2023,1058146.7269999995,1223925.0
Sắt thép các loại,12,2023,875459.4570000004,13330185.0
Sản phẩm từ sắt thép,1,2023,384320.364,
Sản phẩm từ sắt thép,2,2023,336531.97799999994,
Sản phẩm từ sắt thép,3,2023,452273.1030000002,
Sản phẩm từ sắt thép,4,2023,393674.514,
Sản phẩm từ sắt thép,5,2023,422538.6240000001,
Sản phẩm từ sắt thép,6,2023,439382.75999999983,
Sản phẩm từ sắt thép,7,2023,483682.91200000007,
Sản phẩm từ sắt thép,8,2023,484615.62999999995,
Sản phẩm từ sắt thép,9,2023,461361.3690000005,
Sản phẩm từ sắt thép,10,2023,498669.7600000003,
Sản phẩm từ sắt thép,11,2023,522466.0309999991,
Sản phẩm từ sắt thép,12,2023,471296.70299999975,
Kim loại thường khác,1,2023,556275.522,131302.0
Kim loại thường khác,2,2023,605994.7999999999,158021.0
Kim loại thường khác,3,2023,744979.5909999999,162056.0
Kim loại thường khác,4,2023,648757.785,138059.0
Kim loại thường khác,5,2023,611900.6610000002,131095.0
Kim loại thường khác,6,2023,539369.0579999996,146121.0
Kim loại thường khác,7,2023,596883.748,151966.0
Kim loại thường khác,8,2023,631649.992,158719.0
Kim loại thường khác,9,2023,658398.0580000005,155176.0
Kim loại thường khác,10,2023,658234.8080000005,164189.0
Kim loại thường khác,11,2023,683539.5460000004,162744.0
Kim loại thường khác,12,2023,690884.0839999998,1779682.0
Sản phẩm từ kim loại thường khác,1,2023,155603.717,
Sản phẩm từ kim loại thường khác,2,2023,148420.10499999998,
Sản phẩm từ kim loại thường khác,3,2023,185605.99700000003,
Sản phẩm từ kim loại thường khác,4,2023,171944.527,
Sản phẩm từ kim loại thường khác,5,2023,186544.399,
Sản phẩm từ kim loại thường khác,6,2023,170715.23199999996,
Sản phẩm từ kim loại thường khác,7,2023,174430.7960000001,
Sản phẩm từ kim loại thường khác,8,2023,203008.4929999999,
Sản phẩm từ kim loại thường khác,9,2023,198924.24099999992,
Sản phẩm từ kim loại thường khác,10,2023,215790.3860000001,
Sản phẩm từ kim loại thường khác,11,2023,240985.9060000006,
Sản phẩm từ kim loại thường khác,12,2023,209285.45999999996,
"Máy vi tính, sản phẩm điện tử & linh kiện",1,2023,6562619.439,
"Máy vi tính, sản phẩm điện tử & linh kiện",2,2023,5947102.216999999,
"Máy vi tính, sản phẩm điện tử & linh kiện",3,2023,6803866.697999998,
"Máy vi tính, sản phẩm điện tử & linh kiện",4,2023,6080428.485000002,
"Máy vi tính, sản phẩm điện tử & linh kiện",5,2023,6175163.216999999,
"Máy vi tính, sản phẩm điện tử & linh kiện",6,2023,6806306.100999995,
"Máy vi tính, sản phẩm điện tử & linh kiện",7,2023,7456308.881999998,
"Máy vi tính, sản phẩm điện tử & linh kiện",8,2023,8393429.372000001,
"Máy vi tính, sản phẩm điện tử & linh kiện",9,2023,8598218.647,
"Máy vi tính, sản phẩm điện tử & linh kiện",10,2023,8465251.765,
"Máy vi tính, sản phẩm điện tử & linh kiện",11,2023,8501226.193000004,
"Máy vi tính, sản phẩm điện tử & linh kiện",12,2023,8175872.910999998,
Hàng điện gia dụng và linh kiện,1,2023,96209.41,
Hàng điện gia dụng và linh kiện,2,2023,170555.79,
Hàng điện gia dụng và linh kiện,3,2023,207815.249,
Hàng điện gia dụng và linh kiện,4,2023,157785.168,
Hàng điện gia dụng và linh kiện,5,2023,208434.72900000008,
Hàng điện gia dụng và linh kiện,6,2023,188850.72799999992,
Hàng điện gia dụng và linh kiện,7,2023,140792.46300000005,
Hàng điện gia dụng và linh kiện,8,2023,129289.20900000008,
Hàng điện gia dụng và linh kiện,9,2023,118834.08700000012,
Hàng điện gia dụng và linh kiện,10,2023,131284.56699999986,
Hàng điện gia dụng và linh kiện,11,2023,142889.3830000002,
Hàng điện gia dụng và linh kiện,12,2023,154457.92799999984,
Điện thoại các loại và linh kiện,1,2023,793855.75,
Điện thoại các loại và linh kiện,2,2023,525414.7849999999,
Điện thoại các loại và linh kiện,3,2023,580810.202,
Điện thoại các loại và linh kiện,4,2023,616788.1950000001,
Điện thoại các loại và linh kiện,5,2023,483623.05099999974,
Điện thoại các loại và linh kiện,6,2023,570897.3110000005,
Điện thoại các loại và linh kiện,7,2023,707004.2219999989,
Điện thoại các loại và linh kiện,8,2023,818828.5689999999,
Điện thoại các loại và linh kiện,9,2023,949781.5559999996,
Điện thoại các loại và linh kiện,10,2023,1060418.9580000003,
Điện thoại các loại và linh kiện,11,2023,907566.6759999996,
Điện thoại các loại và linh kiện,12,2023,734241.0539999995,
Máy ảnh máy quay phim và linh kiện,1,2023,201741.2,
Máy ảnh máy quay phim và linh kiện,2,2023,150363.24,
Máy ảnh máy quay phim và linh kiện,3,2023,166823.874,
Máy ảnh máy quay phim và linh kiện,4,2023,163413.441,
Máy ảnh máy quay phim và linh kiện,5,2023,141623.77000000002,
Máy ảnh máy quay phim và linh kiện,6,2023,156663.63399999996,
Máy ảnh máy quay phim và linh kiện,7,2023,168800.92200000002,
Máy ảnh máy quay phim và linh kiện,8,2023,217462.18199999997,
Máy ảnh máy quay phim và linh kiện,9,2023,207912.67999999988,
Máy ảnh máy quay phim và linh kiện,10,2023,212359.5749999999,
Máy ảnh máy quay phim và linh kiện,11,2023,236932.6010000002,
Máy ảnh máy quay phim và linh kiện,12,2023,224155.3829999999,
"Máy móc, thiết bị, dụng cụ & phụ tùng",1,2023,2739303.788,
"Máy móc, thiết bị, dụng cụ & phụ tùng",2,2023,2878110.032,
"Máy móc, thiết bị, dụng cụ & phụ tùng",3,2023,3591665.843000001,
"Máy móc, thiết bị, dụng cụ & phụ tùng",4,2023,3258212.044,
"Máy móc, thiết bị, dụng cụ & phụ tùng",5,2023,3604112.962,
"Máy móc, thiết bị, dụng cụ & phụ tùng",6,2023,3378983.741000001,
"Máy móc, thiết bị, dụng cụ & phụ tùng",7,2023,3581494.638999999,
"Máy móc, thiết bị, dụng cụ & phụ tùng",8,2023,3737458.5630000015,
"Máy móc, thiết bị, dụng cụ & phụ tùng",9,2023,3583289.265000001,
"Máy móc, thiết bị, dụng cụ & phụ tùng",10,2023,3573027.1830000025,
"Máy móc, thiết bị, dụng cụ & phụ tùng",11,2023,3752299.944999997,
"Máy móc, thiết bị, dụng cụ & phụ tùng",12,2023,3901630.843999997,
Dây điện và dây cáp điện,1,2023,161380.234,
Dây điện và dây cáp điện,2,2023,169771.756,
Dây điện và dây cáp điện,3,2023,210754.90500000003,
Dây điện và dây cáp điện,4,2023,214772.926,
Dây điện và dây cáp điện,5,2023,209788.25899999996,
Dây điện và dây cáp điện,6,2023,202900.228,
Dây điện và dây cáp điện,7,2023,214701.76599999997,
Dây điện và dây cáp điện,8,2023,238057.98399999985,
Dây điện và dây cáp điện,9,2023,234527.18400000047,
Dây điện và dây cáp điện,10,2023,223774.43599999987,
Dây điện và dây cáp điện,11,2023,252226.94700000028,
Dây điện và dây cáp điện,12,2023,236646.37699999983,
Ô tô nguyên chiếc các loại (*),1,2023,314502.938,12323.0
Ô tô nguyên chiếc các loại (*),2,2023,255942.88199999993,15222.0
Ô tô nguyên chiếc các loại (*),3,2023,355041.9660000001,12342.0
Ô tô nguyên chiếc các loại (*),4,2023,285958.96,7610.0
Ô tô nguyên chiếc các loại (*),5,2023,190318.63300000003,8961.0
Ô tô nguyên chiếc các loại (*),6,2023,249143.38500000007,8907.0
Ô tô nguyên chiếc các loại (*),7,2023,216881.16499999983,6927.0
Ô tô nguyên chiếc các loại (*),8,2023,161603.52000000037,7428.0
Ô tô nguyên chiếc các loại (*),9,2023,177559.29299999995,9601.0
Ô tô nguyên chiếc các loại (*),10,2023,254613.29599999991,7500.0
Ô tô nguyên chiếc các loại (*),11,2023,192627.5899999997,7664.0
Ô tô nguyên chiếc các loại (*),12,2023,176773.74399999995,118942.0
Ô tô 9 chỗ ngồi trở xuống,1,2023,272471.067,9673.0
Ô tô 9 chỗ ngồi trở xuống,2,2023,196832.62600000005,12058.0
Ô tô 9 chỗ ngồi trở xuống,3,2023,260788.67899999995,9001.0
Ô tô 9 chỗ ngồi trở xuống,4,2023,198736.5269999999,5442.0
Ô tô 9 chỗ ngồi trở xuống,5,2023,129852.604,6785.0
Ô tô 9 chỗ ngồi trở xuống,6,2023,164285.2169999999,7547.0
Ô tô 9 chỗ ngồi trở xuống,7,2023,166071.69899999996,6006.0
Ô tô 9 chỗ ngồi trở xuống,8,2023,123393.39599999988,6198.0
Ô tô 9 chỗ ngồi trở xuống,9,2023,117429.93800000002,8213.0
Ô tô 9 chỗ ngồi trở xuống,10,2023,190330.898,5869.0
Ô tô 9 chỗ ngồi trở xuống,11,2023,125768.68899999995,6690.0
Ô tô 9 chỗ ngồi trở xuống,12,2023,119513.49899999984,96606.0
Ô tô trên 9 chỗ ngồi,1,2023,,2.0
Ô tô trên 9 chỗ ngồi,2,2023,15.314,
Ô tô trên 9 chỗ ngồi,4,2023,,1.0
Ô tô trên 9 chỗ ngồi,5,2023,9.42900000000001,4.0
Ô tô trên 9 chỗ ngồi,6,2023,28.420999999999985,1.0
Ô tô trên 9 chỗ ngồi,7,2023,48.225,
Ô tô trên 9 chỗ ngồi,8,2023,,3.0
Ô tô trên 9 chỗ ngồi,9,2023,105.39800000000002,4.0
Ô tô trên 9 chỗ ngồi,10,2023,53.90599999999997,13.0
Ô tô trên 9 chỗ ngồi,11,2023,298.3419999999999,12.0
Ô tô trên 9 chỗ ngồi,12,2023,135.62900000000002,40.0
Ô tô tải,1,2023,25292.668,2031.0
Ô tô tải,2,2023,34770.224,2206.0
Ô tô tải,3,2023,52307.212,2536.0
Ô tô tải,4,2023,54078.58399999999,1473.0
Ô tô tải,5,2023,30670.275000000012,1152.0
Ô tô tải,6,2023,41895.65799999998,849.0
Ô tô tải,7,2023,26332.57400000001,331.0
Ô tô tải,8,2023,13350.137999999952,624.0
Ô tô tải,9,2023,31677.802000000014,899.0
Ô tô tải,10,2023,39187.58399999996,940.0
Ô tô tải,11,2023,36412.84299999998,338.0
Ô tô tải,12,2023,24168.313000000024,14379.0
"Linh kiện, phụ tùng ô tô",1,2023,305121.636,
"Linh kiện, phụ tùng ô tô",2,2023,326308.514,
"Linh kiện, phụ tùng ô tô",3,2023,367148.5509999999,
"Linh kiện, phụ tùng ô tô",4,2023,326345.51999999996,
"Linh kiện, phụ tùng ô tô",5,2023,327230.5339999999,
"Linh kiện, phụ tùng ô tô",6,2023,355603.46800000005,
"Linh kiện, phụ tùng ô tô",7,2023,262723.5579999999,
"Linh kiện, phụ tùng ô tô",8,2023,336023.1480000002,
"Linh kiện, phụ tùng ô tô",9,2023,325335.4780000003,
"Linh kiện, phụ tùng ô tô",10,2023,391359.78499999986,
"Linh kiện, phụ tùng ô tô",11,2023,413983.9640000003,
"Linh kiện, phụ tùng ô tô",12,2023,373077.98100000015,
Xe máy và linh kiện,1,2023,52373.909,
Xe máy và linh kiện,2,2023,57375.401,
Xe máy và linh kiện,3,2023,54890.99900000001,
Xe máy và linh kiện,4,2023,49947.06899999999,
Xe máy và linh kiện,5,2023,53042.272000000026,
Xe máy và linh kiện,6,2023,52493.08699999997,
Xe máy và linh kiện,7,2023,46808.505000000005,
Xe máy và linh kiện,8,2023,44884.42500000005,
Xe máy và linh kiện,9,2023,42079.56400000001,
Xe máy và linh kiện,10,2023,55039.321000000025,
Xe máy và linh kiện,11,2023,48620.34800000003,
Xe máy và linh kiện,12,2023,54098.822999999975,
Phương tiện vận tải khác và phụ tùng,1,2023,115114.55,
Phương tiện vận tải khác và phụ tùng,2,2023,87068.96,
Phương tiện vận tải khác và phụ tùng,3,2023,105906.51,
Phương tiện vận tải khác và phụ tùng,4,2023,101809.2,
Phương tiện vận tải khác và phụ tùng,5,2023,80819.75,
Phương tiện vận tải khác và phụ tùng,6,2023,107038.96,
Phương tiện vận tải khác và phụ tùng,7,2023,94656.85,
Phương tiện vận tải khác và phụ tùng,8,2023,139506.66,
Phương tiện vận tải khác và phụ tùng,9,2023,65581.99,
Phương tiện vận tải khác và phụ tùng,10,2023,55542.48,
Phương tiện vận tải khác và phụ tùng,11,2023,77098.49,
Phương tiện vận tải khác và phụ tùng,12,2023,129543.38999999998,
Hàng hoá khác,1,2023,1224010.304,
Hàng hoá khác,2,2023,1412697.0469999998,
Hàng hoá khác,3,2023,1811873.757,
Hàng hoá khác,4,2023,1396449.312,
Hàng hoá khác,5,2023,1482079.3550000004,
Hàng hoá khác,6,2023,1406898.9010000003,
Hàng hoá khác,7,2023,1440100.954,
Hàng hoá khác,8,2023,1581977.5179999992,
Hàng hoá khác,9,2023,2103265.9800000004,
Hàng hoá khác,10,2023,1604785.6150000002,
Hàng hoá khác,11,2023,2058996.4360000007,
Hàng hoá khác,12,2023,1937896.9729999977,
T/đó: Khu vực có vốn ĐTTTNN,1,2024,19650581.38,
T/đó: Khu vực có vốn ĐTTTNN,2,2024,15382427.981000002,
T/đó: Khu vực có vốn ĐTTTNN,3,2024,19293152.807999995,
T/đó: Khu vực có vốn ĐTTTNN,4,2024,18482868.651999995,
T/đó: Khu vực có vốn ĐTTTNN,5,2024,20701225.575000003,
T/đó: Khu vực có vốn ĐTTTNN,6,2024,19788486.776000008,
T/đó: Khu vực có vốn ĐTTTNN,7,2024,22085624.165000007,
T/đó: Khu vực có vốn ĐTTTNN,8,2024,21586720.176,
T/đó: Khu vực có vốn ĐTTTNN,9,2024,20819658.093,
T/đó: Khu vực có vốn ĐTTTNN,10,2024,20910248.217000008,
T/đó: Khu vực có vốn ĐTTTNN,11,2024,20943426.642999988,
T/đó: Khu vực có vốn ĐTTTNN,12,2024,21005663.158,
Hàng thủy sản,1,2024,246034.971,
Hàng thủy sản,2,2024,160401.144,
Hàng thủy sản,3,2024,213166.105,
Hàng thủy sản,4,2024,172028.341,
Hàng thủy sản,5,2024,202021.096,
Hàng thủy sản,6,2024,225536.38399999996,
Hàng thủy sản,7,2024,218882.203,
Hàng thủy sản,8,2024,238362.023,
Hàng thủy sản,9,2024,195520.509,
Hàng thủy sản,10,2024,218371.877,
Hàng thủy sản,11,2024,240602.23300000015,
Hàng thủy sản,12,2024,306119.172,
Sữa và sản phẩm sữa,1,2024,82005.385,
Sữa và sản phẩm sữa,2,2024,64383.883000000016,
Sữa và sản phẩm sữa,3,2024,98314.337,
Sữa và sản phẩm sữa,4,2024,99363.67999999996,
Sữa và sản phẩm sữa,5,2024,94313.10100000002,
Sữa và sản phẩm sữa,6,2024,95681.898,
Sữa và sản phẩm sữa,7,2024,101507.912,
Sữa và sản phẩm sữa,8,2024,108856.845,
Sữa và sản phẩm sữa,9,2024,86183.247,
Sữa và sản phẩm sữa,10,2024,96082.46800000004,
Sữa và sản phẩm sữa,11,2024,102579.47100000008,
Sữa và sản phẩm sữa,12,2024,99231.052,
Hàng rau quả,1,2024,216595.602,
Hàng rau quả,2,2024,120798.04099999995,
Hàng rau quả,3,2024,155785.749,
Hàng rau quả,4,2024,142351.19700000004,
Hàng rau quả,5,2024,174796.66700000002,
Hàng rau quả,6,2024,210558.556,
Hàng rau quả,7,2024,206241.6989999999,
Hàng rau quả,8,2024,220351.513,
Hàng rau quả,9,2024,211911.074,
Hàng rau quả,10,2024,211143.28999999983,
Hàng rau quả,11,2024,252165.96800000028,
Hàng rau quả,12,2024,304277.033,
Hạt điều,1,2024,104894.028,133088.0
Hạt điều,2,2024,171680.18800000002,437836.0
Hạt điều,3,2024,549098.782,295477.0
Hạt điều,4,2024,368808.475,225942.0
Hạt điều,5,2024,261796.69200000004,307646.0
Hạt điều,6,2024,346819.80599999987,288651.0
Hạt điều,7,2024,342859.1170000001,211225.0
Hạt điều,8,2024,283332.382,169864.0
Hạt điều,9,2024,243246.431,147300.0
Hạt điều,10,2024,227186.7620000005,84975.0
Hạt điều,11,2024,139501.03699999908,104546.0
Hạt điều,12,2024,184735.768,2499093.0
Lúa mỳ,1,2024,156366.861,503681.0
Lúa mỳ,2,2024,133959.742,467665.0
Lúa mỳ,3,2024,131064.281,791635.0
Lúa mỳ,4,2024,216977.687,533421.0
Lúa mỳ,5,2024,141163.90300000005,292292.0
Lúa mỳ,6,2024,82795.60499999998,316439.0
Lúa mỳ,7,2024,92345.81699999992,269712.0
Lúa mỳ,8,2024,73247.376,843823.0
Lúa mỳ,9,2024,226430.606,461921.0
Lúa mỳ,10,2024,122486.12100000028,355258.0
Lúa mỳ,11,2024,99828.85700000008,367333.0
Lúa mỳ,12,2024,100890.792,5738529.0
Ngô,1,2024,250233.007,930840.0
Ngô,2,2024,237053.264,868609.0
Ngô,3,2024,215455.042,661612.0
Ngô,4,2024,168351.96700000006,795321.0
Ngô,5,2024,196065.11100000003,611859.0
Ngô,6,2024,148332.02399999998,894314.0
Ngô,7,2024,215050.27199999988,1189316.0
Ngô,8,2024,284435.142,1152681.0
Ngô,9,2024,268425.391,1547845.0
Ngô,10,2024,361128.59,1478832.0
Ngô,11,2024,353410.54000000015,1405743.0
Ngô,12,2024,343294.691,12518288.0
Đậu tương,1,2024,122083.745,126901.0
Đậu tương,2,2024,70956.44700000001,200868.0
Đậu tương,3,2024,103575.39599999998,222870.0
Đậu tương,4,2024,111206.34500000004,225697.0
Đậu tương,5,2024,114282.385,76083.0
Đậu tương,6,2024,39371.45399999997,248546.0
Đậu tương,7,2024,126174.407,132031.0
Đậu tương,8,2024,66239.793,148004.0
Đậu tương,9,2024,71800.114,223338.0
Đậu tương,10,2024,110148.42799999972,162510.0
Đậu tương,11,2024,80719.84300000026,239148.0
Đậu tương,12,2024,110579.486,2218224.0
Dầu mỡ động thực vật,1,2024,80392.836,
Dầu mỡ động thực vật,2,2024,63344.33200000001,
Dầu mỡ động thực vật,3,2024,106354.24899999997,
Dầu mỡ động thực vật,4,2024,127255.78700000004,
Dầu mỡ động thực vật,5,2024,82841.13199999998,
Dầu mỡ động thực vật,6,2024,99370.81499999994,
Dầu mỡ động thực vật,7,2024,112428.65000000002,
Dầu mỡ động thực vật,8,2024,144915.345,
Dầu mỡ động thực vật,9,2024,133438.152,
Dầu mỡ động thực vật,10,2024,162769.28600000014,
Dầu mỡ động thực vật,11,2024,136055.7,
Dầu mỡ động thực vật,12,2024,142204.237,
Bánh kẹo và các sản phẩm từ ngũ cốc,1,2024,45451.997,
Bánh kẹo và các sản phẩm từ ngũ cốc,2,2024,28212.831999999995,
Bánh kẹo và các sản phẩm từ ngũ cốc,3,2024,39571.206000000006,
Bánh kẹo và các sản phẩm từ ngũ cốc,4,2024,33821.78699999998,
Bánh kẹo và các sản phẩm từ ngũ cốc,5,2024,42482.591000000015,
Bánh kẹo và các sản phẩm từ ngũ cốc,6,2024,45120.513000000006,
Bánh kẹo và các sản phẩm từ ngũ cốc,7,2024,53266.081999999966,
Bánh kẹo và các sản phẩm từ ngũ cốc,8,2024,56128.734,
Bánh kẹo và các sản phẩm từ ngũ cốc,9,2024,63823.375,
Bánh kẹo và các sản phẩm từ ngũ cốc,10,2024,75067.07300000003,
Bánh kẹo và các sản phẩm từ ngũ cốc,11,2024,83138.62800000008,
Bánh kẹo và các sản phẩm từ ngũ cốc,12,2024,75215.541,
Chế phẩm thực phẩm khỏc,1,2024,90660.618,
Chế phẩm thực phẩm khỏc,2,2024,80114.607,
Chế phẩm thực phẩm khỏc,3,2024,98298.959,
Chế phẩm thực phẩm khỏc,4,2024,103739.311,
Chế phẩm thực phẩm khỏc,5,2024,113368.62300000002,
Chế phẩm thực phẩm khỏc,6,2024,114662.924,
Chế phẩm thực phẩm khỏc,7,2024,140755.189,
Chế phẩm thực phẩm khỏc,8,2024,121629.822,
Chế phẩm thực phẩm khỏc,9,2024,126314.526,
Chế phẩm thực phẩm khỏc,10,2024,111719.08900000004,
Chế phẩm thực phẩm khỏc,11,2024,122115.73899999996,
Chế phẩm thực phẩm khỏc,12,2024,123137.642,
Thức ăn gia súc và nguyên liệu,1,2024,424779.152,
Thức ăn gia súc và nguyên liệu,2,2024,341010.71400000004,
Thức ăn gia súc và nguyên liệu,3,2024,442835.661,
Thức ăn gia súc và nguyên liệu,4,2024,479017.4779999999,
Thức ăn gia súc và nguyên liệu,5,2024,437731.13100000005,
Thức ăn gia súc và nguyên liệu,6,2024,435677.1200000001,
Thức ăn gia súc và nguyên liệu,7,2024,352882.77600000007,
Thức ăn gia súc và nguyên liệu,8,2024,453860.896,
Thức ăn gia súc và nguyên liệu,9,2024,290377.918,
Thức ăn gia súc và nguyên liệu,10,2024,364376.9109999996,
Thức ăn gia súc và nguyên liệu,11,2024,420466.2890000002,
Thức ăn gia súc và nguyên liệu,12,2024,456998.003,
Nguyên phụ liệu thuốc lá,1,2024,10164.969,
Nguyên phụ liệu thuốc lá,2,2024,6936.58,
Nguyên phụ liệu thuốc lá,3,2024,9991.616,
Nguyên phụ liệu thuốc lá,4,2024,10491.898,
Nguyên phụ liệu thuốc lá,5,2024,49738.2,
Nguyên phụ liệu thuốc lá,6,2024,64871.467,
Nguyên phụ liệu thuốc lá,7,2024,62582.29699999999,
Nguyên phụ liệu thuốc lá,8,2024,40547.138,
Nguyên phụ liệu thuốc lá,9,2024,40992.018,
Nguyên phụ liệu thuốc lá,10,2024,39281.99899999999,
Nguyên phụ liệu thuốc lá,11,2024,68119.82800000004,
Nguyên phụ liệu thuốc lá,12,2024,105331.836,
Quặng và khoáng sản khác,1,2024,227395.423,1686304.0
Quặng và khoáng sản khác,2,2024,209319.12299999996,2415481.0
Quặng và khoáng sản khác,3,2024,285565.777,2222727.0
Quặng và khoáng sản khác,4,2024,214005.81000000008,2262651.0
Quặng và khoáng sản khác,5,2024,239654.02599999995,2241967.0
Quặng và khoáng sản khác,6,2024,249287.67500000005,2545406.0
Quặng và khoáng sản khác,7,2024,262360.98399999994,2651958.0
Quặng và khoáng sản khác,8,2024,279016.385,1629102.0
Quặng và khoáng sản khác,9,2024,175853.302,2392634.0
Quặng và khoáng sản khác,10,2024,240768.35599999997,2122616.0
Quặng và khoáng sản khác,11,2024,234326.20999999985,2175033.0
Quặng và khoáng sản khác,12,2024,233998.6,26142301.0
Than đá,1,2024,670122.761,4175657.0
Than đá,2,2024,612834.88,5422244.0
Than đá,3,2024,666571.9799999999,5893120.0
Than đá,4,2024,752556.6169999999,6496219.0
Than đá,5,2024,761639.963,6364340.0
Than đá,6,2024,731514.3170000003,7051603.0
Than đá,7,2024,840547.3370000003,5379197.0
Than đá,8,2024,684860.537,3971181.0
Than đá,9,2024,440722.643,4473322.0
Than đá,10,2024,465344.5289999992,4006015.0
Than đá,11,2024,412788.4310000002,5513483.0
Than đá,12,2024,593089.551,63824152.0
Dầu thô,1,2024,814959.094,882367.0
Dầu thô,2,2024,550375.381,1062165.0
Dầu thô,3,2024,665798.3629999999,1090948.0
Dầu thô,4,2024,692965.2549999999,1396126.0
Dầu thô,5,2024,976648.892,982012.0
Dầu thô,6,2024,588128.3429999999,1223568.0
Dầu thô,7,2024,780754.6069999998,1082368.0
Dầu thô,8,2024,684010.763,1168734.0
Dầu thô,9,2024,669255.032,1125087.0
Dầu thô,10,2024,575893.7220000005,863389.0
Dầu thô,11,2024,478978.52699999977,1163407.0
Dầu thô,12,2024,636960.522,13440822.0
Xăng dầu các loại,1,2024,591277.895,737504.0
Xăng dầu các loại,2,2024,611843.729,1077709.0
Xăng dầu các loại,3,2024,901693.8519999996,1139029.0
Xăng dầu các loại,4,2024,960804.921,947380.0
Xăng dầu các loại,5,2024,728966.324,794539.0
Xăng dầu các loại,6,2024,598232.6629999997,750757.0
Xăng dầu các loại,7,2024,601453.1330000004,691085.0
Xăng dầu các loại,8,2024,514532.482,647398.0
Xăng dầu các loại,9,2024,437223.266,933053.0
Xăng dầu các loại,10,2024,640895.564,800016.0
Xăng dầu các loại,11,2024,560700.1519999998,1157605.0
Xăng dầu các loại,12,2024,836519.217,10419554.0
Khí đốt hóa lỏng,1,2024,200234.932,214064.0
Khí đốt hóa lỏng,2,2024,144479.312,225773.0
Khí đốt hóa lỏng,3,2024,155043.90200000003,259757.0
Khí đốt hóa lỏng,4,2024,150898.36200000002,270828.0
Khí đốt hóa lỏng,5,2024,168694.75300000003,302841.0
Khí đốt hóa lỏng,6,2024,187927.03099999996,291847.0
Khí đốt hóa lỏng,7,2024,186103.353,326480.0
Khí đốt hóa lỏng,8,2024,209514.555,208338.0
Khí đốt hóa lỏng,9,2024,136037.689,266918.0
Khí đốt hóa lỏng,10,2024,184414.0240000001,259405.0
Khí đốt hóa lỏng,11,2024,182953.117,198268.0
Khí đốt hóa lỏng,12,2024,138052.771,3113537.0
Sản phẩm khác từ dầu mỏ,1,2024,192392.028,
Sản phẩm khác từ dầu mỏ,2,2024,193552.099,
Sản phẩm khác từ dầu mỏ,3,2024,154093.84999999998,
Sản phẩm khác từ dầu mỏ,4,2024,110245.57300000008,
Sản phẩm khác từ dầu mỏ,5,2024,119124.348,
Sản phẩm khác từ dầu mỏ,6,2024,107398.25899999996,
Sản phẩm khác từ dầu mỏ,7,2024,112656.35600000004,
Sản phẩm khác từ dầu mỏ,8,2024,158347.106,
Sản phẩm khác từ dầu mỏ,9,2024,114332.072,
Sản phẩm khác từ dầu mỏ,10,2024,128906.30900000012,
Sản phẩm khác từ dầu mỏ,11,2024,123520.28299999982,
Sản phẩm khác từ dầu mỏ,12,2024,183484.127,
Hóa chất,1,2024,678602.198,
Hóa chất,2,2024,559666.505,
Hóa chất,3,2024,698223.6699999998,
Hóa chất,4,2024,721601.55,
Hóa chất,5,2024,818770.9989999998,
Hóa chất,6,2024,690853.5120000001,
Hóa chất,7,2024,724005.7590000001,
Hóa chất,8,2024,744701.822,
Hóa chất,9,2024,645080.169,
Hóa chất,10,2024,646474.9690000014,
Hóa chất,11,2024,647589.5650000003,
Hóa chất,12,2024,710704.765,
Sản phẩm từ hóa chất,1,2024,669805.17,
Sản phẩm từ hóa chất,2,2024,440432.2499999999,
Sản phẩm từ hóa chất,3,2024,662093.6290000001,
Sản phẩm từ hóa chất,4,2024,626170.6949999998,
Sản phẩm từ hóa chất,5,2024,671245.0010000002,
Sản phẩm từ hóa chất,6,2024,637928.534,
Sản phẩm từ hóa chất,7,2024,697529.1339999996,
Sản phẩm từ hóa chất,8,2024,666567.681,
Sản phẩm từ hóa chất,9,2024,594868.934,
Sản phẩm từ hóa chất,10,2024,652685.6780000003,
Sản phẩm từ hóa chất,11,2024,716558.9219999992,
Sản phẩm từ hóa chất,12,2024,699246.125,
Nguyên phụ liệu dược phẩm,1,2024,39680.653,
Nguyên phụ liệu dược phẩm,2,2024,26763.38299999999,
Nguyên phụ liệu dược phẩm,3,2024,40086.945,
Nguyên phụ liệu dược phẩm,4,2024,46342.231,
Nguyên phụ liệu dược phẩm,5,2024,40987.462,
Nguyên phụ liệu dược phẩm,6,2024,39661.937000000005,
Nguyên phụ liệu dược phẩm,7,2024,42422.870000000024,
Nguyên phụ liệu dược phẩm,8,2024,39748.574,
Nguyên phụ liệu dược phẩm,9,2024,31635.06,
Nguyên phụ liệu dược phẩm,10,2024,40587.71399999995,
Nguyên phụ liệu dược phẩm,11,2024,38780.681,
Nguyên phụ liệu dược phẩm,12,2024,53394.508,
Dược phẩm,1,2024,341163.079,
Dược phẩm,2,2024,256764.4299999999,
Dược phẩm,3,2024,337340.45900000003,
Dược phẩm,4,2024,347772.3709999999,
Dược phẩm,5,2024,351627.155,
Dược phẩm,6,2024,363323.054,
Dược phẩm,7,2024,395230.44400000013,
Dược phẩm,8,2024,349628.251,
Dược phẩm,9,2024,373924.656,
Dược phẩm,10,2024,444835.33699999994,
Dược phẩm,11,2024,319657.2419999995,
Dược phẩm,12,2024,518165.974,
Phân bón các loại,1,2024,138390.292,272386.0
Phân bón các loại,2,2024,88512.30900000001,432915.0
Phân bón các loại,3,2024,124995.02700000005,470464.0
Phân bón các loại,4,2024,153475.81799999997,531283.0
Phân bón các loại,5,2024,176527.169,462584.0
Phân bón các loại,6,2024,156440.637,470720.0
Phân bón các loại,7,2024,142123.93200000003,448923.0
Phân bón các loại,8,2024,157532.357,378158.0
Phân bón các loại,9,2024,140349.453,468672.0
Phân bón các loại,10,2024,154130.26699999988,472334.0
Phân bón các loại,11,2024,157028.88000000027,429891.0
Phân bón các loại,12,2024,124343.25,5253180.0
"Chất thơm, mỹ phẩm và chế phẩm vệ sinh",1,2024,104987.541,
"Chất thơm, mỹ phẩm và chế phẩm vệ sinh",2,2024,93418.598,
"Chất thơm, mỹ phẩm và chế phẩm vệ sinh",3,2024,112940.65,
"Chất thơm, mỹ phẩm và chế phẩm vệ sinh",4,2024,115969.951,
"Chất thơm, mỹ phẩm và chế phẩm vệ sinh",5,2024,121963.72999999998,
"Chất thơm, mỹ phẩm và chế phẩm vệ sinh",6,2024,125994.701,
"Chất thơm, mỹ phẩm và chế phẩm vệ sinh",7,2024,121055.33400000005,
"Chất thơm, mỹ phẩm và chế phẩm vệ sinh",8,2024,133109.072,
"Chất thơm, mỹ phẩm và chế phẩm vệ sinh",9,2024,115913.375,
"Chất thơm, mỹ phẩm và chế phẩm vệ sinh",10,2024,121955.3140000001,
"Chất thơm, mỹ phẩm và chế phẩm vệ sinh",11,2024,132824.41899999985,
"Chất thơm, mỹ phẩm và chế phẩm vệ sinh",12,2024,132969.644,
Thuốc trừ sâu và nguyên liệu,1,2024,64222.781,
Thuốc trừ sâu và nguyên liệu,2,2024,46129.3,
Thuốc trừ sâu và nguyên liệu,3,2024,81701.20600000002,
Thuốc trừ sâu và nguyên liệu,4,2024,82377.29800000001,
Thuốc trừ sâu và nguyên liệu,5,2024,107611.07,
Thuốc trừ sâu và nguyên liệu,6,2024,81848.48699999996,
Thuốc trừ sâu và nguyên liệu,7,2024,82700.47499999998,
Thuốc trừ sâu và nguyên liệu,8,2024,83658.699,
Thuốc trừ sâu và nguyên liệu,9,2024,65040.257,
Thuốc trừ sâu và nguyên liệu,10,2024,81219.69900000002,
Thuốc trừ sâu và nguyên liệu,11,2024,75873.25599999995,
Thuốc trừ sâu và nguyên liệu,12,2024,97059.719,
Chất dẻo nguyên liệu,1,2024,917626.735,462339.0
Chất dẻo nguyên liệu,2,2024,632329.535,687906.0
Chất dẻo nguyên liệu,3,2024,954007.1129999998,665190.0
Chất dẻo nguyên liệu,4,2024,922475.642,769302.0
Chất dẻo nguyên liệu,5,2024,1072197.5110000004,661681.0
Chất dẻo nguyên liệu,6,2024,935505.9809999996,719023.0
Chất dẻo nguyên liệu,7,2024,1023477.9359999998,758996.0
Chất dẻo nguyên liệu,8,2024,1069576.599,678691.0
Chất dẻo nguyên liệu,9,2024,936635.931,740694.0
Chất dẻo nguyên liệu,10,2024,1031173.0850000008,787071.0
Chất dẻo nguyên liệu,11,2024,1169588.6120000002,821455.0
Chất dẻo nguyên liệu,12,2024,1115656.038,8426770.0
Sản phẩm từ chất dẻo,1,2024,738993.479,
Sản phẩm từ chất dẻo,2,2024,482655.4539999999,
Sản phẩm từ chất dẻo,3,2024,688962.8130000001,
Sản phẩm từ chất dẻo,4,2024,691118.4409999999,
Sản phẩm từ chất dẻo,5,2024,779891.0320000001,
Sản phẩm từ chất dẻo,6,2024,726638.395,
Sản phẩm từ chất dẻo,7,2024,809299.5350000001,
Sản phẩm từ chất dẻo,8,2024,782847.54,
Sản phẩm từ chất dẻo,9,2024,727918.881,
Sản phẩm từ chất dẻo,10,2024,765873.8219999995,
Sản phẩm từ chất dẻo,11,2024,826486.7739999986,
Sản phẩm từ chất dẻo,12,2024,833222.659,
Cao su,1,2024,251864.654,107208.0
Cao su,2,2024,147972.953,105079.0
Cao su,3,2024,169201.194,100168.0
Cao su,4,2024,165046.90300000005,133496.0
Cao su,5,2024,212898.31499999992,148484.0
Cao su,6,2024,233518.9670000001,156708.0
Cao su,7,2024,248193.99499999988,188619.0
Cao su,8,2024,289029.184,157629.0
Cao su,9,2024,256918.466,184460.0
Cao su,10,2024,318501.53000000026,193939.0
Cao su,11,2024,329113.2120000002,229668.0
Cao su,12,2024,380030.584,1898055.0
Sản phẩm từ cao su,1,2024,88262.734,
Sản phẩm từ cao su,2,2024,59330.091000000015,
Sản phẩm từ cao su,3,2024,83174.027,
Sản phẩm từ cao su,4,2024,84534.29099999997,
Sản phẩm từ cao su,5,2024,90168.825,
Sản phẩm từ cao su,6,2024,90760.40000000002,
Sản phẩm từ cao su,7,2024,96426.56700000004,
Sản phẩm từ cao su,8,2024,98044.393,
Sản phẩm từ cao su,9,2024,88779.319,
Sản phẩm từ cao su,10,2024,96598.40899999988,
Sản phẩm từ cao su,11,2024,107804.09800000011,
Sản phẩm từ cao su,12,2024,105477.075,
Gỗ và sản phẩm gỗ,1,2024,220007.499,
Gỗ và sản phẩm gỗ,2,2024,122040.11800000002,
Gỗ và sản phẩm gỗ,3,2024,193646.72000000003,
Gỗ và sản phẩm gỗ,4,2024,232318.09899999993,
Gỗ và sản phẩm gỗ,5,2024,247574.968,
Gỗ và sản phẩm gỗ,6,2024,243580.08100000012,
Gỗ và sản phẩm gỗ,7,2024,262912.81999999983,
Gỗ và sản phẩm gỗ,8,2024,270704.994,
Gỗ và sản phẩm gỗ,9,2024,234463.878,
Gỗ và sản phẩm gỗ,10,2024,238653.52300000025,
Gỗ và sản phẩm gỗ,11,2024,230980.66899999985,
Gỗ và sản phẩm gỗ,12,2024,257341.223,
Giấy các loại,1,2024,186329.787,131257.0
Giấy các loại,2,2024,119185.425,200804.0
Giấy các loại,3,2024,177870.495,193623.0
Giấy các loại,4,2024,174770.66199999995,223215.0
Giấy các loại,5,2024,197345.97400000005,221526.0
Giấy các loại,6,2024,194783.92799999996,233725.0
Giấy các loại,7,2024,204754.9410000001,222422.0
Giấy các loại,8,2024,195760.11,216020.0
Giấy các loại,9,2024,186608.855,226933.0
Giấy các loại,10,2024,197338.92500000016,227898.0
Giấy các loại,11,2024,199110.08300000004,240230.0
Giấy các loại,12,2024,209007.037,2546612.0
Sản phẩm từ giấy,1,2024,83322.719,
Sản phẩm từ giấy,2,2024,47258.632,
Sản phẩm từ giấy,3,2024,86876.38300000002,
Sản phẩm từ giấy,4,2024,83764.51699999999,
Sản phẩm từ giấy,5,2024,92429.064,
Sản phẩm từ giấy,6,2024,91483.01799999998,
Sản phẩm từ giấy,7,2024,96611.43000000004,
Sản phẩm từ giấy,8,2024,102753.896,
Sản phẩm từ giấy,9,2024,105762.059,
Sản phẩm từ giấy,10,2024,104381.83400000005,
Sản phẩm từ giấy,11,2024,102381.50799999978,
Sản phẩm từ giấy,12,2024,104997.168,
Bông các loại,1,2024,289711.173,97406.0
Bông các loại,2,2024,191103.407,128130.0
Bông các loại,3,2024,249428.52999999997,132297.0
Bông các loại,4,2024,269667.71200000006,151803.0
Bông các loại,5,2024,309167.8679999999,92254.0
Bông các loại,6,2024,189013.098,110667.0
Bông các loại,7,2024,219344.56300000008,131433.0
Bông các loại,8,2024,253832.363,119341.0
Bông các loại,9,2024,217834.675,128159.0
Bông các loại,10,2024,229848.8420000003,131904.0
Bông các loại,11,2024,232029.8989999998,133383.0
Bông các loại,12,2024,233376.725,1503142.0
"Xơ, sợi dệt các loại",1,2024,222155.53,61103.0
"Xơ, sợi dệt các loại",2,2024,131101.697,105501.0
"Xơ, sợi dệt các loại",3,2024,220766.9489999999,104900.0
"Xơ, sợi dệt các loại",4,2024,231962.593,111096.0
"Xơ, sợi dệt các loại",5,2024,246278.54800000007,97102.0
"Xơ, sợi dệt các loại",6,2024,223664.8899999999,106564.0
"Xơ, sợi dệt các loại",7,2024,244188.338,114303.0
"Xơ, sợi dệt các loại",8,2024,263812.883,96325.0
"Xơ, sợi dệt các loại",9,2024,218101.911,110950.0
"Xơ, sợi dệt các loại",10,2024,237566.691,111804.0
"Xơ, sợi dệt các loại",11,2024,235271.90100000033,116879.0
"Xơ, sợi dệt các loại",12,2024,238312.729,1243041.0
Vải các loại,1,2024,1175325.528,
Vải các loại,2,2024,789024.348,
Vải các loại,3,2024,1191917.5439999998,
Vải các loại,4,2024,1336279.1519999998,
Vải các loại,5,2024,1425921.0490000006,
Vải các loại,6,2024,1324735.319,
Vải các loại,7,2024,1201449.7649999997,
Vải các loại,8,2024,1239094.767,
Vải các loại,9,2024,1254140.896,
Vải các loại,10,2024,1335308.6959999995,
Vải các loại,11,2024,1301871.4749999987,
Vải các loại,12,2024,1330217.118,
"Nguyên phụ liệu dệt, may, da giày",1,2024,563445.122,
"Nguyên phụ liệu dệt, may, da giày",2,2024,377539.466,
"Nguyên phụ liệu dệt, may, da giày",3,2024,612533.065,
"Nguyên phụ liệu dệt, may, da giày",4,2024,630411.4369999999,
"Nguyên phụ liệu dệt, may, da giày",5,2024,646200.1660000002,
"Nguyên phụ liệu dệt, may, da giày",6,2024,580415.54,
"Nguyên phụ liệu dệt, may, da giày",7,2024,573972.7909999997,
"Nguyên phụ liệu dệt, may, da giày",8,2024,603714.244,
"Nguyên phụ liệu dệt, may, da giày",9,2024,653070.683,
"Nguyên phụ liệu dệt, may, da giày",10,2024,644092.8280000002,
"Nguyên phụ liệu dệt, may, da giày",11,2024,620366.2879999992,
"Nguyên phụ liệu dệt, may, da giày",12,2024,643601.847,
Thủy tinh và các sản phẩm từ thủy tinh,1,2024,174162.008,
Thủy tinh và các sản phẩm từ thủy tinh,2,2024,117190.247,
Thủy tinh và các sản phẩm từ thủy tinh,3,2024,139378.01299999995,
Thủy tinh và các sản phẩm từ thủy tinh,4,2024,130717.20500000002,
Thủy tinh và các sản phẩm từ thủy tinh,5,2024,156111.934,
Thủy tinh và các sản phẩm từ thủy tinh,6,2024,129385.15000000002,
Thủy tinh và các sản phẩm từ thủy tinh,7,2024,123240.36399999994,
Thủy tinh và các sản phẩm từ thủy tinh,8,2024,108992.937,
Thủy tinh và các sản phẩm từ thủy tinh,9,2024,94476.714,
Thủy tinh và các sản phẩm từ thủy tinh,10,2024,99418.57400000015,
Thủy tinh và các sản phẩm từ thủy tinh,11,2024,105445.36300000016,
Thủy tinh và các sản phẩm từ thủy tinh,12,2024,120063.745,
"Đá quý, kim loại quý và sản phẩm",1,2024,81636.09,
"Đá quý, kim loại quý và sản phẩm",2,2024,53702.042000000016,
"Đá quý, kim loại quý và sản phẩm",3,2024,65610.992,
"Đá quý, kim loại quý và sản phẩm",4,2024,58425.087,
"Đá quý, kim loại quý và sản phẩm",5,2024,71008.18599999999,
"Đá quý, kim loại quý và sản phẩm",6,2024,61873.446999999986,
"Đá quý, kim loại quý và sản phẩm",7,2024,77498.42700000003,
"Đá quý, kim loại quý và sản phẩm",8,2024,72875.274,
"Đá quý, kim loại quý và sản phẩm",9,2024,79630.902,
"Đá quý, kim loại quý và sản phẩm",10,2024,86020.05000000002,
"Đá quý, kim loại quý và sản phẩm",11,2024,89024.359,
"Đá quý, kim loại quý và sản phẩm",12,2024,87641.377,
Phế liệu sắt thép,1,2024,140963.33,463193.0
Phế liệu sắt thép,2,2024,176293.34800000003,461043.0
Phế liệu sắt thép,3,2024,178778.03199999998,407425.0
Phế liệu sắt thép,4,2024,150927.13299999997,297228.0
Phế liệu sắt thép,5,2024,110731.16099999996,458172.0
Phế liệu sắt thép,6,2024,165860.608,369595.0
Phế liệu sắt thép,7,2024,138111.44699999993,429547.0
Phế liệu sắt thép,8,2024,161553.063,308803.0
Phế liệu sắt thép,9,2024,113934.462,330263.0
Phế liệu sắt thép,10,2024,116848.50700000009,434689.0
Phế liệu sắt thép,11,2024,147286.59000000003,602245.0
Phế liệu sắt thép,12,2024,210833.561,4918504.0
Sắt thép các loại,1,2024,1059980.337,1164569.0
Sắt thép các loại,2,2024,823768.862,1435882.0
Sắt thép các loại,3,2024,1044416.6559999996,1283451.0
Sắt thép các loại,4,2024,957430.16,1546462.0
Sắt thép các loại,5,2024,1129747.2219999996,1306492.0
Sắt thép các loại,6,2024,954224.4170000004,1185622.0
Sắt thép các loại,7,2024,917544.739,1340998.0
Sắt thép các loại,8,2024,1020440.092,1547165.0
Sắt thép các loại,9,2024,1064543.106,2409628.0
Sắt thép các loại,10,2024,1505229.6939999997,1449877.0
Sắt thép các loại,11,2024,1025400.2399999974,1554921.0
Sắt thép các loại,12,2024,1080665.39,17713930.0
Sản phẩm từ sắt thép,1,2024,545732.615,
Sản phẩm từ sắt thép,2,2024,333806.47900000005,
Sản phẩm từ sắt thép,3,2024,470119.42999999993,
Sản phẩm từ sắt thép,4,2024,540040.611,
Sản phẩm từ sắt thép,5,2024,574174.837,
Sản phẩm từ sắt thép,6,2024,575666.4380000001,
Sản phẩm từ sắt thép,7,2024,589578.31,
Sản phẩm từ sắt thép,8,2024,559558.02,
Sản phẩm từ sắt thép,9,2024,525915.025,
Sản phẩm từ sắt thép,10,2024,572186.7189999991,
Sản phẩm từ sắt thép,11,2024,593270.1650000017,
Sản phẩm từ sắt thép,12,2024,609842.971,
Kim loại thường khác,1,2024,731650.796,131141.0
Kim loại thường khác,2,2024,559824.918,186406.0
Kim loại thường khác,3,2024,745218.7140000003,165123.0
Kim loại thường khác,4,2024,694801.0509999997,201480.0
Kim loại thường khác,5,2024,934962.123,191111.0
Kim loại thường khác,6,2024,896323.9529999997,190226.0
Kim loại thường khác,7,2024,862660.1979999999,187684.0
Kim loại thường khác,8,2024,823616.873,171463.0
Kim loại thường khác,9,2024,753142.65,180984.0
Kim loại thường khác,10,2024,804120.679,184940.0
Kim loại thường khác,11,2024,845817.2750000014,192402.0
Kim loại thường khác,12,2024,902312.96,2154653.0
Sản phẩm từ kim loại thường khác,1,2024,265626.706,
Sản phẩm từ kim loại thường khác,2,2024,162401.724,
Sản phẩm từ kim loại thường khác,3,2024,249744.20899999997,
Sản phẩm từ kim loại thường khác,4,2024,236423.7200000001,
Sản phẩm từ kim loại thường khác,5,2024,310406.20299999986,
Sản phẩm từ kim loại thường khác,6,2024,268306.0590000001,
Sản phẩm từ kim loại thường khác,7,2024,300621.02,
Sản phẩm từ kim loại thường khác,8,2024,285765.379,
Sản phẩm từ kim loại thường khác,9,2024,255537.912,
Sản phẩm từ kim loại thường khác,10,2024,260905.53099999984,
Sản phẩm từ kim loại thường khác,11,2024,299246.9670000004,
Sản phẩm từ kim loại thường khác,12,2024,308847.82,
"Máy vi tính, sản phẩm điện tử & linh kiện",1,2024,8559351.894,
"Máy vi tính, sản phẩm điện tử & linh kiện",2,2024,7081205.578,
"Máy vi tính, sản phẩm điện tử & linh kiện",3,2024,8401752.797,
"Máy vi tính, sản phẩm điện tử & linh kiện",4,2024,7607436.031,
"Máy vi tính, sản phẩm điện tử & linh kiện",5,2024,8638437.279000003,
"Máy vi tính, sản phẩm điện tử & linh kiện",6,2024,9034087.261999996,
"Máy vi tính, sản phẩm điện tử & linh kiện",7,2024,10103188.708000004,
"Máy vi tính, sản phẩm điện tử & linh kiện",8,2024,9811965.038,
"Máy vi tính, sản phẩm điện tử & linh kiện",9,2024,9707688.278,
"Máy vi tính, sản phẩm điện tử & linh kiện",10,2024,9308304.11099999,
"Máy vi tính, sản phẩm điện tử & linh kiện",11,2024,9477746.166000005,
"Máy vi tính, sản phẩm điện tử & linh kiện",12,2024,9322183.671,
Hàng điện gia dụng và linh kiện,1,2024,187225.774,
Hàng điện gia dụng và linh kiện,2,2024,167139.785,
Hàng điện gia dụng và linh kiện,3,2024,228785.344,
Hàng điện gia dụng và linh kiện,4,2024,213087.544,
Hàng điện gia dụng và linh kiện,5,2024,235120.48199999996,
Hàng điện gia dụng và linh kiện,6,2024,209537.3600000001,
Hàng điện gia dụng và linh kiện,7,2024,164476.5499999998,
Hàng điện gia dụng và linh kiện,8,2024,140305.108,
Hàng điện gia dụng và linh kiện,9,2024,148943.176,
Hàng điện gia dụng và linh kiện,10,2024,165732.659,
Hàng điện gia dụng và linh kiện,11,2024,168004.0490000001,
Hàng điện gia dụng và linh kiện,12,2024,208943.47,
Điện thoại các loại và linh kiện,1,2024,902815.677,
Điện thoại các loại và linh kiện,2,2024,589749.313,
Điện thoại các loại và linh kiện,3,2024,797903.9099999998,
Điện thoại các loại và linh kiện,4,2024,789372.324,
Điện thoại các loại và linh kiện,5,2024,666555.7460000003,
Điện thoại các loại và linh kiện,6,2024,744069.4999999995,
Điện thoại các loại và linh kiện,7,2024,923782.5410000002,
Điện thoại các loại và linh kiện,8,2024,909038.996,
Điện thoại các loại và linh kiện,9,2024,1044739.526,
Điện thoại các loại và linh kiện,10,2024,1081719.532,
Điện thoại các loại và linh kiện,11,2024,980134.0630000016,
Điện thoại các loại và linh kiện,12,2024,973970.092,
Máy ảnh máy quay phim và linh kiện,1,2024,212846.547,
Máy ảnh máy quay phim và linh kiện,2,2024,152667.57100000005,
Máy ảnh máy quay phim và linh kiện,3,2024,188910.80999999997,
Máy ảnh máy quay phim và linh kiện,4,2024,179301.169,
Máy ảnh máy quay phim và linh kiện,5,2024,180965.38,
Máy ảnh máy quay phim và linh kiện,6,2024,176935.36800000002,
Máy ảnh máy quay phim và linh kiện,7,2024,188763.767,
Máy ảnh máy quay phim và linh kiện,8,2024,186309.329,
Máy ảnh máy quay phim và linh kiện,9,2024,174892.2,
Máy ảnh máy quay phim và linh kiện,10,2024,192911.23100000017,
Máy ảnh máy quay phim và linh kiện,11,2024,177765.4790000003,
Máy ảnh máy quay phim và linh kiện,12,2024,195265.139,
"Máy móc, thiết bị, dụng cụ & phụ tùng",1,2024,3983093.423,
"Máy móc, thiết bị, dụng cụ & phụ tùng",2,2024,2578549.848,
"Máy móc, thiết bị, dụng cụ & phụ tùng",3,2024,3783161.452,
"Máy móc, thiết bị, dụng cụ & phụ tùng",4,2024,3788733.92,
"Máy móc, thiết bị, dụng cụ & phụ tùng",5,2024,4329389.158,
"Máy móc, thiết bị, dụng cụ & phụ tùng",6,2024,3940587.2030000016,
"Máy móc, thiết bị, dụng cụ & phụ tùng",7,2024,4449573.7119999975,
"Máy móc, thiết bị, dụng cụ & phụ tùng",8,2024,4537047.241,
"Máy móc, thiết bị, dụng cụ & phụ tùng",9,2024,4038482.853,
"Máy móc, thiết bị, dụng cụ & phụ tùng",10,2024,4272265.079000002,
"Máy móc, thiết bị, dụng cụ & phụ tùng",11,2024,4501476.209999997,
"Máy móc, thiết bị, dụng cụ & phụ tùng",12,2024,4685472.325,
Dây điện và dây cáp điện,1,2024,270520.227,
Dây điện và dây cáp điện,2,2024,182680.963,
Dây điện và dây cáp điện,3,2024,241477.80199999997,
Dây điện và dây cáp điện,4,2024,250022.26800000004,
Dây điện và dây cáp điện,5,2024,297574.142,
Dây điện và dây cáp điện,6,2024,273827.21200000006,
Dây điện và dây cáp điện,7,2024,305355.1059999999,
Dây điện và dây cáp điện,8,2024,330072.399,
Dây điện và dây cáp điện,9,2024,265119.616,
Dây điện và dây cáp điện,10,2024,307793.1340000003,
Dây điện và dây cáp điện,11,2024,331541.371,
Dây điện và dây cáp điện,12,2024,348344.743,
Ô tô nguyên chiếc các loại (*),1,2024,145139.56,9497.0
Ô tô nguyên chiếc các loại (*),2,2024,200010.904,15820.0
Ô tô nguyên chiếc các loại (*),3,2024,330235.001,11533.0
Ô tô nguyên chiếc các loại (*),4,2024,254022.23200000008,14911.0
Ô tô nguyên chiếc các loại (*),5,2024,310392.306,15869.0
Ô tô nguyên chiếc các loại (*),6,2024,310726.7479999999,17052.0
Ô tô nguyên chiếc các loại (*),7,2024,341555.22400000016,15061.0
Ô tô nguyên chiếc các loại (*),8,2024,298813.687,18405.0
Ô tô nguyên chiếc các loại (*),9,2024,377776.949,17691.0
Ô tô nguyên chiếc các loại (*),10,2024,368099.69499999995,17886.0
Ô tô nguyên chiếc các loại (*),11,2024,377840.0440000004,12881.0
Ô tô nguyên chiếc các loại (*),12,2024,303571.525,173561.0
"Linh kiện, phụ tùng ô tô",1,2024,339999.041,
"Linh kiện, phụ tùng ô tô",2,2024,261818.01900000003,
"Linh kiện, phụ tùng ô tô",3,2024,318362.0339999999,
"Linh kiện, phụ tùng ô tô",4,2024,378263.541,
"Linh kiện, phụ tùng ô tô",5,2024,381147.99,
"Linh kiện, phụ tùng ô tô",6,2024,372436.73900000006,
"Linh kiện, phụ tùng ô tô",7,2024,442581.7659999998,
"Linh kiện, phụ tùng ô tô",8,2024,425781.861,
"Linh kiện, phụ tùng ô tô",9,2024,447986.951,
"Linh kiện, phụ tùng ô tô",10,2024,539459.4920000001,
"Linh kiện, phụ tùng ô tô",11,2024,477255.8549999999,
"Linh kiện, phụ tùng ô tô",12,2024,478983.075,
Xe máy và linh kiện,1,2024,48762.425,
Xe máy và linh kiện,2,2024,29683.091,
Xe máy và linh kiện,3,2024,45694.534,
Xe máy và linh kiện,4,2024,42328.45099999999,
Xe máy và linh kiện,5,2024,58460.580000000016,
Xe máy và linh kiện,6,2024,54088.11200000002,
Xe máy và linh kiện,7,2024,60926.50399999996,
Xe máy và linh kiện,8,2024,59878.944,
Xe máy và linh kiện,9,2024,56917.693,
Xe máy và linh kiện,10,2024,70003.38700000003,
Xe máy và linh kiện,11,2024,55669.1289999999,
Xe máy và linh kiện,12,2024,60646.829,
Phương tiện vận tải khác và phụ tùng,1,2024,120733.97,
Phương tiện vận tải khác và phụ tùng,2,2024,80924.89799999999,
Phương tiện vận tải khác và phụ tùng,3,2024,90419.997,
Phương tiện vận tải khác và phụ tùng,4,2024,89498.77000000002,
Phương tiện vận tải khác và phụ tùng,5,2024,126092.86699999995,
Phương tiện vận tải khác và phụ tùng,6,2024,134277.216,
Phương tiện vận tải khác và phụ tùng,7,2024,180382.267,
Phương tiện vận tải khác và phụ tùng,8,2024,128781.684,
Phương tiện vận tải khác và phụ tùng,9,2024,94406.189,
Phương tiện vận tải khác và phụ tùng,10,2024,222202.38800000004,
Phương tiện vận tải khác và phụ tùng,11,2024,147946.89000000016,
Phương tiện vận tải khác và phụ tùng,12,2024,260012.285,
Hàng hoá khác,1,2024,1828239.049,
Hàng hoá khác,2,2024,1350142.664,
Hàng hoá khác,3,2024,1869634.86,
Hàng hoá khác,4,2024,1691820.3849999998,
Hàng hoá khác,5,2024,1675929.569000001,
Hàng hoá khác,6,2024,1619101.3819999993,
Hàng hoá khác,7,2024,1912967.0879999995,
Hàng hoá khác,8,2024,1915260.976,
Hàng hoá khác,9,2024,1735384.068,
Hàng hoá khác,10,2024,2163668.8770000027,
Hàng hoá khác,11,2024,2142418.591999994,
Hàng hoá khác,12,2024,2086161.708,
T/đó: Khu vực có vốn ĐTTTNN,1,2025,19168841.965,
T/đó: Khu vực có vốn ĐTTTNN,2,2025,20839201.50999999,
T/đó: Khu vực có vốn ĐTTTNN,3,2025,22895275.215000007,
T/đó: Khu vực có vốn ĐTTTNN,4,2025,22432369.306,
T/đó: Khu vực có vốn ĐTTTNN,5,2025,28256343.042,
T/đó: Khu vực có vốn ĐTTTNN,6,2025,25907831.78100002,
T/đó: Khu vực có vốn ĐTTTNN,7,2025,28786101.653,
T/đó: Khu vực có vốn ĐTTTNN,8,2025,29052164.094000015,
T/đó: Khu vực có vốn ĐTTTNN,9,2025,29035417.60400001,
T/đó: Khu vực có vốn ĐTTTNN,10,2025,28304697.992999975,
T/đó: Khu vực có vốn ĐTTTNN,11,2025,32839537.25800002,
T/đó: Khu vực có vốn ĐTTTNN,12,2025,30113388.52,
Hàng thủy sản,1,2025,234091.362,
Hàng thủy sản,2,2025,256022.12699999995,
Hàng thủy sản,3,2025,270133.4099999998,
Hàng thủy sản,4,2025,266642.9430000002,
Hàng thủy sản,5,2025,281031.6190000002,
Hàng thủy sản,6,2025,273517.19299999997,
Hàng thủy sản,7,2025,294682.8909999998,
Hàng thủy sản,8,2025,278928.62500000047,
Hàng thủy sản,9,2025,271651.4979999992,
Hàng thủy sản,10,2025,302974.7750000004,
Hàng thủy sản,11,2025,296035.912,
Hàng thủy sản,12,2025,355762.267,
Sữa và sản phẩm sữa,1,2025,103952.942,
Sữa và sản phẩm sữa,2,2025,122252.7,
Sữa và sản phẩm sữa,3,2025,114361.32699999998,
Sữa và sản phẩm sữa,4,2025,111870.635,
Sữa và sản phẩm sữa,5,2025,126442.66999999995,
Sữa và sản phẩm sữa,6,2025,150026.23700000002,
Sữa và sản phẩm sữa,7,2025,128441.41400000016,
Sữa và sản phẩm sữa,8,2025,103358.12700000014,
Sữa và sản phẩm sữa,9,2025,100061.18899999982,
Sữa và sản phẩm sữa,10,2025,102329.92400000016,
Sữa và sản phẩm sữa,11,2025,109411.70500000012,
Sữa và sản phẩm sữa,12,2025,164076.737,
Hàng rau quả,1,2025,239912.356,
Hàng rau quả,2,2025,165917.84799999997,
Hàng rau quả,3,2025,199234.465,
Hàng rau quả,4,2025,186542.343,
Hàng rau quả,5,2025,195655.90200000015,
Hàng rau quả,6,2025,213476.497,
Hàng rau quả,7,2025,248459.05499999996,
Hàng rau quả,8,2025,227870.77300000007,
Hàng rau quả,9,2025,230329.28799999977,
Hàng rau quả,10,2025,250226.85300000015,
Hàng rau quả,11,2025,328861.8620000001,
Hàng rau quả,12,2025,528187.881,
Hạt điều,1,2025,172660.156,141705.0
Hạt điều,2,2025,246926.24400000004,325706.0
Hạt điều,3,2025,503877.97,473154.0
Hạt điều,4,2025,720502.8589999998,282784.0
Hạt điều,5,2025,432077.1120000003,278402.0
Hạt điều,6,2025,414495.1420000001,298481.0
Hạt điều,7,2025,439600.934,268988.0
Hạt điều,8,2025,391979.3920000001,269332.0
Hạt điều,9,2025,396674.89700000046,176726.0
Hạt điều,10,2025,263604.1799999998,175776.0
Hạt điều,11,2025,267687.6179999999,152956.0
Hạt điều,12,2025,241734.786,2941858.0
Lúa mỳ,1,2025,107423.892,721300.0
Lúa mỳ,2,2025,190146.321,503383.0
Lúa mỳ,3,2025,132675.7250000001,776715.0
Lúa mỳ,4,2025,207683.71299999987,336931.0
Lúa mỳ,5,2025,91039.13100000004,319640.0
Lúa mỳ,6,2025,87679.88099999992,205015.0
Lúa mỳ,7,2025,57100.366999999955,554693.0
Lúa mỳ,8,2025,148701.32200000004,373568.0
Lúa mỳ,9,2025,98750.20299999996,532859.0
Lúa mỳ,10,2025,141759.30099999998,429382.0
Lúa mỳ,11,2025,117385.73500000007,297931.0
Lúa mỳ,12,2025,78547.348,5454975.0
Ngô,1,2025,249774.076,478426.0
Ngô,2,2025,123974.599,650830.0
Ngô,3,2025,173127.93399999995,862255.0
Ngô,4,2025,225820.21300000005,976581.0
Ngô,5,2025,256135.7800000001,476218.0
Ngô,6,2025,123963.83000000007,1028031.0
Ngô,7,2025,260743.52099999975,1264300.0
Ngô,8,2025,311885.0450000003,1445559.0
Ngô,9,2025,337847.3589999998,1331843.0
Ngô,10,2025,313158.6750000004,880585.0
Ngô,11,2025,210970.099,1514744.0
Ngô,12,2025,366981.811,11910399.0
Đậu tương,1,2025,85932.128,172467.0
Đậu tương,2,2025,79221.41200000001,218288.0
Đậu tương,3,2025,96665.992,126786.0
Đậu tương,4,2025,56254.16099999997,233744.0
Đậu tương,5,2025,110907.94900000004,284070.0
Đậu tương,6,2025,128271.83600000004,292212.0
Đậu tương,7,2025,138662.818,297534.0
Đậu tương,8,2025,141695.801,140499.0
Đậu tương,9,2025,67242.49100000004,207688.0
Đậu tương,10,2025,98715.8760000002,201112.0
Đậu tương,11,2025,94926.4609999999,249185.0
Đậu tương,12,2025,116233.973,2609418.0
Dầu mỡ động thực vật,1,2025,98433.131,
Dầu mỡ động thực vật,2,2025,95741.329,
Dầu mỡ động thực vật,3,2025,139212.618,
Dầu mỡ động thực vật,4,2025,124497.5640000001,
Dầu mỡ động thực vật,5,2025,149557.14599999992,
Dầu mỡ động thực vật,6,2025,134251.9909999999,
Dầu mỡ động thực vật,7,2025,123058.68300000003,
Dầu mỡ động thực vật,8,2025,152787.78,
Dầu mỡ động thực vật,9,2025,182824.24799999985,
Dầu mỡ động thực vật,10,2025,157632.58799999996,
Dầu mỡ động thực vật,11,2025,127093.3110000002,
Dầu mỡ động thực vật,12,2025,152129.373,
Bánh kẹo và các sản phẩm từ ngũ cốc,1,2025,40500.202,
Bánh kẹo và các sản phẩm từ ngũ cốc,2,2025,48809.698,
Bánh kẹo và các sản phẩm từ ngũ cốc,3,2025,54372.95699999999,
Bánh kẹo và các sản phẩm từ ngũ cốc,4,2025,47173.901000000005,
Bánh kẹo và các sản phẩm từ ngũ cốc,5,2025,49340.594999999994,
Bánh kẹo và các sản phẩm từ ngũ cốc,6,2025,48380.94400000001,
Bánh kẹo và các sản phẩm từ ngũ cốc,7,2025,50163.554999999986,
Bánh kẹo và các sản phẩm từ ngũ cốc,8,2025,68613.74599999998,
Bánh kẹo và các sản phẩm từ ngũ cốc,9,2025,64593.12900000001,
Bánh kẹo và các sản phẩm từ ngũ cốc,10,2025,78804.82200000001,
Bánh kẹo và các sản phẩm từ ngũ cốc,11,2025,82347.29599999994,
Bánh kẹo và các sản phẩm từ ngũ cốc,12,2025,98542.475,
Chế phẩm thực phẩm khỏc,1,2025,96021.622,
Chế phẩm thực phẩm khỏc,2,2025,119292.909,
Chế phẩm thực phẩm khỏc,3,2025,128463.785,
Chế phẩm thực phẩm khỏc,4,2025,114587.16,
Chế phẩm thực phẩm khỏc,5,2025,103632.51599999992,
Chế phẩm thực phẩm khỏc,6,2025,116316.70000000004,
Chế phẩm thực phẩm khỏc,7,2025,107679.58000000005,
Chế phẩm thực phẩm khỏc,8,2025,102283.16699999988,
Chế phẩm thực phẩm khỏc,9,2025,113564.23699999994,
Chế phẩm thực phẩm khỏc,10,2025,105464.24799999988,
Chế phẩm thực phẩm khỏc,11,2025,105924.69500000028,
Chế phẩm thực phẩm khỏc,12,2025,124380.251,
Thức ăn gia súc và nguyên liệu,1,2025,304272.735,
Thức ăn gia súc và nguyên liệu,2,2025,496275.536,
Thức ăn gia súc và nguyên liệu,3,2025,361650.2679999999,
Thức ăn gia súc và nguyên liệu,4,2025,407784.02500000014,
Thức ăn gia súc và nguyên liệu,5,2025,420906.6969999999,
Thức ăn gia súc và nguyên liệu,6,2025,334538.52300000004,
Thức ăn gia súc và nguyên liệu,7,2025,347777.41500000004,
Thức ăn gia súc và nguyên liệu,8,2025,385155.68599999975,
Thức ăn gia súc và nguyên liệu,9,2025,414045.665,
Thức ăn gia súc và nguyên liệu,10,2025,392764.30400000047,
Thức ăn gia súc và nguyên liệu,11,2025,322150.74399999995,
Thức ăn gia súc và nguyên liệu,12,2025,395716.55,
Nguyên phụ liệu thuốc lá,1,2025,13524.886,
Nguyên phụ liệu thuốc lá,2,2025,12574.031,
Nguyên phụ liệu thuốc lá,3,2025,17743.266000000003,
Nguyên phụ liệu thuốc lá,4,2025,10505.558999999992,
Nguyên phụ liệu thuốc lá,5,2025,65104.11,
Nguyên phụ liệu thuốc lá,6,2025,74660.25600000001,
Nguyên phụ liệu thuốc lá,7,2025,23014.07100000001,
Nguyên phụ liệu thuốc lá,8,2025,49734.25500000002,
Nguyên phụ liệu thuốc lá,9,2025,40217.56900000003,
Nguyên phụ liệu thuốc lá,10,2025,43461.84499999999,
Nguyên phụ liệu thuốc lá,11,2025,66623.92599999999,
Nguyên phụ liệu thuốc lá,12,2025,81282.896,
Quặng và khoáng sản khác,1,2025,200892.362,2231871.0
Quặng và khoáng sản khác,2,2025,238171.819,2820138.0
Quặng và khoáng sản khác,3,2025,304571.47199999995,3156334.0
Quặng và khoáng sản khác,4,2025,330862.378,2455835.0
Quặng và khoáng sản khác,5,2025,234923.34199999992,2589029.0
Quặng và khoáng sản khác,6,2025,233504.68500000003,2755748.0
Quặng và khoáng sản khác,7,2025,282682.55500000017,2058107.0
Quặng và khoáng sản khác,8,2025,213052.89899999995,2461294.0
Quặng và khoáng sản khác,9,2025,269110.22699999996,2821796.0
Quặng và khoáng sản khác,10,2025,282568.135,1652438.0
Quặng và khoáng sản khác,11,2025,173459.07899999988,3621212.0
Quặng và khoáng sản khác,12,2025,392921.667,30540100.0
Than đá,1,2025,562933.936,5738199.0
Than đá,2,2025,607048.1050000002,6515984.0
Than đá,3,2025,647240.1519999998,7133263.0
Than đá,4,2025,704738.713,7158011.0
Than đá,5,2025,681498.1580000003,6344403.0
Than đá,6,2025,638626.1459999997,5336158.0
Than đá,7,2025,491292.66000000015,3348401.0
Than đá,8,2025,378033.66199999955,4144388.0
Than đá,9,2025,453460.0870000003,4860422.0
Than đá,10,2025,509062.426,4949173.0
Than đá,11,2025,381158.8390000006,4878101.0
Than đá,12,2025,497354.721,65430073.0
Dầu thô,1,2025,615581.879,1366848.0
Dầu thô,2,2025,833746.1820000003,1249664.0
Dầu thô,3,2025,735436.5180000002,1247246.0
Dầu thô,4,2025,683101.1159999999,1035500.0
Dầu thô,5,2025,537582.3009999995,1114271.0
Dầu thô,6,2025,584388.7300000004,1026067.0
Dầu thô,7,2025,560019.9659999995,929886.0
Dầu thô,8,2025,650027.446,1384453.0
Dầu thô,9,2025,773008.6170000001,1221259.0
Dầu thô,10,2025,652759.7069999981,1048241.0
Dầu thô,11,2025,388083.30400000094,1457033.0
Dầu thô,12,2025,729316.429,14153013.0
Xăng dầu các loại,1,2025,589584.761,719516.0
Xăng dầu các loại,2,2025,509864.7849999998,809540.0
Xăng dầu các loại,3,2025,548249.4450000002,874879.0
Xăng dầu các loại,4,2025,565302.018,758135.0
Xăng dầu các loại,5,2025,484598.0249999998,1000339.0
Xăng dầu các loại,6,2025,684242.9509999998,1089345.0
Xăng dầu các loại,7,2025,755465.0580000001,812783.0
Xăng dầu các loại,8,2025,551400.7909999996,757935.0
Xăng dầu các loại,9,2025,518638.66600000055,746264.0
Xăng dầu các loại,10,2025,512235.1810000002,647681.0
Xăng dầu các loại,11,2025,467016.85600000096,939705.0
Xăng dầu các loại,12,2025,633345.51,9958085.0
Xăng,1,2025,162022.582,124873.0
Xăng,2,2025,95762.58,226798.0
Xăng,3,2025,165075.276,256882.0
Xăng,4,2025,176557.23200000002,117149.0
Xăng,5,2025,83261.78900000002,241341.0
Xăng,6,2025,175123.93699999998,201953.0
Xăng,7,2025,143928.59000000014,201279.0
Xăng,8,2025,145384.6400000002,154885.0
Xăng,9,2025,111724.43499999988,133597.0
Xăng,10,2025,95140.37399999988,158471.0
Xăng,11,2025,116322.3850000003,227379.0
Xăng,12,2025,159468.277,2255777.0
Dầu DO,1,2025,290949.707,337893.0
Dầu DO,2,2025,234058.57300000003,354636.0
Dầu DO,3,2025,229523.85,406109.0
Dầu DO,4,2025,254135.6090000001,401194.0
Dầu DO,5,2025,250234.62300000008,560242.0
Dầu DO,6,2025,378216.77099999966,684886.0
Dầu DO,7,2025,470747.8759999997,373251.0
Dầu DO,8,2025,252542.33200000032,384249.0
Dầu DO,9,2025,259395.36599999983,397830.0
Dầu DO,10,2025,274758.2689999998,275394.0
Dầu DO,11,2025,195993.86099999992,429623.0
Dầu DO,12,2025,278807.96,5010004.0
Dầu FO,1,2025,12805.486,72627.0
Dầu FO,2,2025,41379.458,45407.0
Dầu FO,3,2025,24969.22400000001,42306.0
Dầu FO,4,2025,23207.250000000004,53685.0
Dầu FO,5,2025,27157.631000000012,39262.0
Dầu FO,6,2025,20856.923,22274.0
Dầu FO,7,2025,11205.862999999972,46132.0
Dầu FO,8,2025,22344.42200000001,41274.0
Dầu FO,9,2025,19720.55599999997,36918.0
Dầu FO,10,2025,16540.298,28831.0
Dầu FO,11,2025,13561.274999999983,57386.0
Dầu FO,12,2025,23890.907,509149.0
Nhiên liệu bay,1,2025,123806.986,183875.0
Nhiên liệu bay,2,2025,137409.1,182561.0
Nhiên liệu bay,3,2025,128819.24099999998,167787.0
Nhiên liệu bay,4,2025,113790.17000000004,188247.0
Nhiên liệu bay,5,2025,122645.06099999991,159485.0
Nhiên liệu bay,6,2025,110039.17300000013,179930.0
Nhiên liệu bay,7,2025,127430.90699999985,192043.0
Nhiên liệu bay,8,2025,132854.36299999984,177638.0
Nhiên liệu bay,9,2025,126702.50700000016,178118.0
Nhiên liệu bay,10,2025,127215.6419999997,184597.0
Nhiên liệu bay,11,2025,139317.08800000013,225692.0
Nhiên liệu bay,12,2025,172988.082,2183022.0
Khí đốt hóa lỏng,1,2025,155969.527,92479.0
Khí đốt hóa lỏng,2,2025,64466.516,279508.0
Khí đốt hóa lỏng,3,2025,183291.547,375990.0
Khí đốt hóa lỏng,4,2025,244865.371,227193.0
Khí đốt hóa lỏng,5,2025,145981.876,312468.0
Khí đốt hóa lỏng,6,2025,189496.386,287702.0
Khí đốt hóa lỏng,7,2025,170062.9819999999,342721.0
Khí đốt hóa lỏng,8,2025,191131.27800000025,267568.0
Khí đốt hóa lỏng,9,2025,147665.2210000002,377660.0
Khí đốt hóa lỏng,10,2025,207840.88099999988,332496.0
Khí đốt hóa lỏng,11,2025,176450.9560000003,504139.0
Khí đốt hóa lỏng,12,2025,276336.426,3630681.0
Sản phẩm khác từ dầu mỏ,1,2025,118697.934,
Sản phẩm khác từ dầu mỏ,2,2025,134795.773,
Sản phẩm khác từ dầu mỏ,3,2025,160440.13600000006,
Sản phẩm khác từ dầu mỏ,4,2025,137715.35099999997,
Sản phẩm khác từ dầu mỏ,5,2025,161693.26199999993,
Sản phẩm khác từ dầu mỏ,6,2025,141131.9350000001,
Sản phẩm khác từ dầu mỏ,7,2025,172080.87499999985,
Sản phẩm khác từ dầu mỏ,8,2025,224554.6230000002,
Sản phẩm khác từ dầu mỏ,9,2025,204662.23900000012,
Sản phẩm khác từ dầu mỏ,10,2025,191138.778,
Sản phẩm khác từ dầu mỏ,11,2025,194935.8070000001,
Sản phẩm khác từ dầu mỏ,12,2025,209271.197,
Hóa chất,1,2025,540405.176,
Hóa chất,2,2025,656445.0559999999,
Hóa chất,3,2025,671444.2100000002,
Hóa chất,4,2025,710308.3940000001,
Hóa chất,5,2025,672543.5049999997,
Hóa chất,6,2025,669455.8919999998,
Hóa chất,7,2025,689074.6809999996,
Hóa chất,8,2025,649398.1059999994,
Hóa chất,9,2025,653397.6780000001,
Hóa chất,10,2025,719581.7329999998,
Hóa chất,11,2025,638827.6419999998,
Hóa chất,12,2025,815258.096,
Sản phẩm từ hóa chất,1,2025,541674.018,
Sản phẩm từ hóa chất,2,2025,580795.7639999999,
Sản phẩm từ hóa chất,3,2025,686616.3369999999,
Sản phẩm từ hóa chất,4,2025,660697.1170000002,
Sản phẩm từ hóa chất,5,2025,680762.3010000001,
Sản phẩm từ hóa chất,6,2025,652819.9079999999,
Sản phẩm từ hóa chất,7,2025,702458.678,
Sản phẩm từ hóa chất,8,2025,676931.8560000003,
Sản phẩm từ hóa chất,9,2025,701426.0509999996,
Sản phẩm từ hóa chất,10,2025,706060.7279999998,
Sản phẩm từ hóa chất,11,2025,714613.7049999997,
Sản phẩm từ hóa chất,12,2025,808691.168,
Nguyên phụ liệu dược phẩm,1,2025,36619.486,
Nguyên phụ liệu dược phẩm,2,2025,39159.944,
Nguyên phụ liệu dược phẩm,3,2025,52584.33700000001,
Nguyên phụ liệu dược phẩm,4,2025,44498.75900000003,
Nguyên phụ liệu dược phẩm,5,2025,42065.22599999997,
Nguyên phụ liệu dược phẩm,6,2025,43474.664,
Nguyên phụ liệu dược phẩm,7,2025,37723.13100000006,
Nguyên phụ liệu dược phẩm,8,2025,32288.78700000002,
Nguyên phụ liệu dược phẩm,9,2025,33125.305,
Nguyên phụ liệu dược phẩm,10,2025,41536.070999999945,
Nguyên phụ liệu dược phẩm,11,2025,40848.37400000008,
Nguyên phụ liệu dược phẩm,12,2025,42704.718,
Dược phẩm,1,2025,252633.183,
Dược phẩm,2,2025,360409.5360000001,
Dược phẩm,3,2025,344175.7629999998,
Dược phẩm,4,2025,334539.1210000003,
Dược phẩm,5,2025,370219.1549999998,
Dược phẩm,6,2025,468532.4789999998,
Dược phẩm,7,2025,359982.4810000006,
Dược phẩm,8,2025,307555.7979999995,
Dược phẩm,9,2025,412468.6870000004,
Dược phẩm,10,2025,349897.0809999998,
Dược phẩm,11,2025,286133.7790000001,
Dược phẩm,12,2025,449181.399,
Phân bón các loại,1,2025,143828.853,491832.0
Phân bón các loại,2,2025,142292.18199999997,476470.0
Phân bón các loại,3,2025,141884.29699999996,484154.0
Phân bón các loại,4,2025,147586.92900000012,529960.0
Phân bón các loại,5,2025,159950.4419999998,818781.0
Phân bón các loại,6,2025,314282.90900000016,579585.0
Phân bón các loại,7,2025,238401.526,583624.0
Phân bón các loại,8,2025,221938.32299999995,481162.0
Phân bón các loại,9,2025,193240.29500000004,555607.0
Phân bón các loại,10,2025,205613.98999999987,356483.0
Phân bón các loại,11,2025,127112.38100000015,463398.0
Phân bón các loại,12,2025,158543.442,6194892.0
Phân U rê,1,2025,10037.377,32449.0
Phân U rê,2,2025,13220.517,16733.0
Phân U rê,3,2025,6979.176999999996,26677.0
Phân U rê,4,2025,8528.923000000003,37719.0
Phân U rê,5,2025,15403.950999999994,57184.0
Phân U rê,6,2025,22082.41900000001,70127.0
Phân U rê,7,2025,27252.449,98437.0
Phân U rê,8,2025,38662.033000000025,67137.0
Phân U rê,9,2025,27010.559999999976,58941.0
Phân U rê,10,2025,23698.716000000015,50253.0
Phân U rê,11,2025,20206.773000000016,34427.0
Phân U rê,12,2025,13318.718,576494.0
Phân NPK,1,2025,33580.788,42789.0
Phân NPK,2,2025,21470.567000000003,49876.0
Phân NPK,3,2025,23923.297,126935.0
Phân NPK,4,2025,57220.072999999975,135546.0
Phân NPK,5,2025,59247.065,117418.0
Phân NPK,6,2025,54630.94100000002,54592.0
Phân NPK,7,2025,32166.45200000002,47869.0
Phân NPK,8,2025,22500.88200000002,67362.0
Phân NPK,9,2025,33479.99999999991,55149.0
Phân NPK,10,2025,25016.54500000008,53459.0
Phân NPK,11,2025,26652.95199999997,46743.0
Phân NPK,12,2025,24756.653,867122.0
Phân DAP,1,2025,46300.53799999999,89.0
Phân DAP,2,2025,102.73400000000402,41566.0
Phân DAP,3,2025,29482.635000000017,3911.0
Phân DAP,4,2025,1981.7139999999856,-19434.0
Phân DAP,5,2025,-13726.58600000001,131698.0
Phân DAP,6,2025,91561.04700000002,110493.0
Phân DAP,7,2025,80217.742,54540.0
Phân DAP,8,2025,39654.93700000001,58086.0
Phân DAP,9,2025,45061.32499999999,69067.0
Phân DAP,10,2025,52420.56699999996,24780.0
Phân DAP,11,2025,18428.642999999975,32868.0
Phân DAP,12,2025,23610.102,575666.0
Phân SA,1,2025,9399.09,121016.0
Phân SA,2,2025,19232.282000000003,174027.0
Phân SA,3,2025,28113.780999999984,109786.0
Phân SA,4,2025,17491.59700000001,98649.0
Phân SA,5,2025,15525.153000000006,88974.0
Phân SA,6,2025,14745.067999999985,95005.0
Phân SA,7,2025,16147.866000000007,76304.0
Phân SA,8,2025,13189.350999999995,73407.0
Phân SA,9,2025,12757.758999999993,122460.0
Phân SA,10,2025,19249.12600000002,74652.0
Phân SA,11,2025,11512.799999999988,104113.0
Phân SA,12,2025,16038.342,1197187.0
Phân Kali,1,2025,14853.546,168630.0
Phân Kali,2,2025,51341.274000000005,75116.0
Phân Kali,3,2025,23629.472999999984,87158.0
Phân Kali,4,2025,26175.792,118359.0
Phân Kali,5,2025,39219.51200000002,232327.0
Phân Kali,6,2025,77457.49799999996,108508.0
Phân Kali,7,2025,38337.562000000034,157179.0
Phân Kali,8,2025,57630.741999999984,61194.0
Phân Kali,9,2025,23036.94000000006,110373.0
Phân Kali,10,2025,43086.659,20686.0
Phân Kali,11,2025,8124.052999999958,89195.0
Phân Kali,12,2025,34298.707,1275937.0
"Chất thơm, mỹ phẩm và chế phẩm vệ sinh",1,2025,93315.56,
"Chất thơm, mỹ phẩm và chế phẩm vệ sinh",2,2025,123147.90600000002,
"Chất thơm, mỹ phẩm và chế phẩm vệ sinh",3,2025,136270.44299999997,
"Chất thơm, mỹ phẩm và chế phẩm vệ sinh",4,2025,125934.811,
"Chất thơm, mỹ phẩm và chế phẩm vệ sinh",5,2025,120912.69600000013,
"Chất thơm, mỹ phẩm và chế phẩm vệ sinh",6,2025,125292.62099999993,
"Chất thơm, mỹ phẩm và chế phẩm vệ sinh",7,2025,136822.82499999995,
"Chất thơm, mỹ phẩm và chế phẩm vệ sinh",8,2025,129716.87400000008,
"Chất thơm, mỹ phẩm và chế phẩm vệ sinh",9,2025,137846.125,
"Chất thơm, mỹ phẩm và chế phẩm vệ sinh",10,2025,141939.35899999994,
"Chất thơm, mỹ phẩm và chế phẩm vệ sinh",11,2025,146577.97999999998,
"Chất thơm, mỹ phẩm và chế phẩm vệ sinh",12,2025,189578.121,
Thuốc trừ sâu và nguyên liệu,1,2025,65415.825,
Thuốc trừ sâu và nguyên liệu,2,2025,78250.05500000001,
Thuốc trừ sâu và nguyên liệu,3,2025,97978.87900000004,
Thuốc trừ sâu và nguyên liệu,4,2025,99949.821,
Thuốc trừ sâu và nguyên liệu,5,2025,91174.447,
Thuốc trừ sâu và nguyên liệu,6,2025,85219.08700000001,
Thuốc trừ sâu và nguyên liệu,7,2025,87027.9320000001,
Thuốc trừ sâu và nguyên liệu,8,2025,78290.80299999991,
Thuốc trừ sâu và nguyên liệu,9,2025,63380.94499999989,
Thuốc trừ sâu và nguyên liệu,10,2025,73479.5740000001,
Thuốc trừ sâu và nguyên liệu,11,2025,74273.59499999981,
Thuốc trừ sâu và nguyên liệu,12,2025,98887.037,
Chất dẻo nguyên liệu,1,2025,871703.048,809297.0
Chất dẻo nguyên liệu,2,2025,1063046.711,823024.0
Chất dẻo nguyên liệu,3,2025,1094776.8800000004,802847.0
Chất dẻo nguyên liệu,4,2025,1070136.283999999,803693.0
Chất dẻo nguyên liệu,5,2025,1080041.784,818239.0
Chất dẻo nguyên liệu,6,2025,1063583.1570000006,842707.0
Chất dẻo nguyên liệu,7,2025,1085882.08,802376.0
Chất dẻo nguyên liệu,8,2025,1034013.8829999994,799633.0
Chất dẻo nguyên liệu,9,2025,1011160.1459999996,790297.0
Chất dẻo nguyên liệu,10,2025,1009708.9050000012,814627.0
Chất dẻo nguyên liệu,11,2025,1025884.0229999982,896409.0
Chất dẻo nguyên liệu,12,2025,1121877.289,9657577.0
Sản phẩm từ chất dẻo,1,2025,679675.934,
Sản phẩm từ chất dẻo,2,2025,687072.0869999997,
Sản phẩm từ chất dẻo,3,2025,857471.7520000002,
Sản phẩm từ chất dẻo,4,2025,862176.0240000001,
Sản phẩm từ chất dẻo,5,2025,970824.2699999994,
Sản phẩm từ chất dẻo,6,2025,899659.0490000005,
Sản phẩm từ chất dẻo,7,2025,979865.306999999,
Sản phẩm từ chất dẻo,8,2025,952380.893,
Sản phẩm từ chất dẻo,9,2025,985115.0720000004,
Sản phẩm từ chất dẻo,10,2025,951298.6119999996,
Sản phẩm từ chất dẻo,11,2025,977973.8110000006,
Sản phẩm từ chất dẻo,12,2025,1066892.938,
Cao su,1,2025,282939.809,136065.0
Cao su,2,2025,241861.20499999996,116655.0
Cao su,3,2025,217689.09000000008,112328.0
Cao su,4,2025,203265.137,144166.0
Cao su,5,2025,241365.30099999983,151992.0
Cao su,6,2025,237778.67700000005,175246.0
Cao su,7,2025,273946.3650000001,167710.0
Cao su,8,2025,254107.51899999977,144636.0
Cao su,9,2025,230913.28899999976,183120.0
Cao su,10,2025,279427.0449999998,186182.0
Cao su,11,2025,286451.01300000015,221167.0
Cao su,12,2025,331713.539,1914194.0
Sản phẩm từ cao su,1,2025,80371.321,
Sản phẩm từ cao su,2,2025,90262.27900000004,
Sản phẩm từ cao su,3,2025,103954.36199999996,
Sản phẩm từ cao su,4,2025,102256.71599999996,
Sản phẩm từ cao su,5,2025,109195.418,
Sản phẩm từ cao su,6,2025,107492.35000000003,
Sản phẩm từ cao su,7,2025,112856.3220000001,
Sản phẩm từ cao su,8,2025,104636.60799999996,
Sản phẩm từ cao su,9,2025,105273.3249999999,
Sản phẩm từ cao su,10,2025,107662.45899999996,
Sản phẩm từ cao su,11,2025,105001.1859999997,
Sản phẩm từ cao su,12,2025,122723.473,
Gỗ và sản phẩm gỗ,1,2025,197543.681,
Gỗ và sản phẩm gỗ,2,2025,208383.94399999993,
Gỗ và sản phẩm gỗ,3,2025,262159.2860000002,
Gỗ và sản phẩm gỗ,4,2025,246864.00799999989,
Gỗ và sản phẩm gỗ,5,2025,301899.5360000001,
Gỗ và sản phẩm gỗ,6,2025,253098.48799999987,
Gỗ và sản phẩm gỗ,7,2025,351875.0319999999,
Gỗ và sản phẩm gỗ,8,2025,288402.0720000004,
Gỗ và sản phẩm gỗ,9,2025,265317.19899999956,
Gỗ và sản phẩm gỗ,10,2025,248604.45000000016,
Gỗ và sản phẩm gỗ,11,2025,281062.33200000017,
Gỗ và sản phẩm gỗ,12,2025,320224.478,
Giấy các loại,1,2025,154468.785,246076.0
Giấy các loại,2,2025,185611.19199999995,272749.0
Giấy các loại,3,2025,217312.968,241205.0
Giấy các loại,4,2025,201267.49700000012,249368.0
Giấy các loại,5,2025,216251.62100000007,232723.0
Giấy các loại,6,2025,197744.22300000003,281329.0
Giấy các loại,7,2025,226253.8829999999,253430.0
Giấy các loại,8,2025,201300.82300000012,270843.0
Giấy các loại,9,2025,210869.76499999993,271586.0
Giấy các loại,10,2025,208986.544,275815.0
Giấy các loại,11,2025,213993.4189999998,299445.0
Giấy các loại,12,2025,238894.12,3071816.0
Sản phẩm từ giấy,1,2025,75049.702,
Sản phẩm từ giấy,2,2025,76486.36899999999,
Sản phẩm từ giấy,3,2025,104355.917,
Sản phẩm từ giấy,4,2025,107870.33399999996,
Sản phẩm từ giấy,5,2025,114918.32300000002,
Sản phẩm từ giấy,6,2025,112725.93700000002,
Sản phẩm từ giấy,7,2025,117110.87399999994,
Sản phẩm từ giấy,8,2025,117333.51399999997,
Sản phẩm từ giấy,9,2025,125802.194,
Sản phẩm từ giấy,10,2025,120320.356,
Sản phẩm từ giấy,11,2025,122294.79300000017,
Sản phẩm từ giấy,12,2025,120896.956,
Bông các loại,1,2025,225833.221,172712.0
Bông các loại,2,2025,301120.223,152816.0
Bông các loại,3,2025,260344.149,170201.0
Bông các loại,4,2025,290536.54700000014,163101.0
Bông các loại,5,2025,276000.336,159411.0
Bông các loại,6,2025,268466.1279999999,144112.0
Bông các loại,7,2025,243305.34199999977,135187.0
Bông các loại,8,2025,227449.84899999996,102686.0
Bông các loại,9,2025,166892.56600000014,114950.0
Bông các loại,10,2025,188237.23799999992,106807.0
Bông các loại,11,2025,173668.45000000022,156815.0
Bông các loại,12,2025,258143.404,1707985.0
"Xơ, sợi dệt các loại",1,2025,193458.618,96781.0
"Xơ, sợi dệt các loại",2,2025,212642.834,109417.0
"Xơ, sợi dệt các loại",3,2025,244753.455,105336.0
"Xơ, sợi dệt các loại",4,2025,250504.02200000017,113368.0
"Xơ, sợi dệt các loại",5,2025,251867.57699999973,109239.0
"Xơ, sợi dệt các loại",6,2025,241815.7939999999,108739.0
"Xơ, sợi dệt các loại",7,2025,241523.6240000002,113229.0
"Xơ, sợi dệt các loại",8,2025,240291.09799999968,109685.0
"Xơ, sợi dệt các loại",9,2025,234445.05599999975,112967.0
"Xơ, sợi dệt các loại",10,2025,241325.7000000001,119619.0
"Xơ, sợi dệt các loại",11,2025,239881.49099999983,125731.0
"Xơ, sợi dệt các loại",12,2025,257040.554,1316754.0
Vải các loại,1,2025,1080732.549,
Vải các loại,2,2025,1030276.5299999998,
Vải các loại,3,2025,1340132.8929999997,
Vải các loại,4,2025,1419051.373000001,
Vải các loại,5,2025,1451366.423,
Vải các loại,6,2025,1220035.4159999988,
Vải các loại,7,2025,1212197.809,
Vải các loại,8,2025,1166094.7109999987,
Vải các loại,9,2025,1304342.5809999998,
Vải các loại,10,2025,1282031.481,
Vải các loại,11,2025,1284306.2839999977,
Vải các loại,12,2025,1408069.412,
"Nguyên phụ liệu dệt, may, da giày",1,2025,490888.891,
"Nguyên phụ liệu dệt, may, da giày",2,2025,529205.682,
"Nguyên phụ liệu dệt, may, da giày",3,2025,676893.74,
"Nguyên phụ liệu dệt, may, da giày",4,2025,648752.986,
"Nguyên phụ liệu dệt, may, da giày",5,2025,638900.7769999998,
"Nguyên phụ liệu dệt, may, da giày",6,2025,591586.2960000001,
"Nguyên phụ liệu dệt, may, da giày",7,2025,586358.7100000004,
"Nguyên phụ liệu dệt, may, da giày",8,2025,583716.7409999995,
"Nguyên phụ liệu dệt, may, da giày",9,2025,678354.9010000001,
"Nguyên phụ liệu dệt, may, da giày",10,2025,631822.9140000003,
"Nguyên phụ liệu dệt, may, da giày",11,2025,651063.0669999993,
"Nguyên phụ liệu dệt, may, da giày",12,2025,682920.727,
Thủy tinh và các sản phẩm từ thủy tinh,1,2025,82392.794,
Thủy tinh và các sản phẩm từ thủy tinh,2,2025,97830.11200000002,
Thủy tinh và các sản phẩm từ thủy tinh,3,2025,122433.58499999996,
Thủy tinh và các sản phẩm từ thủy tinh,4,2025,118857.489,
Thủy tinh và các sản phẩm từ thủy tinh,5,2025,122268.96500000008,
Thủy tinh và các sản phẩm từ thủy tinh,6,2025,121977.22699999996,
Thủy tinh và các sản phẩm từ thủy tinh,7,2025,114910.90599999996,
Thủy tinh và các sản phẩm từ thủy tinh,8,2025,122283.17599999998,
Thủy tinh và các sản phẩm từ thủy tinh,9,2025,124642.15000000002,
Thủy tinh và các sản phẩm từ thủy tinh,10,2025,117190.94499999996,
Thủy tinh và các sản phẩm từ thủy tinh,11,2025,133363.75300000014,
Thủy tinh và các sản phẩm từ thủy tinh,12,2025,150399.903,
"Đá quý, kim loại quý và sản phẩm",1,2025,55426.371,
"Đá quý, kim loại quý và sản phẩm",2,2025,82672.49499999998,
"Đá quý, kim loại quý và sản phẩm",3,2025,91011.64900000002,
"Đá quý, kim loại quý và sản phẩm",4,2025,80681.608,
"Đá quý, kim loại quý và sản phẩm",5,2025,77812.65699999993,
"Đá quý, kim loại quý và sản phẩm",6,2025,71559.38500000001,
"Đá quý, kim loại quý và sản phẩm",7,2025,98040.76299999996,
"Đá quý, kim loại quý và sản phẩm",8,2025,89102.34700000011,
"Đá quý, kim loại quý và sản phẩm",9,2025,124398.59399999995,
"Đá quý, kim loại quý và sản phẩm",10,2025,246372.52500000023,
"Đá quý, kim loại quý và sản phẩm",11,2025,179930.68599999993,
"Đá quý, kim loại quý và sản phẩm",12,2025,146679.985,
Phế liệu sắt thép,1,2025,103077.127,516787.0
Phế liệu sắt thép,2,2025,171718.01100000006,567974.0
Phế liệu sắt thép,3,2025,170032.18799999997,648963.0
Phế liệu sắt thép,4,2025,197415.404,498711.0
Phế liệu sắt thép,5,2025,170141.84200000006,500325.0
Phế liệu sắt thép,6,2025,167277.929,514577.0
Phế liệu sắt thép,7,2025,164647.64399999997,510156.0
Phế liệu sắt thép,8,2025,169529.45200000016,522881.0
Phế liệu sắt thép,9,2025,166867.4689999997,558988.0
Phế liệu sắt thép,10,2025,184067.76000000036,429950.0
Phế liệu sắt thép,11,2025,142351.5340000001,683854.0
Phế liệu sắt thép,12,2025,226822.419,6254456.0
Sắt thép các loại,1,2025,691288.686,1560062.0
Sắt thép các loại,2,2025,1043409.065,1231537.0
Sắt thép các loại,3,2025,909573.618,1372955.0
Sắt thép các loại,4,2025,960847.607,1291268.0
Sắt thép các loại,5,2025,940348.5800000004,1165967.0
Sắt thép các loại,6,2025,832173.7680000004,1151980.0
Sắt thép các loại,7,2025,851677.4000000006,1345095.0
Sắt thép các loại,8,2025,945978.0230000004,1124305.0
Sắt thép các loại,9,2025,786165.5819999997,1530767.0
Sắt thép các loại,10,2025,997965.624,1549963.0
Sắt thép các loại,11,2025,1041006.7569999996,1817531.0
Sắt thép các loại,12,2025,1212155.414,16091651.0
Sản phẩm từ sắt thép,1,2025,519124.238,
Sản phẩm từ sắt thép,2,2025,494580.986,
Sản phẩm từ sắt thép,3,2025,622670.1819999999,
Sản phẩm từ sắt thép,4,2025,642548.5580000001,
Sản phẩm từ sắt thép,5,2025,699412.0509999999,
Sản phẩm từ sắt thép,6,2025,701007.4220000001,
Sản phẩm từ sắt thép,7,2025,785033.3689999994,
Sản phẩm từ sắt thép,8,2025,741025.140000001,
Sản phẩm từ sắt thép,9,2025,731954.9979999991,
Sản phẩm từ sắt thép,10,2025,734934.6810000011,
Sản phẩm từ sắt thép,11,2025,763877.9800000008,
Sản phẩm từ sắt thép,12,2025,870803.42,
Kim loại thường khác,1,2025,749935.317,187988.0
Kim loại thường khác,2,2025,917577.9219999998,202285.0
Kim loại thường khác,3,2025,967114.5400000004,188506.0
Kim loại thường khác,4,2025,918435.2670000002,207684.0
Kim loại thường khác,5,2025,972837.8350000002,193128.0
Kim loại thường khác,6,2025,904860.6220000008,201327.0
Kim loại thường khác,7,2025,945718.4829999992,193437.0
Kim loại thường khác,8,2025,911858.232,186858.0
Kim loại thường khác,9,2025,883850.181000001,209165.0
Kim loại thường khác,10,2025,1034082.6679999998,213398.0
Kim loại thường khác,11,2025,1029875.3180000002,230563.0
Kim loại thường khác,12,2025,1137619.259,2371838.0
Sản phẩm từ kim loại thường khác,1,2025,278176.547,
Sản phẩm từ kim loại thường khác,2,2025,282277.11400000006,
Sản phẩm từ kim loại thường khác,3,2025,359442.5349999999,
Sản phẩm từ kim loại thường khác,4,2025,390379.365,
Sản phẩm từ kim loại thường khác,5,2025,429754.2610000002,
Sản phẩm từ kim loại thường khác,6,2025,426121.1209999998,
Sản phẩm từ kim loại thường khác,7,2025,464867.5080000004,
Sản phẩm từ kim loại thường khác,8,2025,421064.4629999995,
Sản phẩm từ kim loại thường khác,9,2025,464884.9330000002,
Sản phẩm từ kim loại thường khác,10,2025,430935.3289999999,
Sản phẩm từ kim loại thường khác,11,2025,433327.4339999994,
Sản phẩm từ kim loại thường khác,12,2025,462276.377,
"Máy vi tính, sản phẩm điện tử & linh kiện",1,2025,9733604.053,
"Máy vi tính, sản phẩm điện tử & linh kiện",2,2025,10416849.492999995,
"Máy vi tính, sản phẩm điện tử & linh kiện",3,2025,11491962.469000004,
"Máy vi tính, sản phẩm điện tử & linh kiện",4,2025,11223862.427,
"Máy vi tính, sản phẩm điện tử & linh kiện",5,2025,13357114.799000002,
"Máy vi tính, sản phẩm điện tử & linh kiện",6,2025,11751936.21899999,
"Máy vi tính, sản phẩm điện tử & linh kiện",7,2025,13849389.751999997,
"Máy vi tính, sản phẩm điện tử & linh kiện",8,2025,14212627.425000034,
"Máy vi tính, sản phẩm điện tử & linh kiện",9,2025,14010619.282999985,
"Máy vi tính, sản phẩm điện tử & linh kiện",10,2025,13288814.683999978,
"Máy vi tính, sản phẩm điện tử & linh kiện",11,2025,13095286.648999982,
"Máy vi tính, sản phẩm điện tử & linh kiện",12,2025,14264808.006,
Hàng điện gia dụng và linh kiện,1,2025,198943.163,
Hàng điện gia dụng và linh kiện,2,2025,261417.833,
Hàng điện gia dụng và linh kiện,3,2025,316266.39699999994,
Hàng điện gia dụng và linh kiện,4,2025,238888.98000000004,
Hàng điện gia dụng và linh kiện,5,2025,233202.77000000008,
Hàng điện gia dụng và linh kiện,6,2025,189428.72099999996,
Hàng điện gia dụng và linh kiện,7,2025,165175.6940000002,
Hàng điện gia dụng và linh kiện,8,2025,146994.52000000008,
Hàng điện gia dụng và linh kiện,9,2025,153558.57500000024,
Hàng điện gia dụng và linh kiện,10,2025,161393.76000000007,
Hàng điện gia dụng và linh kiện,11,2025,188673.31399999984,
Hàng điện gia dụng và linh kiện,12,2025,219852.824,
Điện thoại các loại và linh kiện,1,2025,856154.712,
Điện thoại các loại và linh kiện,2,2025,827446.395,
Điện thoại các loại và linh kiện,3,2025,866388.8620000004,
Điện thoại các loại và linh kiện,4,2025,867546.717,
Điện thoại các loại và linh kiện,5,2025,746502.0319999994,
Điện thoại các loại và linh kiện,6,2025,791684.8969999996,
Điện thoại các loại và linh kiện,7,2025,921376.1729999993,
Điện thoại các loại và linh kiện,8,2025,1109821.8399999996,
Điện thoại các loại và linh kiện,9,2025,1207798.2979999993,
Điện thoại các loại và linh kiện,10,2025,1209595.0330000017,
Điện thoại các loại và linh kiện,11,2025,869136.7670000007,
Điện thoại các loại và linh kiện,12,2025,985156.416,
Máy ảnh máy quay phim và linh kiện,1,2025,177082.473,
Máy ảnh máy quay phim và linh kiện,2,2025,167734.65500000003,
Máy ảnh máy quay phim và linh kiện,3,2025,188851.65300000005,
Máy ảnh máy quay phim và linh kiện,4,2025,207915.127,
Máy ảnh máy quay phim và linh kiện,5,2025,198941.2749999999,
Máy ảnh máy quay phim và linh kiện,6,2025,198620.652,
Máy ảnh máy quay phim và linh kiện,7,2025,222848.429,
Máy ảnh máy quay phim và linh kiện,8,2025,236029.93299999996,
Máy ảnh máy quay phim và linh kiện,9,2025,234836.3600000001,
Máy ảnh máy quay phim và linh kiện,10,2025,248153.426,
Máy ảnh máy quay phim và linh kiện,11,2025,236633.6839999999,
Máy ảnh máy quay phim và linh kiện,12,2025,255252.038,
"Máy móc, thiết bị, dụng cụ & phụ tùng",1,2025,3993369.147,
"Máy móc, thiết bị, dụng cụ & phụ tùng",2,2025,3792774.666999999,
"Máy móc, thiết bị, dụng cụ & phụ tùng",3,2025,4861303.577,
"Máy móc, thiết bị, dụng cụ & phụ tùng",4,2025,4925068.120000001,
"Máy móc, thiết bị, dụng cụ & phụ tùng",5,2025,5328246.145000003,
"Máy móc, thiết bị, dụng cụ & phụ tùng",6,2025,5070151.407999996,
"Máy móc, thiết bị, dụng cụ & phụ tùng",7,2025,5535486.849000003,
"Máy móc, thiết bị, dụng cụ & phụ tùng",8,2025,5351819.375999995,
"Máy móc, thiết bị, dụng cụ & phụ tùng",9,2025,5413416.077,
"Máy móc, thiết bị, dụng cụ & phụ tùng",10,2025,5278544.484999999,
"Máy móc, thiết bị, dụng cụ & phụ tùng",11,2025,5271129.472000003,
"Máy móc, thiết bị, dụng cụ & phụ tùng",12,2025,6205388.282,
Dây điện và dây cáp điện,1,2025,307721.679,
Dây điện và dây cáp điện,2,2025,313501.73900000006,
Dây điện và dây cáp điện,3,2025,374165.218,
Dây điện và dây cáp điện,4,2025,400308.464,
Dây điện và dây cáp điện,5,2025,416578.0719999996,
Dây điện và dây cáp điện,6,2025,363405.5819999998,
Dây điện và dây cáp điện,7,2025,412512.01200000045,
Dây điện và dây cáp điện,8,2025,395192.8789999996,
Dây điện và dây cáp điện,9,2025,379170.38899999985,
Dây điện và dây cáp điện,10,2025,374037.95999999985,
Dây điện và dây cáp điện,11,2025,385360.981,
Dây điện và dây cáp điện,12,2025,428854.759,
Ô tô nguyên chiếc các loại (*),1,2025,163189.344,17591.0
Ô tô nguyên chiếc các loại (*),2,2025,374287.97,21464.0
Ô tô nguyên chiếc các loại (*),3,2025,439832.4319999999,18722.0
Ô tô nguyên chiếc các loại (*),4,2025,423975.562,18884.0
Ô tô nguyên chiếc các loại (*),5,2025,423388.3410000003,18785.0
Ô tô nguyên chiếc các loại (*),6,2025,401836.6329999998,18875.0
Ô tô nguyên chiếc các loại (*),7,2025,431339.8659999998,16205.0
Ô tô nguyên chiếc các loại (*),8,2025,358572.7239999998,17269.0
Ô tô nguyên chiếc các loại (*),9,2025,400985.01399999985,17771.0
Ô tô nguyên chiếc các loại (*),10,2025,454550.32599999977,18131.0
Ô tô nguyên chiếc các loại (*),11,2025,458671.4959999997,14707.0
Ô tô nguyên chiếc các loại (*),12,2025,406388.252,205630.0
Ô tô 9 chỗ ngồi trở xuống,1,2025,97747.638,2063.0
Ô tô 9 chỗ ngồi trở xuống,2,2025,336237.31586599996,17141.0
Ô tô 9 chỗ ngồi trở xuống,3,2025,296242.4089999999,13778.0
Ô tô 9 chỗ ngồi trở xuống,4,2025,250423.7060000001,14113.0
Ô tô 9 chỗ ngồi trở xuống,5,2025,249390.72100000025,14089.0
Ô tô 9 chỗ ngồi trở xuống,6,2025,242167.47399999975,14078.0
Ô tô 9 chỗ ngồi trở xuống,7,2025,265159.53600000014,12081.0
Ô tô 9 chỗ ngồi trở xuống,8,2025,221907.17700000023,12600.0
Ô tô 9 chỗ ngồi trở xuống,9,2025,235539.89100000015,24333.0
Ô tô 9 chỗ ngồi trở xuống,10,2025,156517.26713399947,12834.0
Ô tô 9 chỗ ngồi trở xuống,11,2025,251609.49000000008,10046.0
Ô tô 9 chỗ ngồi trở xuống,12,2025,190240.821,152854.0
Ô tô trên 9 chỗ ngồi,2,2025,,2.0
Ô tô trên 9 chỗ ngồi,3,2025,10.108999999999996,19.0
Ô tô trên 9 chỗ ngồi,4,2025,121.682,29.0
Ô tô trên 9 chỗ ngồi,5,2025,190.418,5.0
Ô tô trên 9 chỗ ngồi,6,2025,31.343000000000018,6.0
Ô tô trên 9 chỗ ngồi,7,2025,34.38799999999998,9.0
Ô tô trên 9 chỗ ngồi,8,2025,55.34300000000002,
Ô tô trên 9 chỗ ngồi,12,2025,,70.0
Ô tô tải,1,2025,21682.38,2374.0
Ô tô tải,2,2025,60589.13799999999,2268.0
Ô tô tải,3,2025,65753.876,2503.0
Ô tô tải,4,2025,73924.10500000003,1951.0
Ô tô tải,5,2025,59935.50799999996,2706.0
Ô tô tải,6,2025,80431.17600000002,2772.0
Ô tô tải,7,2025,82890.35999999997,2598.0
Ô tô tải,8,2025,73385.77999999996,2282.0
Ô tô tải,9,2025,66564.92999999992,2497.0
Ô tô tải,10,2025,82563.2830000001,3048.0
Ô tô tải,11,2025,101828.3860000001,2805.0
Ô tô tải,12,2025,99506.78,28338.0
"Linh kiện, phụ tùng ô tô",1,2025,373161.23,
"Linh kiện, phụ tùng ô tô",2,2025,411997.86,
"Linh kiện, phụ tùng ô tô",3,2025,482926.99399999983,
"Linh kiện, phụ tùng ô tô",4,2025,434572.3439999999,
"Linh kiện, phụ tùng ô tô",5,2025,474135.88800000015,
"Linh kiện, phụ tùng ô tô",6,2025,463696.3909999997,
"Linh kiện, phụ tùng ô tô",7,2025,521647.4680000002,
"Linh kiện, phụ tùng ô tô",8,2025,452250.98499999975,
"Linh kiện, phụ tùng ô tô",9,2025,500722.3799999998,
"Linh kiện, phụ tùng ô tô",10,2025,535202.5469999992,
"Linh kiện, phụ tùng ô tô",11,2025,575277.0980000001,
"Linh kiện, phụ tùng ô tô",12,2025,707089.172,
Xe máy và linh kiện,1,2025,41112.714,
Xe máy và linh kiện,2,2025,55257.668,
Xe máy và linh kiện,3,2025,71700.99999999997,
Xe máy và linh kiện,4,2025,56486.85000000001,
Xe máy và linh kiện,5,2025,62049.90100000005,
Xe máy và linh kiện,6,2025,63863.79999999997,
Xe máy và linh kiện,7,2025,67544.97199999998,
Xe máy và linh kiện,8,2025,62649.72500000001,
Xe máy và linh kiện,9,2025,67023.52399999989,
Xe máy và linh kiện,10,2025,73809.18400000004,
Xe máy và linh kiện,11,2025,69597.063,
Xe máy và linh kiện,12,2025,73385.537,
Phương tiện vận tải khác và phụ tùng,1,2025,64300.157,
Phương tiện vận tải khác và phụ tùng,2,2025,99123.847,
Phương tiện vận tải khác và phụ tùng,3,2025,95403.16499999998,
Phương tiện vận tải khác và phụ tùng,4,2025,148411.652,
Phương tiện vận tải khác và phụ tùng,5,2025,165961.34199999995,
Phương tiện vận tải khác và phụ tùng,6,2025,115910.46700000006,
Phương tiện vận tải khác và phụ tùng,7,2025,153332.0099999999,
Phương tiện vận tải khác và phụ tùng,8,2025,127413.78800000006,
Phương tiện vận tải khác và phụ tùng,9,2025,90814.86600000004,
Phương tiện vận tải khác và phụ tùng,10,2025,136104.5730000002,
Phương tiện vận tải khác và phụ tùng,11,2025,217047.57599999965,
Phương tiện vận tải khác và phụ tùng,12,2025,320322.846,
Hàng hoá khác,1,2025,1675730.069,
Hàng hoá khác,2,2025,1984186.0549999997,
Hàng hoá khác,3,2025,2161839.791999999,
Hàng hoá khác,4,2025,1928690.716,
Hàng hoá khác,5,2025,1946511.316,
Hàng hoá khác,6,2025,1882425.170000002,
Hàng hoá khác,7,2025,2016872.7049999984,
Hàng hoá khác,8,2025,2090923.1400000008,
Hàng hoá khác,9,2025,1975230.818,
Hàng hoá khác,10,2025,2113056.323999997,
Hàng hoá khác,11,2025,2198497.103,
Hàng hoá khác,12,2025,2678948.271,
