Mặt hàng,Tháng,Năm,Lượng,Trị Giá
Bánh kẹo và các sản phẩm từ ngũ cốc,1,2017,,39272.25
Bánh kẹo và các sản phẩm từ ngũ cốc,2,2017,,38399.86
Bánh kẹo và các sản phẩm từ ngũ cốc,3,2017,,50472.56
Bánh kẹo và các sản phẩm từ ngũ cốc,4,2017,,48267.79
Bánh kẹo và các sản phẩm từ ngũ cốc,5,2017,,49168.0
Bánh kẹo và các sản phẩm từ ngũ cốc,6,2017,,49032.74
Bánh kẹo và các sản phẩm từ ngũ cốc,7,2017,,47625.61
Bánh kẹo và các sản phẩm từ ngũ cốc,8,2017,,51078.47
Bánh kẹo và các sản phẩm từ ngũ cốc,9,2017,,52055.46
Bánh kẹo và các sản phẩm từ ngũ cốc,10,2017,,55963.74
Bánh kẹo và các sản phẩm từ ngũ cốc,11,2017,,55899.61
Bánh kẹo và các sản phẩm từ ngũ cốc,12,2017,,58064.58
Bánh kẹo và các sản phẩm từ ngũ cốc,1,2018,,54557.3
Bánh kẹo và các sản phẩm từ ngũ cốc,2,2018,,35334.03
Bánh kẹo và các sản phẩm từ ngũ cốc,3,2018,,58712.41
Bánh kẹo và các sản phẩm từ ngũ cốc,4,2018,,52863.75
Bánh kẹo và các sản phẩm từ ngũ cốc,5,2018,,54803.15
Bánh kẹo và các sản phẩm từ ngũ cốc,6,2018,,54429.57
Bánh kẹo và các sản phẩm từ ngũ cốc,7,2018,,48770.85
Bánh kẹo và các sản phẩm từ ngũ cốc,8,2018,,60155.12
Bánh kẹo và các sản phẩm từ ngũ cốc,9,2018,,54978.11
Bánh kẹo và các sản phẩm từ ngũ cốc,10,2018,,61644.41
Bánh kẹo và các sản phẩm từ ngũ cốc,11,2018,,62622.2
Bánh kẹo và các sản phẩm từ ngũ cốc,12,2018,,60161.08
Bánh kẹo và các sản phẩm từ ngũ cốc,1,2019,,64675.25
Bánh kẹo và các sản phẩm từ ngũ cốc,2,2019,,33883.12
Bánh kẹo và các sản phẩm từ ngũ cốc,3,2019,,61667.82
Bánh kẹo và các sản phẩm từ ngũ cốc,4,2019,,55884.13
Bánh kẹo và các sản phẩm từ ngũ cốc,5,2019,,60349.04
Bánh kẹo và các sản phẩm từ ngũ cốc,6,2019,,53197.92
Bánh kẹo và các sản phẩm từ ngũ cốc,7,2019,,60126.25
Bánh kẹo và các sản phẩm từ ngũ cốc,8,2019,,65819.7
Bánh kẹo và các sản phẩm từ ngũ cốc,9,2019,,63737.98
Bánh kẹo và các sản phẩm từ ngũ cốc,10,2019,,69563.95
Bánh kẹo và các sản phẩm từ ngũ cốc,11,2019,,67774.68
Bánh kẹo và các sản phẩm từ ngũ cốc,12,2019,,65842.79
Bánh kẹo và các sản phẩm từ ngũ cốc,1,2020,,46006.42
Bánh kẹo và các sản phẩm từ ngũ cốc,2,2020,,54521.37
Bánh kẹo và các sản phẩm từ ngũ cốc,3,2020,,65415.16
Bánh kẹo và các sản phẩm từ ngũ cốc,4,2020,,58038.49
Bánh kẹo và các sản phẩm từ ngũ cốc,5,2020,,55937.73
Bánh kẹo và các sản phẩm từ ngũ cốc,6,2020,,60232.75
Bánh kẹo và các sản phẩm từ ngũ cốc,7,2020,,63648.83
Bánh kẹo và các sản phẩm từ ngũ cốc,8,2020,,66198.96
Bánh kẹo và các sản phẩm từ ngũ cốc,9,2020,,64443.51
Bánh kẹo và các sản phẩm từ ngũ cốc,10,2020,,70791.91
Bánh kẹo và các sản phẩm từ ngũ cốc,11,2020,,62867.7
Bánh kẹo và các sản phẩm từ ngũ cốc,12,2020,,67919.83
Bánh kẹo và các sản phẩm từ ngũ cốc,1,2021,67135.515,
Bánh kẹo và các sản phẩm từ ngũ cốc,2,2021,40533.095,
Bánh kẹo và các sản phẩm từ ngũ cốc,3,2021,72146.352,
Bánh kẹo và các sản phẩm từ ngũ cốc,4,2021,71422.483,
Bánh kẹo và các sản phẩm từ ngũ cốc,5,2021,68959.23999999998,
Bánh kẹo và các sản phẩm từ ngũ cốc,6,2021,74386.45199999998,
Bánh kẹo và các sản phẩm từ ngũ cốc,7,2021,62183.21000000001,
Bánh kẹo và các sản phẩm từ ngũ cốc,8,2021,36640.75599999998,
Bánh kẹo và các sản phẩm từ ngũ cốc,9,2021,39043.23600000002,
Bánh kẹo và các sản phẩm từ ngũ cốc,10,2021,61521.683999999994,
Bánh kẹo và các sản phẩm từ ngũ cốc,11,2021,77771.88000000005,
Bánh kẹo và các sản phẩm từ ngũ cốc,12,2021,85324.93800000001,
Bánh kẹo và các sản phẩm từ ngũ cốc,1,2022,79398.152,
Bánh kẹo và các sản phẩm từ ngũ cốc,2,2022,53410.60699999999,
Bánh kẹo và các sản phẩm từ ngũ cốc,3,2022,87233.725,
Bánh kẹo và các sản phẩm từ ngũ cốc,4,2022,84575.84500000003,
Bánh kẹo và các sản phẩm từ ngũ cốc,5,2022,82316.97899999999,
Bánh kẹo và các sản phẩm từ ngũ cốc,6,2022,90759.972,
Bánh kẹo và các sản phẩm từ ngũ cốc,7,2022,84090.255,
Bánh kẹo và các sản phẩm từ ngũ cốc,8,2022,92381.00599999994,
Bánh kẹo và các sản phẩm từ ngũ cốc,9,2022,82839.53600000008,
Bánh kẹo và các sản phẩm từ ngũ cốc,10,2022,86776.902,
Bánh kẹo và các sản phẩm từ ngũ cốc,11,2022,85437.76299999992,
Bánh kẹo và các sản phẩm từ ngũ cốc,12,2022,85856.91399999999,
Bánh kẹo và các sản phẩm từ ngũ cốc,1,2023,55548.931,
Bánh kẹo và các sản phẩm từ ngũ cốc,2,2023,73528.553,
Bánh kẹo và các sản phẩm từ ngũ cốc,3,2023,88625.61499999998,
Bánh kẹo và các sản phẩm từ ngũ cốc,4,2023,81592.43200000002,
Bánh kẹo và các sản phẩm từ ngũ cốc,5,2023,84149.82199999997,
Bánh kẹo và các sản phẩm từ ngũ cốc,6,2023,84013.62099999997,
Bánh kẹo và các sản phẩm từ ngũ cốc,7,2023,84532.23599999996,
Bánh kẹo và các sản phẩm từ ngũ cốc,8,2023,130192.76500000006,
Bánh kẹo và các sản phẩm từ ngũ cốc,9,2023,84010.33300000003,
Bánh kẹo và các sản phẩm từ ngũ cốc,10,2023,98220.82700000008,
Bánh kẹo và các sản phẩm từ ngũ cốc,11,2023,94929.63000000003,
Bánh kẹo và các sản phẩm từ ngũ cốc,12,2023,95952.51899999996,
Bánh kẹo và các sản phẩm từ ngũ cốc,1,2024,98607.067,
Bánh kẹo và các sản phẩm từ ngũ cốc,2,2024,62497.819,
Bánh kẹo và các sản phẩm từ ngũ cốc,3,2024,98667.34599999998,
Bánh kẹo và các sản phẩm từ ngũ cốc,4,2024,95129.58,
Bánh kẹo và các sản phẩm từ ngũ cốc,5,2024,87730.114,
Bánh kẹo và các sản phẩm từ ngũ cốc,6,2024,104484.55000000005,
Bánh kẹo và các sản phẩm từ ngũ cốc,7,2024,105335.91599999995,
Bánh kẹo và các sản phẩm từ ngũ cốc,8,2024,117078.157,
Bánh kẹo và các sản phẩm từ ngũ cốc,9,2024,102028.16,
Bánh kẹo và các sản phẩm từ ngũ cốc,10,2024,124204.395,
Bánh kẹo và các sản phẩm từ ngũ cốc,11,2024,118939.81499999992,
Bánh kẹo và các sản phẩm từ ngũ cốc,12,2024,116849.083,
Bánh kẹo và các sản phẩm từ ngũ cốc,1,2025,97763.512,
Bánh kẹo và các sản phẩm từ ngũ cốc,2,2025,87349.678,
Bánh kẹo và các sản phẩm từ ngũ cốc,3,2025,107776.84599999996,
Bánh kẹo và các sản phẩm từ ngũ cốc,4,2025,97238.543,
Bánh kẹo và các sản phẩm từ ngũ cốc,5,2025,102140.95500000005,
Bánh kẹo và các sản phẩm từ ngũ cốc,6,2025,101201.047,
Bánh kẹo và các sản phẩm từ ngũ cốc,7,2025,103743.41800000003,
Bánh kẹo và các sản phẩm từ ngũ cốc,8,2025,112711.94599999998,
Bánh kẹo và các sản phẩm từ ngũ cốc,9,2025,110512.45799999984,
Bánh kẹo và các sản phẩm từ ngũ cốc,10,2025,122068.27300000004,
Bánh kẹo và các sản phẩm từ ngũ cốc,11,2025,120187.5079999999,
Bánh kẹo và các sản phẩm từ ngũ cốc,12,2025,127533.951,
Cao su,1,2017,93.223,179206.92
Cao su,2,2017,90.237,191900.78
Cao su,3,2017,65.718,137671.89
Cao su,4,2017,51.389,96792.19
Cao su,5,2017,60.239,100716.96
Cao su,6,2017,121.47,186600.32
Cao su,7,2017,150.608,224504.04
Cao su,8,2017,170.899,261724.06
Cao su,9,2017,147.373,236056.37
Cao su,10,2017,115.838,177856.37
Cao su,11,2017,145.429,213059.94
Cao su,12,2017,168.628,243685.45
Cao su,1,2018,135797.0,198633.9
Cao su,2,2018,49669.0,74190.63
Cao su,3,2018,75444.0,112907.21
Cao su,4,2018,70633.0,101256.56
Cao su,5,2018,110779.0,160147.37
Cao su,6,2018,122221.0,173419.14
Cao su,7,2018,142375.0,188126.94
Cao su,8,2018,170726.0,217438.56
Cao su,9,2018,152820.0,197027.77
Cao su,10,2018,181838.0,235680.27
Cao su,11,2018,179241.0,222912.9
Cao su,12,2018,172581.0,210279.0
Cao su,1,2019,157150.0,199780.58
Cao su,2,2019,79937.0,105665.1
Cao su,3,2019,103569.0,144555.44
Cao su,4,2019,74388.0,106879.02
Cao su,5,2019,76607.0,110497.86
Cao su,6,2019,122745.0,174452.54
Cao su,7,2019,167317.0,233665.17
Cao su,8,2019,180442.0,243329.68
Cao su,9,2019,149885.0,196238.29
Cao su,10,2019,191669.0,248856.85
Cao su,11,2019,198960.0,261834.25
Cao su,12,2019,198995.0,276157.22
Cao su,1,2020,90130.0,131407.66
Cao su,2,2020,77218.0,113050.95
Cao su,3,2020,60360.0,86793.86
Cao su,4,2020,42655.0,54309.01
Cao su,5,2020,75165.0,90456.36
Cao su,6,2020,136352.0,162400.2
Cao su,7,2020,202875.0,245261.29
Cao su,8,2020,223189.0,274740.48
Cao su,9,2020,205497.0,265024.89
Cao su,10,2020,194689.0,270187.22
Cao su,11,2020,215552.0,330038.44
Cao su,12,2020,226019.0,360402.68
Cao su,1,2021,305252.769,104892.0
Cao su,2,2021,173427.35600000003,111773.0
Cao su,3,2021,195986.98699999996,61731.0
Cao su,4,2021,109734.951,82747.0
Cao su,5,2021,143348.20000000007,163370.0
Cao su,6,2021,275678.2309999998,204472.0
Cao su,7,2021,338098.67799999996,188847.0
Cao su,8,2021,310115.99800000025,180553.0
Cao su,9,2021,298836.90200000035,204382.0
Cao su,10,2021,339022.52800000005,212231.0
Cao su,11,2021,359268.8759999998,250166.0
Cao su,12,2021,428889.52700000047,1954970.0
Cao su,1,2022,331119.567,101634.0
Cao su,2,2022,181699.298,112445.0
Cao su,3,2022,202578.2489999999,78418.0
Cao su,4,2022,141588.375,114210.0
Cao su,5,2022,194994.59700000013,187836.0
Cao su,6,2022,310101.87500000006,196501.0
Cao su,7,2022,318993.04600000015,219208.0
Cao su,8,2022,332340.2970000001,193452.0
Cao su,9,2022,279453.46,223711.0
Cao su,10,2022,313700.7530000001,252748.0
Cao su,11,2022,343137.5270000003,271981.0
Cao su,12,2022,366233.38399999967,2144868.0
Cao su,1,2023,182582.277,131252.0
Cao su,2,2023,185221.40999999997,115641.0
Cao su,3,2023,163500.92699999997,87844.0
Cao su,4,2023,121921.06600000012,116734.0
Cao su,5,2023,157749.82899999985,179008.0
Cao su,6,2023,237520.12900000013,221121.0
Cao su,7,2023,288510.9039999998,222543.0
Cao su,8,2023,287222.90600000013,193260.0
Cao su,9,2023,251734.90099999975,218387.0
Cao su,10,2023,293901.5330000002,253375.0
Cao su,11,2023,348523.605,268798.0
Cao su,12,2023,374036.02799999993,2142858.0
Cao su,1,2024,296714.201,87917.0
Cao su,2,2024,130208.196,116073.0
Cao su,3,2024,180428.64399999997,73501.0
Cao su,4,2024,117406.42500000005,84466.0
Cao su,5,2024,134650.54200000002,154368.0
Cao su,6,2024,248410.252,186073.0
Cao su,7,2024,308015.22900000005,209505.0
Cao su,8,2024,344622.4559999998,193957.0
Cao su,9,2024,335560.617,225098.0
Cao su,10,2024,429168.2549999999,230896.0
Cao su,11,2024,441600.338,237997.0
Cao su,12,2024,452717.29,2010178.0
Cao su,1,2025,298649.243,114613.0
Cao su,2,2025,224010.26899999997,105393.0
Cao su,3,2025,210670.12800000003,72129.0
Cao su,4,2025,140042.054,97171.0
Cao su,5,2025,174574.216,143678.0
Cao su,6,2025,239593.31799999985,206195.0
Cao su,7,2025,334678.056,216589.0
Cao su,8,2025,359254.11900000006,175560.0
Cao su,9,2025,301916.10399999993,179779.0
Cao su,10,2025,304621.7040000005,197033.0
Cao su,11,2025,335873.3250000003,238663.0
Cao su,12,2025,404902.493,1907435.0
Chè,1,2017,10.0,13511.64
Chè,2,2017,10.0,14000.0
Chè,3,2017,10.414,14452.2
Chè,4,2017,10.0,15735.37
Chè,5,2017,15.0,19957.82
Chè,6,2017,14.0,21305.73
Chè,7,2017,13.453,22741.0
Chè,8,2017,13.804,23138.5
Chè,9,2017,12.0,20701.62
Chè,10,2017,14.0,24000.0
Chè,11,2017,14.0,23000.0
Chè,12,2017,12.0,20000.0
Chè,1,2018,10601.0,17000.39
Chè,2,2018,5936.0,8784.15
Chè,3,2018,8938.0,13609.61
Chè,4,2018,9491.0,15335.21
Chè,5,2018,10059.0,16384.88
Chè,6,2018,11495.0,20153.1
Chè,7,2018,11583.0,19884.01
Chè,8,2018,12938.0,21699.36
Chè,9,2018,10508.0,18566.8
Chè,10,2018,12199.0,23033.63
Chè,11,2018,11872.0,21896.18
Chè,12,2018,11718.0,21486.8
Chè,1,2019,12001.0,21208.38
Chè,2,2019,5377.0,8808.88
Chè,3,2019,9277.0,16646.2
Chè,4,2019,9389.0,15949.1
Chè,5,2019,10651.0,18268.2
Chè,6,2019,10494.0,18122.93
Chè,7,2019,11756.0,22787.44
Chè,8,2019,12375.0,22772.28
Chè,9,2019,12721.0,20739.78
Chè,10,2019,14114.0,24176.02
Chè,11,2019,14296.0,22683.1
Chè,12,2019,14651.0,24268.73
Chè,1,2020,7892.0,12205.55
Chè,2,2020,9451.0,13481.49
Chè,3,2020,9278.0,13110.15
Chè,4,2020,9805.0,16417.52
Chè,5,2020,9516.0,15672.87
Chè,6,2020,12070.0,20084.2
Chè,7,2020,13286.0,22050.73
Chè,8,2020,13294.0,21855.85
Chè,9,2020,13483.0,22263.34
Chè,10,2020,13658.0,23104.58
Chè,11,2020,12118.0,19872.65
Chè,12,2020,11113.0,17584.1
Chè,1,2021,14608.735,6691.0
Chè,2,2021,10776.134999999998,10239.0
Chè,3,2021,15979.73,10851.0
Chè,4,2021,17486.666999999998,10123.0
Chè,5,2021,16490.67400000001,11083.0
Chè,6,2021,19515.466,11467.0
Chè,7,2021,20663.12599999999,10343.0
Chè,8,2021,17436.749999999996,11695.0
Chè,9,2021,20331.236000000004,13186.0
Chè,10,2021,23096.695000000007,10153.0
Chè,11,2021,17382.56299999999,11865.0
Chè,12,2021,20113.320999999996,126799.0
Chè,1,2022,14713.484,5996.0
Chè,2,2022,8877.836,7982.0
Chè,3,2022,13108.430999999997,8912.0
Chè,4,2022,16289.997000000005,9507.0
Chè,5,2022,16875.292999999998,12335.0
Chè,6,2022,22721.702000000016,12459.0
Chè,7,2022,21080.654999999995,12723.0
Chè,8,2022,22904.616999999995,13193.0
Chè,9,2022,21245.34399999998,14237.0
Chè,10,2022,22480.627999999993,27845.0
Chè,11,2022,35685.71300000002,11917.0
Chè,12,2022,20498.174999999985,146074.0
Chè,1,2023,11368.196,6858.0
Chè,2,2023,11258.976,7727.0
Chè,3,2023,12585.038,8081.0
Chè,4,2023,13687.995000000004,9240.0
Chè,5,2023,15566.864,9619.0
Chè,6,2023,17072.36099999999,10511.0
Chè,7,2023,18401.20000000001,12152.0
Chè,8,2023,21930.561999999987,11053.0
Chè,9,2023,18913.626000000004,12005.0
Chè,10,2023,22013.77299999997,12339.0
Chè,11,2023,22070.694000000058,13471.0
Chè,12,2023,23330.701,119794.0
Chè,1,2024,21002.93,5255.0
Chè,2,2024,8173.267,8911.0
Chè,3,2024,14042.693,10129.0
Chè,4,2024,17129.129,9484.0
Chè,5,2024,15401.358999999997,15776.0
Chè,6,2024,30192.668000000005,15327.0
Chè,7,2024,27445.483999999997,15471.0
Chè,8,2024,29141.217999999993,13087.0
Chè,9,2024,23116.315,14468.0
Chè,10,2024,26289.459999999992,12659.0
Chè,11,2024,22677.088000000014,13142.0
Chè,12,2024,21799.683,146107.0
Chè,1,2025,16397.040999999997,7639.0
Chè,2,2025,11919.871000000006,9523.0
Chè,3,2025,14715.572999999997,8828.0
Chè,4,2025,14807.111000000004,10770.0
Chè,5,2025,18655.243,11437.0
Chè,6,2025,19995.802999999985,13707.0
Chè,7,2025,24176.254000000015,13354.0
Chè,8,2025,25068.793000000005,12270.0
Chè,9,2025,21530.64999999999,12101.0
Chè,10,2025,21344.485000000015,13780.0
Chè,11,2025,25400.906999999977,13844.0
Chè,12,2025,23887.645,136952.0
Chất dẻo nguyên liệu,1,2017,22.603,28643.86
Chất dẻo nguyên liệu,2,2017,33.987,41394.13
Chất dẻo nguyên liệu,3,2017,35.81,44139.64
Chất dẻo nguyên liệu,4,2017,30.294,36130.53
Chất dẻo nguyên liệu,5,2017,29.432,33794.08
Chất dẻo nguyên liệu,6,2017,29.244,31130.55
Chất dẻo nguyên liệu,7,2017,32.799,34816.0
Chất dẻo nguyên liệu,8,2017,41.189,46553.3
Chất dẻo nguyên liệu,9,2017,49.696,52867.46
Chất dẻo nguyên liệu,10,2017,54.881,54422.69
Chất dẻo nguyên liệu,11,2017,56.103,53945.04
Chất dẻo nguyên liệu,12,2017,60.278,56235.02
Chất dẻo nguyên liệu,1,2018,72920.0,63348.93
Chất dẻo nguyên liệu,2,2018,49439.0,51772.28
Chất dẻo nguyên liệu,3,2018,84104.0,78604.3
Chất dẻo nguyên liệu,4,2018,80382.0,75574.04
Chất dẻo nguyên liệu,5,2018,86376.0,87605.0
Chất dẻo nguyên liệu,6,2018,77374.0,81683.04
Chất dẻo nguyên liệu,7,2018,67155.0,72812.94
Chất dẻo nguyên liệu,8,2018,61957.0,79135.85
Chất dẻo nguyên liệu,9,2018,57982.0,63951.39
Chất dẻo nguyên liệu,10,2018,88352.0,108536.11
Chất dẻo nguyên liệu,11,2018,81605.0,98343.31
Chất dẻo nguyên liệu,12,2018,89712.0,107147.63
Chất dẻo nguyên liệu,1,2019,110381.0,127827.27
Chất dẻo nguyên liệu,2,2019,75552.0,85918.41
Chất dẻo nguyên liệu,3,2019,87775.0,102288.26
Chất dẻo nguyên liệu,4,2019,93700.0,111069.09
Chất dẻo nguyên liệu,5,2019,94741.0,106533.51
Chất dẻo nguyên liệu,6,2019,91814.0,104921.98
Chất dẻo nguyên liệu,7,2019,106621.0,115117.91
Chất dẻo nguyên liệu,8,2019,102580.0,109651.72
Chất dẻo nguyên liệu,9,2019,108299.0,111199.5
Chất dẻo nguyên liệu,10,2019,106251.0,107073.88
Chất dẻo nguyên liệu,11,2019,95504.0,92164.48
Chất dẻo nguyên liệu,12,2019,91371.0,91384.61
Chất dẻo nguyên liệu,1,2020,77846.0,80087.23
Chất dẻo nguyên liệu,2,2020,82460.0,89040.29
Chất dẻo nguyên liệu,3,2020,108175.0,107383.02
Chất dẻo nguyên liệu,4,2020,143525.0,125974.04
Chất dẻo nguyên liệu,5,2020,121384.0,97725.36
Chất dẻo nguyên liệu,6,2020,105104.0,88978.85
Chất dẻo nguyên liệu,7,2020,125619.0,111634.13
Chất dẻo nguyên liệu,8,2020,137016.0,121424.44
Chất dẻo nguyên liệu,9,2020,151517.0,140780.48
Chất dẻo nguyên liệu,10,2020,130614.0,124168.69
Chất dẻo nguyên liệu,11,2020,140472.0,134692.55
Chất dẻo nguyên liệu,12,2020,125011.0,125932.26
Chất dẻo nguyên liệu,1,2021,135992.635,105450.0
Chất dẻo nguyên liệu,2,2021,122393.793,171951.0
Chất dẻo nguyên liệu,3,2021,211286.35,134502.0
Chất dẻo nguyên liệu,4,2021,191345.36000000004,142371.0
Chất dẻo nguyên liệu,5,2021,194515.75200000004,142616.0
Chất dẻo nguyên liệu,6,2021,188635.92499999976,129197.0
Chất dẻo nguyên liệu,7,2021,171333.40700000006,146830.0
Chất dẻo nguyên liệu,8,2021,209049.65099999975,146318.0
Chất dẻo nguyên liệu,9,2021,211512.67100000003,144624.0
Chất dẻo nguyên liệu,10,2021,228315.49200000003,138419.0
Chất dẻo nguyên liệu,11,2021,204572.9399999999,125526.0
Chất dẻo nguyên liệu,12,2021,195414.33599999984,1649483.0
Chất dẻo nguyên liệu,1,2022,208448.933,127086.0
Chất dẻo nguyên liệu,2,2022,192714.745,147580.0
Chất dẻo nguyên liệu,3,2022,222762.90400000007,114854.0
Chất dẻo nguyên liệu,4,2022,231344.92799999993,137202.0
Chất dẻo nguyên liệu,5,2022,214820.93100000007,161748.0
Chất dẻo nguyên liệu,6,2022,199894.7049999998,106742.0
Chất dẻo nguyên liệu,7,2022,163248.32799999995,163658.0
Chất dẻo nguyên liệu,8,2022,213246.12199999992,105561.0
Chất dẻo nguyên liệu,9,2022,135800.594,105866.0
Chất dẻo nguyên liệu,10,2022,132980.55000000002,167409.0
Chất dẻo nguyên liệu,11,2022,195342.20299999995,173132.0
Chất dẻo nguyên liệu,12,2022,198673.27600000027,1641694.0
Chất dẻo nguyên liệu,1,2023,140077.691,157806.0
Chất dẻo nguyên liệu,2,2023,184980.844,165671.0
Chất dẻo nguyên liệu,3,2023,193973.86100000003,157462.0
Chất dẻo nguyên liệu,4,2023,182876.97799999992,137675.0
Chất dẻo nguyên liệu,5,2023,161999.29200000007,142602.0
Chất dẻo nguyên liệu,6,2023,163441.07,155698.0
Chất dẻo nguyên liệu,7,2023,167425.98599999998,167465.0
Chất dẻo nguyên liệu,8,2023,184402.71199999977,151017.0
Chất dẻo nguyên liệu,9,2023,168526.00200000004,190191.0
Chất dẻo nguyên liệu,10,2023,209934.9869999999,196667.0
Chất dẻo nguyên liệu,11,2023,210625.26200000005,190399.0
Chất dẻo nguyên liệu,12,2023,200476.25699999975,1931495.0
Chất dẻo nguyên liệu,1,2024,268148.782,194743.0
Chất dẻo nguyên liệu,2,2024,214365.167,230251.0
Chất dẻo nguyên liệu,3,2024,253223.735,183802.0
Chất dẻo nguyên liệu,4,2024,205574.79599999997,182514.0
Chất dẻo nguyên liệu,5,2024,201125.1410000001,190709.0
Chất dẻo nguyên liệu,6,2024,219163.4299999999,160867.0
Chất dẻo nguyên liệu,7,2024,182846.713,184462.0
Chất dẻo nguyên liệu,8,2024,209076.8970000001,232672.0
Chất dẻo nguyên liệu,9,2024,246858.609,248933.0
Chất dẻo nguyên liệu,10,2024,259803.06099999975,175188.0
Chất dẻo nguyên liệu,11,2024,194144.05600000033,158292.0
Chất dẻo nguyên liệu,12,2024,176480.546,2397116.0
Chất dẻo nguyên liệu,1,2025,158224.78799999997,194369.0
Chất dẻo nguyên liệu,2,2025,211270.0240000001,216714.0
Chất dẻo nguyên liệu,3,2025,224553.99799999988,182296.0
Chất dẻo nguyên liệu,4,2025,194716.95200000016,190838.0
Chất dẻo nguyên liệu,5,2025,200133.29200000004,187080.0
Chất dẻo nguyên liệu,6,2025,195331.57899999977,163288.0
Chất dẻo nguyên liệu,7,2025,179104.8870000002,158587.0
Chất dẻo nguyên liệu,8,2025,174012.02999999988,189316.0
Chất dẻo nguyên liệu,9,2025,192017.77200000043,213152.0
Chất dẻo nguyên liệu,10,2025,211852.5030000001,205858.0
Chất dẻo nguyên liệu,11,2025,202756.78800000023,208594.0
Chất dẻo nguyên liệu,12,2025,202946.908,2255166.0
Clanhke và xi măng,1,2017,,43914.31
Clanhke và xi măng,2,2017,,57840.07
Clanhke và xi măng,3,2017,,63360.15
Clanhke và xi măng,4,2017,,64226.02
Clanhke và xi măng,5,2017,,55966.42
Clanhke và xi măng,6,2017,,41289.31
Clanhke và xi măng,7,2017,,49592.45
Clanhke và xi măng,8,2017,,49187.32
Clanhke và xi măng,9,2017,,49713.94
Clanhke và xi măng,10,2017,,55873.08
Clanhke và xi măng,11,2017,,78087.28
Clanhke và xi măng,12,2017,,97591.18
Clanhke và xi măng,1,2018,2904284.0,101120.72
Clanhke và xi măng,2,2018,2147511.0,76894.28
Clanhke và xi măng,3,2018,3451662.0,118861.84
Clanhke và xi măng,4,2018,2582557.0,95660.89
Clanhke và xi măng,5,2018,2290524.0,89698.41
Clanhke và xi măng,6,2018,2138278.0,88600.83
Clanhke và xi măng,7,2018,2138426.0,85465.0
Clanhke và xi măng,8,2018,3018344.0,123371.74
Clanhke và xi măng,9,2018,2716607.0,111125.12
Clanhke và xi măng,10,2018,2827000.0,119743.34
Clanhke và xi măng,11,2018,2787835.0,117981.77
Clanhke và xi măng,12,2018,2630762.0,113896.55
Clanhke và xi măng,1,2019,2874154.0,123266.4
Clanhke và xi măng,2,2019,2303316.0,97843.65
Clanhke và xi măng,3,2019,3380101.0,143457.64
Clanhke và xi măng,4,2019,2784905.0,117131.98
Clanhke và xi măng,5,2019,2474355.0,108247.5
Clanhke và xi măng,6,2019,1782870.0,76875.98
Clanhke và xi măng,7,2019,2271384.0,92380.66
Clanhke và xi măng,8,2019,2866918.0,113577.88
Clanhke và xi măng,9,2019,2649458.0,105356.46
Clanhke và xi măng,10,2019,3510000.0,138471.73
Clanhke và xi măng,11,2019,3457151.0,137936.55
Clanhke và xi măng,12,2019,3517697.0,138234.55
Clanhke và xi măng,1,2020,2686654.0,106032.14
Clanhke và xi măng,2,2020,2322143.0,93862.67
Clanhke và xi măng,3,2020,2721309.0,101156.63
Clanhke và xi măng,4,2020,2777133.0,93807.6
Clanhke và xi măng,5,2020,3122884.0,110471.64
Clanhke và xi măng,6,2020,2829590.0,109497.71
Clanhke và xi măng,7,2020,3233565.0,119566.44
Clanhke và xi măng,8,2020,4215359.0,147523.69
Clanhke và xi măng,9,2020,4340624.0,159807.08
Clanhke và xi măng,10,2020,3427118.0,136823.78
Clanhke và xi măng,11,2020,3139425.0,122129.6
Clanhke và xi măng,12,2020,3616142.0,135174.85
Clanhke và xi măng,1,2021,116302.211,2849456.0
Clanhke và xi măng,2,2021,100701.492,4627695.0
Clanhke và xi măng,3,2021,174467.37899999996,4326098.0
Clanhke và xi măng,4,2021,171169.00299999997,3181365.0
Clanhke và xi măng,5,2021,131726.40100000007,2729564.0
Clanhke và xi măng,6,2021,113366.69199999994,3497395.0
Clanhke và xi măng,7,2021,133070.50500000006,4338921.0
Clanhke và xi măng,8,2021,161762.53999999998,4536712.0
Clanhke và xi măng,9,2021,169352.03999999998,4259608.0
Clanhke và xi măng,10,2021,165908.827,4442764.0
Clanhke và xi măng,11,2021,189901.79999999976,2786028.0
Clanhke và xi măng,12,2021,145674.20599999995,44712326.0
Clanhke và xi măng,1,2022,161143.737,3715364.0
Clanhke và xi măng,2,2022,153858.47800000003,3263404.0
Clanhke và xi măng,3,2022,142603.76199999996,3134891.0
Clanhke và xi măng,4,2022,143318.807,831446.0
Clanhke và xi măng,5,2022,71872.08399999997,2084898.0
Clanhke và xi măng,6,2022,64408.34399999998,2208158.0
Clanhke và xi măng,7,2022,103774.36400000005,3167548.0
Clanhke và xi măng,8,2022,140267.11299999987,1687352.0
Clanhke và xi măng,9,2022,76866.20099999983,2118319.0
Clanhke và xi măng,10,2022,94361.86200000014,2558602.0
Clanhke và xi măng,11,2022,106828.60099999976,3080302.0
Clanhke và xi măng,12,2022,125330.89100000005,31685479.0
Clanhke và xi măng,1,2023,81561.972,3037651.0
Clanhke và xi măng,2,2023,130115.602,2940925.0
Clanhke và xi măng,3,2023,124830.91300000002,2541297.0
Clanhke và xi măng,4,2023,112130.94499999996,2634601.0
Clanhke và xi măng,5,2023,115737.795,2710185.0
Clanhke và xi măng,6,2023,119842.24400000002,2802021.0
Clanhke và xi măng,7,2023,123026.23699999992,2703164.0
Clanhke và xi măng,8,2023,115700.74199999993,2299441.0
Clanhke và xi măng,9,2023,94176.14900000003,2673079.0
Clanhke và xi măng,10,2023,109951.28399999984,2512398.0
Clanhke và xi măng,11,2023,100779.12100000012,2539371.0
Clanhke và xi măng,12,2023,98194.23600000003,31271572.0
Clanhke và xi măng,1,2024,120278.649,1989058.0
Clanhke và xi măng,2,2024,75336.544,2842324.0
Clanhke và xi măng,3,2024,108484.46300000002,2914786.0
Clanhke và xi măng,4,2024,113730.577,2460437.0
Clanhke và xi măng,5,2024,96432.19899999996,2316007.0
Clanhke và xi măng,6,2024,89007.33800000005,2501770.0
Clanhke và xi măng,7,2024,95947.52899999998,2269225.0
Clanhke và xi măng,8,2024,87729.12299999999,2019814.0
Clanhke và xi măng,9,2024,74940.538,2691083.0
Clanhke và xi măng,10,2024,106085.05100000006,2206192.0
Clanhke và xi măng,11,2024,82492.77999999988,2268011.0
Clanhke và xi măng,12,2024,86040.085,29682139.0
Clanhke và xi măng,1,2025,76583.45700000001,3030281.0
Clanhke và xi măng,2,2025,109394.335,3037417.0
Clanhke và xi măng,3,2025,112427.91599999995,2953047.0
Clanhke và xi măng,4,2025,111938.499,2949734.0
Clanhke và xi măng,5,2025,112678.91000000005,2654077.0
Clanhke và xi măng,6,2025,105395.61799999994,3023010.0
Clanhke và xi măng,7,2025,116159.82200000007,3323259.0
Clanhke và xi măng,8,2025,122577.266,3211799.0
Clanhke và xi măng,9,2025,117825.406,3487421.0
Clanhke và xi măng,10,2025,128428.26200000005,3704718.0
Clanhke và xi măng,11,2025,128689.48099999984,3764753.0
Clanhke và xi măng,12,2025,132474.948,37315133.0
Cà phê,1,2017,184.917,410455.01
Cà phê,2,2017,167.88,377679.23
Cà phê,3,2017,186.01,420978.87
Cà phê,4,2017,143.6,324899.95
Cà phê,5,2017,127.689,287072.19
Cà phê,6,2017,127.951,288502.32
Cà phê,7,2017,104.135,242700.69
Cà phê,8,2017,96.124,224953.65
Cà phê,9,2017,79.948,186419.99
Cà phê,10,2017,79.262,185105.84
Cà phê,11,2017,104.724,225107.33
Cà phê,12,2017,163.937,326571.93
Cà phê,1,2018,200745.0,391923.07
Cà phê,2,2018,129084.0,249648.0
Cà phê,3,2018,199415.0,386661.31
Cà phê,4,2018,155824.0,298001.32
Cà phê,5,2018,192736.0,370108.28
Cà phê,6,2018,161684.0,306624.2
Cà phê,7,2018,132366.0,248717.09
Cà phê,8,2018,154644.0,286868.34
Cà phê,9,2018,120547.0,211867.5
Cà phê,10,2018,137992.0,250955.6
Cà phê,11,2018,136691.0,255263.07
Cà phê,12,2018,156550.0,280898.17
Cà phê,1,2019,183693.0,324241.61
Cà phê,2,2019,133455.0,227520.46
Cà phê,3,2019,171500.0,298332.53
Cà phê,4,2019,143298.0,243141.21
Cà phê,5,2019,145812.0,236952.16
Cà phê,6,2019,141280.0,237773.76
Cà phê,7,2019,140737.0,241805.6
Cà phê,8,2019,113286.0,195499.45
Cà phê,9,2019,92252.0,168459.98
Cà phê,10,2019,87399.0,157219.31
Cà phê,11,2019,113019.0,196121.84
Cà phê,12,2019,187534.0,327540.71
Cà phê,1,2020,145101.0,246554.53
Cà phê,2,2020,174106.0,293633.18
Cà phê,3,2020,170053.0,295034.77
Cà phê,4,2020,193543.0,313437.37
Cà phê,5,2020,132362.0,223801.56
Cà phê,6,2020,125892.0,217603.07
Cà phê,7,2020,109772.0,196200.98
Cà phê,8,2020,100183.0,183186.4
Cà phê,9,2020,99686.0,187809.91
Cà phê,10,2020,91166.0,168365.08
Cà phê,11,2020,84188.0,161878.11
Cà phê,12,2020,139228.0,253543.12
Cà phê,1,2021,280571.609,122724.0
Cà phê,2,2021,215838.112,169671.0
Cà phê,3,2021,312344.36000000004,131971.0
Cà phê,4,2021,246315.87299999985,130282.0
Cà phê,5,2021,243558.167,128056.0
Cà phê,6,2021,248717.8599999998,122564.0
Cà phê,7,2021,236012.319,111551.0
Cà phê,8,2021,224496.225,106125.0
Cà phê,9,2021,221556.6,101998.0
Cà phê,10,2021,222687.85099999967,107543.0
Cà phê,11,2021,241608.765,169375.0
Cà phê,12,2021,378894.7770000002,1562475.0
Cà phê,1,2022,370574.89,207550.0
Cà phê,2,2022,452532.43,210819.0
Cà phê,3,2022,473778.95,157353.0
Cà phê,4,2022,362191.2,142519.0
Cà phê,5,2022,324523.64,137085.0
Cà phê,6,2022,315166.41,113832.0
Cà phê,7,2022,262223.71,106645.0
Cà phê,8,2022,263602.0,92548.0
Cà phê,9,2022,226758.34,93331.0
Cà phê,10,2022,226665.12,154626.0
Cà phê,11,2022,350943.09,197880.0
Cà phê,12,2022,426792.06700000016,1777512.0
Cà phê,1,2023,310439.892,199808.0
Cà phê,2,2023,434847.148,210261.0
Cà phê,3,2023,482531.2320000001,163967.0
Cà phê,4,2023,399834.9689999998,149541.0
Cà phê,5,2023,384763.996,140838.0
Cà phê,6,2023,377872.93700000015,109845.0
Cà phê,7,2023,310529.8550000002,84645.0
Cà phê,8,2023,258618.71699999995,51561.0
Cà phê,9,2023,169784.60899999994,43695.0
Cà phê,10,2023,157420.25199999916,119278.0
Cà phê,11,2023,356813.93799999985,207155.0
Cà phê,12,2023,599142.2829999998,1623138.0
Cà phê,1,2024,726592.657,160553.0
Cà phê,2,2024,528273.455,186877.0
Cà phê,3,2024,671379.999,152101.0
Cà phê,4,2024,573941.8760000002,79357.0
Cà phê,5,2024,339337.43200000003,76666.0
Cà phê,6,2024,350845.82799999975,85533.0
Cà phê,7,2024,416848.747,76024.0
Cà phê,8,2024,417565.77200000046,51369.0
Cà phê,9,2024,286936.878,46496.0
Cà phê,10,2024,264190.9369999997,64305.0
Cà phê,11,2024,357703.1549999999,127655.0
Cà phê,12,2024,686556.852,1345202.0
Cà phê,1,2025,756830.158,180660.0
Cà phê,2,2025,990535.679,184618.0
Cà phê,3,2025,1082493.3779999998,175863.0
Cà phê,4,2025,1014314.6160000006,153973.0
Cà phê,5,2025,881257.1890000002,124668.0
Cà phê,6,2025,711037.2610000002,111123.0
Cà phê,7,2025,603198.6109999998,93706.0
Cà phê,8,2025,509022.8930000004,83379.0
Cà phê,9,2025,473316.5350000004,71176.0
Cà phê,10,2025,406847.17999999993,96150.0
Cà phê,11,2025,546860.2230000005,182967.0
Cà phê,12,2025,947992.767,1592288.0
Dây điện & dây cáp điện,1,2017,,90622.4
Dây điện & dây cáp điện,2,2017,,76287.31
Dây điện & dây cáp điện,3,2017,,97203.68
Dây điện & dây cáp điện,4,2017,,98500.88
Dây điện & dây cáp điện,5,2017,,104413.04
Dây điện & dây cáp điện,6,2017,,103003.47
Dây điện & dây cáp điện,7,2017,,111680.13
Dây điện & dây cáp điện,8,2017,,124297.15
Dây điện & dây cáp điện,9,2017,,138513.36
Dây điện & dây cáp điện,10,2017,,151407.33
Dây điện & dây cáp điện,11,2017,,169545.05
Dây điện & dây cáp điện,12,2017,,141398.23
Dây điện & dây cáp điện,1,2018,,155523.74
Dây điện & dây cáp điện,2,2018,,92894.04
Dây điện & dây cáp điện,3,2018,,139646.9
Dây điện & dây cáp điện,4,2018,,119812.71
Dây điện & dây cáp điện,5,2018,,134420.09
Dây điện & dây cáp điện,6,2018,,143870.17
Dây điện & dây cáp điện,7,2018,,138170.17
Dây điện & dây cáp điện,8,2018,,189559.28
Dây điện & dây cáp điện,9,2018,,156623.06
Dây điện & dây cáp điện,10,2018,,157343.64
Dây điện & dây cáp điện,11,2018,,145507.93
Dây điện & dây cáp điện,12,2018,,127423.9
Dây điện & dây cáp điện,1,2019,,140854.18
Dây điện & dây cáp điện,2,2019,,83989.69
Dây điện & dây cáp điện,3,2019,,149736.6
Dây điện & dây cáp điện,4,2019,,145001.98
Dây điện & dây cáp điện,5,2019,,156480.29
Dây điện & dây cáp điện,6,2019,,148284.84
Dây điện & dây cáp điện,7,2019,,163773.67
Dây điện & dây cáp điện,8,2019,,203234.41
Dây điện & dây cáp điện,9,2019,,191441.19
Dây điện & dây cáp điện,10,2019,,211669.99
Dây điện & dây cáp điện,11,2019,,197036.56
Dây điện & dây cáp điện,12,2019,,193634.59
Dây điện & dây cáp điện,1,2020,,162970.24
Dây điện & dây cáp điện,2,2020,,148105.04
Dây điện & dây cáp điện,3,2020,,213753.53
Dây điện & dây cáp điện,4,2020,,195183.11
Dây điện & dây cáp điện,5,2020,,183861.5
Dây điện & dây cáp điện,6,2020,,178662.35
Dây điện & dây cáp điện,7,2020,,183171.57
Dây điện & dây cáp điện,8,2020,,193279.55
Dây điện & dây cáp điện,9,2020,,210439.97
Dây điện & dây cáp điện,10,2020,,264451.72
Dây điện & dây cáp điện,11,2020,,240642.7
Dây điện & dây cáp điện,12,2020,,268397.66
Dây điện & dây cáp điện,1,2021,262836.824,
Dây điện & dây cáp điện,2,2021,166162.03599999996,
Dây điện & dây cáp điện,3,2021,267456.11600000004,
Dây điện & dây cáp điện,4,2021,264413.73600000003,
Dây điện & dây cáp điện,5,2021,244519.28000000003,
Dây điện & dây cáp điện,6,2021,191348.2919999999,
Dây điện & dây cáp điện,7,2021,229608.15100000007,
Dây điện & dây cáp điện,8,2021,281244.4879999999,
Dây điện & dây cáp điện,9,2021,284340.29300000006,
Dây điện & dây cáp điện,10,2021,295981.6409999998,
Dây điện & dây cáp điện,11,2021,301990.1699999999,
Dây điện & dây cáp điện,12,2021,321513.3320000004,
Dây điện & dây cáp điện,1,2022,259905.751,
Dây điện & dây cáp điện,2,2022,213055.251,
Dây điện & dây cáp điện,3,2022,282272.53699999995,
Dây điện & dây cáp điện,4,2022,293409.0790000001,
Dây điện & dây cáp điện,5,2022,300217.1029999998,
Dây điện & dây cáp điện,6,2022,307722.64700000006,
Dây điện & dây cáp điện,7,2022,297901.3149999999,
Dây điện & dây cáp điện,8,2022,318174.2219999998,
Dây điện & dây cáp điện,9,2022,256387.20100000047,
Dây điện & dây cáp điện,10,2022,314020.4490000002,
Dây điện & dây cáp điện,11,2022,275344.03100000013,
Dây điện & dây cáp điện,12,2022,293753.84799999994,
Dây điện & dây cáp điện,1,2023,250967.269,
Dây điện & dây cáp điện,2,2023,248758.882,
Dây điện & dây cáp điện,3,2023,284513.59700000007,
Dây điện & dây cáp điện,4,2023,267075.34699999995,
Dây điện & dây cáp điện,5,2023,268635.0129999999,
Dây điện & dây cáp điện,6,2023,276814.505,
Dây điện & dây cáp điện,7,2023,267202.235,
Dây điện & dây cáp điện,8,2023,302937.7330000001,
Dây điện & dây cáp điện,9,2023,303891.48000000056,
Dây điện & dây cáp điện,10,2023,309303.519,
Dây điện & dây cáp điện,11,2023,277432.60399999993,
Dây điện & dây cáp điện,12,2023,280263.61100000003,
Dây điện & dây cáp điện,1,2024,289213.602,
Dây điện & dây cáp điện,2,2024,193133.75899999996,
Dây điện & dây cáp điện,3,2024,286606.15200000006,
Dây điện & dây cáp điện,4,2024,279713.20900000003,
Dây điện & dây cáp điện,5,2024,292662.36699999985,
Dây điện & dây cáp điện,6,2024,290156.6840000001,
Dây điện & dây cáp điện,7,2024,304087.9679999999,
Dây điện & dây cáp điện,8,2024,345325.2449999997,
Dây điện & dây cáp điện,9,2024,281703.49,
Dây điện & dây cáp điện,10,2024,312946.7550000009,
Dây điện & dây cáp điện,11,2024,310036.8919999991,
Dây điện & dây cáp điện,12,2024,314886.126,
Dây điện & dây cáp điện,1,2025,303223.76399999997,
Dây điện & dây cáp điện,2,2025,294354.91800000006,
Dây điện & dây cáp điện,3,2025,350510.218,
Dây điện & dây cáp điện,4,2025,367219.89600000007,
Dây điện & dây cáp điện,5,2025,379445.33999999973,
Dây điện & dây cáp điện,6,2025,387594.3310000001,
Dây điện & dây cáp điện,7,2025,389558.2759999995,
Dây điện & dây cáp điện,8,2025,393336.5100000001,
Dây điện & dây cáp điện,9,2025,373789.424,
Dây điện & dây cáp điện,10,2025,373591.9709999998,
Dây điện & dây cáp điện,11,2025,370870.421,
Dây điện & dây cáp điện,12,2025,409296.524,
Dầu thô,1,2017,509.028,219553.25
Dầu thô,2,2017,540.233,233576.72
Dầu thô,3,2017,469.623,192505.2
Dầu thô,4,2017,594.844,243338.5
Dầu thô,5,2017,676.618,266282.84
Dầu thô,6,2017,964.788,356268.81
Dầu thô,7,2017,583.526,226984.74
Dầu thô,8,2017,610.319,260307.14
Dầu thô,9,2017,475.557,212871.37
Dầu thô,10,2017,461.26,212353.02
Dầu thô,11,2017,384.489,191832.5
Dầu thô,12,2017,535.626,269717.62
Dầu thô,1,2018,385128.0,204941.42
Dầu thô,2,2018,283698.0,162583.13
Dầu thô,3,2018,287842.0,142597.09
Dầu thô,4,2018,222784.0,119325.26
Dầu thô,5,2018,341784.0,210237.3
Dầu thô,6,2018,357299.0,208127.66
Dầu thô,7,2018,347731.0,200893.42
Dầu thô,8,2018,368142.0,203065.33
Dầu thô,9,2018,266809.0,165513.97
Dầu thô,10,2018,353535.0,222159.56
Dầu thô,11,2018,341607.0,171453.2
Dầu thô,12,2018,401459.0,178967.42
Dầu thô,1,2019,479397.28,222343.51
Dầu thô,2,2019,226012.28,104377.94
Dầu thô,3,2019,413343.28,221158.0
Dầu thô,4,2019,216509.28,119624.92
Dầu thô,5,2019,341754.28,194814.5
Dầu thô,6,2019,317358.28,183757.84
Dầu thô,7,2019,238783.32,132133.14
Dầu thô,8,2019,426586.0,194223.29
Dầu thô,9,2019,166870.0,89670.71
Dầu thô,10,2019,496977.0,231322.83
Dầu thô,11,2019,290470.0,151512.56
Dầu thô,12,2019,361829.0,186503.58
Dầu thô,1,2020,378949.23,183043.04
Dầu thô,2,2020,297405.55,166764.55
Dầu thô,3,2020,421423.66,126550.79
Dầu thô,4,2020,586911.56,86848.14
Dầu thô,5,2020,398528.0,105940.63
Dầu thô,6,2020,448670.0,150449.75
Dầu thô,7,2020,257461.0,102736.51
Dầu thô,8,2020,704040.0,239057.23
Dầu thô,9,2020,328602.00000000006,127166.83
Dầu thô,10,2020,332994.0,102499.57
Dầu thô,11,2020,249670.0,80586.53
Dầu thô,12,2020,252187.0,101157.67
Dầu thô,1,2021,159256.75,138367.0
Dầu thô,2,2021,73029.11,251044.0
Dầu thô,3,2021,124776.22,250720.0
Dầu thô,4,2021,129695.82,221343.0
Dầu thô,5,2021,119015.01,271895.0
Dầu thô,6,2021,144940.97,305643.0
Dầu thô,7,2021,189680.35,151091.0
Dầu thô,8,2021,84844.80000000002,268011.0
Dầu thô,9,2021,154582.95,431304.0
Dầu thô,10,2021,271465.64800000016,211798.0
Dầu thô,11,2021,158595.49099999992,254667.0
Dầu thô,12,2021,156212.7799999998,3130040.0
Dầu thô,1,2022,174575.1,316539.0
Dầu thô,2,2022,274303.95,77870.0
Dầu thô,3,2022,69420.12,123763.34
Dầu thô,4,2022,106013.93,273043.66
Dầu thô,5,2022,250531.12,215993.0
Dầu thô,6,2022,163869.93,275031.0
Dầu thô,7,2022,259533.66,200796.0
Dầu thô,8,2022,168482.24,212870.0
Dầu thô,9,2022,168528.11,304404.0
Dầu thô,10,2022,228114.57,264029.0
Dầu thô,11,2022,205932.43,319356.0
Dầu thô,12,2022,237811.27,2778489.0
Dầu thô,1,2023,156327.82,234542.0
Dầu thô,2,2023,162569.49,251661.0
Dầu thô,3,2023,192989.61,147909.0
Dầu thô,4,2023,74005.36,345658.0
Dầu thô,5,2023,238360.43,199697.0
Dầu thô,6,2023,105740.97,273629.0
Dầu thô,7,2023,169016.59,272640.0
Dầu thô,8,2023,196798.88,154988.0
Dầu thô,9,2023,118730.73,204175.0
Dầu thô,10,2023,164175.85,230718.0
Dầu thô,11,2023,160660.35,270166.0
Dầu thô,12,2023,180438.55,2813255.0
Dầu thô,1,2024,95769.61000000002,351487.0
Dầu thô,2,2024,240486.09,419631.0
Dầu thô,3,2024,299285.858,246672.0
Dầu thô,4,2024,178994.93000000005,250046.0
Dầu thô,5,2024,186177.2119999999,98781.0
Dầu thô,6,2024,50380.606000000145,285574.0
Dầu thô,7,2024,198184.59699999983,68414.0
Dầu thô,8,2024,32745.99299999996,285624.0
Dầu thô,9,2024,189699.983,116666.0
Dầu thô,10,2024,60317.96699999989,147537.0
Dầu thô,11,2024,83895.40300000011,185202.0
Dầu thô,12,2024,117682.069,2596319.0
Dầu thô,1,2025,129189.946,30057.0
Dầu thô,2,2025,116945.56199999996,196301.0
Dầu thô,3,2025,111876.987,253725.0
Dầu thô,4,2025,142801.4920000001,157747.0
Dầu thô,5,2025,81028.42199999992,124578.0
Dầu thô,6,2025,71443.89400000007,230547.0
Dầu thô,7,2025,133951.909,191336.0
Dầu thô,8,2025,106287.67099999996,153149.0
Dầu thô,9,2025,83740.08700000004,316965.0
Dầu thô,10,2025,175685.39599999983,231122.0
Dầu thô,11,2025,110162.06699999992,237773.0
Dầu thô,12,2025,130877.013,2482382.0
Giày dép,1,2017,,1166965.55
Giày dép,2,2017,,861443.5
Giày dép,3,2017,,1090215.27
Giày dép,4,2017,,1158241.47
Giày dép,5,2017,,1376827.92
Giày dép,6,2017,,1388641.82
Giày dép,7,2017,,1303746.91
Giày dép,8,2017,,1266560.89
Giày dép,9,2017,,1042372.44
Giày dép,10,2017,,1183287.51
Giày dép,11,2017,,1370684.24
Giày dép,12,2017,,1469385.02
Giày dép các loại,1,2018,,1416937.27
Giày dép các loại,2,2018,,836522.24
Giày dép các loại,3,2018,,1190919.23
Giày dép các loại,4,2018,,1256180.1
Giày dép các loại,5,2018,,1539112.12
Giày dép các loại,6,2018,,1452796.46
Giày dép các loại,7,2018,,1439417.97
Giày dép các loại,8,2018,,1441176.21
Giày dép các loại,9,2018,,1165047.48
Giày dép các loại,10,2018,,1384152.77
Giày dép các loại,11,2018,,1524584.54
Giày dép các loại,12,2018,,1591284.98
Giày dép các loại,1,2019,,1767186.86
Giày dép các loại,2,2019,,856480.85
Giày dép các loại,3,2019,,1308603.93
Giày dép các loại,4,2019,,1453433.5
Giày dép các loại,5,2019,,1719986.55
Giày dép các loại,6,2019,,1634713.39
Giày dép các loại,7,2019,,1621023.9
Giày dép các loại,8,2019,,1568490.29
Giày dép các loại,9,2019,,1321943.71
Giày dép các loại,10,2019,,1589451.67
Giày dép các loại,11,2019,,1708163.94
Giày dép các loại,12,2019,,1771035.56
Giày dép các loại,1,2020,,1400607.75
Giày dép các loại,2,2020,,1355309.17
Giày dép các loại,3,2020,,1397940.26
Giày dép các loại,4,2020,,1203696.38
Giày dép các loại,5,2020,,1333902.74
Giày dép các loại,6,2020,,1438736.49
Giày dép các loại,7,2020,,1367160.81
Giày dép các loại,8,2020,,1380388.89
Giày dép các loại,9,2020,,1251908.26
Giày dép các loại,10,2020,,1400005.19
Giày dép các loại,11,2020,,1520935.51
Giày dép các loại,12,2020,,1740456.63
Giày dép các loại,1,2021,1868067.635,
Giày dép các loại,2,2021,1210101.1020000002,
Giày dép các loại,3,2021,1713674.3950000005,
Giày dép các loại,4,2021,1718671.1179999996,
Giày dép các loại,5,2021,1886046.9649999996,
Giày dép các loại,6,2021,1986879.7880000004,
Giày dép các loại,7,2021,1412183.206,
Giày dép các loại,8,2021,833094.256999999,
Giày dép các loại,9,2021,680169.8609999993,
Giày dép các loại,10,2021,935551.2100000008,
Giày dép các loại,11,2021,1570156.3039999993,
Giày dép các loại,12,2021,1936595.0030000005,
Giày dép các loại,1,2022,1937949.383,
Giày dép các loại,2,2022,1350339.9620000003,
Giày dép các loại,3,2022,2005852.1,
Giày dép các loại,4,2022,2023297.737,
Giày dép các loại,5,2022,2111660.163000001,
Giày dép các loại,6,2022,2366479.769,
Giày dép các loại,7,2022,2271910.5800000005,
Giày dép các loại,8,2022,2301038.957000001,
Giày dép các loại,9,2022,1788605.3189999987,
Giày dép các loại,10,2022,1967685.509,
Giày dép các loại,11,2022,1907269.6470000003,
Giày dép các loại,12,2022,1863477.2060000007,
Giày dép các loại,1,2023,1367731.663,
Giày dép các loại,2,2023,1395832.0140000002,
Giày dép các loại,3,2023,1566047.91,
Giày dép các loại,4,2023,1852035.1979999996,
Giày dép các loại,5,2023,1869473.2019999991,
Giày dép các loại,6,2023,1770694.2340000009,
Giày dép các loại,7,2023,1815499.0089999991,
Giày dép các loại,8,2023,1721594.3109999986,
Giày dép các loại,9,2023,1339354.7839999998,
Giày dép các loại,10,2023,1744776.2680000009,
Giày dép các loại,11,2023,1931292.1650000007,
Giày dép các loại,12,2023,1863171.4899999984,
Giày dép các loại,1,2024,1970735.745,
Giày dép các loại,2,2024,1177596.6209999998,
Giày dép các loại,3,2024,1643483.6209999998,
Giày dép các loại,4,2024,1846928.846,
Giày dép các loại,5,2024,2001746.693000001,
Giày dép các loại,6,2024,2077707.272,
Giày dép các loại,7,2024,2143035.5089999996,
Giày dép các loại,8,2024,2109442.5960000013,
Giày dép các loại,9,2024,1567237.885,
Giày dép các loại,10,2024,2036538.1029999969,
Giày dép các loại,11,2024,2189515.9080000003,
Giày dép các loại,12,2024,2107563.228,
Giày dép các loại,1,2025,1899955.073,
Giày dép các loại,2,2025,1570230.967,
Giày dép các loại,3,2025,1905244.5909999989,
Giày dép các loại,4,2025,2231484.887000001,
Giày dép các loại,5,2025,2155307.9860000005,
Giày dép các loại,6,2025,2129635.993,
Giày dép các loại,7,2025,2195415.3939999966,
Giày dép các loại,8,2025,1997088.047000001,
Giày dép các loại,9,2025,1709949.5730000015,
Giày dép các loại,10,2025,2038897.5489999976,
Giày dép các loại,11,2025,2171651.439000002,
Giày dép các loại,12,2025,2198641.132,
Giấy và các sản phẩm từ giấy,1,2017,,43604.98
Giấy và các sản phẩm từ giấy,2,2017,,41276.76
Giấy và các sản phẩm từ giấy,3,2017,,57544.12
Giấy và các sản phẩm từ giấy,4,2017,,57256.52
Giấy và các sản phẩm từ giấy,5,2017,,61685.95
Giấy và các sản phẩm từ giấy,6,2017,,53945.34
Giấy và các sản phẩm từ giấy,7,2017,,56388.44
Giấy và các sản phẩm từ giấy,8,2017,,62191.0
Giấy và các sản phẩm từ giấy,9,2017,,71571.38
Giấy và các sản phẩm từ giấy,10,2017,,101169.6
Giấy và các sản phẩm từ giấy,11,2017,,71591.74
Giấy và các sản phẩm từ giấy,12,2017,,62744.35
Giấy và các sản phẩm từ giấy,1,2018,,67577.3
Giấy và các sản phẩm từ giấy,2,2018,,48578.99
Giấy và các sản phẩm từ giấy,3,2018,,92350.54
Giấy và các sản phẩm từ giấy,4,2018,,86187.48
Giấy và các sản phẩm từ giấy,5,2018,,111153.3
Giấy và các sản phẩm từ giấy,6,2018,,100044.23
Giấy và các sản phẩm từ giấy,7,2018,,85635.18
Giấy và các sản phẩm từ giấy,8,2018,,88351.85
Giấy và các sản phẩm từ giấy,9,2018,,70200.0
Giấy và các sản phẩm từ giấy,10,2018,,72974.1
Giấy và các sản phẩm từ giấy,11,2018,,77026.48
Giấy và các sản phẩm từ giấy,12,2018,,80626.4
Giấy và các sản phẩm từ giấy,1,2019,,90200.93
Giấy và các sản phẩm từ giấy,2,2019,,49237.24
Giấy và các sản phẩm từ giấy,3,2019,,87391.43
Giấy và các sản phẩm từ giấy,4,2019,,93841.87
Giấy và các sản phẩm từ giấy,5,2019,,103994.49
Giấy và các sản phẩm từ giấy,6,2019,,81382.61
Giấy và các sản phẩm từ giấy,7,2019,,101491.34
Giấy và các sản phẩm từ giấy,8,2019,,106478.41
Giấy và các sản phẩm từ giấy,9,2019,,94424.8
Giấy và các sản phẩm từ giấy,10,2019,,108591.48
Giấy và các sản phẩm từ giấy,11,2019,,98964.74
Giấy và các sản phẩm từ giấy,12,2019,,117275.66
Giấy và các sản phẩm từ giấy,1,2020,,89796.7
Giấy và các sản phẩm từ giấy,2,2020,,106517.56
Giấy và các sản phẩm từ giấy,3,2020,,146049.66
Giấy và các sản phẩm từ giấy,4,2020,,117005.86
Giấy và các sản phẩm từ giấy,5,2020,,107448.2
Giấy và các sản phẩm từ giấy,6,2020,,113889.01
Giấy và các sản phẩm từ giấy,7,2020,,123865.75
Giấy và các sản phẩm từ giấy,8,2020,,124828.71
Giấy và các sản phẩm từ giấy,9,2020,,123387.63
Giấy và các sản phẩm từ giấy,10,2020,,119347.85
Giấy và các sản phẩm từ giấy,11,2020,,110241.53
Giấy và các sản phẩm từ giấy,12,2020,,111243.19
Giấy và các sản phẩm từ giấy,1,2021,123726.951,
Giấy và các sản phẩm từ giấy,2,2021,81108.074,
Giấy và các sản phẩm từ giấy,3,2021,161182.18200000003,
Giấy và các sản phẩm từ giấy,4,2021,138737.27299999993,
Giấy và các sản phẩm từ giấy,5,2021,136916.72100000005,
Giấy và các sản phẩm từ giấy,6,2021,147852.67200000002,
Giấy và các sản phẩm từ giấy,7,2021,142997.8049999999,
Giấy và các sản phẩm từ giấy,8,2021,142025.29200000002,
Giấy và các sản phẩm từ giấy,9,2021,143055.28900000022,
Giấy và các sản phẩm từ giấy,10,2021,153852.3409999999,
Giấy và các sản phẩm từ giấy,11,2021,170592.19400000002,
Giấy và các sản phẩm từ giấy,12,2021,147255.85099999967,
Giấy và các sản phẩm từ giấy,1,2022,139032.012,
Giấy và các sản phẩm từ giấy,2,2022,115746.049,
Giấy và các sản phẩm từ giấy,3,2022,177444.99,
Giấy và các sản phẩm từ giấy,4,2022,200587.946,
Giấy và các sản phẩm từ giấy,5,2022,160829.985,
Giấy và các sản phẩm từ giấy,6,2022,166215.093,
Giấy và các sản phẩm từ giấy,7,2022,174389.15599999996,
Giấy và các sản phẩm từ giấy,8,2022,176003.17200000002,
Giấy và các sản phẩm từ giấy,9,2022,127240.98900000006,
Giấy và các sản phẩm từ giấy,10,2022,149478.07400000002,
Giấy và các sản phẩm từ giấy,11,2022,155104.86800000002,
Giấy và các sản phẩm từ giấy,12,2022,165620.94099999988,
Giấy và các sản phẩm từ giấy,1,2023,128878.598,
Giấy và các sản phẩm từ giấy,2,2023,167568.57900000003,
Giấy và các sản phẩm từ giấy,3,2023,188839.246,
Giấy và các sản phẩm từ giấy,4,2023,194678.83399999997,
Giấy và các sản phẩm từ giấy,5,2023,193694.384,
Giấy và các sản phẩm từ giấy,6,2023,179284.72199999978,
Giấy và các sản phẩm từ giấy,7,2023,174477.10000000003,
Giấy và các sản phẩm từ giấy,8,2023,203110.34300000005,
Giấy và các sản phẩm từ giấy,9,2023,159518.71099999984,
Giấy và các sản phẩm từ giấy,10,2023,169605.10599999985,
Giấy và các sản phẩm từ giấy,11,2023,163732.88499999995,
Giấy và các sản phẩm từ giấy,12,2023,165811.97800000012,
Giấy và các sản phẩm từ giấy,1,2024,172290.425,
Giấy và các sản phẩm từ giấy,2,2024,131272.695,
Giấy và các sản phẩm từ giấy,3,2024,183324.263,
Giấy và các sản phẩm từ giấy,4,2024,189295.736,
Giấy và các sản phẩm từ giấy,5,2024,175487.037,
Giấy và các sản phẩm từ giấy,6,2024,171001.40800000005,
Giấy và các sản phẩm từ giấy,7,2024,181946.3289999999,
Giấy và các sản phẩm từ giấy,8,2024,213682.97000000015,
Giấy và các sản phẩm từ giấy,9,2024,158638.703,
Giấy và các sản phẩm từ giấy,10,2024,176166.3939999998,
Giấy và các sản phẩm từ giấy,11,2024,169642.32199999987,
Giấy và các sản phẩm từ giấy,12,2024,175249.291,
Giấy và các sản phẩm từ giấy,1,2025,149354.84000000003,
Giấy và các sản phẩm từ giấy,2,2025,156113.898,
Giấy và các sản phẩm từ giấy,3,2025,183054.66099999996,
Giấy và các sản phẩm từ giấy,4,2025,194904.27300000004,
Giấy và các sản phẩm từ giấy,5,2025,179562.885,
Giấy và các sản phẩm từ giấy,6,2025,167580.2279999999,
Giấy và các sản phẩm từ giấy,7,2025,188840.3620000002,
Giấy và các sản phẩm từ giấy,8,2025,198237.01,
Giấy và các sản phẩm từ giấy,9,2025,178635.517,
Giấy và các sản phẩm từ giấy,10,2025,173226.19099999988,
Giấy và các sản phẩm từ giấy,11,2025,167572.92399999988,
Giấy và các sản phẩm từ giấy,12,2025,189156.523,
Gạo,1,2017,334.249,142977.91
Gạo,2,2017,399.197,169105.7
Gạo,3,2017,503.413,226674.23
Gạo,4,2017,533.574,249554.52
Gạo,5,2017,558.898,248798.83
Gạo,6,2017,534.243,236295.2
Gạo,7,2017,580.588,246901.95
Gạo,8,2017,646.239,280839.13
Gạo,9,2017,496.913,227688.17
Gạo,10,2017,483.029,245810.62
Gạo,11,2017,367.615,176947.0
Gạo,12,2017,380.64,181885.66
Gạo,1,2018,492077.0,239251.93
Gạo,2,2018,339427.0,168824.06
Gạo,3,2018,655357.0,336879.14
Gạo,4,2018,716613.0,362234.04
Gạo,5,2018,760309.0,389870.05
Gạo,6,2018,519548.0,271568.65
Gạo,7,2018,443464.0,221315.3
Gạo,8,2018,607696.0,297302.55
Gạo,9,2018,358448.0,173025.16
Gạo,10,2018,355508.0,184293.32
Gạo,11,2018,388965.0,189411.2
Gạo,12,2018,477522.0,229687.35
Gạo,1,2019,437552.0,195310.35
Gạo,2,2019,274207.0,116283.5
Gạo,3,2019,693694.0,298378.58
Gạo,4,2019,682380.0,283342.41
Gạo,5,2019,672053.0,291187.42
Gạo,6,2019,596326.0,264207.25
Gạo,7,2019,596888.0,260978.84
Gạo,8,2019,628726.0,283836.7
Gạo,9,2019,478611.0,210778.03
Gạo,10,2019,445239.0,206592.35
Gạo,11,2019,363733.0,167373.56
Gạo,12,2019,497060.0,227084.94
Gạo,1,2020,410855.0,196457.23
Gạo,2,2020,517943.0,234036.16
Gạo,3,2020,588589.0,270315.12
Gạo,4,2020,589984.0,289979.99
Gạo,5,2020,984121.0,508904.12
Gạo,6,2020,430116.0,217377.97
Gạo,7,2020,479427.0,232046.59
Gạo,8,2020,604746.0,304035.79
Gạo,9,2020,384215.0,195185.14
Gạo,10,2020,361390.0,191329.31
Gạo,11,2020,351316.0,188829.09
Gạo,12,2020,546372.0,291647.72
Gạo,1,2021,191882.061,308271.0
Gạo,2,2021,167575.374,536279.0
Gạo,3,2021,289181.957,780724.0
Gạo,4,2021,423476.2209999999,625398.0
Gạo,5,2021,338351.3590000002,429307.0
Gạo,6,2021,237724.25700000004,464560.0
Gạo,7,2021,240022.73799999995,493771.0
Gạo,8,2021,240621.3810000003,587132.0
Gạo,9,2021,290236.8639999994,609896.0
Gạo,10,2021,318123.1019999998,564952.0
Gạo,11,2021,295853.1950000001,489247.0
Gạo,12,2021,252580.02399999957,6237311.0
Gạo,1,2022,246024.471,468815.0
Gạo,2,2022,223236.351,528375.0
Gạo,3,2022,261500.779,555881.0
Gạo,4,2022,276045.89,709964.0
Gạo,5,2022,347032.47400000016,724778.0
Gạo,6,2022,353586.9109999996,582447.0
Gạo,7,2022,285180.79200000025,717293.0
Gạo,8,2022,339259.3359999999,580478.0
Gạo,9,2022,273747.566,710997.0
Gạo,10,2022,339842.87599999947,587049.0
Gạo,11,2022,289417.1810000002,433916.0
Gạo,12,2022,219889.98900000044,7105734.0
Gạo,1,2023,186599.109,533946.0
Gạo,2,2023,285830.913,961605.0
Gạo,3,2023,508961.574,1041837.0
Gạo,4,2023,545086.0080000001,723294.0
Gạo,5,2023,389819.361,617746.0
Gạo,6,2023,340557.0459999998,656832.0
Gạo,7,2023,360134.95100000006,918931.0
Gạo,8,2023,545027.1320000004,604675.0
Gạo,9,2023,377371.8419999999,634956.0
Gạo,10,2023,406672.08599999984,585357.0
Gạo,11,2023,390540.6510000012,493038.0
Gạo,12,2023,339094.92099999916,8131527.0
Gạo,1,2024,362260.599,562871.0
Gạo,2,2024,373320.3,1106897.0
Gạo,3,2024,691320.3600000001,987776.0
Gạo,4,2024,610270.9959999998,856032.0
Gạo,5,2024,521624.48,522269.0
Gạo,6,2024,329274.93200000003,751333.0
Gạo,7,2024,451638.7120000003,840683.0
Gạo,8,2024,503214.3929999996,818355.0
Gạo,9,2024,510393.994,793508.0
Gạo,10,2024,508645.546,699139.0
Gạo,11,2024,440191.56199999986,583036.0
Gạo,12,2024,363964.994,9034164.0
Gạo,1,2025,316429.942,682959.0
Gạo,2,2025,358256.8980000001,1078404.0
Gạo,3,2025,530340.1889999998,1115093.0
Gạo,4,2025,558252.1840000001,775490.0
Gạo,5,2025,407779.42700000014,519779.0
Gạo,6,2025,273771.60899999976,788257.0
Gạo,7,2025,380554.48300000007,850408.0
Gạo,8,2025,428273.2160000001,463225.0
Gạo,9,2025,230151.08800000005,339234.0
Gạo,10,2025,176905.00500000035,380194.0
Gạo,11,2025,194161.01599999983,522387.0
Gạo,12,2025,248769.533,8062838.0
Gỗ và sản phẩm gỗ,1,2017,,600243.41
Gỗ và sản phẩm gỗ,2,2017,,464663.98
Gỗ và sản phẩm gỗ,3,2017,,712092.28
Gỗ và sản phẩm gỗ,4,2017,,634566.97
Gỗ và sản phẩm gỗ,5,2017,,620572.77
Gỗ và sản phẩm gỗ,6,2017,,636789.97
Gỗ và sản phẩm gỗ,7,2017,,601668.48
Gỗ và sản phẩm gỗ,8,2017,,660155.88
Gỗ và sản phẩm gỗ,9,2017,,639503.19
Gỗ và sản phẩm gỗ,10,2017,,674956.94
Gỗ và sản phẩm gỗ,11,2017,,697353.28
Gỗ và sản phẩm gỗ,12,2017,,759871.16
Gỗ và sản phẩm gỗ,1,2018,,773970.9
Gỗ và sản phẩm gỗ,2,2018,,436282.53
Gỗ và sản phẩm gỗ,3,2018,,727014.82
Gỗ và sản phẩm gỗ,4,2018,,699431.64
Gỗ và sản phẩm gỗ,5,2018,,737885.65
Gỗ và sản phẩm gỗ,6,2018,,749873.88
Gỗ và sản phẩm gỗ,7,2018,,730698.45
Gỗ và sản phẩm gỗ,8,2018,,808574.26
Gỗ và sản phẩm gỗ,9,2018,,709913.07
Gỗ và sản phẩm gỗ,10,2018,,847642.48
Gỗ và sản phẩm gỗ,11,2018,,833517.31
Gỗ và sản phẩm gỗ,12,2018,,854186.82
Gỗ và sản phẩm gỗ,1,2019,,981078.53
Gỗ và sản phẩm gỗ,2,2019,,405938.65
Gỗ và sản phẩm gỗ,3,2019,,882981.04
Gỗ và sản phẩm gỗ,4,2019,,849213.36
Gỗ và sản phẩm gỗ,5,2019,,898106.17
Gỗ và sản phẩm gỗ,6,2019,,803304.14
Gỗ và sản phẩm gỗ,7,2019,,866261.42
Gỗ và sản phẩm gỗ,8,2019,,926790.08
Gỗ và sản phẩm gỗ,9,2019,,909315.4
Gỗ và sản phẩm gỗ,10,2019,,1032253.95
Gỗ và sản phẩm gỗ,11,2019,,971246.87
Gỗ và sản phẩm gỗ,12,2019,,1121297.81
Gỗ và sản phẩm gỗ,1,2020,,835024.21
Gỗ và sản phẩm gỗ,2,2020,,743545.5
Gỗ và sản phẩm gỗ,3,2020,,998048.38
Gỗ và sản phẩm gỗ,4,2020,,717922.53
Gỗ và sản phẩm gỗ,5,2020,,785849.15
Gỗ và sản phẩm gỗ,6,2020,,955715.18
Gỗ và sản phẩm gỗ,7,2020,,1132418.51
Gỗ và sản phẩm gỗ,8,2020,,1159092.93
Gỗ và sản phẩm gỗ,9,2020,,1161989.95
Gỗ và sản phẩm gỗ,10,2020,,1293381.62
Gỗ và sản phẩm gỗ,11,2020,,1240331.56
Gỗ và sản phẩm gỗ,12,2020,,1348633.93
Gỗ và sản phẩm gỗ,1,2021,1340825.054,
Gỗ và sản phẩm gỗ,2,2021,927759.6579999998,
Gỗ và sản phẩm gỗ,3,2021,1519502.58,
Gỗ và sản phẩm gỗ,4,2021,1409778.417,
Gỗ và sản phẩm gỗ,5,2021,1430248.481,
Gỗ và sản phẩm gỗ,6,2021,1577735.6640000003,
Gỗ và sản phẩm gỗ,7,2021,1370165.526,
Gỗ và sản phẩm gỗ,8,2021,812646.5709999981,
Gỗ và sản phẩm gỗ,9,2021,721133.9339999999,
Gỗ và sản phẩm gỗ,10,2021,975569.6819999996,
Gỗ và sản phẩm gỗ,11,2021,1276320.700000001,
Gỗ và sản phẩm gỗ,12,2021,1447328.2339999988,
Gỗ và sản phẩm gỗ,1,2022,1549310.749,
Gỗ và sản phẩm gỗ,2,2022,890952.098,
Gỗ và sản phẩm gỗ,3,2022,1538602.9709999997,
Gỗ và sản phẩm gỗ,4,2022,1616203.012,
Gỗ và sản phẩm gỗ,5,2022,1394158.535,
Gỗ và sản phẩm gỗ,6,2022,1407014.6779999991,
Gỗ và sản phẩm gỗ,7,2022,1320480.1190000006,
Gỗ và sản phẩm gỗ,8,2022,1440135.1730000002,
Gỗ và sản phẩm gỗ,9,2022,1118225.7379999997,
Gỗ và sản phẩm gỗ,10,2022,1211470.3489999992,
Gỗ và sản phẩm gỗ,11,2022,1200663.8119999988,
Gỗ và sản phẩm gỗ,12,2022,1323930.5050000006,
Gỗ và sản phẩm gỗ,1,2023,806029.437,
Gỗ và sản phẩm gỗ,2,2023,874628.134,
Gỗ và sản phẩm gỗ,3,2023,1132746.736,
Gỗ và sản phẩm gỗ,4,2023,1094292.423,
Gỗ và sản phẩm gỗ,5,2023,1052439.5050000004,
Gỗ và sản phẩm gỗ,6,2023,1096434.0039999993,
Gỗ và sản phẩm gỗ,7,2023,1131879.8540000007,
Gỗ và sản phẩm gỗ,8,2023,1296795.1260000006,
Gỗ và sản phẩm gỗ,9,2023,1138648.5599999991,
Gỗ và sản phẩm gỗ,10,2023,1286366.2970000007,
Gỗ và sản phẩm gỗ,11,2023,1213675.9090000005,
Gỗ và sản phẩm gỗ,12,2023,1343758.097000001,
Gỗ và sản phẩm gỗ,1,2024,1468237.414,
Gỗ và sản phẩm gỗ,2,2024,767790.5339999998,
Gỗ và sản phẩm gỗ,3,2024,1303138.6670000004,
Gỗ và sản phẩm gỗ,4,2024,1354582.8389999997,
Gỗ và sản phẩm gỗ,5,2024,1280304.5410000002,
Gỗ và sản phẩm gỗ,6,2024,1302012.341,
Gỗ và sản phẩm gỗ,7,2024,1415194.6550000005,
Gỗ và sản phẩm gỗ,8,2024,1541137.8899999994,
Gỗ và sản phẩm gỗ,9,2024,1249758.415,
Gỗ và sản phẩm gỗ,10,2024,1537252.2140000004,
Gỗ và sản phẩm gỗ,11,2024,1491095.6529999997,
Gỗ và sản phẩm gỗ,12,2024,1571630.89,
Gỗ và sản phẩm gỗ,1,2025,1425203.333,
Gỗ và sản phẩm gỗ,2,2025,1035464.1609999998,
Gỗ và sản phẩm gỗ,3,2025,1480480.765,
Gỗ và sản phẩm gỗ,4,2025,1454781.4979999992,
Gỗ và sản phẩm gỗ,5,2025,1420530.203999999,
Gỗ và sản phẩm gỗ,6,2025,1358624.8070000033,
Gỗ và sản phẩm gỗ,7,2025,1483383.5859999987,
Gỗ và sản phẩm gỗ,8,2025,1475337.1239999994,
Gỗ và sản phẩm gỗ,9,2025,1371879.8389999992,
Gỗ và sản phẩm gỗ,10,2025,1530475.31,
Gỗ và sản phẩm gỗ,11,2025,1513173.0789999994,
Gỗ và sản phẩm gỗ,12,2025,1655528.886,
"Hàng dệt, may",1,2017,,2143173.43
"Hàng dệt, may",2,2017,,1391138.54
"Hàng dệt, may",3,2017,,2104734.94
"Hàng dệt, may",4,2017,,1868234.2
"Hàng dệt, may",5,2017,,1917462.27
"Hàng dệt, may",6,2017,,2362111.59
"Hàng dệt, may",7,2017,,2451320.49
"Hàng dệt, may",8,2017,,2660375.5
"Hàng dệt, may",9,2017,,2367773.81
"Hàng dệt, may",10,2017,,2220659.6
"Hàng dệt, may",11,2017,,2160554.0
"Hàng dệt, may",12,2017,,2472256.02
"Hàng dệt, may",1,2018,,2490923.25
"Hàng dệt, may",2,2018,,1624195.34
"Hàng dệt, may",3,2018,,2310199.72
"Hàng dệt, may",4,2018,,2106846.59
"Hàng dệt, may",5,2018,,2382486.73
"Hàng dệt, may",6,2018,,2727293.89
"Hàng dệt, may",7,2018,,2880791.41
"Hàng dệt, may",8,2018,,3238397.31
"Hàng dệt, may",9,2018,,2689559.01
"Hàng dệt, may",10,2018,,2720939.42
"Hàng dệt, may",11,2018,,2525419.59
"Hàng dệt, may",12,2018,,2791640.8
"Hàng dệt, may",1,2019,,3294071.98
"Hàng dệt, may",2,2019,,1305399.93
"Hàng dệt, may",3,2019,,2526658.49
"Hàng dệt, may",4,2019,,2335191.79
"Hàng dệt, may",5,2019,,2730828.63
"Hàng dệt, may",6,2019,,2899580.43
"Hàng dệt, may",7,2019,,3311054.9
"Hàng dệt, may",8,2019,,3369103.12
"Hàng dệt, may",9,2019,,2841583.06
"Hàng dệt, may",10,2019,,2673852.46
"Hàng dệt, may",11,2019,,2583706.2
"Hàng dệt, may",12,2019,,2979194.31
"Hàng dệt, may",1,2020,,2470383.35
"Hàng dệt, may",2,2020,,2226006.09
"Hàng dệt, may",3,2020,,2336230.17
"Hàng dệt, may",4,2020,,1614993.94
"Hàng dệt, may",5,2020,,1917268.45
"Hàng dệt, may",6,2020,,2616869.92
"Hàng dệt, may",7,2020,,3064738.96
"Hàng dệt, may",8,2020,,3016784.41
"Hàng dệt, may",9,2020,,2899726.35
"Hàng dệt, may",10,2020,,2566563.83
"Hàng dệt, may",11,2020,,2247969.75
"Hàng dệt, may",12,2020,,2832267.1
"Hàng dệt, may",1,2021,2660832.006,
"Hàng dệt, may",2,2021,1822841.774,
"Hàng dệt, may",3,2021,2722180.875,
"Hàng dệt, may",4,2021,2455257.408999999,
"Hàng dệt, may",5,2021,2570137.524999999,
"Hàng dệt, may",6,2021,3079457.8620000007,
"Hàng dệt, may",7,2021,3150865.229000003,
"Hàng dệt, may",8,2021,2647964.063000002,
"Hàng dệt, may",9,2021,2298221.8090000013,
"Hàng dệt, may",10,2021,2683315.886999999,
"Hàng dệt, may",11,2021,3050596.1560000004,
"Hàng dệt, may",12,2021,3611928.070000001,
"Hàng dệt, may",1,2022,3571336.194,
"Hàng dệt, may",2,2022,2065292.683,
"Hàng dệt, may",3,2022,3041730.051999999,
"Hàng dệt, may",4,2022,3153379.948000001,
"Hàng dệt, may",5,2022,3168068.204,
"Hàng dệt, may",6,2022,3530808.0639999993,
"Hàng dệt, may",7,2022,3709007.2930000015,
"Hàng dệt, may",8,2022,4045062.989,
"Hàng dệt, may",9,2022,2729365.913999997,
"Hàng dệt, may",10,2022,2715943.6050000004,
"Hàng dệt, may",11,2022,2915583.8249999993,
"Hàng dệt, may",12,2022,2921066.765999999,
"Hàng dệt, may",1,2023,2250526.485,
"Hàng dệt, may",2,2023,2298070.252,
"Hàng dệt, may",3,2023,2622850.6709999996,
"Hàng dệt, may",4,2023,2548661.867,
"Hàng dệt, may",5,2023,2929642.5269999984,
"Hàng dệt, may",6,2023,3079823.822,
"Hàng dệt, may",7,2023,3318494.5730000003,
"Hàng dệt, may",8,2023,3464876.919000001,
"Hàng dệt, may",9,2023,2582511.5400000005,
"Hàng dệt, may",10,2023,2575378.22,
"Hàng dệt, may",11,2023,2755358.5310000046,
"Hàng dệt, may",12,2023,2902949.1309999973,
"Hàng dệt, may",1,2024,3132954.006,
"Hàng dệt, may",2,2024,2024071.1739999996,
"Hàng dệt, may",3,2024,2663520.364,
"Hàng dệt, may",4,2024,2595802.867000001,
"Hàng dệt, may",5,2024,2765266.322999999,
"Hàng dệt, may",6,2024,3341341.8100000005,
"Hàng dệt, may",7,2024,3751377.956,
"Hàng dệt, may",8,2024,4091804.3269999977,
"Hàng dệt, may",9,2024,2978507.11,
"Hàng dệt, may",10,2024,3227677.9540000036,
"Hàng dệt, may",11,2024,3091379.746999994,
"Hàng dệt, may",12,2024,3373148.313,
"Hàng dệt, may",1,2025,3193659.597,
"Hàng dệt, may",2,2025,2440498.942,
"Hàng dệt, may",3,2025,3062811.1159999995,
"Hàng dệt, may",4,2025,3075163.7819999987,
"Hàng dệt, may",5,2025,3299562.349000005,
"Hàng dệt, may",6,2025,3606467.583999996,
"Hàng dệt, may",7,2025,3932612.834999998,
"Hàng dệt, may",8,2025,3872959.636000001,
"Hàng dệt, may",9,2025,3269348.8220000016,
"Hàng dệt, may",10,2025,3186845.524000005,
"Hàng dệt, may",11,2025,3047016.2679999964,
"Hàng dệt, may",12,2025,3654859.695,
Hàng hoá khác,1,2017,,706945.32
Hàng hoá khác,2,2017,,645523.82
Hàng hoá khác,3,2017,,845158.24
Hàng hoá khác,4,2017,,795877.6
Hàng hoá khác,5,2017,,818668.2
Hàng hoá khác,6,2017,,910747.23
Hàng hoá khác,7,2017,,850654.74
Hàng hoá khác,8,2017,,895889.8
Hàng hoá khác,9,2017,,808815.13
Hàng hoá khác,10,2017,,843717.09
Hàng hoá khác,11,2017,,840323.74
Hàng hoá khác,12,2017,,861482.97
Hàng hoá khác,1,2018,,855640.66
Hàng hoá khác,2,2018,,544559.64
Hàng hoá khác,3,2018,,914504.35
Hàng hoá khác,4,2018,,836497.56
Hàng hoá khác,5,2018,,923855.08
Hàng hoá khác,6,2018,,891102.17
Hàng hoá khác,7,2018,,896515.94
Hàng hoá khác,8,2018,,987369.41
Hàng hoá khác,9,2018,,828378.58
Hàng hoá khác,10,2018,,939462.75
Hàng hoá khác,11,2018,,898978.71
Hàng hoá khác,12,2018,,915449.28
Hàng hoá khác,1,2019,,1032654.59
Hàng hoá khác,2,2019,,639059.35
Hàng hoá khác,3,2019,,1008268.12
Hàng hoá khác,4,2019,,913890.09
Hàng hoá khác,5,2019,,1024717.98
Hàng hoá khác,6,2019,,973731.07
Hàng hoá khác,7,2019,,1052427.89
Hàng hoá khác,8,2019,,1055593.05
Hàng hoá khác,9,2019,,952289.44
Hàng hoá khác,10,2019,,1006931.25
Hàng hoá khác,11,2019,,953086.45
Hàng hoá khác,12,2019,,1116923.08
Hàng hoá khác,1,2020,,857222.58
Hàng hoá khác,2,2020,,911956.94
Hàng hoá khác,3,2020,,1140255.24
Hàng hoá khác,4,2020,,921193.82
Hàng hoá khác,5,2020,,1141930.0
Hàng hoá khác,6,2020,,1410310.26
Hàng hoá khác,7,2020,,1372938.3
Hàng hoá khác,8,2020,,1228126.98
Hàng hoá khác,9,2020,,1246778.9
Hàng hoá khác,10,2020,,1270806.09
Hàng hoá khác,11,2020,,1156202.5
Hàng hoá khác,12,2020,,1278725.58
Hàng hoá khác,1,2021,1191637.665,
Hàng hoá khác,2,2021,846755.78,
Hàng hoá khác,3,2021,1353423.3260000004,
Hàng hoá khác,4,2021,1299778.6089999992,
Hàng hoá khác,5,2021,1309224.7080000006,
Hàng hoá khác,6,2021,1363871.437,
Hàng hoá khác,7,2021,1297849.629999999,
Hàng hoá khác,8,2021,1092274.2520000003,
Hàng hoá khác,9,2021,1015044.4519999996,
Hàng hoá khác,10,2021,1158706.3710000012,
Hàng hoá khác,11,2021,1294410.3430000003,
Hàng hoá khác,12,2021,1410655.0369999986,
Hàng hoá khác,1,2022,1407825.882,
Hàng hoá khác,2,2022,980497.129,
Hàng hoá khác,3,2022,1427395.6049999995,
Hàng hoá khác,4,2022,1483093.6200000003,
Hàng hoá khác,5,2022,1403217.7510000004,
Hàng hoá khác,6,2022,1510505.3540000005,
Hàng hoá khác,7,2022,1441513.907,
Hàng hoá khác,8,2022,1445890.8860000002,
Hàng hoá khác,9,2022,1200766.5480000009,
Hàng hoá khác,10,2022,1262098.744000001,
Hàng hoá khác,11,2022,1303920.8989999986,
Hàng hoá khác,12,2022,1462911.7960000003,
Hàng hoá khác,1,2023,988710.088,
Hàng hoá khác,2,2023,1292058.136,
Hàng hoá khác,3,2023,1393155.168,
Hàng hoá khác,4,2023,1300181.705,
Hàng hoá khác,5,2023,1296549.3329999996,
Hàng hoá khác,6,2023,1381252.472,
Hàng hoá khác,7,2023,1740081.7830000008,
Hàng hoá khác,8,2023,1515789.765999998,
Hàng hoá khác,9,2023,1470278.1840000032,
Hàng hoá khác,10,2023,1580268.907999999,
Hàng hoá khác,11,2023,1415553.4059999986,
Hàng hoá khác,12,2023,1417082.904999999,
Hàng hoá khác,1,2024,1522346.676,
Hàng hoá khác,2,2024,1055062.477,
Hàng hoá khác,3,2024,1462638.071,
Hàng hoá khác,4,2024,1614198.441,
Hàng hoá khác,5,2024,1415336.8090000004,
Hàng hoá khác,6,2024,1617258.215999999,
Hàng hoá khác,7,2024,1718498.629000001,
Hàng hoá khác,8,2024,1836835.0589999992,
Hàng hoá khác,9,2024,1464524.207,
Hàng hoá khác,10,2024,1846683.5479999995,
Hàng hoá khác,11,2024,1616820.742000002,
Hàng hoá khác,12,2024,1649234.387,
Hàng hoá khác,1,2025,1532366.31,
Hàng hoá khác,2,2025,1377831.8430000003,
Hàng hoá khác,3,2025,1746521.1409999994,
Hàng hoá khác,4,2025,1965186.3350000016,
Hàng hoá khác,5,2025,1782663.3420000002,
Hàng hoá khác,6,2025,2040284.5480000009,
Hàng hoá khác,7,2025,1943924.7909999995,
Hàng hoá khác,8,2025,2009639.9919999992,
Hàng hoá khác,9,2025,2112494.544000002,
Hàng hoá khác,10,2025,2200864.825999998,
Hàng hoá khác,11,2025,2141814.744000003,
Hàng hoá khác,12,2025,2338354.393,
Hàng hải sản,1,2017,,485025.84
Hàng hải sản,2,2017,,423000.0
Hàng hải sản,3,2017,,600000.0
Hàng hải sản,4,2017,,636000.0
Hàng hải sản,5,2017,,703000.0
Hàng hải sản,6,2017,,738000.0
Hàng hải sản,7,2017,,793000.0
Hàng hải sản,8,2017,,838000.0
Hàng hải sản,9,2017,,774000.0
Hàng hải sản,10,2017,,855000.0
Hàng hải sản,11,2017,,762000.0
Hàng hải sản,12,2017,,742000.0
Hàng hải sản,1,2018,,669689.25
Hàng hải sản,2,2018,,402163.41
Hàng hải sản,3,2018,,695997.59
Hàng hải sản,4,2018,,678275.41
Hàng hải sản,5,2018,,761922.1
Hàng hải sản,6,2018,,759506.58
Hàng hải sản,7,2018,,758350.67
Hàng hải sản,8,2018,,869447.07
Hàng hải sản,9,2018,,769588.03
Hàng hải sản,10,2018,,872556.4
Hàng hải sản,11,2018,,793168.28
Hàng hải sản,12,2018,,763928.35
Hàng hải sản,1,2019,,741135.56
Hàng hải sản,2,2019,,368335.91
Hàng hải sản,3,2019,,682589.86
Hàng hải sản,4,2019,,631100.68
Hàng hải sản,5,2019,,760635.11
Hàng hải sản,6,2019,,715437.55
Hàng hải sản,7,2019,,787843.0
Hàng hải sản,8,2019,,809956.71
Hàng hải sản,9,2019,,727939.75
Hàng hải sản,10,2019,,833887.74
Hàng hải sản,11,2019,,763499.23
Hàng hải sản,12,2019,,721221.62
Hàng hải sản,1,2020,,491635.18
Hàng hải sản,2,2020,,497177.37
Hàng hải sản,3,2020,,625719.67
Hàng hải sản,4,2020,,612239.91
Hàng hải sản,5,2020,,663228.82
Hàng hải sản,6,2020,,713674.16
Hàng hải sản,7,2020,,795152.24
Hàng hải sản,8,2020,,813525.39
Hàng hải sản,9,2020,,822791.02
Hàng hải sản,10,2020,,912326.8
Hàng hải sản,11,2020,,736216.72
Hàng hải sản,12,2020,,728991.87
Hàng hải sản,1,2021,611160.901,
Hàng hải sản,2,2021,391265.38,
Hàng hải sản,3,2021,733936.3160000002,
Hàng hải sản,4,2021,749414.945,
Hàng hải sản,5,2021,787891.2590000002,
Hàng hải sản,6,2021,847446.4530000003,
Hàng hải sản,7,2021,856419.2260000004,
Hàng hải sản,8,2021,591509.7099999996,
Hàng hải sản,9,2021,619610.7769999994,
Hàng hải sản,10,2021,885647.3889999992,
Hàng hải sản,11,2021,913974.0160000004,
Hàng hải sản,12,2021,897898.5540000001,
Hàng hải sản,1,2022,872493.336,
Hàng hải sản,2,2022,635366.207,
Hàng hải sản,3,2022,1015927.9180000002,
Hàng hải sản,4,2022,1126138.725,
Hàng hải sản,5,2022,1056067.3759999997,
Hàng hải sản,6,2022,999007.8100000012,
Hàng hải sản,7,2022,936417.0539999984,
Hàng hải sản,8,2022,991971.400000001,
Hàng hải sản,9,2022,855212.6229999984,
Hàng hải sản,10,2022,897202.5520000017,
Hàng hải sản,11,2022,784440.7650000012,
Hàng hải sản,12,2022,753191.1239999986,
Hàng hải sản,1,2023,457211.746,
Hàng hải sản,2,2023,607609.908,
Hàng hải sản,3,2023,764765.602,
Hàng hải sản,4,2023,741755.6370000001,
Hàng hải sản,5,2023,807753.926,
Hàng hải sản,6,2023,766945.4539999999,
Hàng hải sản,7,2023,786138.9819999998,
Hàng hải sản,8,2023,857476.057,
Hàng hải sản,9,2023,812745.8210000005,
Hàng hải sản,10,2023,838695.6869999999,
Hàng hải sản,11,2023,789031.5449999999,
Hàng hải sản,12,2023,741027.5490000006,
Hàng hải sản,1,2024,749793.015,
Hàng hải sản,2,2024,458395.93000000005,
Hàng hải sản,3,2024,737628.8709999999,
Hàng hải sản,4,2024,773051.324,
Hàng hải sản,5,2024,826256.1409999998,
Hàng hải sản,6,2024,867483.736,
Hàng hải sản,7,2024,913929.8830000004,
Hàng hải sản,8,2024,980454.9719999988,
Hàng hải sản,9,2024,921928.655,
Hàng hải sản,10,2024,1020749.797,
Hàng hải sản,11,2024,916446.843,
Hàng hải sản,12,2024,873897.066,
Hàng hải sản,1,2025,773870.841,
Hàng hải sản,2,2025,654352.1739999999,
Hàng hải sản,3,2025,881915.078,
Hàng hải sản,4,2025,900283.9370000006,
Hàng hải sản,5,2025,996440.2719999996,
Hàng hải sản,6,2025,904729.1269999992,
Hàng hải sản,7,2025,970397.5780000004,
Hàng hải sản,8,2025,1073618.0909999989,
Hàng hải sản,9,2025,1012815.0240000008,
Hàng hải sản,10,2025,1158318.0609999995,
Hàng hải sản,11,2025,1004734.826,
Hàng hải sản,12,2025,954308.875,
Hàng rau quả,1,2017,,236000.0
Hàng rau quả,2,2017,,187000.0
Hàng rau quả,3,2017,,280000.0
Hàng rau quả,4,2017,,323000.0
Hàng rau quả,5,2017,,373000.0
Hàng rau quả,6,2017,,273000.0
Hàng rau quả,7,2017,,358000.0
Hàng rau quả,8,2017,,322000.0
Hàng rau quả,9,2017,,279000.0
Hàng rau quả,10,2017,,240000.0
Hàng rau quả,11,2017,,313971.66
Hàng rau quả,12,2017,,323013.85
Hàng rau quả,1,2018,,383725.45
Hàng rau quả,2,2018,,265876.38
Hàng rau quả,3,2018,,320485.93
Hàng rau quả,4,2018,,348608.94
Hàng rau quả,5,2018,,345436.11
Hàng rau quả,6,2018,,324505.52
Hàng rau quả,7,2018,,341224.3
Hàng rau quả,8,2018,,361240.17
Hàng rau quả,9,2018,,285297.71
Hàng rau quả,10,2018,,287947.99
Hàng rau quả,11,2018,,257396.81
Hàng rau quả,12,2018,,287853.65
Hàng rau quả,1,2019,,354937.68
Hàng rau quả,2,2019,,230560.48
Hàng rau quả,3,2019,,363373.07
Hàng rau quả,4,2019,,458583.01
Hàng rau quả,5,2019,,354659.78
Hàng rau quả,6,2019,,276788.25
Hàng rau quả,7,2019,,245808.36
Hàng rau quả,8,2019,,263609.75
Hàng rau quả,9,2019,,270187.07
Hàng rau quả,10,2019,,295093.74
Hàng rau quả,11,2019,,300501.14
Hàng rau quả,12,2019,,332958.68
Hàng rau quả,1,2020,,280791.25
Hàng rau quả,2,2020,,250331.37
Hàng rau quả,3,2020,,358515.26
Hàng rau quả,4,2020,,335797.95
Hàng rau quả,5,2020,,274437.64
Hàng rau quả,6,2020,,257282.54
Hàng rau quả,7,2020,,221624.4
Hàng rau quả,8,2020,,275406.26
Hàng rau quả,9,2020,,237234.28
Hàng rau quả,10,2020,,241271.28
Hàng rau quả,11,2020,,261022.62
Hàng rau quả,12,2020,,275531.07
Hàng rau quả,1,2021,309619.841,
Hàng rau quả,2,2021,254473.04599999997,
Hàng rau quả,3,2021,402626.725,
Hàng rau quả,4,2021,403373.41800000006,
Hàng rau quả,5,2021,337328.16800000006,
Hàng rau quả,6,2021,319402.8219999999,
Hàng rau quả,7,2021,265112.64000000013,
Hàng rau quả,8,2021,228318.36799999975,
Hàng rau quả,9,2021,230756.27799999993,
Hàng rau quả,10,2021,240408.92500000028,
Hàng rau quả,11,2021,261485.9890000001,
Hàng rau quả,12,2021,298255.55699999956,
Hàng rau quả,1,2022,293207.621,
Hàng rau quả,2,2022,215470.51,
Hàng rau quả,3,2022,340293.2,
Hàng rau quả,4,2022,324365.42600000004,
Hàng rau quả,5,2022,253657.26700000005,
Hàng rau quả,6,2022,252205.788,
Hàng rau quả,7,2022,248331.1550000001,
Hàng rau quả,8,2022,267682.51400000026,
Hàng rau quả,9,2022,250736.5689999995,
Hàng rau quả,10,2022,306905.87299999996,
Hàng rau quả,11,2022,304942.90799999965,
Hàng rau quả,12,2022,306784.7410000002,
Hàng rau quả,1,2023,242030.374,
Hàng rau quả,2,2023,322922.72299999994,
Hàng rau quả,3,2023,417007.308,
Hàng rau quả,4,2023,389511.17399999994,
Hàng rau quả,5,2023,654701.7110000001,
Hàng rau quả,6,2023,654763.3619999997,
Hàng rau quả,7,2023,402821.5430000001,
Hàng rau quả,8,2023,463561.3290000004,
Hàng rau quả,9,2023,666680.6949999994,
Hàng rau quả,10,2023,608030.3050000006,
Hàng rau quả,11,2023,372232.90400000016,
Hàng rau quả,12,2023,407783.3319999995,
Hàng rau quả,1,2024,490248.063,
Hàng rau quả,2,2024,324878.84599999996,
Hàng rau quả,3,2024,468858.83,
Hàng rau quả,4,2024,600888.719,
Hàng rau quả,5,2024,767639.9129999997,
Hàng rau quả,6,2024,677803.2920000004,
Hàng rau quả,7,2024,550402.3289999999,
Hàng rau quả,8,2024,843290.0689999997,
Hàng rau quả,9,2024,917250.485,
Hàng rau quả,10,2024,519045.31099999935,
Hàng rau quả,11,2024,459028.5010000007,
Hàng rau quả,12,2024,529056.396,
Hàng rau quả,1,2025,372926.617,
Hàng rau quả,2,2025,313437.415,
Hàng rau quả,3,2025,476753.346,
Hàng rau quả,4,2025,521860.0300000003,
Hàng rau quả,5,2025,615773.2239999995,
Hàng rau quả,6,2025,803272.0570000005,
Hàng rau quả,7,2025,764161.29,
Hàng rau quả,8,2025,950361.3949999996,
Hàng rau quả,9,2025,1311122.75,
Hàng rau quả,10,2025,927834.9179999996,
Hàng rau quả,11,2025,710928.5770000014,
Hàng rau quả,12,2025,793756.659,
Hạt tiêu,1,2017,8.312,61588.5
Hạt tiêu,2,2017,13.671,90484.87
Hạt tiêu,3,2017,28.928,169752.41
Hạt tiêu,4,2017,25.112,142109.32
Hạt tiêu,5,2017,26.497,138492.29
Hạt tiêu,6,2017,22.927,108184.99
Hạt tiêu,7,2017,21.861,98248.02
Hạt tiêu,8,2017,20.034,91847.36
Hạt tiêu,9,2017,13.424,64382.81
Hạt tiêu,10,2017,10.987,50654.14
Hạt tiêu,11,2017,10.587,49000.0
Hạt tiêu,12,2017,12.502,53484.18
Hạt tiêu,1,2018,17201.0,68923.55
Hạt tiêu,2,2018,12896.0,47100.73
Hạt tiêu,3,2018,29936.0,105632.48
Hạt tiêu,4,2018,26816.0,85480.97
Hạt tiêu,5,2018,23058.0,74961.67
Hạt tiêu,6,2018,22040.0,70540.13
Hạt tiêu,7,2018,21203.0,65833.8
Hạt tiêu,8,2018,22322.0,65708.51
Hạt tiêu,9,2018,17430.0,50495.51
Hạt tiêu,10,2018,14922.0,45266.29
Hạt tiêu,11,2018,12482.0,38693.25
Hạt tiêu,12,2018,12444.0,40186.18
Hạt tiêu,1,2019,19285.0,56762.12
Hạt tiêu,2,2019,16751.0,44155.42
Hạt tiêu,3,2019,34903.0,88649.47
Hạt tiêu,4,2019,37256.0,94025.78
Hạt tiêu,5,2019,37722.0,92780.32
Hạt tiêu,6,2019,30893.0,75750.25
Hạt tiêu,7,2019,23234.0,59238.68
Hạt tiêu,8,2019,18296.0,44919.07
Hạt tiêu,9,2019,15066.0,37132.5
Hạt tiêu,10,2019,16998.0,41035.65
Hạt tiêu,11,2019,16905.0,39822.6
Hạt tiêu,12,2019,16527.0,39867.17
Hạt tiêu,1,2020,14676.0,35850.47
Hạt tiêu,2,2020,25567.0,56888.9
Hạt tiêu,3,2020,40437.0,83554.58
Hạt tiêu,4,2020,36084.0,72458.64
Hạt tiêu,5,2020,30000.0,60578.13
Hạt tiêu,6,2020,20048.0,46588.47
Hạt tiêu,7,2020,17759.0,44428.18
Hạt tiêu,8,2020,17345.0,43365.39
Hạt tiêu,9,2020,18277.0,45748.88
Hạt tiêu,10,2020,21577.0,53612.81
Hạt tiêu,11,2020,22866.0,60346.86
Hạt tiêu,12,2020,20656.0,57147.65
Hạt tiêu,1,2021,48723.29,13395.0
Hạt tiêu,2,2021,38835.37,31330.0
Hạt tiêu,3,2021,92457.972,31936.0
Hạt tiêu,4,2021,104285.67299999998,27781.0
Hạt tiêu,5,2021,95273.216,32700.0
Hạt tiêu,6,2021,117267.08200000002,26172.0
Hạt tiêu,7,2021,94624.27300000002,17556.0
Hạt tiêu,8,2021,66354.57699999987,15217.0
Hạt tiêu,9,2021,61338.43500000012,16753.0
Hạt tiêu,10,2021,72556.46799999994,16239.0
Hạt tiêu,11,2021,75449.5509999998,15014.0
Hạt tiêu,12,2021,70683.76400000002,260989.0
Hạt tiêu,1,2022,74184.573,14374.0
Hạt tiêu,2,2022,65481.389,23620.0
Hạt tiêu,3,2022,111132.102,24032.0
Hạt tiêu,4,2022,111933.75899999996,21732.0
Hạt tiêu,5,2022,97810.602,24099.0
Hạt tiêu,6,2022,99679.17400000006,18916.0
Hạt tiêu,7,2022,79617.67199999985,18334.0
Hạt tiêu,8,2022,74699.81100000005,13645.0
Hạt tiêu,9,2022,55906.062000000034,17540.0
Hạt tiêu,10,2022,66493.66800000012,16097.0
Hạt tiêu,11,2022,59938.421999999904,20526.0
Hạt tiêu,12,2022,73730.86399999988,228699.0
Hạt tiêu,1,2023,43206.012,27939.0
Hạt tiêu,2,2023,83959.401,35701.0
Hạt tiêu,3,2023,106289.151,26346.0
Hạt tiêu,4,2023,83183.89600000001,28935.0
Hạt tiêu,5,2023,89868.39499999995,21204.0
Hạt tiêu,6,2023,76662.38400000002,15244.0
Hạt tiêu,7,2023,56966.07300000003,20137.0
Hạt tiêu,8,2023,75368.82699999987,17978.0
Hạt tiêu,9,2023,66969.7730000001,19401.0
Hạt tiêu,10,2023,73153.55400000006,20227.0
Hạt tiêu,11,2023,77570.761,20232.0
Hạt tiêu,12,2023,77291.82900000003,265897.0
Hạt tiêu,1,2024,69865.445,13447.0
Hạt tiêu,2,2024,54457.08099999999,25869.0
Hạt tiêu,3,2024,111496.744,26187.0
Hạt tiêu,4,2024,116094.953,26360.0
Hạt tiêu,5,2024,117109.94900000002,32062.0
Hạt tiêu,6,2024,160835.82499999995,21904.0
Hạt tiêu,7,2024,130405.74300000002,19868.0
Hạt tiêu,8,2024,119042.16100000008,17104.0
Hạt tiêu,9,2024,110472.543,18464.0
Hạt tiêu,10,2024,120687.11399999984,15910.0
Hạt tiêu,11,2024,106734.5689999999,14742.0
Hạt tiêu,12,2024,97399.84,249384.0
Hạt tiêu,1,2025,87277.558,14247.0
Hạt tiêu,2,2025,96843.42800000004,20014.0
Hạt tiêu,3,2025,140108.48599999998,26375.0
Hạt tiêu,4,2025,183926.9189999999,26304.0
Hạt tiêu,5,2025,182098.72100000017,23281.0
Hạt tiêu,6,2025,157403.05299999984,21466.0
Hạt tiêu,7,2025,141942.4500000002,21453.0
Hạt tiêu,8,2025,140239.26100000006,20343.0
Hạt tiêu,9,2025,135816.5229999997,18788.0
Hạt tiêu,10,2025,125981.65600000056,18888.0
Hạt tiêu,11,2025,124196.27299999972,22015.0
Hạt tiêu,12,2025,145020.675,246132.0
Hạt điều,1,2017,17.846,163126.14
Hạt điều,2,2017,13.327,121335.87
Hạt điều,3,2017,24.121,228950.74
Hạt điều,4,2017,28.277,272857.34
Hạt điều,5,2017,32.92,327900.47
Hạt điều,6,2017,34.248,351688.59
Hạt điều,7,2017,36.651,378899.01
Hạt điều,8,2017,37.229,377901.65
Hạt điều,9,2017,32.871,330227.94
Hạt điều,10,2017,33.179,331756.95
Hạt điều,11,2017,31.856,323043.01
Hạt điều,12,2017,30.26,308000.0
Hạt điều,1,2018,30912.0,316959.98
Hạt điều,2,2018,15225.0,156448.95
Hạt điều,3,2018,28233.0,282882.37
Hạt điều,4,2018,32088.0,309479.82
Hạt điều,5,2018,36384.0,339929.54
Hạt điều,6,2018,32236.0,292416.34
Hạt điều,7,2018,32551.0,284729.65
Hạt điều,8,2018,35160.0,299945.94
Hạt điều,9,2018,28900.0,253312.53
Hạt điều,10,2018,33219.0,280970.09
Hạt điều,11,2018,34800.0,275998.46
Hạt điều,12,2018,33790.0,273263.48
Hạt điều,1,2019,32729.0,266300.96
Hạt điều,2,2019,14962.0,124601.91
Hạt điều,3,2019,31901.0,249611.29
Hạt điều,4,2019,35509.0,269978.31
Hạt điều,5,2019,41071.0,301252.26
Hạt điều,6,2019,39517.0,277980.31
Hạt điều,7,2019,44113.0,301343.92
Hạt điều,8,2019,46152.0,313135.6
Hạt điều,9,2019,42532.0,292704.95
Hạt điều,10,2019,43809.0,303396.54
Hạt điều,11,2019,41078.0,292264.7
Hạt điều,12,2019,42190.0,296146.13
Hạt điều,1,2020,24687.0,172552.59
Hạt điều,2,2020,25978.0,184415.67
Hạt điều,3,2020,44013.0,309935.56
Hạt điều,4,2020,44649.0,292649.41
Hạt điều,5,2020,43472.0,269080.9
Hạt điều,6,2020,41941.0,257803.07
Hạt điều,7,2020,41770.0,242850.59
Hạt điều,8,2020,46502.0,271329.79
Hạt điều,9,2020,51838.0,309803.93
Hạt điều,10,2020,52828.0,316939.54
Hạt điều,11,2020,45833.0,281021.8
Hạt điều,12,2020,51147.0,302308.57
Hạt điều,1,2021,267617.894,21854.0
Hạt điều,2,2021,126572.33900000004,45005.0
Hạt điều,3,2021,262938.06700000004,49132.0
Hạt điều,4,2021,291697.92999999993,53075.0
Hạt điều,5,2021,326003.87599999993,59140.0
Hạt điều,6,2021,372192.2980000002,54980.0
Hạt điều,7,2021,355244.6939999999,46883.0
Hạt điều,8,2021,310999.16599999997,51901.0
Hạt điều,9,2021,345440.18200000026,53568.0
Hạt điều,10,2021,353977.9499999995,50603.0
Hạt điều,11,2021,328982.8950000007,48301.0
Hạt điều,12,2021,297246.72999999975,579773.0
Hạt điều,1,2022,238479.997,25277.0
Hạt điều,2,2022,150554.721,39428.0
Hạt điều,3,2022,235632.62699999995,48463.0
Hạt điều,4,2022,288833.743,49543.0
Hạt điều,5,2022,302228.8899999999,46466.0
Hạt điều,6,2022,284877.6710000001,45491.0
Hạt điều,7,2022,266925.547,47437.0
Hạt điều,8,2022,277630.267,38244.0
Hạt điều,9,2022,234272.38299999989,44293.0
Hạt điều,10,2022,265589.2120000003,47502.0
Hạt điều,11,2022,269548.19099999964,47451.0
Hạt điều,12,2022,272094.66500000004,519782.0
Hạt điều,1,2023,155806.407,34237.0
Hạt điều,2,2023,197313.136,49667.0
Hạt điều,3,2023,294920.10500000004,51234.0
Hạt điều,4,2023,304485.55699999986,57470.0
Hạt điều,5,2023,340512.1110000003,59554.0
Hạt điều,6,2023,342326.687,55442.0
Hạt điều,7,2023,308684.62999999995,60728.0
Hạt điều,8,2023,334625.1860000003,56992.0
Hạt điều,9,2023,311093.4819999999,64278.0
Hạt điều,10,2023,357867.5699999999,64171.0
Hạt điều,11,2023,352781.8610000001,63096.0
Hạt điều,12,2023,343527.8230000003,644135.0
Hạt điều,1,2024,351198.968,26587.0
Hạt điều,2,2024,142054.29499999998,58954.0
Hạt điều,3,2024,315596.82600000006,66859.0
Hạt điều,4,2024,357705.1919999999,67560.0
Hạt điều,5,2024,369424.08700000006,68426.0
Hạt điều,6,2024,409273.1059999999,68032.0
Hạt điều,7,2024,420238.085,64888.0
Hạt điều,8,2024,413006.17700000026,57059.0
Hạt điều,9,2024,372157.935,65722.0
Hạt điều,10,2024,427417.275,60253.0
Hạt điều,11,2024,402862.7450000002,54326.0
Hạt điều,12,2024,362542.525,723808.0
Hạt điều,1,2025,255747.702,28968.0
Hạt điều,2,2025,199131.13200000004,55863.0
Hạt điều,3,2025,384498.4279999999,73450.0
Hạt điều,4,2025,494237.27100000024,81065.0
Hạt điều,5,2025,550591.7250000001,68020.0
Hạt điều,6,2025,464249.2800000001,68064.0
Hạt điều,7,2025,460529.97399999975,69517.0
Hạt điều,8,2025,472879.1349999996,72550.0
Hạt điều,9,2025,491730.4170000002,73321.0
Hạt điều,10,2025,504827.649,70342.0
Hạt điều,11,2025,485368.9259999989,68061.0
Hạt điều,12,2025,465597.58,766585.0
Khu vực KT trong nước,1,2017,,4220207.75
Khu vực KT trong nước,2,2017,,3640543.28
Khu vực KT trong nước,3,2017,,4976584.8
Khu vực KT trong nước,4,2017,,4667892.5
Khu vực KT trong nước,5,2017,,4938137.16
Khu vực KT trong nước,6,2017,,5127221.06
Khu vực KT trong nước,7,2017,,5317300.26
Khu vực KT trong nước,8,2017,,5529040.86
Khu vực KT trong nước,9,2017,,5060451.63
Khu vực KT trong nước,10,2017,,5147970.98
Khu vực KT trong nước,11,2017,,5318091.49
Khu vực KT trong nước,12,2017,,5740483.38
Không kể dầu thô,1,2018,,14116518.27
Không kể dầu thô,2,2018,,10415387.41
Không kể dầu thô,3,2018,,15231906.03
Không kể dầu thô,4,2018,,12675308.89
Không kể dầu thô,5,2018,,13899244.22
Không kể dầu thô,6,2018,,13622637.84
Không kể dầu thô,7,2018,,14234014.78
Không kể dầu thô,8,2018,,17074863.85
Không kể dầu thô,9,2018,,15359432.73
Không kể dầu thô,10,2018,,16173059.62
Không kể dầu thô,11,2018,,15646567.27
Không kể dầu thô,12,2018,,13083770.4
Không kể dầu thô,1,2019,,14812549.84
Không kể dầu thô,2,2019,,10137572.61
Không kể dầu thô,3,2019,,16131733.49
Không kể dầu thô,4,2019,,13842821.81
Không kể dầu thô,5,2019,,15142965.03
Không kể dầu thô,6,2019,,14384934.23
Không kể dầu thô,7,2019,,15092303.69
Không kể dầu thô,8,2019,,17666746.2
Không kể dầu thô,9,2019,,16212208.78
Không kể dầu thô,10,2019,,16405869.44
Không kể dầu thô,11,2019,,15197321.61
Không kể dầu thô,12,2019,,14172370.87
Không kể dầu thô,1,2020,,12721542.93
Không kể dầu thô,2,2020,,15275927.06
Không kể dầu thô,3,2020,,17671915.83
Không kể dầu thô,4,2020,,12198146.51
Không kể dầu thô,5,2020,,13315221.33
Không kể dầu thô,6,2020,,15815436.75
Không kể dầu thô,7,2020,,17415833.7
Không kể dầu thô,8,2020,,19395526.72
Không kể dầu thô,9,2020,,19619059.07
Không kể dầu thô,10,2020,,20086878.63
Không kể dầu thô,11,2020,,18922397.88
Không kể dầu thô,12,2020,,20448376.99
Không kể dầu thô,1,2021,21565846.531,
Không kể dầu thô,2,2021,15444324.665000005,
Không kể dầu thô,3,2021,21938693.061999995,
Không kể dầu thô,4,2021,19405857.574000005,
Không kể dầu thô,5,2021,18848222.60400001,
Không kể dầu thô,6,2021,19345913.101,
Không kể dầu thô,7,2021,20105908.289999995,
Không kể dầu thô,8,2021,19989909.81600002,
Không kể dầu thô,9,2021,19921917.787000004,
Không kể dầu thô,10,2021,20926715.817000005,
Không kể dầu thô,11,2021,23137606.097999994,
Không kể dầu thô,12,2021,24589970.655999992,
Không kể dầu thô,1,2022,22085913.737,
Không kể dầu thô,2,2022,17543041.733,
Không kể dầu thô,3,2022,25735405.271,
Không kể dầu thô,4,2022,24257904.12100001,
Không kể dầu thô,5,2022,22372524.528,
Không kể dầu thô,6,2022,23903517.60399999,
Không kể dầu thô,7,2022,23100630.839999992,
Không kể dầu thô,8,2022,26436999.59800001,
Không kể dầu thô,9,2022,22685386.38099997,
Không kể dầu thô,10,2022,22922357.043,
Không kể dầu thô,11,2022,21599396.752000008,
Không kể dầu thô,12,2022,20984480.544000003,
Không kể dầu thô,1,2023,17970237.911,
Không kể dầu thô,2,2023,19373211.050000004,
Không kể dầu thô,3,2023,21713525.666999996,
Không kể dầu thô,4,2023,20046067.918000005,
Không kể dầu thô,5,2023,19804791.326,
Không kể dầu thô,6,2023,21457858.89799999,
Không kể dầu thô,7,2023,22411192.143999983,
Không kể dầu thô,8,2023,23618224.900999986,
Không kể dầu thô,9,2023,22615375.962000005,
Không kể dầu thô,10,2023,23405497.739999972,
Không kể dầu thô,11,2023,22289839.020000003,
Không kể dầu thô,12,2023,22499766.31,
Không kể dầu thô,1,2024,24870090.374,
Không kể dầu thô,2,2024,18173472.501,
Không kể dầu thô,3,2024,24123677.363999996,
Không kể dầu thô,4,2024,21662824.625,
Không kể dầu thô,5,2024,23102702.65200001,
Không kể dầu thô,6,2024,24861785.45899999,
Không kể dầu thô,7,2024,26418085.86200002,
Không kể dầu thô,8,2024,27002361.86999997,
Không kể dầu thô,9,2024,24506337.358,
Không kể dầu thô,10,2024,25406049.863,
Không kể dầu thô,11,2024,24349181.584999975,
Không kể dầu thô,12,2024,24728465.998,
Không kể dầu thô,1,2025,23495109.139,
Không kể dầu thô,2,2025,22640639.089999996,
Không kể dầu thô,3,2025,27314503.835,
Không kể dầu thô,4,2025,25669675.34700001,
Không kể dầu thô,5,2025,30992532.699999996,
Không kể dầu thô,6,2025,30878776.689000014,
Không kể dầu thô,7,2025,33270586.783999987,
Không kể dầu thô,8,2025,34161517.805000015,
Không kể dầu thô,9,2025,33976148.986999996,
Không kể dầu thô,10,2025,33335555.585999973,
Không kể dầu thô,11,2025,35769692.862000056,
Không kể dầu thô,12,2025,34214213.321,
Kim loại thường khác và các sản phẩm,1,2017,,111836.35
Kim loại thường khác và các sản phẩm,2,2017,,122230.1
Kim loại thường khác và các sản phẩm,3,2017,,161524.35
Kim loại thường khác và các sản phẩm,4,2017,,149594.31
Kim loại thường khác và các sản phẩm,5,2017,,150996.76
Kim loại thường khác và các sản phẩm,6,2017,,152029.24
Kim loại thường khác và các sản phẩm,7,2017,,147379.48
Kim loại thường khác và các sản phẩm,8,2017,,158000.0
Kim loại thường khác và các sản phẩm,9,2017,,151755.39
Kim loại thường khác và các sản phẩm,10,2017,,156000.0
Kim loại thường khác và các sản phẩm,11,2017,,159000.0
Kim loại thường khác và các sản phẩm,12,2017,,160000.0
Kim loại thường khác và các sản phẩm,1,2018,,196828.34
Kim loại thường khác và các sản phẩm,2,2018,,125846.75
Kim loại thường khác và các sản phẩm,3,2018,,207277.81
Kim loại thường khác và các sản phẩm,4,2018,,194924.47
Kim loại thường khác và các sản phẩm,5,2018,,224272.29
Kim loại thường khác và các sản phẩm,6,2018,,209787.42
Kim loại thường khác và các sản phẩm,7,2018,,206101.34
Kim loại thường khác và các sản phẩm,8,2018,,198347.39
Kim loại thường khác và các sản phẩm,9,2018,,170485.5
Kim loại thường khác và các sản phẩm,10,2018,,196206.51
Kim loại thường khác và các sản phẩm,11,2018,,187078.74
Kim loại thường khác và các sản phẩm,12,2018,,203873.34
Kim loại thường khác và các sản phẩm,1,2019,,231847.3
Kim loại thường khác và các sản phẩm,2,2019,,139515.65
Kim loại thường khác và các sản phẩm,3,2019,,242744.55
Kim loại thường khác và các sản phẩm,4,2019,,228748.86
Kim loại thường khác và các sản phẩm,5,2019,,234577.8
Kim loại thường khác và các sản phẩm,6,2019,,204624.47
Kim loại thường khác và các sản phẩm,7,2019,,230255.91
Kim loại thường khác và các sản phẩm,8,2019,,219931.73
Kim loại thường khác và các sản phẩm,9,2019,,205085.7
Kim loại thường khác và các sản phẩm,10,2019,,208602.4
Kim loại thường khác và các sản phẩm,11,2019,,203529.65
Kim loại thường khác và các sản phẩm,12,2019,,223720.12
Kim loại thường khác và các sản phẩm,1,2020,,185804.34
Kim loại thường khác và các sản phẩm,2,2020,,212620.97
Kim loại thường khác và các sản phẩm,3,2020,,225228.57
Kim loại thường khác và các sản phẩm,4,2020,,160868.3
Kim loại thường khác và các sản phẩm,5,2020,,195555.35
Kim loại thường khác và các sản phẩm,6,2020,,191498.41
Kim loại thường khác và các sản phẩm,7,2020,,230466.45
Kim loại thường khác và các sản phẩm,8,2020,,243820.88
Kim loại thường khác và các sản phẩm,9,2020,,265458.8
Kim loại thường khác và các sản phẩm,10,2020,,258184.83
Kim loại thường khác và các sản phẩm,11,2020,,258588.35
Kim loại thường khác và các sản phẩm,12,2020,,292503.48
Kim loại thường khác và các sản phẩm,1,2021,293300.172,
Kim loại thường khác và các sản phẩm,2,2021,181978.04199999996,
Kim loại thường khác và các sản phẩm,3,2021,372056.196,
Kim loại thường khác và các sản phẩm,4,2021,314778.59600000014,
Kim loại thường khác và các sản phẩm,5,2021,310327.8389999999,
Kim loại thường khác và các sản phẩm,6,2021,325548.564,
Kim loại thường khác và các sản phẩm,7,2021,315730.7259999998,
Kim loại thường khác và các sản phẩm,8,2021,279050.8910000003,
Kim loại thường khác và các sản phẩm,9,2021,290219.33199999994,
Kim loại thường khác và các sản phẩm,10,2021,306643.7420000001,
Kim loại thường khác và các sản phẩm,11,2021,351611.9469999997,
Kim loại thường khác và các sản phẩm,12,2021,414408.1340000001,
Kim loại thường khác và các sản phẩm,1,2022,379948.659,
Kim loại thường khác và các sản phẩm,2,2022,285725.277,
Kim loại thường khác và các sản phẩm,3,2022,464563.23900000006,
Kim loại thường khác và các sản phẩm,4,2022,456124.8799999999,
Kim loại thường khác và các sản phẩm,5,2022,430845.3540000001,
Kim loại thường khác và các sản phẩm,6,2022,434922.65100000007,
Kim loại thường khác và các sản phẩm,7,2022,368056.58900000015,
Kim loại thường khác và các sản phẩm,8,2022,377707.98,
Kim loại thường khác và các sản phẩm,9,2022,327245.1839999999,
Kim loại thường khác và các sản phẩm,10,2022,290208.55299999984,
Kim loại thường khác và các sản phẩm,11,2022,336759.38100000005,
Kim loại thường khác và các sản phẩm,12,2022,380702.46099999966,
Kim loại thường khác và các sản phẩm,1,2023,275641.785,
Kim loại thường khác và các sản phẩm,2,2023,347359.36500000005,
Kim loại thường khác và các sản phẩm,3,2023,424445.0009999999,
Kim loại thường khác và các sản phẩm,4,2023,412116.5380000001,
Kim loại thường khác và các sản phẩm,5,2023,370242.324,
Kim loại thường khác và các sản phẩm,6,2023,319526.15600000013,
Kim loại thường khác và các sản phẩm,7,2023,306385.4869999999,
Kim loại thường khác và các sản phẩm,8,2023,310082.5080000001,
Kim loại thường khác và các sản phẩm,9,2023,283517.9980000003,
Kim loại thường khác và các sản phẩm,10,2023,300238.6200000003,
Kim loại thường khác và các sản phẩm,11,2023,319447.36700000026,
Kim loại thường khác và các sản phẩm,12,2023,348471.0919999997,
Kim loại thường khác và các sản phẩm,1,2024,372761.974,
Kim loại thường khác và các sản phẩm,2,2024,250540.26200000005,
Kim loại thường khác và các sản phẩm,3,2024,374586.3499999999,
Kim loại thường khác và các sản phẩm,4,2024,357867.63399999996,
Kim loại thường khác và các sản phẩm,5,2024,392217.5930000001,
Kim loại thường khác và các sản phẩm,6,2024,335932.7139999999,
Kim loại thường khác và các sản phẩm,7,2024,377134.3150000002,
Kim loại thường khác và các sản phẩm,8,2024,368467.76800000033,
Kim loại thường khác và các sản phẩm,9,2024,310764.246,
Kim loại thường khác và các sản phẩm,10,2024,330498.17699999985,
Kim loại thường khác và các sản phẩm,11,2024,344915.9719999998,
Kim loại thường khác và các sản phẩm,12,2024,379138.131,
Kim loại thường khác và các sản phẩm,1,2025,350852.76499999996,
Kim loại thường khác và các sản phẩm,2,2025,332245.888,
Kim loại thường khác và các sản phẩm,3,2025,405440.8760000001,
Kim loại thường khác và các sản phẩm,4,2025,421230.678,
Kim loại thường khác và các sản phẩm,5,2025,415111.5940000001,
Kim loại thường khác và các sản phẩm,6,2025,387623.86099999974,
Kim loại thường khác và các sản phẩm,7,2025,411999.6830000004,
Kim loại thường khác và các sản phẩm,8,2025,385383.627,
Kim loại thường khác và các sản phẩm,9,2025,374204.36,
Kim loại thường khác và các sản phẩm,10,2025,374931.48800000054,
Kim loại thường khác và các sản phẩm,11,2025,395633.55299999955,
Kim loại thường khác và các sản phẩm,12,2025,465149.086,
Kể cả dầu thô,1,2017,,10200264.25
Kể cả dầu thô,2,2017,,9548717.72
Kể cả dầu thô,3,2017,,12301786.2
Kể cả dầu thô,4,2017,,12903324.5
Kể cả dầu thô,5,2017,,12985918.84
Kể cả dầu thô,6,2017,,12703498.93
Kể cả dầu thô,7,2017,,12379455.74
Kể cả dầu thô,8,2017,,14283478.14
Kể cả dầu thô,9,2017,,14240382.37
Kể cả dầu thô,10,2017,,15188108.02
Kể cả dầu thô,11,2017,,14717579.5
Kể cả dầu thô,12,2017,,13982163.62
Kể cả dầu thô,1,2018,,14321459.69
Kể cả dầu thô,2,2018,,10577970.54
Kể cả dầu thô,3,2018,,15374503.12
Kể cả dầu thô,4,2018,,12794634.15
Kể cả dầu thô,5,2018,,14109481.52
Kể cả dầu thô,6,2018,,13830765.5
Kể cả dầu thô,7,2018,,14434908.2
Kể cả dầu thô,8,2018,,17277929.18
Kể cả dầu thô,9,2018,,15524946.7
Kể cả dầu thô,10,2018,,16395219.18
Kể cả dầu thô,11,2018,,15818020.47
Kể cả dầu thô,12,2018,,13229805.02
Kể cả dầu thô,1,2019,,15038337.9
Kể cả dầu thô,2,2019,,10249082.38
Kể cả dầu thô,3,2019,,16358337.9
Kể cả dầu thô,4,2019,,13968209.58
Kể cả dầu thô,5,2019,,15343225.94
Kể cả dầu thô,6,2019,,14574138.48
Kể cả dầu thô,7,2019,,15251914.86
Kể cả dầu thô,8,2019,,17859423.76
Kể cả dầu thô,9,2019,,16301879.49
Kể cả dầu thô,10,2019,,16637192.27
Kể cả dầu thô,11,2019,,15348834.17
Kể cả dầu thô,12,2019,,14358874.46
Kể cả dầu thô,1,2020,,12904585.97
Kể cả dầu thô,2,2020,,15442691.61
Kể cả dầu thô,3,2020,,17798466.62
Kể cả dầu thô,4,2020,,12284994.65
Kể cả dầu thô,5,2020,,13421161.96
Kể cả dầu thô,6,2020,,15965886.5
Kể cả dầu thô,7,2020,,17518570.21
Kể cả dầu thô,8,2020,,19634583.95
Kể cả dầu thô,9,2020,,19746225.9
Kể cả dầu thô,10,2020,,20189378.2
Kể cả dầu thô,11,2020,,18996900.81
Kể cả dầu thô,12,2020,,20549534.66
Kể cả dầu thô,1,2021,21717524.175,
Kể cả dầu thô,2,2021,15517784.081000004,
Kể cả dầu thô,3,2021,22091477.94199999,
Kể cả dầu thô,4,2021,19508064.665000007,
Kể cả dầu thô,5,2021,18989825.242999997,
Kể cả dầu thô,6,2021,19495076.501,
Kể cả dầu thô,7,2021,20295588.641999997,
Kể cả dầu thô,8,2021,20043798.57600002,
Kể cả dầu thô,9,2021,20076500.737000003,
Kể cả dầu thô,10,2021,21198181.465000007,
Kể cả dầu thô,11,2021,23296201.58899999,
Kể cả dầu thô,12,2021,24746183.435999993,
Kể cả dầu thô,1,2022,21717524.175,
Kể cả dầu thô,2,2022,17717098.053,
Kể cả dầu thô,3,2022,25804825.391000003,
Kể cả dầu thô,4,2022,24363918.05100001,
Kể cả dầu thô,5,2022,22558340.518,
Kể cả dầu thô,6,2022,24084297.74399999,
Kể cả dầu thô,7,2022,23343254.29899999,
Kể cả dầu thô,8,2022,26628725.01800001,
Kể cả dầu thô,9,2022,23525888.793999966,
Kể cả dầu thô,10,2022,23211755.670000013,
Kể cả dầu thô,11,2022,21772497.165000018,
Kể cả dầu thô,12,2022,21222291.814000003,
Kể cả dầu thô,1,2023,18126565.731,
Kể cả dầu thô,2,2023,19544811.273,
Kể cả dầu thô,3,2023,21898876.762999997,
Kể cả dầu thô,4,2023,20150625.55800001,
Kể cả dầu thô,5,2023,20052608.716,
Kể cả dầu thô,6,2023,21563599.867999993,
Kể cả dầu thô,7,2023,22552396.123999987,
Kể cả dầu thô,8,2023,23815023.780999985,
Kể cả dầu thô,9,2023,22680201.992000006,
Kể cả dầu thô,10,2023,23569673.589999977,
Kể cả dầu thô,11,2023,22481215.460000005,
Kể cả dầu thô,12,2023,22649488.778000027,
Kể cả dầu thô,1,2024,24965859.984,
Kể cả dầu thô,2,2024,18413958.591,
Kể cả dầu thô,3,2024,24422963.22199999,
Kể cả dầu thô,4,2024,21841819.555000007,
Kể cả dầu thô,5,2024,23288879.864000008,
Kể cả dầu thô,6,2024,24912166.064999983,
Kể cả dầu thô,7,2024,26616270.45900002,
Kể cả dầu thô,8,2024,27035107.862999972,
Kể cả dầu thô,9,2024,24696037.341,
Kể cả dầu thô,10,2024,25466367.83,
Kể cả dầu thô,11,2024,24433076.987999987,
Kể cả dầu thô,12,2024,24846148.067,
Kể cả dầu thô,1,2025,23624299.084999997,
Kể cả dầu thô,2,2025,22757584.651999995,
Kể cả dầu thô,3,2025,27426380.822,
Kể cả dầu thô,4,2025,25812476.83900001,
Kể cả dầu thô,5,2025,31073561.12199999,
Kể cả dầu thô,6,2025,30950220.58300002,
Kể cả dầu thô,7,2025,33404538.69299999,
Kể cả dầu thô,8,2025,34267805.47600001,
Kể cả dầu thô,9,2025,34059889.07399999,
Kể cả dầu thô,10,2025,33511240.981999975,
Kể cả dầu thô,11,2025,35879854.92899996,
Kể cả dầu thô,12,2025,34345090.334,
Máy móc thiết bị dụng cụ phụ tùng khác,1,2017,,897752.39
Máy móc thiết bị dụng cụ phụ tùng khác,2,2017,,898593.21
Máy móc thiết bị dụng cụ phụ tùng khác,3,2017,,1100132.92
Máy móc thiết bị dụng cụ phụ tùng khác,4,2017,,994266.08
Máy móc thiết bị dụng cụ phụ tùng khác,5,2017,,1065388.46
Máy móc thiết bị dụng cụ phụ tùng khác,6,2017,,1037290.18
Máy móc thiết bị dụng cụ phụ tùng khác,7,2017,,1074422.02
Máy móc thiết bị dụng cụ phụ tùng khác,8,2017,,1252689.31
Máy móc thiết bị dụng cụ phụ tùng khác,9,2017,,1086471.6
Máy móc thiết bị dụng cụ phụ tùng khác,10,2017,,1149357.48
Máy móc thiết bị dụng cụ phụ tùng khác,11,2017,,1206584.82
Máy móc thiết bị dụng cụ phụ tùng khác,12,2017,,1150078.02
Máy móc thiết bị dụng cụ phụ tùng khác,1,2018,,1222816.19
Máy móc thiết bị dụng cụ phụ tùng khác,2,2018,,980338.06
Máy móc thiết bị dụng cụ phụ tùng khác,3,2018,,1483438.44
Máy móc thiết bị dụng cụ phụ tùng khác,4,2018,,1341087.18
Máy móc thiết bị dụng cụ phụ tùng khác,5,2018,,1502663.25
Máy móc thiết bị dụng cụ phụ tùng khác,6,2018,,1353836.23
Máy móc thiết bị dụng cụ phụ tùng khác,7,2018,,1328124.21
Máy móc thiết bị dụng cụ phụ tùng khác,8,2018,,1592009.13
Máy móc thiết bị dụng cụ phụ tùng khác,9,2018,,1335353.13
Máy móc thiết bị dụng cụ phụ tùng khác,10,2018,,1533800.45
Máy móc thiết bị dụng cụ phụ tùng khác,11,2018,,1455020.95
Máy móc thiết bị dụng cụ phụ tùng khác,12,2018,,1420650.15
Máy móc thiết bị dụng cụ phụ tùng khác,1,2019,,1630919.44
Máy móc thiết bị dụng cụ phụ tùng khác,2,2019,,864531.89
Máy móc thiết bị dụng cụ phụ tùng khác,3,2019,,1484073.2
Máy móc thiết bị dụng cụ phụ tùng khác,4,2019,,1331684.37
Máy móc thiết bị dụng cụ phụ tùng khác,5,2019,,1512988.19
Máy móc thiết bị dụng cụ phụ tùng khác,6,2019,,1410625.64
Máy móc thiết bị dụng cụ phụ tùng khác,7,2019,,1534469.25
Máy móc thiết bị dụng cụ phụ tùng khác,8,2019,,1640459.17
Máy móc thiết bị dụng cụ phụ tùng khác,9,2019,,1604158.92
Máy móc thiết bị dụng cụ phụ tùng khác,10,2019,,1755267.21
Máy móc thiết bị dụng cụ phụ tùng khác,11,2019,,1785238.64
Máy móc thiết bị dụng cụ phụ tùng khác,12,2019,,1749222.95
Máy móc thiết bị dụng cụ phụ tùng khác,1,2020,,1485348.69
Máy móc thiết bị dụng cụ phụ tùng khác,2,2020,,1643464.37
Máy móc thiết bị dụng cụ phụ tùng khác,3,2020,,1967634.44
Máy móc thiết bị dụng cụ phụ tùng khác,4,2020,,1682696.42
Máy móc thiết bị dụng cụ phụ tùng khác,5,2020,,1729928.36
Máy móc thiết bị dụng cụ phụ tùng khác,6,2020,,1906215.73
Máy móc thiết bị dụng cụ phụ tùng khác,7,2020,,2285755.85
Máy móc thiết bị dụng cụ phụ tùng khác,8,2020,,2692361.38
Máy móc thiết bị dụng cụ phụ tùng khác,9,2020,,2797374.62
Máy móc thiết bị dụng cụ phụ tùng khác,10,2020,,2983150.27
Máy móc thiết bị dụng cụ phụ tùng khác,11,2020,,2867867.13
Máy móc thiết bị dụng cụ phụ tùng khác,12,2020,,3151302.93
Máy móc thiết bị dụng cụ phụ tùng khác,1,2021,3255086.83,
Máy móc thiết bị dụng cụ phụ tùng khác,2,2021,2345223.6679999996,
Máy móc thiết bị dụng cụ phụ tùng khác,3,2021,3500480.3200000003,
Máy móc thiết bị dụng cụ phụ tùng khác,4,2021,3072247.249,
Máy móc thiết bị dụng cụ phụ tùng khác,5,2021,2550420.632999999,
Máy móc thiết bị dụng cụ phụ tùng khác,6,2021,2373940.4930000007,
Máy móc thiết bị dụng cụ phụ tùng khác,7,2021,2935579.3159999996,
Máy móc thiết bị dụng cụ phụ tùng khác,8,2021,3120106.796,
Máy móc thiết bị dụng cụ phụ tùng khác,9,2021,3016331.8660000004,
Máy móc thiết bị dụng cụ phụ tùng khác,10,2021,3730612.2969999984,
Máy móc thiết bị dụng cụ phụ tùng khác,11,2021,4146025.1149999984,
Máy móc thiết bị dụng cụ phụ tùng khác,12,2021,4298291.096999999,
Máy móc thiết bị dụng cụ phụ tùng khác,1,2022,3499597.408,
Máy móc thiết bị dụng cụ phụ tùng khác,2,2022,2819535.7650000006,
Máy móc thiết bị dụng cụ phụ tùng khác,3,2022,3632809.390999999,
Máy móc thiết bị dụng cụ phụ tùng khác,4,2022,3729415.568,
Máy móc thiết bị dụng cụ phụ tùng khác,5,2022,3609505.346000001,
Máy móc thiết bị dụng cụ phụ tùng khác,6,2022,3917751.1999999993,
Máy móc thiết bị dụng cụ phụ tùng khác,7,2022,4269111.289000001,
Máy móc thiết bị dụng cụ phụ tùng khác,8,2022,4585322.513,
Máy móc thiết bị dụng cụ phụ tùng khác,9,2022,4141804.351,
Máy móc thiết bị dụng cụ phụ tùng khác,10,2022,3963628.598999996,
Máy móc thiết bị dụng cụ phụ tùng khác,11,2022,3853062.202000011,
Máy móc thiết bị dụng cụ phụ tùng khác,12,2022,3729944.701999996,
Máy móc thiết bị dụng cụ phụ tùng khác,1,2023,2900597.029,
Máy móc thiết bị dụng cụ phụ tùng khác,2,2023,3381269.5190000003,
Máy móc thiết bị dụng cụ phụ tùng khác,3,2023,3568657.2569999993,
Máy móc thiết bị dụng cụ phụ tùng khác,4,2023,3351807.2070000004,
Máy móc thiết bị dụng cụ phụ tùng khác,5,2023,3276161.061999999,
Máy móc thiết bị dụng cụ phụ tùng khác,6,2023,3221966.398,
Máy móc thiết bị dụng cụ phụ tùng khác,7,2023,3559117.0749999974,
Máy móc thiết bị dụng cụ phụ tùng khác,8,2023,3582124.8170000035,
Máy móc thiết bị dụng cụ phụ tùng khác,9,2023,4070255.2409999985,
Máy móc thiết bị dụng cụ phụ tùng khác,10,2023,4485216.554000007,
Máy móc thiết bị dụng cụ phụ tùng khác,11,2023,3879071.714999998,
Máy móc thiết bị dụng cụ phụ tùng khác,12,2023,3851844.899000004,
Máy móc thiết bị dụng cụ phụ tùng khác,1,2024,4017490.778,
Máy móc thiết bị dụng cụ phụ tùng khác,2,2024,2958523.7989999996,
Máy móc thiết bị dụng cụ phụ tùng khác,3,2024,3959740.699000001,
Máy móc thiết bị dụng cụ phụ tùng khác,4,2024,3705576.8139999993,
Máy móc thiết bị dụng cụ phụ tùng khác,5,2024,4140873.2289999984,
Máy móc thiết bị dụng cụ phụ tùng khác,6,2024,4374192.883000001,
Máy móc thiết bị dụng cụ phụ tùng khác,7,2024,4840598.063000001,
Máy móc thiết bị dụng cụ phụ tùng khác,8,2024,4785757.544000001,
Máy móc thiết bị dụng cụ phụ tùng khác,9,2024,5010123.769,
Máy móc thiết bị dụng cụ phụ tùng khác,10,2024,5255983.402999998,
Máy móc thiết bị dụng cụ phụ tùng khác,11,2024,4755036.983999998,
Máy móc thiết bị dụng cụ phụ tùng khác,12,2024,4387643.809,
Máy móc thiết bị dụng cụ phụ tùng khác,1,2025,3870417.585,
Máy móc thiết bị dụng cụ phụ tùng khác,2,2025,3829824.3399999994,
Máy móc thiết bị dụng cụ phụ tùng khác,3,2025,4675425.743999999,
Máy móc thiết bị dụng cụ phụ tùng khác,4,2025,4710827.466000002,
Máy móc thiết bị dụng cụ phụ tùng khác,5,2025,5000669.106999997,
Máy móc thiết bị dụng cụ phụ tùng khác,6,2025,4802083.504000001,
Máy móc thiết bị dụng cụ phụ tùng khác,7,2025,5325187.952000003,
Máy móc thiết bị dụng cụ phụ tùng khác,8,2025,5182470.922000002,
Máy móc thiết bị dụng cụ phụ tùng khác,9,2025,5611156.931999993,
Máy móc thiết bị dụng cụ phụ tùng khác,10,2025,5415500.927999999,
Máy móc thiết bị dụng cụ phụ tùng khác,11,2025,5032552.002999987,
Máy móc thiết bị dụng cụ phụ tùng khác,12,2025,5590804.678,
"Máy vi tính, sản phẩm điện tử & linh liện",1,2017,,1701000.0
"Máy vi tính, sản phẩm điện tử & linh liện",2,2017,,1735351.32
"Máy vi tính, sản phẩm điện tử & linh liện",3,2017,,2228153.55
"Máy vi tính, sản phẩm điện tử & linh liện",4,2017,,1968441.86
"Máy vi tính, sản phẩm điện tử & linh liện",5,2017,,2001025.51
"Máy vi tính, sản phẩm điện tử & linh liện",6,2017,,2098516.14
"Máy vi tính, sản phẩm điện tử & linh liện",7,2017,,2187000.0
"Máy vi tính, sản phẩm điện tử & linh liện",8,2017,,2430266.85
"Máy vi tính, sản phẩm điện tử & linh liện",9,2017,,2406285.85
"Máy vi tính, sản phẩm điện tử & linh liện",10,2017,,2533961.75
"Máy vi tính, sản phẩm điện tử & linh liện",11,2017,,2626337.93
"Máy vi tính, sản phẩm điện tử & linh liện",12,2017,,2366000.0
"Máy vi tính, sản phẩm điện tử & linh liện",1,2018,,2367728.13
"Máy vi tính, sản phẩm điện tử & linh liện",2,2018,,1717605.12
"Máy vi tính, sản phẩm điện tử & linh liện",3,2018,,2249071.56
"Máy vi tính, sản phẩm điện tử & linh liện",4,2018,,2148382.74
"Máy vi tính, sản phẩm điện tử & linh liện",5,2018,,2471085.44
"Máy vi tính, sản phẩm điện tử & linh liện",6,2018,,2486811.88
"Máy vi tính, sản phẩm điện tử & linh liện",7,2018,,2499413.19
"Máy vi tính, sản phẩm điện tử & linh liện",8,2018,,3005009.01
"Máy vi tính, sản phẩm điện tử & linh liện",9,2018,,2636132.18
"Máy vi tính, sản phẩm điện tử & linh liện",10,2018,,2835947.2
"Máy vi tính, sản phẩm điện tử & linh liện",11,2018,,2528967.2
"Máy vi tính, sản phẩm điện tử & linh liện",12,2018,,2374714.75
"Máy vi tính, sản phẩm điện tử & linh liện",1,2019,,2364613.32
"Máy vi tính, sản phẩm điện tử & linh liện",2,2019,,1865771.16
"Máy vi tính, sản phẩm điện tử & linh liện",3,2019,,2827518.79
"Máy vi tính, sản phẩm điện tử & linh liện",4,2019,,2568352.89
"Máy vi tính, sản phẩm điện tử & linh liện",5,2019,,2920859.34
"Máy vi tính, sản phẩm điện tử & linh liện",6,2019,,2974351.0
"Máy vi tính, sản phẩm điện tử & linh liện",7,2019,,3042090.66
"Máy vi tính, sản phẩm điện tử & linh liện",8,2019,,3571913.92
"Máy vi tính, sản phẩm điện tử & linh liện",9,2019,,3475989.59
"Máy vi tính, sản phẩm điện tử & linh liện",10,2019,,3505337.22
"Máy vi tính, sản phẩm điện tử & linh liện",11,2019,,3274131.06
"Máy vi tính, sản phẩm điện tử & linh liện",12,2019,,3534638.55
"Máy vi tính, sản phẩm điện tử & linh liện",1,2020,,2663369.5
"Máy vi tính, sản phẩm điện tử & linh liện",2,2020,,2731943.0
"Máy vi tính, sản phẩm điện tử & linh liện",3,2020,,3686555.15
"Máy vi tính, sản phẩm điện tử & linh liện",4,2020,,3054272.94
"Máy vi tính, sản phẩm điện tử & linh liện",5,2020,,3394267.45
"Máy vi tính, sản phẩm điện tử & linh liện",6,2020,,3940860.27
"Máy vi tính, sản phẩm điện tử & linh liện",7,2020,,4047902.93
"Máy vi tính, sản phẩm điện tử & linh liện",8,2020,,4206933.38
"Máy vi tính, sản phẩm điện tử & linh liện",9,2020,,4471081.13
"Máy vi tính, sản phẩm điện tử & linh liện",10,2020,,4246305.64
"Máy vi tính, sản phẩm điện tử & linh liện",11,2020,,3824396.05
"Máy vi tính, sản phẩm điện tử & linh liện",12,2020,,4308499.87
"Máy vi tính, sản phẩm điện tử & linh liện",1,2021,3892833.992,
"Máy vi tính, sản phẩm điện tử & linh liện",2,2021,3372633.8060000003,
"Máy vi tính, sản phẩm điện tử & linh liện",3,2021,4687831.125,
"Máy vi tính, sản phẩm điện tử & linh liện",4,2021,3893778.373,
"Máy vi tính, sản phẩm điện tử & linh liện",5,2021,3879665.513999999,
"Máy vi tính, sản phẩm điện tử & linh liện",6,2021,4142656.5190000017,
"Máy vi tính, sản phẩm điện tử & linh liện",7,2021,3694484.7879999992,
"Máy vi tính, sản phẩm điện tử & linh liện",8,2021,4235625.768000003,
"Máy vi tính, sản phẩm điện tử & linh liện",9,2021,4762049.105999995,
"Máy vi tính, sản phẩm điện tử & linh liện",10,2021,4292746.665999997,
"Máy vi tính, sản phẩm điện tử & linh liện",11,2021,4658230.855000008,
"Máy vi tính, sản phẩm điện tử & linh liện",12,2021,5316342.138,
"Máy vi tính, sản phẩm điện tử & linh liện",1,2022,4109864.137,
"Máy vi tính, sản phẩm điện tử & linh liện",2,2022,3844660.029,
"Máy vi tính, sản phẩm điện tử & linh liện",3,2022,5285704.387999998,
"Máy vi tính, sản phẩm điện tử & linh liện",4,2022,4467755.676000001,
"Máy vi tính, sản phẩm điện tử & linh liện",5,2022,4805859.038000001,
"Máy vi tính, sản phẩm điện tử & linh liện",6,2022,5167119.201999998,
"Máy vi tính, sản phẩm điện tử & linh liện",7,2022,4040649.6560000023,
"Máy vi tính, sản phẩm điện tử & linh liện",8,2022,4988923.071999995,
"Máy vi tính, sản phẩm điện tử & linh liện",9,2022,5134612.547999999,
"Máy vi tính, sản phẩm điện tử & linh liện",10,2022,4777099.348999998,
"Máy vi tính, sản phẩm điện tử & linh liện",11,2022,4119441.259999997,
"Máy vi tính, sản phẩm điện tử & linh liện",12,2022,4794748.807000002,
"Máy vi tính, sản phẩm điện tử & linh liện",1,2023,3172033.164,
"Máy vi tính, sản phẩm điện tử & linh liện",2,2023,3940507.192,
"Máy vi tính, sản phẩm điện tử & linh liện",3,2023,4921888.724,
"Máy vi tính, sản phẩm điện tử & linh liện",4,2023,3993689.905,
"Máy vi tính, sản phẩm điện tử & linh liện",5,2023,4483546.574,
"Máy vi tính, sản phẩm điện tử & linh liện",6,2023,5075077.673999998,
"Máy vi tính, sản phẩm điện tử & linh liện",7,2023,5063414.396000001,
"Máy vi tính, sản phẩm điện tử & linh liện",8,2023,5288075.862999997,
"Máy vi tính, sản phẩm điện tử & linh liện",9,2023,5475559.700000002,
"Máy vi tính, sản phẩm điện tử & linh liện",10,2023,5106768.2349999985,
"Máy vi tính, sản phẩm điện tử & linh liện",11,2023,5119729.5359999975,
"Máy vi tính, sản phẩm điện tử & linh liện",12,2023,5696079.622000001,
"Máy vi tính, sản phẩm điện tử & linh liện",1,2024,5345001.47,
"Máy vi tính, sản phẩm điện tử & linh liện",2,2024,4647648.319000001,
"Máy vi tính, sản phẩm điện tử & linh liện",3,2024,6341819.665,
"Máy vi tính, sản phẩm điện tử & linh liện",4,2024,5144249.719999999,
"Máy vi tính, sản phẩm điện tử & linh liện",5,2024,5532633.145,
"Máy vi tính, sản phẩm điện tử & linh liện",6,2024,6656141.388999999,
"Máy vi tính, sản phẩm điện tử & linh liện",7,2024,5924714.019000001,
"Máy vi tính, sản phẩm điện tử & linh liện",8,2024,6802447.820000007,
"Máy vi tính, sản phẩm điện tử & linh liện",9,2024,6361593.252,
"Máy vi tính, sản phẩm điện tử & linh liện",10,2024,5909967.901999994,
"Máy vi tính, sản phẩm điện tử & linh liện",11,2024,6586171.81899999,
"Máy vi tính, sản phẩm điện tử & linh liện",12,2024,7331842.052,
"Máy vi tính, sản phẩm điện tử & linh liện",1,2025,6064414.7069999995,
"Máy vi tính, sản phẩm điện tử & linh liện",2,2025,6486569.949,
"Máy vi tính, sản phẩm điện tử & linh liện",3,2025,8562099.344,
"Máy vi tính, sản phẩm điện tử & linh liện",4,2025,8148936.596,
"Máy vi tính, sản phẩm điện tử & linh liện",5,2025,9156770.696999997,
"Máy vi tính, sản phẩm điện tử & linh liện",6,2025,9290588.829000004,
"Máy vi tính, sản phẩm điện tử & linh liện",7,2025,9013684.471,
"Máy vi tính, sản phẩm điện tử & linh liện",8,2025,10175153.881999992,
"Máy vi tính, sản phẩm điện tử & linh liện",9,2025,10603403.376999997,
"Máy vi tính, sản phẩm điện tử & linh liện",10,2025,9817848.541000009,
"Máy vi tính, sản phẩm điện tử & linh liện",11,2025,9686258.027999995,
"Máy vi tính, sản phẩm điện tử & linh liện",12,2025,10742625.636,
Máy ảnh máy quay phim và linh kiện,1,2018,,497570.02
Máy ảnh máy quay phim và linh kiện,2,2018,,271206.12
Máy ảnh máy quay phim và linh kiện,3,2018,,278528.28
Máy ảnh máy quay phim và linh kiện,4,2018,,228405.31
Máy ảnh máy quay phim và linh kiện,5,2018,,405312.51
Máy ảnh máy quay phim và linh kiện,6,2018,,379991.86
Máy ảnh máy quay phim và linh kiện,7,2018,,298951.3
Máy ảnh máy quay phim và linh kiện,8,2018,,518562.45
Máy ảnh máy quay phim và linh kiện,9,2018,,607218.97
Máy ảnh máy quay phim và linh kiện,10,2018,,651394.18
Máy ảnh máy quay phim và linh kiện,11,2018,,640404.4
Máy ảnh máy quay phim và linh kiện,12,2018,,460442.87
Máy ảnh máy quay phim và linh kiện,1,2019,,418790.1
Máy ảnh máy quay phim và linh kiện,2,2019,,271712.69
Máy ảnh máy quay phim và linh kiện,3,2019,,379500.44
Máy ảnh máy quay phim và linh kiện,4,2019,,392763.39
Máy ảnh máy quay phim và linh kiện,5,2019,,367741.77
Máy ảnh máy quay phim và linh kiện,6,2019,,293077.88
Máy ảnh máy quay phim và linh kiện,7,2019,,250882.19
Máy ảnh máy quay phim và linh kiện,8,2019,,276559.3
Máy ảnh máy quay phim và linh kiện,9,2019,,311460.73
Máy ảnh máy quay phim và linh kiện,10,2019,,308864.45
Máy ảnh máy quay phim và linh kiện,11,2019,,240397.23
Máy ảnh máy quay phim và linh kiện,12,2019,,172420.49
Máy ảnh máy quay phim và linh kiện,1,2020,,193807.21
Máy ảnh máy quay phim và linh kiện,2,2020,,173962.18
Máy ảnh máy quay phim và linh kiện,3,2020,,195508.69
Máy ảnh máy quay phim và linh kiện,4,2020,,157824.91
Máy ảnh máy quay phim và linh kiện,5,2020,,142563.09
Máy ảnh máy quay phim và linh kiện,6,2020,,181886.32
Máy ảnh máy quay phim và linh kiện,7,2020,,234775.95
Máy ảnh máy quay phim và linh kiện,8,2020,,274369.53
Máy ảnh máy quay phim và linh kiện,9,2020,,470277.38
Máy ảnh máy quay phim và linh kiện,10,2020,,487416.89
Máy ảnh máy quay phim và linh kiện,11,2020,,432034.19
Máy ảnh máy quay phim và linh kiện,12,2020,,341008.98
Máy ảnh máy quay phim và linh kiện,1,2021,376306.895,
Máy ảnh máy quay phim và linh kiện,2,2021,285096.341,
Máy ảnh máy quay phim và linh kiện,3,2021,329329.902,
Máy ảnh máy quay phim và linh kiện,4,2021,311309.1699999999,
Máy ảnh máy quay phim và linh kiện,5,2021,291791.3570000001,
Máy ảnh máy quay phim và linh kiện,6,2021,225258.3370000001,
Máy ảnh máy quay phim và linh kiện,7,2021,354671.2720000001,
Máy ảnh máy quay phim và linh kiện,8,2021,485843.27599999984,
Máy ảnh máy quay phim và linh kiện,9,2021,592226.4589999998,
Máy ảnh máy quay phim và linh kiện,10,2021,669020.6869999999,
Máy ảnh máy quay phim và linh kiện,11,2021,672448.3470000001,
Máy ảnh máy quay phim và linh kiện,12,2021,622966.1780000003,
Máy ảnh máy quay phim và linh kiện,1,2022,511780.318,
Máy ảnh máy quay phim và linh kiện,2,2022,395150.9119999999,
Máy ảnh máy quay phim và linh kiện,3,2022,514351.48099999985,
Máy ảnh máy quay phim và linh kiện,4,2022,516980.4470000001,
Máy ảnh máy quay phim và linh kiện,5,2022,418587.763,
Máy ảnh máy quay phim và linh kiện,6,2022,391679.661,
Máy ảnh máy quay phim và linh kiện,7,2022,407722.5380000003,
Máy ảnh máy quay phim và linh kiện,8,2022,671222.6510000003,
Máy ảnh máy quay phim và linh kiện,9,2022,692240.3999999997,
Máy ảnh máy quay phim và linh kiện,10,2022,736084.987,
Máy ảnh máy quay phim và linh kiện,11,2022,612528.8150000006,
Máy ảnh máy quay phim và linh kiện,12,2022,505386.12600000034,
Máy ảnh máy quay phim và linh kiện,1,2023,474016.558,
Máy ảnh máy quay phim và linh kiện,2,2023,361327.418,
Máy ảnh máy quay phim và linh kiện,3,2023,434146.1019999999,
Máy ảnh máy quay phim và linh kiện,4,2023,516710.368,
Máy ảnh máy quay phim và linh kiện,5,2023,465041.4270000001,
Máy ảnh máy quay phim và linh kiện,6,2023,419514.168,
Máy ảnh máy quay phim và linh kiện,7,2023,414425.6899999999,
Máy ảnh máy quay phim và linh kiện,8,2023,741912.2239999999,
Máy ảnh máy quay phim và linh kiện,9,2023,902304.357,
Máy ảnh máy quay phim và linh kiện,10,2023,1056625.9900000005,
Máy ảnh máy quay phim và linh kiện,11,2023,999333.1959999998,
Máy ảnh máy quay phim và linh kiện,12,2023,833898.7650000006,
Máy ảnh máy quay phim và linh kiện,1,2024,823400.3,
Máy ảnh máy quay phim và linh kiện,2,2024,613554.115,
Máy ảnh máy quay phim và linh kiện,3,2024,763583.435,
Máy ảnh máy quay phim và linh kiện,4,2024,727876.9950000001,
Máy ảnh máy quay phim và linh kiện,5,2024,657151.591,
Máy ảnh máy quay phim và linh kiện,6,2024,439961.9719999996,
Máy ảnh máy quay phim và linh kiện,7,2024,650128.0370000005,
Máy ảnh máy quay phim và linh kiện,8,2024,763089.8979999986,
Máy ảnh máy quay phim và linh kiện,9,2024,707078.047,
Máy ảnh máy quay phim và linh kiện,10,2024,710059.9820000012,
Máy ảnh máy quay phim và linh kiện,11,2024,589146.8680000007,
Máy ảnh máy quay phim và linh kiện,12,2024,577925.101,
Máy ảnh máy quay phim và linh kiện,1,2025,579412.3850000001,
Máy ảnh máy quay phim và linh kiện,2,2025,532297.2039999998,
Máy ảnh máy quay phim và linh kiện,3,2025,616287.88,
Máy ảnh máy quay phim và linh kiện,4,2025,652524.1180000004,
Máy ảnh máy quay phim và linh kiện,5,2025,538118.4330000001,
Máy ảnh máy quay phim và linh kiện,6,2025,607346.2639999996,
Máy ảnh máy quay phim và linh kiện,7,2025,660078.5660000002,
Máy ảnh máy quay phim và linh kiện,8,2025,833714.1039999995,
Máy ảnh máy quay phim và linh kiện,9,2025,847676.1119999998,
Máy ảnh máy quay phim và linh kiện,10,2025,882356.369000001,
Máy ảnh máy quay phim và linh kiện,11,2025,794744.3729999998,
Máy ảnh máy quay phim và linh kiện,12,2025,757709.186,
"Máy ảnh, máy quay phim và linh kiện",1,2017,,252277.24
"Máy ảnh, máy quay phim và linh kiện",2,2017,,252901.32
"Máy ảnh, máy quay phim và linh kiện",3,2017,,233797.35
"Máy ảnh, máy quay phim và linh kiện",4,2017,,259003.08
"Máy ảnh, máy quay phim và linh kiện",5,2017,,245462.58
"Máy ảnh, máy quay phim và linh kiện",6,2017,,249201.56
"Máy ảnh, máy quay phim và linh kiện",7,2017,,257353.25
"Máy ảnh, máy quay phim và linh kiện",8,2017,,297000.0
"Máy ảnh, máy quay phim và linh kiện",9,2017,,350000.0
"Máy ảnh, máy quay phim và linh kiện",10,2017,,450000.0
"Máy ảnh, máy quay phim và linh kiện",11,2017,,514727.84
"Máy ảnh, máy quay phim và linh kiện",12,2017,,492096.55
"Nguyên phụ liệu dệt, may, da, giày",1,2017,,127000.0
"Nguyên phụ liệu dệt, may, da, giày",2,2017,,129000.0
"Nguyên phụ liệu dệt, may, da, giày",3,2017,,160801.13
"Nguyên phụ liệu dệt, may, da, giày",4,2017,,150000.0
"Nguyên phụ liệu dệt, may, da, giày",5,2017,,153251.58
"Nguyên phụ liệu dệt, may, da, giày",6,2017,,153634.6
"Nguyên phụ liệu dệt, may, da, giày",7,2017,,152000.0
"Nguyên phụ liệu dệt, may, da, giày",8,2017,,163491.1
"Nguyên phụ liệu dệt, may, da, giày",9,2017,,152000.0
"Nguyên phụ liệu dệt, may, da, giày",10,2017,,152679.25
"Nguyên phụ liệu dệt, may, da, giày",11,2017,,145000.0
"Nguyên phụ liệu dệt, may, da, giày",12,2017,,146000.0
"Nguyên phụ liệu dệt, may, da, giày",1,2018,,154249.14
"Nguyên phụ liệu dệt, may, da, giày",2,2018,,122745.06
"Nguyên phụ liệu dệt, may, da, giày",3,2018,,169099.57
"Nguyên phụ liệu dệt, may, da, giày",4,2018,,165950.41
"Nguyên phụ liệu dệt, may, da, giày",5,2018,,180092.55
"Nguyên phụ liệu dệt, may, da, giày",6,2018,,154935.97
"Nguyên phụ liệu dệt, may, da, giày",7,2018,,167425.21
"Nguyên phụ liệu dệt, may, da, giày",8,2018,,174128.98
"Nguyên phụ liệu dệt, may, da, giày",9,2018,,147990.42
"Nguyên phụ liệu dệt, may, da, giày",10,2018,,166129.12
"Nguyên phụ liệu dệt, may, da, giày",11,2018,,152688.4
"Nguyên phụ liệu dệt, may, da, giày",12,2018,,147155.43
"Nguyên phụ liệu dệt, may, da, giày",1,2019,,165141.57
"Nguyên phụ liệu dệt, may, da, giày",2,2019,,97500.41
"Nguyên phụ liệu dệt, may, da, giày",3,2019,,173186.84
"Nguyên phụ liệu dệt, may, da, giày",4,2019,,163675.43
"Nguyên phụ liệu dệt, may, da, giày",5,2019,,179744.33
"Nguyên phụ liệu dệt, may, da, giày",6,2019,,178358.32
"Nguyên phụ liệu dệt, may, da, giày",7,2019,,180491.28
"Nguyên phụ liệu dệt, may, da, giày",8,2019,,192182.04
"Nguyên phụ liệu dệt, may, da, giày",9,2019,,160590.88
"Nguyên phụ liệu dệt, may, da, giày",10,2019,,180368.05
"Nguyên phụ liệu dệt, may, da, giày",11,2019,,165502.35
"Nguyên phụ liệu dệt, may, da, giày",12,2019,,177981.8
"Nguyên phụ liệu dệt, may, da, giày",1,2020,,128141.94
"Nguyên phụ liệu dệt, may, da, giày",2,2020,,147317.4
"Nguyên phụ liệu dệt, may, da, giày",3,2020,,163313.46
"Nguyên phụ liệu dệt, may, da, giày",4,2020,,120751.82
"Nguyên phụ liệu dệt, may, da, giày",5,2020,,111472.52
"Nguyên phụ liệu dệt, may, da, giày",6,2020,,123798.51
"Nguyên phụ liệu dệt, may, da, giày",7,2020,,129475.72
"Nguyên phụ liệu dệt, may, da, giày",8,2020,,129983.03
"Nguyên phụ liệu dệt, may, da, giày",9,2020,,139301.72
"Nguyên phụ liệu dệt, may, da, giày",10,2020,,167556.9
"Nguyên phụ liệu dệt, may, da, giày",11,2020,,150411.37
"Nguyên phụ liệu dệt, may, da, giày",12,2020,,176015.39
"Nguyên phụ liệu dệt, may, da, giày",1,2021,170245.517,
"Nguyên phụ liệu dệt, may, da, giày",2,2021,118599.38199999998,
"Nguyên phụ liệu dệt, may, da, giày",3,2021,183532.955,
"Nguyên phụ liệu dệt, may, da, giày",4,2021,181914.13499999995,
"Nguyên phụ liệu dệt, may, da, giày",5,2021,166638.46000000002,
"Nguyên phụ liệu dệt, may, da, giày",6,2021,173338.40399999992,
"Nguyên phụ liệu dệt, may, da, giày",7,2021,166776.7460000001,
"Nguyên phụ liệu dệt, may, da, giày",8,2021,147057.81800000003,
"Nguyên phụ liệu dệt, may, da, giày",9,2021,134455.82600000018,
"Nguyên phụ liệu dệt, may, da, giày",10,2021,146709.76000000007,
"Nguyên phụ liệu dệt, may, da, giày",11,2021,192017.68600000005,
"Nguyên phụ liệu dệt, may, da, giày",12,2021,213509.511,
"Nguyên phụ liệu dệt, may, da, giày",1,2022,200374.885,
"Nguyên phụ liệu dệt, may, da, giày",2,2022,142139.023,
"Nguyên phụ liệu dệt, may, da, giày",3,2022,219733.097,
"Nguyên phụ liệu dệt, may, da, giày",4,2022,212208.10299999992,
"Nguyên phụ liệu dệt, may, da, giày",5,2022,205327.9150000001,
"Nguyên phụ liệu dệt, may, da, giày",6,2022,199537.18099999992,
"Nguyên phụ liệu dệt, may, da, giày",7,2022,191441.1670000002,
"Nguyên phụ liệu dệt, may, da, giày",8,2022,197851.77000000008,
"Nguyên phụ liệu dệt, may, da, giày",9,2022,175119.50300000014,
"Nguyên phụ liệu dệt, may, da, giày",10,2022,161520.06499999983,
"Nguyên phụ liệu dệt, may, da, giày",11,2022,162710.6980000002,
"Nguyên phụ liệu dệt, may, da, giày",12,2022,174061.86999999953,
"Nguyên phụ liệu dệt, may, da, giày",1,2023,121150.424,
"Nguyên phụ liệu dệt, may, da, giày",2,2023,163921.64899999998,
"Nguyên phụ liệu dệt, may, da, giày",3,2023,197663.44800000003,
"Nguyên phụ liệu dệt, may, da, giày",4,2023,160856.28100000002,
"Nguyên phụ liệu dệt, may, da, giày",5,2023,161732.44199999998,
"Nguyên phụ liệu dệt, may, da, giày",6,2023,153242.87700000004,
"Nguyên phụ liệu dệt, may, da, giày",7,2023,167303.398,
"Nguyên phụ liệu dệt, may, da, giày",8,2023,185319.01599999977,
"Nguyên phụ liệu dệt, may, da, giày",9,2023,154749.2780000001,
"Nguyên phụ liệu dệt, may, da, giày",10,2023,165329.92199999996,
"Nguyên phụ liệu dệt, may, da, giày",11,2023,156365.9869999999,
"Nguyên phụ liệu dệt, may, da, giày",12,2023,164433.67500000005,
"Nguyên phụ liệu dệt, may, da, giày",1,2024,193061.218,
"Nguyên phụ liệu dệt, may, da, giày",2,2024,117343.75300000004,
"Nguyên phụ liệu dệt, may, da, giày",3,2024,187402.871,
"Nguyên phụ liệu dệt, may, da, giày",4,2024,190837.19399999996,
"Nguyên phụ liệu dệt, may, da, giày",5,2024,194251.79100000008,
"Nguyên phụ liệu dệt, may, da, giày",6,2024,178044.517,
"Nguyên phụ liệu dệt, may, da, giày",7,2024,193945.96799999988,
"Nguyên phụ liệu dệt, may, da, giày",8,2024,214769.02399999983,
"Nguyên phụ liệu dệt, may, da, giày",9,2024,175455.367,
"Nguyên phụ liệu dệt, may, da, giày",10,2024,202590.9170000003,
"Nguyên phụ liệu dệt, may, da, giày",11,2024,187871.88899999944,
"Nguyên phụ liệu dệt, may, da, giày",12,2024,193774.822,
"Nguyên phụ liệu dệt, may, da, giày",1,2025,188903.65700000004,
"Nguyên phụ liệu dệt, may, da, giày",2,2025,161068.966,
"Nguyên phụ liệu dệt, may, da, giày",3,2025,208727.35599999988,
"Nguyên phụ liệu dệt, may, da, giày",4,2025,208483.61200000005,
"Nguyên phụ liệu dệt, may, da, giày",5,2025,204757.65300000008,
"Nguyên phụ liệu dệt, may, da, giày",6,2025,193451.0749999998,
"Nguyên phụ liệu dệt, may, da, giày",7,2025,217217.1620000001,
"Nguyên phụ liệu dệt, may, da, giày",8,2025,218590.7130000003,
"Nguyên phụ liệu dệt, may, da, giày",9,2025,200443.64099999992,
"Nguyên phụ liệu dệt, may, da, giày",10,2025,203876.92900000032,
"Nguyên phụ liệu dệt, may, da, giày",11,2025,190278.2629999997,
"Nguyên phụ liệu dệt, may, da, giày",12,2025,236900.202,
Phân bón các loại,1,2017,51.554,14157.15
Phân bón các loại,2,2017,82.465,23079.78
Phân bón các loại,3,2017,79.122,20114.65
Phân bón các loại,4,2017,65.753,17610.48
Phân bón các loại,5,2017,79.233,23812.19
Phân bón các loại,6,2017,95.485,26452.6
Phân bón các loại,7,2017,83.87,24842.98
Phân bón các loại,8,2017,92.763,26179.37
Phân bón các loại,9,2017,99.711,26802.87
Phân bón các loại,10,2017,91.62,28732.81
Phân bón các loại,11,2017,59.487,17598.67
Phân bón các loại,12,2017,49.34,14290.53
Phân bón các loại,1,2018,62762.0,19387.95
Phân bón các loại,2,2018,64014.0,20890.81
Phân bón các loại,3,2018,100820.0,32026.3
Phân bón các loại,4,2018,86844.0,28289.19
Phân bón các loại,5,2018,97438.0,31551.85
Phân bón các loại,6,2018,65443.0,21210.13
Phân bón các loại,7,2018,77540.0,27477.62
Phân bón các loại,8,2018,56639.0,19786.14
Phân bón các loại,9,2018,71997.0,25811.16
Phân bón các loại,10,2018,62569.0,20366.01
Phân bón các loại,11,2018,52456.0,18634.12
Phân bón các loại,12,2018,48256.0,15367.35
Phân bón các loại,1,2019,43113.0,14024.99
Phân bón các loại,2,2019,35662.0,9668.52
Phân bón các loại,3,2019,45868.0,13542.07
Phân bón các loại,4,2019,82135.0,27201.83
Phân bón các loại,5,2019,77827.0,25572.22
Phân bón các loại,6,2019,60431.0,20849.61
Phân bón các loại,7,2019,64515.0,22377.6
Phân bón các loại,8,2019,115957.0,37320.61
Phân bón các loại,9,2019,93348.0,29216.75
Phân bón các loại,10,2019,88577.0,29664.84
Phân bón các loại,11,2019,66121.0,20272.54
Phân bón các loại,12,2019,57807.0,18327.89
Phân bón các loại,1,2020,41235.0,11749.72
Phân bón các loại,2,2020,77561.0,23625.28
Phân bón các loại,3,2020,83297.0,23211.34
Phân bón các loại,4,2020,96575.0,27473.49
Phân bón các loại,5,2020,85972.0,25740.97
Phân bón các loại,6,2020,76085.0,23094.03
Phân bón các loại,7,2020,79386.0,23503.75
Phân bón các loại,8,2020,190775.0,51552.06
Phân bón các loại,9,2020,132276.0,41615.87
Phân bón các loại,10,2020,134904.0,38939.67
Phân bón các loại,11,2020,82227.0,25104.92
Phân bón các loại,12,2020,82588.0,24951.06
Phân bón các loại,1,2021,38326.102,80575.0
Phân bón các loại,2,2021,25177.978000000003,126066.0
Phân bón các loại,3,2021,39330.242,139497.0
Phân bón các loại,4,2021,47308.83,103704.0
Phân bón các loại,5,2021,35596.210999999996,86245.0
Phân bón các loại,6,2021,45130.298999999985,85441.0
Phân bón các loại,7,2021,33167.05599999997,81923.0
Phân bón các loại,8,2021,31871.201999999976,88131.0
Phân bón các loại,9,2021,37556.183000000005,145936.0
Phân bón các loại,10,2021,46113.80699999996,140373.0
Phân bón các loại,11,2021,79699.70800000003,148256.0
Phân bón các loại,12,2021,100074.75699999995,1353133.0
Phân bón các loại,1,2022,171699.152,126517.0
Phân bón các loại,2,2022,69978.65599999999,121596.0
Phân bón các loại,3,2022,65292.764999999985,153664.0
Phân bón các loại,4,2022,105653.03100000008,131880.0
Phân bón các loại,5,2022,87316.01699999996,238199.0
Phân bón các loại,6,2022,146754.262,113026.0
Phân bón các loại,7,2022,75112.324,117098.0
Phân bón các loại,8,2022,70167.49799999988,161406.0
Phân bón các loại,9,2022,94193.38600000006,158912.0
Phân bón các loại,10,2022,87278.11699999994,68815.0
Phân bón các loại,11,2022,55100.06000000003,133796.0
Phân bón các loại,12,2022,66262.59699999992,1751064.0
Phân bón các loại,1,2023,63910.737,151041.0
Phân bón các loại,2,2023,65056.253,126638.0
Phân bón các loại,3,2023,54616.25900000001,132357.0
Phân bón các loại,4,2023,48585.60799999997,154990.0
Phân bón các loại,5,2023,56901.55900000003,108113.0
Phân bón các loại,6,2023,46709.171999999984,142204.0
Phân bón các loại,7,2023,55273.37800000005,158067.0
Phân bón các loại,8,2023,58892.78300000002,91757.0
Phân bón các loại,9,2023,41303.06600000001,106980.0
Phân bón các loại,10,2023,48758.44399999998,84215.0
Phân bón các loại,11,2023,37482.38199999995,162927.0
Phân bón các loại,12,2023,71414.08400000003,1546522.0
Phân bón các loại,1,2024,72895.861,171741.0
Phân bón các loại,2,2024,72523.092,147824.0
Phân bón các loại,3,2024,62368.927,124676.0
Phân bón các loại,4,2024,44609.274000000005,97458.0
Phân bón các loại,5,2024,41516.68100000001,181175.0
Phân bón các loại,6,2024,68172.58899999998,130700.0
Phân bón các loại,7,2024,58228.84999999998,131763.0
Phân bón các loại,8,2024,58496.74000000011,127651.0
Phân bón các loại,9,2024,51844.261,147652.0
Phân bón các loại,10,2024,59882.41999999981,131133.0
Phân bón các loại,11,2024,54027.34000000017,154801.0
Phân bón các loại,12,2024,65345.804,1726795.0
Phân bón các loại,1,2025,60591.25299999998,186649.0
Phân bón các loại,2,2025,73868.56200000002,266670.0
Phân bón các loại,3,2025,90912.61699999995,159885.0
Phân bón các loại,4,2025,68601.27500000002,186853.0
Phân bón các loại,5,2025,78019.09700000002,171116.0
Phân bón các loại,6,2025,77406.90699999999,180109.0
Phân bón các loại,7,2025,81218.52699999999,204668.0
Phân bón các loại,8,2025,93535.2849999999,161635.0
Phân bón các loại,9,2025,79031.14600000005,101563.0
Phân bón các loại,10,2025,44235.77000000002,89734.0
Phân bón các loại,11,2025,44759.77000000002,114545.0
Phân bón các loại,12,2025,52786.171,1970931.0
Phương tiện vận tải và phụ tùng,1,2017,,599075.87
Phương tiện vận tải và phụ tùng,2,2017,,496991.8
Phương tiện vận tải và phụ tùng,3,2017,,605000.0
Phương tiện vận tải và phụ tùng,4,2017,,572000.0
Phương tiện vận tải và phụ tùng,5,2017,,549373.93
Phương tiện vận tải và phụ tùng,6,2017,,580000.0
Phương tiện vận tải và phụ tùng,7,2017,,644692.39
Phương tiện vận tải và phụ tùng,8,2017,,569000.0
Phương tiện vận tải và phụ tùng,9,2017,,523618.52
Phương tiện vận tải và phụ tùng,10,2017,,574000.0
Phương tiện vận tải và phụ tùng,11,2017,,570000.0
Phương tiện vận tải và phụ tùng,12,2017,,560000.0
Phương tiện vận tải và phụ tùng,1,2018,,761198.32
Phương tiện vận tải và phụ tùng,2,2018,,544132.85
Phương tiện vận tải và phụ tùng,3,2018,,721738.84
Phương tiện vận tải và phụ tùng,4,2018,,625625.46
Phương tiện vận tải và phụ tùng,5,2018,,763196.11
Phương tiện vận tải và phụ tùng,6,2018,,612418.66
Phương tiện vận tải và phụ tùng,7,2018,,629042.58
Phương tiện vận tải và phụ tùng,8,2018,,667361.07
Phương tiện vận tải và phụ tùng,9,2018,,568554.71
Phương tiện vận tải và phụ tùng,10,2018,,744447.47
Phương tiện vận tải và phụ tùng,11,2018,,667068.86
Phương tiện vận tải và phụ tùng,12,2018,,659238.28
Phương tiện vận tải và phụ tùng,1,2019,,856928.42
Phương tiện vận tải và phụ tùng,2,2019,,491166.81
Phương tiện vận tải và phụ tùng,3,2019,,810421.45
Phương tiện vận tải và phụ tùng,4,2019,,665640.09
Phương tiện vận tải và phụ tùng,5,2019,,753135.34
Phương tiện vận tải và phụ tùng,6,2019,,663453.31
Phương tiện vận tải và phụ tùng,7,2019,,727552.66
Phương tiện vận tải và phụ tùng,8,2019,,753347.88
Phương tiện vận tải và phụ tùng,9,2019,,628015.93
Phương tiện vận tải và phụ tùng,10,2019,,718140.62
Phương tiện vận tải và phụ tùng,11,2019,,732483.66
Phương tiện vận tải và phụ tùng,12,2019,,705097.32
Phương tiện vận tải và phụ tùng,1,2020,,700609.06
Phương tiện vận tải và phụ tùng,2,2020,,738497.97
Phương tiện vận tải và phụ tùng,3,2020,,773760.33
Phương tiện vận tải và phụ tùng,4,2020,,479114.89
Phương tiện vận tải và phụ tùng,5,2020,,496782.69
Phương tiện vận tải và phụ tùng,6,2020,,569663.17
Phương tiện vận tải và phụ tùng,7,2020,,617089.14
Phương tiện vận tải và phụ tùng,8,2020,,951171.48
Phương tiện vận tải và phụ tùng,9,2020,,1052147.49
Phương tiện vận tải và phụ tùng,10,2020,,844308.48
Phương tiện vận tải và phụ tùng,11,2020,,985215.2
Phương tiện vận tải và phụ tùng,12,2020,,882216.8
Phương tiện vận tải và phụ tùng,1,2021,920144.188,
Phương tiện vận tải và phụ tùng,2,2021,755873.019,
Phương tiện vận tải và phụ tùng,3,2021,977331.232,
Phương tiện vận tải và phụ tùng,4,2021,893401.5640000004,
Phương tiện vận tải và phụ tùng,5,2021,925742.8120000004,
Phương tiện vận tải và phụ tùng,6,2021,986457.7939999994,
Phương tiện vận tải và phụ tùng,7,2021,949929.4769999996,
Phương tiện vận tải và phụ tùng,8,2021,759192.7559999997,
Phương tiện vận tải và phụ tùng,9,2021,657662.0029999992,
Phương tiện vận tải và phụ tùng,10,2021,759109.292,
Phương tiện vận tải và phụ tùng,11,2021,955359.6350000004,
Phương tiện vận tải và phụ tùng,12,2021,1076299.2660000012,
Phương tiện vận tải và phụ tùng,1,2022,1015350.777,
Phương tiện vận tải và phụ tùng,2,2022,794815.5889999999,
Phương tiện vận tải và phụ tùng,3,2022,1088884.1240000003,
Phương tiện vận tải và phụ tùng,4,2022,950402.6259999996,
Phương tiện vận tải và phụ tùng,5,2022,966591.1719999998,
Phương tiện vận tải và phụ tùng,6,2022,948890.747,
Phương tiện vận tải và phụ tùng,7,2022,980588.7909999996,
Phương tiện vận tải và phụ tùng,8,2022,1081961.9080000003,
Phương tiện vận tải và phụ tùng,9,2022,936063.7649999992,
Phương tiện vận tải và phụ tùng,10,2022,1027113.9279999998,
Phương tiện vận tải và phụ tùng,11,2022,1073777.4970000018,
Phương tiện vận tải và phụ tùng,12,2022,1123935.735,
Phương tiện vận tải và phụ tùng,1,2023,852779.613,
Phương tiện vận tải và phụ tùng,2,2023,1070244.67,
Phương tiện vận tải và phụ tùng,3,2023,1224791.227,
Phương tiện vận tải và phụ tùng,4,2023,1180109.461,
Phương tiện vận tải và phụ tùng,5,2023,1169321.9929999998,
Phương tiện vận tải và phụ tùng,6,2023,1177636.215,
Phương tiện vận tải và phụ tùng,7,2023,1164684.3890000004,
Phương tiện vận tải và phụ tùng,8,2023,1219612.84,
Phương tiện vận tải và phụ tùng,9,2023,1219449.9920000006,
Phương tiện vận tải và phụ tùng,10,2023,1183097.0199999996,
Phương tiện vận tải và phụ tùng,11,2023,1157920.6909999996,
Phương tiện vận tải và phụ tùng,12,2023,1537681.6640000008,
Phương tiện vận tải và phụ tùng,1,2024,1328869.325,
Phương tiện vận tải và phụ tùng,2,2024,932514.1309999998,
Phương tiện vận tải và phụ tùng,3,2024,1402806.4220000005,
Phương tiện vận tải và phụ tùng,4,2024,1114144.7550000004,
Phương tiện vận tải và phụ tùng,5,2024,1306167.023,
Phương tiện vận tải và phụ tùng,6,2024,1126490.4669999992,
Phương tiện vận tải và phụ tùng,7,2024,1396875.8560000006,
Phương tiện vận tải và phụ tùng,8,2024,1346159.897,
Phương tiện vận tải và phụ tùng,9,2024,1098924.02,
Phương tiện vận tải và phụ tùng,10,2024,1463684.437000001,
Phương tiện vận tải và phụ tùng,11,2024,1251111.203,
Phương tiện vận tải và phụ tùng,12,2024,1298973.647,
Phương tiện vận tải và phụ tùng,1,2025,1196222.075,
Phương tiện vận tải và phụ tùng,2,2025,1280947.012,
Phương tiện vận tải và phụ tùng,3,2025,1458973.0599999998,
Phương tiện vận tải và phụ tùng,4,2025,1352540.1360000002,
Phương tiện vận tải và phụ tùng,5,2025,1477879.842,
Phương tiện vận tải và phụ tùng,6,2025,1460447.51,
Phương tiện vận tải và phụ tùng,7,2025,1678007.6510000008,
Phương tiện vận tải và phụ tùng,8,2025,1487410.7970000005,
Phương tiện vận tải và phụ tùng,9,2025,1377412.7509999983,
Phương tiện vận tải và phụ tùng,10,2025,1568312.5610000028,
Phương tiện vận tải và phụ tùng,11,2025,1609299.917999998,
Phương tiện vận tải và phụ tùng,12,2025,1582207.497,
Phụ tùng ô tô,1,2018,,424572.4
Phụ tùng ô tô,2,2018,,288666.02
Phụ tùng ô tô,3,2018,,410390.34
Phụ tùng ô tô,4,2018,,352669.33
Phụ tùng ô tô,5,2018,,463914.59
Phụ tùng ô tô,6,2018,,393126.08
Phụ tùng ô tô,7,2018,,420077.32
Phụ tùng ô tô,8,2018,,458249.41
Phụ tùng ô tô,9,2018,,395905.09
Phụ tùng ô tô,10,2018,,468877.13
Phụ tùng ô tô,11,2018,,456484.55
Phụ tùng ô tô,12,2018,,461367.54
Phụ tùng ô tô,1,2019,,515144.05
Phụ tùng ô tô,2,2019,,305155.92
Phụ tùng ô tô,3,2019,,480462.87
Phụ tùng ô tô,4,2019,,460346.71
Phụ tùng ô tô,5,2019,,495359.4
Phụ tùng ô tô,6,2019,,461062.71
Phụ tùng ô tô,7,2019,,489750.88
Phụ tùng ô tô,8,2019,,512631.06
Phụ tùng ô tô,9,2019,,459228.1
Phụ tùng ô tô,10,2019,,497890.01
Phụ tùng ô tô,11,2019,,481861.62
Phụ tùng ô tô,12,2019,,486535.14
Phụ tùng ô tô,1,2020,,397543.9
Phụ tùng ô tô,2,2020,,467691.97
Phụ tùng ô tô,3,2020,,501562.73
Phụ tùng ô tô,4,2020,,343519.49
Phụ tùng ô tô,5,2020,,281164.69
Phụ tùng ô tô,6,2020,,364319.88
Phụ tùng ô tô,7,2020,,449157.78
Phụ tùng ô tô,8,2020,,546950.75
Phụ tùng ô tô,9,2020,,540865.23
Phụ tùng ô tô,10,2020,,611825.28
Phụ tùng ô tô,11,2020,,587029.8
Phụ tùng ô tô,12,2020,,626128.12
Phụ tùng ô tô,1,2021,585245.863,
Phụ tùng ô tô,2,2021,418097.789,
Phụ tùng ô tô,3,2021,635978.64,
Phụ tùng ô tô,4,2021,576392.5560000002,
Phụ tùng ô tô,5,2021,585637.2479999996,
Phụ tùng ô tô,6,2021,606887.85,
Phụ tùng ô tô,7,2021,572631.904,
Phụ tùng ô tô,8,2021,506723.34099999943,
Phụ tùng ô tô,9,2021,434680.3260000006,
Phụ tùng ô tô,10,2021,501642.816,
Phụ tùng ô tô,11,2021,611414.0050000012,
Phụ tùng ô tô,12,2021,665028.6250000003,
Phụ tùng ô tô,1,2022,675030.092,
Phụ tùng ô tô,2,2022,484381.878,
Phụ tùng ô tô,3,2022,636173.6670000001,
Phụ tùng ô tô,4,2022,601000.2239999999,
Phụ tùng ô tô,5,2022,582713.2420000001,
Phụ tùng ô tô,6,2022,604507.321,
Phụ tùng ô tô,7,2022,619930.5339999995,
Phụ tùng ô tô,8,2022,694711.5810000007,
Phụ tùng ô tô,9,2022,593374.71,
Phụ tùng ô tô,10,2022,639209.1079999995,
Phụ tùng ô tô,11,2022,642912.615999999,
Phụ tùng ô tô,12,2022,671192.0500000012,
Phụ tùng ô tô,1,2023,507404.622,
Phụ tùng ô tô,2,2023,654876.432,
Phụ tùng ô tô,3,2023,738822.6359999999,
Phụ tùng ô tô,4,2023,694779.284,
Phụ tùng ô tô,5,2023,767865.8110000002,
Phụ tùng ô tô,6,2023,795550.844,
Phụ tùng ô tô,7,2023,770641.2600000002,
Phụ tùng ô tô,8,2023,864630.1919999998,
Phụ tùng ô tô,9,2023,782462.5900000003,
Phụ tùng ô tô,10,2023,822414.8789999993,
Phụ tùng ô tô,11,2023,834254.5480000004,
Phụ tùng ô tô,12,2023,818111.4359999998,
Quặng và khoáng sản khác,1,2017,115.516,6847.1
Quặng và khoáng sản khác,2,2017,296.254,16928.61
Quặng và khoáng sản khác,3,2017,475.686,12520.05
Quặng và khoáng sản khác,4,2017,536.91,25766.9
Quặng và khoáng sản khác,5,2017,462.216,12990.44
Quặng và khoáng sản khác,6,2017,380.548,12193.52
Quặng và khoáng sản khác,7,2017,253.019,14021.4
Quặng và khoáng sản khác,8,2017,328.33,12137.38
Quặng và khoáng sản khác,9,2017,471.818,14594.0
Quặng và khoáng sản khác,10,2017,423.238,18537.39
Quặng và khoáng sản khác,11,2017,478.813,13721.84
Quặng và khoáng sản khác,12,2017,602.36,22897.57
Quặng và khoáng sản khác,1,2018,465731.0,13913.75
Quặng và khoáng sản khác,2,2018,164251.0,12667.71
Quặng và khoáng sản khác,3,2018,426089.0,14559.64
Quặng và khoáng sản khác,4,2018,470165.0,24377.29
Quặng và khoáng sản khác,5,2018,248551.0,17724.48
Quặng và khoáng sản khác,6,2018,208745.0,17240.13
Quặng và khoáng sản khác,7,2018,164425.0,9307.03
Quặng và khoáng sản khác,8,2018,118306.0,16685.85
Quặng và khoáng sản khác,9,2018,71016.0,8828.57
Quặng và khoáng sản khác,10,2018,140888.0,24126.18
Quặng và khoáng sản khác,11,2018,202078.0,16174.52
Quặng và khoáng sản khác,12,2018,216800.0,20395.2
Quặng và khoáng sản khác,1,2019,133376.0,10437.82
Quặng và khoáng sản khác,2,2019,195605.0,20868.34
Quặng và khoáng sản khác,3,2019,278921.0,18285.87
Quặng và khoáng sản khác,4,2019,374537.0,28540.78
Quặng và khoáng sản khác,5,2019,336181.0,20489.6
Quặng và khoáng sản khác,6,2019,302646.0,23695.6
Quặng và khoáng sản khác,7,2019,271997.0,16114.43
Quặng và khoáng sản khác,8,2019,234135.0,17932.27
Quặng và khoáng sản khác,9,2019,192918.0,16565.54
Quặng và khoáng sản khác,10,2019,200397.0,18109.02
Quặng và khoáng sản khác,11,2019,119852.0,11413.66
Quặng và khoáng sản khác,12,2019,286135.0,15109.62
Quặng và khoáng sản khác,1,2020,226594.0,20921.02
Quặng và khoáng sản khác,2,2020,222862.0,8019.42
Quặng và khoáng sản khác,3,2020,230233.0,16480.35
Quặng và khoáng sản khác,4,2020,165286.0,11641.01
Quặng và khoáng sản khác,5,2020,249293.0,15835.12
Quặng và khoáng sản khác,6,2020,322552.0,34332.4
Quặng và khoáng sản khác,7,2020,395567.0,32578.43
Quặng và khoáng sản khác,8,2020,336405.0,26447.55
Quặng và khoáng sản khác,9,2020,217970.0,12682.65
Quặng và khoáng sản khác,10,2020,507776.0,13735.92
Quặng và khoáng sản khác,11,2020,136978.0,16605.08
Quặng và khoáng sản khác,12,2020,349649.0,17096.33
Quặng và khoáng sản khác,1,2021,11216.87,192898.0
Quặng và khoáng sản khác,2,2021,14749.58,449074.0
Quặng và khoáng sản khác,3,2021,17658.96,402484.0
Quặng và khoáng sản khác,4,2021,25492.71,311356.0
Quặng và khoáng sản khác,5,2021,20341.68,284777.0
Quặng và khoáng sản khác,6,2021,25094.35,396023.0
Quặng và khoáng sản khác,7,2021,15539.36,333595.0
Quặng và khoáng sản khác,8,2021,16960.03,338086.0
Quặng và khoáng sản khác,9,2021,13556.13,356820.0
Quặng và khoáng sản khác,10,2021,9175.23,235093.0
Quặng và khoáng sản khác,11,2021,18389.57899999999,506662.0
Quặng và khoáng sản khác,12,2021,26400.43399999998,4025498.0
Quặng và khoáng sản khác,1,2022,17013.53,199202.0
Quặng và khoáng sản khác,2,2022,15617.94,305748.0
Quặng và khoáng sản khác,3,2022,26484.46,299616.35
Quặng và khoáng sản khác,4,2022,12627.6,284684.0
Quặng và khoáng sản khác,5,2022,15811.92,526056.65
Quặng và khoáng sản khác,6,2022,29230.97,250010.0
Quặng và khoáng sản khác,7,2022,19429.04,345281.0
Quặng và khoáng sản khác,8,2022,21705.62,96034.0
Quặng và khoáng sản khác,9,2022,6006.49,200013.0
Quặng và khoáng sản khác,10,2022,13360.490000000002,184214.0
Quặng và khoáng sản khác,11,2022,11587.58,189748.0
Quặng và khoáng sản khác,12,2022,23396.30300000002,3360137.0
Quặng và khoáng sản khác,1,2023,16494.62,152970.0
Quặng và khoáng sản khác,2,2023,9728.85,172059.0
Quặng và khoáng sản khác,3,2023,9733.97,292731.0
Quặng và khoáng sản khác,4,2023,10414.47,304176.0
Quặng và khoáng sản khác,5,2023,26282.96,160001.0
Quặng và khoáng sản khác,6,2023,8772.2,168069.0
Quặng và khoáng sản khác,7,2023,19699.07,248668.0
Quặng và khoáng sản khác,8,2023,9013.93,256799.0
Quặng và khoáng sản khác,9,2023,26034.690000000017,252382.0
Quặng và khoáng sản khác,10,2023,20218.950999999975,300689.0
Quặng và khoáng sản khác,11,2023,9682.781,115435.0
Quặng và khoáng sản khác,12,2023,21655.398000000016,2802182.0
Quặng và khoáng sản khác,1,2024,24005.641,136184.0
Quặng và khoáng sản khác,2,2024,15202.202,234724.0
Quặng và khoáng sản khác,3,2024,21835.94000000001,198527.0
Quặng và khoáng sản khác,4,2024,1675.7049999999945,169955.0
Quặng và khoáng sản khác,5,2024,23338.320000000007,185251.0
Quặng và khoáng sản khác,6,2024,13901.887999999992,110125.0
Quặng và khoáng sản khác,7,2024,27081.982000000004,165740.0
Quặng và khoáng sản khác,8,2024,6493.364000000023,40827.0
Quặng và khoáng sản khác,9,2024,14766.691,95277.0
Quặng và khoáng sản khác,10,2024,26111.98999999998,93136.0
Quặng và khoáng sản khác,11,2024,14490.71099999997,117068.0
Quặng và khoáng sản khác,12,2024,26832.287,1916814.0
Quặng và khoáng sản khác,1,2025,8093.035,69149.0
Quặng và khoáng sản khác,2,2025,30430.957,54348.0
Quặng và khoáng sản khác,3,2025,5785.151999999995,69563.0
Quặng và khoáng sản khác,4,2025,27580.16800000001,96448.0
Quặng và khoáng sản khác,5,2025,14030.734000000004,38008.0
Quặng và khoáng sản khác,6,2025,20331.288999999997,42077.0
Quặng và khoáng sản khác,7,2025,12437.69999999999,49719.0
Quặng và khoáng sản khác,8,2025,20600.03500000004,31496.0
Quặng và khoáng sản khác,9,2025,11020.750000000007,38320.0
Quặng và khoáng sản khác,10,2025,9611.503000000004,32818.0
Quặng và khoáng sản khác,11,2025,18616.06499999998,97940.0
Quặng và khoáng sản khác,12,2025,35417.635,716549.0
Sản phẩm chất dẻo,1,2017,,180149.48
Sản phẩm chất dẻo,2,2017,,164571.94
Sản phẩm chất dẻo,3,2017,,226356.52
Sản phẩm chất dẻo,4,2017,,209659.58
Sản phẩm chất dẻo,5,2017,,205102.0
Sản phẩm chất dẻo,6,2017,,216373.62
Sản phẩm chất dẻo,7,2017,,212428.2
Sản phẩm chất dẻo,8,2017,,231645.04
Sản phẩm chất dẻo,9,2017,,212245.76
Sản phẩm chất dẻo,10,2017,,224347.53
Sản phẩm chất dẻo,11,2017,,227914.33
Sản phẩm chất dẻo,12,2017,,238000.0
Sản phẩm gốm sứ,1,2017,,40829.1
Sản phẩm gốm sứ,2,2017,,30011.81
Sản phẩm gốm sứ,3,2017,,40249.4
Sản phẩm gốm sứ,4,2017,,37395.54
Sản phẩm gốm sứ,5,2017,,37751.9
Sản phẩm gốm sứ,6,2017,,37243.69
Sản phẩm gốm sứ,7,2017,,34772.06
Sản phẩm gốm sứ,8,2017,,40893.79
Sản phẩm gốm sứ,9,2017,,37529.84
Sản phẩm gốm sứ,10,2017,,40571.71
Sản phẩm gốm sứ,11,2017,,40485.73
Sản phẩm gốm sứ,12,2017,,46276.38
"Sản phẩm gốm, sứ",1,2018,,51604.73
"Sản phẩm gốm, sứ",2,2018,,29325.65
"Sản phẩm gốm, sứ",3,2018,,43338.94
"Sản phẩm gốm, sứ",4,2018,,37229.67
"Sản phẩm gốm, sứ",5,2018,,44560.33
"Sản phẩm gốm, sứ",6,2018,,41032.42
"Sản phẩm gốm, sứ",7,2018,,39364.18
"Sản phẩm gốm, sứ",8,2018,,39844.74
"Sản phẩm gốm, sứ",9,2018,,39737.36
"Sản phẩm gốm, sứ",10,2018,,45551.37
"Sản phẩm gốm, sứ",11,2018,,47308.93
"Sản phẩm gốm, sứ",12,2018,,50429.05
"Sản phẩm gốm, sứ",1,2019,,57362.72
"Sản phẩm gốm, sứ",2,2019,,27091.5
"Sản phẩm gốm, sứ",3,2019,,45477.48
"Sản phẩm gốm, sứ",4,2019,,42054.61
"Sản phẩm gốm, sứ",5,2019,,41918.02
"Sản phẩm gốm, sứ",6,2019,,38716.34
"Sản phẩm gốm, sứ",7,2019,,46885.61
"Sản phẩm gốm, sứ",8,2019,,47015.06
"Sản phẩm gốm, sứ",9,2019,,42536.3
"Sản phẩm gốm, sứ",10,2019,,47270.54
"Sản phẩm gốm, sứ",11,2019,,46859.07
"Sản phẩm gốm, sứ",12,2019,,55942.85
"Sản phẩm gốm, sứ",1,2020,,43796.81
"Sản phẩm gốm, sứ",2,2020,,45654.95
"Sản phẩm gốm, sứ",3,2020,,51068.76
"Sản phẩm gốm, sứ",4,2020,,40536.46
"Sản phẩm gốm, sứ",5,2020,,38601.09
"Sản phẩm gốm, sứ",6,2020,,42350.87
"Sản phẩm gốm, sứ",7,2020,,47220.45
"Sản phẩm gốm, sứ",8,2020,,51167.69
"Sản phẩm gốm, sứ",9,2020,,46878.09
"Sản phẩm gốm, sứ",10,2020,,54926.81
"Sản phẩm gốm, sứ",11,2020,,54891.1
"Sản phẩm gốm, sứ",12,2020,,63937.92
"Sản phẩm gốm, sứ",1,2021,62570.417,
"Sản phẩm gốm, sứ",2,2021,42293.045,
"Sản phẩm gốm, sứ",3,2021,65351.807,
"Sản phẩm gốm, sứ",4,2021,58511.609,
"Sản phẩm gốm, sứ",5,2021,62621.69200000001,
"Sản phẩm gốm, sứ",6,2021,61266.399000000005,
"Sản phẩm gốm, sứ",7,2021,55223.27299999996,
"Sản phẩm gốm, sứ",8,2021,48882.82200000007,
"Sản phẩm gốm, sứ",9,2021,36637.50299999994,
"Sản phẩm gốm, sứ",10,2021,48077.75200000013,
"Sản phẩm gốm, sứ",11,2021,63533.28799999997,
"Sản phẩm gốm, sứ",12,2021,69742.09300000001,
"Sản phẩm gốm, sứ",1,2022,71955.295,
"Sản phẩm gốm, sứ",2,2022,44364.319,
"Sản phẩm gốm, sứ",3,2022,69417.51900000001,
"Sản phẩm gốm, sứ",4,2022,65108.52799999998,
"Sản phẩm gốm, sứ",5,2022,61027.039999999964,
"Sản phẩm gốm, sứ",6,2022,63721.80999999998,
"Sản phẩm gốm, sứ",7,2022,53995.505999999994,
"Sản phẩm gốm, sứ",8,2022,55124.95199999999,
"Sản phẩm gốm, sứ",9,2022,50348.565,
"Sản phẩm gốm, sứ",10,2022,55108.33700000011,
"Sản phẩm gốm, sứ",11,2022,57953.082999999926,
"Sản phẩm gốm, sứ",12,2022,62618.16800000011,
"Sản phẩm gốm, sứ",1,2023,41220.062,
"Sản phẩm gốm, sứ",2,2023,46194.361,
"Sản phẩm gốm, sứ",3,2023,50866.17299999999,
"Sản phẩm gốm, sứ",4,2023,50027.00700000002,
"Sản phẩm gốm, sứ",5,2023,48822.820000000014,
"Sản phẩm gốm, sứ",6,2023,52381.838999999985,
"Sản phẩm gốm, sứ",7,2023,47013.75200000005,
"Sản phẩm gốm, sứ",8,2023,52500.46099999996,
"Sản phẩm gốm, sứ",9,2023,50432.78700000002,
"Sản phẩm gốm, sứ",10,2023,55389.35600000003,
"Sản phẩm gốm, sứ",11,2023,60270.444000000025,
"Sản phẩm gốm, sứ",12,2023,63384.03899999999,
"Sản phẩm gốm, sứ",1,2024,64562.16,
"Sản phẩm gốm, sứ",2,2024,37137.678,
"Sản phẩm gốm, sứ",3,2024,58288.433000000005,
"Sản phẩm gốm, sứ",4,2024,53937.598,
"Sản phẩm gốm, sứ",5,2024,46787.24799999999,
"Sản phẩm gốm, sứ",6,2024,56330.98000000001,
"Sản phẩm gốm, sứ",7,2024,51142.870999999985,
"Sản phẩm gốm, sứ",8,2024,56890.471999999994,
"Sản phẩm gốm, sứ",9,2024,49445.707,
"Sản phẩm gốm, sứ",10,2024,63258.60299999993,
"Sản phẩm gốm, sứ",11,2024,63445.563000000126,
"Sản phẩm gốm, sứ",12,2024,73211.234,
"Sản phẩm gốm, sứ",1,2025,54506.89599999999,
"Sản phẩm gốm, sứ",2,2025,43888.276,
"Sản phẩm gốm, sứ",3,2025,53860.96400000001,
"Sản phẩm gốm, sứ",4,2025,56519.092,
"Sản phẩm gốm, sứ",5,2025,53894.78000000001,
"Sản phẩm gốm, sứ",6,2025,53889.72499999998,
"Sản phẩm gốm, sứ",7,2025,49576.158999999985,
"Sản phẩm gốm, sứ",8,2025,52990.429,
"Sản phẩm gốm, sứ",9,2025,51794.15600000002,
"Sản phẩm gốm, sứ",10,2025,61379.553000000014,
"Sản phẩm gốm, sứ",11,2025,64884.67700000008,
"Sản phẩm gốm, sứ",12,2025,68833.84,
Sản phẩm hóa chất,1,2017,,74509.99
Sản phẩm hóa chất,2,2017,,82571.56
Sản phẩm hóa chất,3,2017,,119274.24
Sản phẩm hóa chất,4,2017,,102457.61
Sản phẩm hóa chất,5,2017,,89881.67
Sản phẩm hóa chất,6,2017,,100858.6
Sản phẩm hóa chất,7,2017,,112299.75
Sản phẩm hóa chất,8,2017,,108688.14
Sản phẩm hóa chất,9,2017,,106584.85
Sản phẩm hóa chất,10,2017,,108175.41
Sản phẩm hóa chất,11,2017,,153915.02
Sản phẩm hóa chất,12,2017,,111000.0
Sản phẩm hóa chất,1,2018,,144969.27
Sản phẩm hóa chất,2,2018,,105919.75
Sản phẩm hóa chất,3,2018,,95559.52
Sản phẩm hóa chất,4,2018,,157045.67
Sản phẩm hóa chất,5,2018,,134044.62
Sản phẩm hóa chất,6,2018,,147993.3
Sản phẩm hóa chất,7,2018,,145027.87
Sản phẩm hóa chất,8,2018,,199763.16
Sản phẩm hóa chất,9,2018,,173005.12
Sản phẩm hóa chất,10,2018,,214155.5
Sản phẩm hóa chất,11,2018,,203800.98
Sản phẩm hóa chất,12,2018,,164193.28
Sản phẩm hóa chất,1,2019,,223986.32
Sản phẩm hóa chất,2,2019,,119097.35
Sản phẩm hóa chất,3,2019,,142946.11
Sản phẩm hóa chất,4,2019,,196965.08
Sản phẩm hóa chất,5,2019,,179419.03
Sản phẩm hóa chất,6,2019,,120379.34
Sản phẩm hóa chất,7,2019,,159142.28
Sản phẩm hóa chất,8,2019,,152049.52
Sản phẩm hóa chất,9,2019,,145395.6
Sản phẩm hóa chất,10,2019,,162254.7
Sản phẩm hóa chất,11,2019,,116594.68
Sản phẩm hóa chất,12,2019,,134797.83
Sản phẩm hóa chất,1,2020,,134570.41
Sản phẩm hóa chất,2,2020,,155803.78
Sản phẩm hóa chất,3,2020,,182049.18
Sản phẩm hóa chất,4,2020,,110628.13
Sản phẩm hóa chất,5,2020,,102134.03
Sản phẩm hóa chất,6,2020,,143924.18
Sản phẩm hóa chất,7,2020,,144858.49
Sản phẩm hóa chất,8,2020,,155189.94
Sản phẩm hóa chất,9,2020,,132933.28
Sản phẩm hóa chất,10,2020,,155232.88
Sản phẩm hóa chất,11,2020,,170493.14
Sản phẩm hóa chất,12,2020,,160785.65
Sản phẩm hóa chất,1,2021,151854.311,
Sản phẩm hóa chất,2,2021,118201.72500000003,
Sản phẩm hóa chất,3,2021,187275.17,
Sản phẩm hóa chất,4,2021,176421.02800000005,
Sản phẩm hóa chất,5,2021,203815.99399999995,
Sản phẩm hóa chất,6,2021,227974.3949999999,
Sản phẩm hóa chất,7,2021,183219.0680000002,
Sản phẩm hóa chất,8,2021,204174.34299999988,
Sản phẩm hóa chất,9,2021,208045.601,
Sản phẩm hóa chất,10,2021,254625.17600000004,
Sản phẩm hóa chất,11,2021,304154.69600000005,
Sản phẩm hóa chất,12,2021,294226.886,
Sản phẩm hóa chất,1,2022,270108.669,
Sản phẩm hóa chất,2,2022,206831.756,
Sản phẩm hóa chất,3,2022,316346.0460000001,
Sản phẩm hóa chất,4,2022,279099.79799999995,
Sản phẩm hóa chất,5,2022,274735.1159999999,
Sản phẩm hóa chất,6,2022,279359.16599999997,
Sản phẩm hóa chất,7,2022,290213.4280000001,
Sản phẩm hóa chất,8,2022,288259.81299999985,
Sản phẩm hóa chất,9,2022,238031.2340000005,
Sản phẩm hóa chất,10,2022,247125.2199999991,
Sản phẩm hóa chất,11,2022,190862.18200000032,
Sản phẩm hóa chất,12,2022,209927.805,
Sản phẩm hóa chất,1,2023,175135.562,
Sản phẩm hóa chất,2,2023,188391.352,
Sản phẩm hóa chất,3,2023,215368.6680000001,
Sản phẩm hóa chất,4,2023,196410.51999999993,
Sản phẩm hóa chất,5,2023,224957.5920000001,
Sản phẩm hóa chất,6,2023,221027.93400000004,
Sản phẩm hóa chất,7,2023,197361.1469999998,
Sản phẩm hóa chất,8,2023,221502.27200000003,
Sản phẩm hóa chất,9,2023,151139.87599999984,
Sản phẩm hóa chất,10,2023,196164.71899999995,
Sản phẩm hóa chất,11,2023,201000.71599999993,
Sản phẩm hóa chất,12,2023,230938.983,
Sản phẩm hóa chất,1,2024,250544.218,
Sản phẩm hóa chất,2,2024,211323.20400000003,
Sản phẩm hóa chất,3,2024,228537.00300000003,
Sản phẩm hóa chất,4,2024,238844.125,
Sản phẩm hóa chất,5,2024,208243.581,
Sản phẩm hóa chất,6,2024,214097.63899999997,
Sản phẩm hóa chất,7,2024,223040.87800000003,
Sản phẩm hóa chất,8,2024,241995.51300000004,
Sản phẩm hóa chất,9,2024,225994.112,
Sản phẩm hóa chất,10,2024,240218.0419999999,
Sản phẩm hóa chất,11,2024,245886.68600000025,
Sản phẩm hóa chất,12,2024,238372.838,
Sản phẩm hóa chất,1,2025,213219.94,
Sản phẩm hóa chất,2,2025,231526.90999999997,
Sản phẩm hóa chất,3,2025,232685.59700000007,
Sản phẩm hóa chất,4,2025,230478.681,
Sản phẩm hóa chất,5,2025,208915.685,
Sản phẩm hóa chất,6,2025,232171.3089999999,
Sản phẩm hóa chất,7,2025,204370.6660000002,
Sản phẩm hóa chất,8,2025,246318.6629999997,
Sản phẩm hóa chất,9,2025,260894.1830000002,
Sản phẩm hóa chất,10,2025,251424.8419999997,
Sản phẩm hóa chất,11,2025,209215.06799999997,
Sản phẩm hóa chất,12,2025,256947.753,
"Sản phẩm mây tre, cói, thảm",1,2017,,25294.31
"Sản phẩm mây tre, cói, thảm",2,2017,,17279.31
"Sản phẩm mây tre, cói, thảm",3,2017,,23389.2
"Sản phẩm mây tre, cói, thảm",4,2017,,20000.81
"Sản phẩm mây tre, cói, thảm",5,2017,,21744.86
"Sản phẩm mây tre, cói, thảm",6,2017,,21008.09
"Sản phẩm mây tre, cói, thảm",7,2017,,19982.85
"Sản phẩm mây tre, cói, thảm",8,2017,,23230.32
"Sản phẩm mây tre, cói, thảm",9,2017,,22240.18
"Sản phẩm mây tre, cói, thảm",10,2017,,24000.0
"Sản phẩm mây tre, cói, thảm",11,2017,,24000.0
"Sản phẩm mây tre, cói, thảm",12,2017,,25000.0
"Sản phẩm mây, tre, cói & thảm",1,2018,,32335.7
"Sản phẩm mây, tre, cói & thảm",2,2018,,18543.78
"Sản phẩm mây, tre, cói & thảm",3,2018,,26526.74
"Sản phẩm mây, tre, cói & thảm",4,2018,,24500.56
"Sản phẩm mây, tre, cói & thảm",5,2018,,30905.44
"Sản phẩm mây, tre, cói & thảm",6,2018,,27892.2
"Sản phẩm mây, tre, cói & thảm",7,2018,,28842.99
"Sản phẩm mây, tre, cói & thảm",8,2018,,29472.32
"Sản phẩm mây, tre, cói & thảm",9,2018,,26103.21
"Sản phẩm mây, tre, cói & thảm",10,2018,,33266.4
"Sản phẩm mây, tre, cói & thảm",11,2018,,33274.61
"Sản phẩm mây, tre, cói & thảm",12,2018,,36015.69
"Sản phẩm mây, tre, cói & thảm",1,2019,,45280.99
"Sản phẩm mây, tre, cói & thảm",2,2019,,22413.8
"Sản phẩm mây, tre, cói & thảm",3,2019,,39875.39
"Sản phẩm mây, tre, cói & thảm",4,2019,,37143.51
"Sản phẩm mây, tre, cói & thảm",5,2019,,42701.55
"Sản phẩm mây, tre, cói & thảm",6,2019,,38257.23
"Sản phẩm mây, tre, cói & thảm",7,2019,,40401.77
"Sản phẩm mây, tre, cói & thảm",8,2019,,40299.77
"Sản phẩm mây, tre, cói & thảm",9,2019,,34326.17
"Sản phẩm mây, tre, cói & thảm",10,2019,,42900.98
"Sản phẩm mây, tre, cói & thảm",11,2019,,48796.78
"Sản phẩm mây, tre, cói & thảm",12,2019,,51156.02
"Sản phẩm mây, tre, cói và thảm",1,2020,,43016.27
"Sản phẩm mây, tre, cói và thảm",2,2020,,45375.93
"Sản phẩm mây, tre, cói và thảm",3,2020,,43704.88
"Sản phẩm mây, tre, cói và thảm",4,2020,,30910.25
"Sản phẩm mây, tre, cói và thảm",5,2020,,38566.71
"Sản phẩm mây, tre, cói và thảm",6,2020,,48633.75
"Sản phẩm mây, tre, cói và thảm",7,2020,,58554.85
"Sản phẩm mây, tre, cói và thảm",8,2020,,56376.01
"Sản phẩm mây, tre, cói và thảm",9,2020,,55000.7
"Sản phẩm mây, tre, cói và thảm",10,2020,,65173.01
"Sản phẩm mây, tre, cói và thảm",11,2020,,56723.72
"Sản phẩm mây, tre, cói và thảm",12,2020,,68656.3
"Sản phẩm mây, tre, cói và thảm",1,2021,67995.631,
"Sản phẩm mây, tre, cói và thảm",2,2021,51093.12700000001,
"Sản phẩm mây, tre, cói và thảm",3,2021,78192.53899999999,
"Sản phẩm mây, tre, cói và thảm",4,2021,79186.35900000003,
"Sản phẩm mây, tre, cói và thảm",5,2021,80769.60199999998,
"Sản phẩm mây, tre, cói và thảm",6,2021,86912.68999999997,
"Sản phẩm mây, tre, cói và thảm",7,2021,77254.27000000005,
"Sản phẩm mây, tre, cói và thảm",8,2021,60175.099000000104,
"Sản phẩm mây, tre, cói và thảm",9,2021,50372.61799999996,
"Sản phẩm mây, tre, cói và thảm",10,2021,68700.48399999985,
"Sản phẩm mây, tre, cói và thảm",11,2021,79431.23500000002,
"Sản phẩm mây, tre, cói và thảm",12,2021,98392.4990000002,
"Sản phẩm mây, tre, cói và thảm",1,2022,107653.193,
"Sản phẩm mây, tre, cói và thảm",2,2022,67427.89300000001,
"Sản phẩm mây, tre, cói và thảm",3,2022,89051.77600000001,
"Sản phẩm mây, tre, cói và thảm",4,2022,81496.67599999998,
"Sản phẩm mây, tre, cói và thảm",5,2022,70043.299,
"Sản phẩm mây, tre, cói và thảm",6,2022,62439.25099999999,
"Sản phẩm mây, tre, cói và thảm",7,2022,53941.64399999997,
"Sản phẩm mây, tre, cói và thảm",8,2022,61787.72200000007,
"Sản phẩm mây, tre, cói và thảm",9,2022,49360.24300000002,
"Sản phẩm mây, tre, cói và thảm",10,2022,52856.58499999996,
"Sản phẩm mây, tre, cói và thảm",11,2022,55066.79099999997,
"Sản phẩm mây, tre, cói và thảm",12,2022,67415.95799999998,
"Sản phẩm mây, tre, cói và thảm",1,2023,45756.979,
"Sản phẩm mây, tre, cói và thảm",2,2023,56666.829999999994,
"Sản phẩm mây, tre, cói và thảm",3,2023,62524.400000000016,
"Sản phẩm mây, tre, cói và thảm",4,2023,63056.18199999999,
"Sản phẩm mây, tre, cói và thảm",5,2023,61929.61999999999,
"Sản phẩm mây, tre, cói và thảm",6,2023,68136.05700000003,
"Sản phẩm mây, tre, cói và thảm",7,2023,63100.00499999994,
"Sản phẩm mây, tre, cói và thảm",8,2023,64463.314999999995,
"Sản phẩm mây, tre, cói và thảm",9,2023,53060.968999999975,
"Sản phẩm mây, tre, cói và thảm",10,2023,57492.014000000134,
"Sản phẩm mây, tre, cói và thảm",11,2023,65617.14400000003,
"Sản phẩm mây, tre, cói và thảm",12,2023,71459.86800000002,
"Sản phẩm mây, tre, cói và thảm",1,2024,79750.999,
"Sản phẩm mây, tre, cói và thảm",2,2024,47314.475000000006,
"Sản phẩm mây, tre, cói và thảm",3,2024,74514.988,
"Sản phẩm mây, tre, cói và thảm",4,2024,66485.457,
"Sản phẩm mây, tre, cói và thảm",5,2024,66475.95000000001,
"Sản phẩm mây, tre, cói và thảm",6,2024,73717.53899999999,
"Sản phẩm mây, tre, cói và thảm",7,2024,68686.76500000001,
"Sản phẩm mây, tre, cói và thảm",8,2024,67417.81099999991,
"Sản phẩm mây, tre, cói và thảm",9,2024,50438.788,
"Sản phẩm mây, tre, cói và thảm",10,2024,61259.34100000006,
"Sản phẩm mây, tre, cói và thảm",11,2024,67726.7120000001,
"Sản phẩm mây, tre, cói và thảm",12,2024,80288.629,
"Sản phẩm mây, tre, cói và thảm",1,2025,74407.54400000001,
"Sản phẩm mây, tre, cói và thảm",2,2025,56333.556,
"Sản phẩm mây, tre, cói và thảm",3,2025,78420.94499999999,
"Sản phẩm mây, tre, cói và thảm",4,2025,79117.29499999997,
"Sản phẩm mây, tre, cói và thảm",5,2025,79957.931,
"Sản phẩm mây, tre, cói và thảm",6,2025,73702.34799999998,
"Sản phẩm mây, tre, cói và thảm",7,2025,66004.57500000006,
"Sản phẩm mây, tre, cói và thảm",8,2025,66264.77,
"Sản phẩm mây, tre, cói và thảm",9,2025,66387.72999999985,
"Sản phẩm mây, tre, cói và thảm",10,2025,74549.46900000014,
"Sản phẩm mây, tre, cói và thảm",11,2025,76482.02399999984,
"Sản phẩm mây, tre, cói và thảm",12,2025,108431.44,
Sản phẩm nội thất từ chất liệu khác gỗ,1,2017,,81350.91
Sản phẩm nội thất từ chất liệu khác gỗ,2,2017,,68281.83
Sản phẩm nội thất từ chất liệu khác gỗ,3,2017,,97678.07
Sản phẩm nội thất từ chất liệu khác gỗ,4,2017,,74062.04
Sản phẩm nội thất từ chất liệu khác gỗ,5,2017,,63045.37
Sản phẩm nội thất từ chất liệu khác gỗ,6,2017,,63110.55
Sản phẩm nội thất từ chất liệu khác gỗ,7,2017,,61349.21
Sản phẩm nội thất từ chất liệu khác gỗ,8,2017,,70605.44
Sản phẩm nội thất từ chất liệu khác gỗ,9,2017,,64239.62
Sản phẩm nội thất từ chất liệu khác gỗ,10,2017,,84206.65
Sản phẩm nội thất từ chất liệu khác gỗ,11,2017,,93053.96
Sản phẩm nội thất từ chất liệu khác gỗ,12,2017,,114563.68
Sản phẩm nội thất từ chất liệu khác gỗ,1,2018,,128148.56
Sản phẩm nội thất từ chất liệu khác gỗ,2,2018,,69310.05
Sản phẩm nội thất từ chất liệu khác gỗ,3,2018,,104582.57
Sản phẩm nội thất từ chất liệu khác gỗ,4,2018,,70208.52
Sản phẩm nội thất từ chất liệu khác gỗ,5,2018,,79268.45
Sản phẩm nội thất từ chất liệu khác gỗ,6,2018,,61341.08
Sản phẩm nội thất từ chất liệu khác gỗ,7,2018,,74647.93
Sản phẩm nội thất từ chất liệu khác gỗ,8,2018,,80442.09
Sản phẩm nội thất từ chất liệu khác gỗ,9,2018,,70959.95
Sản phẩm nội thất từ chất liệu khác gỗ,10,2018,,98227.29
Sản phẩm nội thất từ chất liệu khác gỗ,11,2018,,105784.21
Sản phẩm nội thất từ chất liệu khác gỗ,12,2018,,127055.37
Sản phẩm nội thất từ chất liệu khác gỗ,1,2019,,155652.03
Sản phẩm nội thất từ chất liệu khác gỗ,2,2019,,62821.59
Sản phẩm nội thất từ chất liệu khác gỗ,3,2019,,136327.45
Sản phẩm nội thất từ chất liệu khác gỗ,4,2019,,121193.19
Sản phẩm nội thất từ chất liệu khác gỗ,5,2019,,115502.88
Sản phẩm nội thất từ chất liệu khác gỗ,6,2019,,112452.39
Sản phẩm nội thất từ chất liệu khác gỗ,7,2019,,123214.88
Sản phẩm nội thất từ chất liệu khác gỗ,8,2019,,140832.97
Sản phẩm nội thất từ chất liệu khác gỗ,9,2019,,142025.76
Sản phẩm nội thất từ chất liệu khác gỗ,10,2019,,175587.74
Sản phẩm nội thất từ chất liệu khác gỗ,11,2019,,187858.1
Sản phẩm nội thất từ chất liệu khác gỗ,12,2019,,217927.54
Sản phẩm nội thất từ chất liệu khác gỗ,1,2020,,170772.53
Sản phẩm nội thất từ chất liệu khác gỗ,2,2020,,155429.53
Sản phẩm nội thất từ chất liệu khác gỗ,3,2020,,193285.39
Sản phẩm nội thất từ chất liệu khác gỗ,4,2020,,150093.73
Sản phẩm nội thất từ chất liệu khác gỗ,5,2020,,164043.82
Sản phẩm nội thất từ chất liệu khác gỗ,6,2020,,196704.33
Sản phẩm nội thất từ chất liệu khác gỗ,7,2020,,221688.57
Sản phẩm nội thất từ chất liệu khác gỗ,8,2020,,238925.61
Sản phẩm nội thất từ chất liệu khác gỗ,9,2020,,244060.77
Sản phẩm nội thất từ chất liệu khác gỗ,10,2020,,252307.07
Sản phẩm nội thất từ chất liệu khác gỗ,11,2020,,241540.41
Sản phẩm nội thất từ chất liệu khác gỗ,12,2020,,273383.8
Sản phẩm nội thất từ chất liệu khác gỗ,1,2021,292680.116,
Sản phẩm nội thất từ chất liệu khác gỗ,2,2021,188485.07900000003,
Sản phẩm nội thất từ chất liệu khác gỗ,3,2021,323522.79,
Sản phẩm nội thất từ chất liệu khác gỗ,4,2021,277970.217,
Sản phẩm nội thất từ chất liệu khác gỗ,5,2021,267170.758,
Sản phẩm nội thất từ chất liệu khác gỗ,6,2021,270002.93600000005,
Sản phẩm nội thất từ chất liệu khác gỗ,7,2021,228764.139,
Sản phẩm nội thất từ chất liệu khác gỗ,8,2021,140855.0620000002,
Sản phẩm nội thất từ chất liệu khác gỗ,9,2021,122808.73600000008,
Sản phẩm nội thất từ chất liệu khác gỗ,10,2021,184654.96600000007,
Sản phẩm nội thất từ chất liệu khác gỗ,11,2021,250030.4099999995,
Sản phẩm nội thất từ chất liệu khác gỗ,12,2021,301651.66400000016,
Sản phẩm nội thất từ chất liệu khác gỗ,1,2022,318012.385,
Sản phẩm nội thất từ chất liệu khác gỗ,2,2022,195184.892,
Sản phẩm nội thất từ chất liệu khác gỗ,3,2022,317822.24100000004,
Sản phẩm nội thất từ chất liệu khác gỗ,4,2022,305160.96199999994,
Sản phẩm nội thất từ chất liệu khác gỗ,5,2022,229082.44999999984,
Sản phẩm nội thất từ chất liệu khác gỗ,6,2022,219218.47100000049,
Sản phẩm nội thất từ chất liệu khác gỗ,7,2022,189172.59799999977,
Sản phẩm nội thất từ chất liệu khác gỗ,8,2022,193391.233,
Sản phẩm nội thất từ chất liệu khác gỗ,9,2022,165235.554,
Sản phẩm nội thất từ chất liệu khác gỗ,10,2022,196588.77799999993,
Sản phẩm nội thất từ chất liệu khác gỗ,11,2022,203033.32600000035,
Sản phẩm nội thất từ chất liệu khác gỗ,12,2022,262231.62899999984,
Sản phẩm nội thất từ chất liệu khác gỗ,1,2023,148717.648,
Sản phẩm nội thất từ chất liệu khác gỗ,2,2023,189611.412,
Sản phẩm nội thất từ chất liệu khác gỗ,3,2023,225777.89700000008,
Sản phẩm nội thất từ chất liệu khác gỗ,4,2023,219177.94600000005,
Sản phẩm nội thất từ chất liệu khác gỗ,5,2023,202149.52699999983,
Sản phẩm nội thất từ chất liệu khác gỗ,6,2023,199795.8290000002,
Sản phẩm nội thất từ chất liệu khác gỗ,7,2023,203400.4989999999,
Sản phẩm nội thất từ chất liệu khác gỗ,8,2023,223730.67000000025,
Sản phẩm nội thất từ chất liệu khác gỗ,9,2023,189141.8299999999,
Sản phẩm nội thất từ chất liệu khác gỗ,10,2023,228140.42800000013,
Sản phẩm nội thất từ chất liệu khác gỗ,11,2023,243806.48599999983,
Sản phẩm nội thất từ chất liệu khác gỗ,12,2023,278989.43100000033,
Sản phẩm nội thất từ chất liệu khác gỗ,1,2024,314177.112,
Sản phẩm nội thất từ chất liệu khác gỗ,2,2024,168157.10499999998,
Sản phẩm nội thất từ chất liệu khác gỗ,3,2024,300877.682,
Sản phẩm nội thất từ chất liệu khác gỗ,4,2024,293734.47200000007,
Sản phẩm nội thất từ chất liệu khác gỗ,5,2024,255381.929,
Sản phẩm nội thất từ chất liệu khác gỗ,6,2024,243916.02099999995,
Sản phẩm nội thất từ chất liệu khác gỗ,7,2024,265762.811,
Sản phẩm nội thất từ chất liệu khác gỗ,8,2024,283966.2549999996,
Sản phẩm nội thất từ chất liệu khác gỗ,9,2024,266363.589,
Sản phẩm nội thất từ chất liệu khác gỗ,10,2024,316249.70000000036,
Sản phẩm nội thất từ chất liệu khác gỗ,11,2024,331399.6879999998,
Sản phẩm nội thất từ chất liệu khác gỗ,12,2024,368461.538,
Sản phẩm nội thất từ chất liệu khác gỗ,1,2025,335450.861,
Sản phẩm nội thất từ chất liệu khác gỗ,2,2025,237456.293,
Sản phẩm nội thất từ chất liệu khác gỗ,3,2025,322046.778,
Sản phẩm nội thất từ chất liệu khác gỗ,4,2025,305087.6169999999,
Sản phẩm nội thất từ chất liệu khác gỗ,5,2025,295371.0819999999,
Sản phẩm nội thất từ chất liệu khác gỗ,6,2025,268931.51700000005,
Sản phẩm nội thất từ chất liệu khác gỗ,7,2025,291563.3890000005,
Sản phẩm nội thất từ chất liệu khác gỗ,8,2025,296334.59499999956,
Sản phẩm nội thất từ chất liệu khác gỗ,9,2025,304404.64799999987,
Sản phẩm nội thất từ chất liệu khác gỗ,10,2025,366620.248,
Sản phẩm nội thất từ chất liệu khác gỗ,11,2025,361994.0709999998,
Sản phẩm nội thất từ chất liệu khác gỗ,12,2025,443393.372,
Sản phẩm từ cao su,1,2017,,37657.98
Sản phẩm từ cao su,2,2017,,39550.14
Sản phẩm từ cao su,3,2017,,54446.84
Sản phẩm từ cao su,4,2017,,52888.06
Sản phẩm từ cao su,5,2017,,48342.47
Sản phẩm từ cao su,6,2017,,50588.57
Sản phẩm từ cao su,7,2017,,47748.07
Sản phẩm từ cao su,8,2017,,50821.15
Sản phẩm từ cao su,9,2017,,49849.04
Sản phẩm từ cao su,10,2017,,54500.23
Sản phẩm từ cao su,11,2017,,55175.59
Sản phẩm từ cao su,12,2017,,55222.72
Sản phẩm từ cao su,1,2018,,55632.62
Sản phẩm từ cao su,2,2018,,36119.8
Sản phẩm từ cao su,3,2018,,61359.89
Sản phẩm từ cao su,4,2018,,53883.09
Sản phẩm từ cao su,5,2018,,64749.64
Sản phẩm từ cao su,6,2018,,60648.57
Sản phẩm từ cao su,7,2018,,62205.5
Sản phẩm từ cao su,8,2018,,68408.64
Sản phẩm từ cao su,9,2018,,56467.93
Sản phẩm từ cao su,10,2018,,63880.94
Sản phẩm từ cao su,11,2018,,62540.83
Sản phẩm từ cao su,12,2018,,64624.08
Sản phẩm từ cao su,1,2019,,68640.34
Sản phẩm từ cao su,2,2019,,36766.12
Sản phẩm từ cao su,3,2019,,62542.0
Sản phẩm từ cao su,4,2019,,62038.51
Sản phẩm từ cao su,5,2019,,67375.47
Sản phẩm từ cao su,6,2019,,63178.86
Sản phẩm từ cao su,7,2019,,65848.17
Sản phẩm từ cao su,8,2019,,68520.42
Sản phẩm từ cao su,9,2019,,63948.99
Sản phẩm từ cao su,10,2019,,68335.35
Sản phẩm từ cao su,11,2019,,63997.58
Sản phẩm từ cao su,12,2019,,69022.13
Sản phẩm từ cao su,1,2020,,52775.35
Sản phẩm từ cao su,2,2020,,61856.68
Sản phẩm từ cao su,3,2020,,74810.43
Sản phẩm từ cao su,4,2020,,68320.32
Sản phẩm từ cao su,5,2020,,63968.51
Sản phẩm từ cao su,6,2020,,65958.5
Sản phẩm từ cao su,7,2020,,72075.18
Sản phẩm từ cao su,8,2020,,72840.45
Sản phẩm từ cao su,9,2020,,85760.65
Sản phẩm từ cao su,10,2020,,100972.43
Sản phẩm từ cao su,11,2020,,94458.8
Sản phẩm từ cao su,12,2020,,110511.87
Sản phẩm từ cao su,1,2021,101522.872,
Sản phẩm từ cao su,2,2021,76303.418,
Sản phẩm từ cao su,3,2021,124812.01499999998,
Sản phẩm từ cao su,4,2021,114549.31699999997,
Sản phẩm từ cao su,5,2021,114386.6020000001,
Sản phẩm từ cao su,6,2021,112773.921,
Sản phẩm từ cao su,7,2021,103400.801,
Sản phẩm từ cao su,8,2021,72826.8000000001,
Sản phẩm từ cao su,9,2021,68088.40900000004,
Sản phẩm từ cao su,10,2021,73169.70399999997,
Sản phẩm từ cao su,11,2021,86413.3470000001,
Sản phẩm từ cao su,12,2021,98449.34100000004,
Sản phẩm từ cao su,1,2022,97030.365,
Sản phẩm từ cao su,2,2022,70983.55,
Sản phẩm từ cao su,3,2022,107371.98399999998,
Sản phẩm từ cao su,4,2022,101729.727,
Sản phẩm từ cao su,5,2022,95110.68700000002,
Sản phẩm từ cao su,6,2022,94502.10599999996,
Sản phẩm từ cao su,7,2022,91595.37100000009,
Sản phẩm từ cao su,8,2022,102875.25599999998,
Sản phẩm từ cao su,9,2022,74989.7660000001,
Sản phẩm từ cao su,10,2022,81859.81800000001,
Sản phẩm từ cao su,11,2022,87858.10800000005,
Sản phẩm từ cao su,12,2022,90222.93199999996,
Sản phẩm từ cao su,1,2023,58231.207,
Sản phẩm từ cao su,2,2023,85778.193,
Sản phẩm từ cao su,3,2023,94278.473,
Sản phẩm từ cao su,4,2023,90751.52300000002,
Sản phẩm từ cao su,5,2023,92722.48800000004,
Sản phẩm từ cao su,6,2023,93382.75399999988,
Sản phẩm từ cao su,7,2023,100729.7810000001,
Sản phẩm từ cao su,8,2023,100273.11899999998,
Sản phẩm từ cao su,9,2023,85253.66000000006,
Sản phẩm từ cao su,10,2023,92908.28900000002,
Sản phẩm từ cao su,11,2023,93090.15000000004,
Sản phẩm từ cao su,12,2023,92308.13099999994,
Sản phẩm từ cao su,1,2024,105316.397,
Sản phẩm từ cao su,2,2024,68201.78899999999,
Sản phẩm từ cao su,3,2024,110566.39400000004,
Sản phẩm từ cao su,4,2024,102493.54699999996,
Sản phẩm từ cao su,5,2024,100243.809,
Sản phẩm từ cao su,6,2024,99590.68299999996,
Sản phẩm từ cao su,7,2024,99130.92100000007,
Sản phẩm từ cao su,8,2024,107630.08499999996,
Sản phẩm từ cao su,9,2024,93593.731,
Sản phẩm từ cao su,10,2024,110356.07699999992,
Sản phẩm từ cao su,11,2024,111169.81499999994,
Sản phẩm từ cao su,12,2024,117568.554,
Sản phẩm từ cao su,1,2025,106184.72400000002,
Sản phẩm từ cao su,2,2025,99867.05500000002,
Sản phẩm từ cao su,3,2025,120703.47999999992,
Sản phẩm từ cao su,4,2025,130063.99500000013,
Sản phẩm từ cao su,5,2025,124018.91099999982,
Sản phẩm từ cao su,6,2025,126684.799,
Sản phẩm từ cao su,7,2025,120532.98600000016,
Sản phẩm từ cao su,8,2025,120584.40899999988,
Sản phẩm từ cao su,9,2025,110960.09000000008,
Sản phẩm từ cao su,10,2025,113304.30599999988,
Sản phẩm từ cao su,11,2025,112973.69900000002,
Sản phẩm từ cao su,12,2025,131470.907,
Sản phẩm từ chất dẻo,1,2018,,246769.16
Sản phẩm từ chất dẻo,2,2018,,167749.61
Sản phẩm từ chất dẻo,3,2018,,260635.14
Sản phẩm từ chất dẻo,4,2018,,233266.55
Sản phẩm từ chất dẻo,5,2018,,266557.65
Sản phẩm từ chất dẻo,6,2018,,256598.17
Sản phẩm từ chất dẻo,7,2018,,263326.77
Sản phẩm từ chất dẻo,8,2018,,280339.89
Sản phẩm từ chất dẻo,9,2018,,239328.16
Sản phẩm từ chất dẻo,10,2018,,283288.98
Sản phẩm từ chất dẻo,11,2018,,271736.95
Sản phẩm từ chất dẻo,12,2018,,274436.2
Sản phẩm từ chất dẻo,1,2019,,323517.93
Sản phẩm từ chất dẻo,2,2019,,180100.5
Sản phẩm từ chất dẻo,3,2019,,303709.24
Sản phẩm từ chất dẻo,4,2019,,277517.5
Sản phẩm từ chất dẻo,5,2019,,299269.87
Sản phẩm từ chất dẻo,6,2019,,270632.21
Sản phẩm từ chất dẻo,7,2019,,293181.21
Sản phẩm từ chất dẻo,8,2019,,300416.0
Sản phẩm từ chất dẻo,9,2019,,284211.95
Sản phẩm từ chất dẻo,10,2019,,309678.02
Sản phẩm từ chất dẻo,11,2019,,295712.6
Sản phẩm từ chất dẻo,12,2019,,298252.0
Sản phẩm từ chất dẻo,1,2020,,234327.77
Sản phẩm từ chất dẻo,2,2020,,262470.66
Sản phẩm từ chất dẻo,3,2020,,304657.44
Sản phẩm từ chất dẻo,4,2020,,283765.89
Sản phẩm từ chất dẻo,5,2020,,265394.06
Sản phẩm từ chất dẻo,6,2020,,290839.03
Sản phẩm từ chất dẻo,7,2020,,312678.44
Sản phẩm từ chất dẻo,8,2020,,318306.31
Sản phẩm từ chất dẻo,9,2020,,325237.74
Sản phẩm từ chất dẻo,10,2020,,352513.6
Sản phẩm từ chất dẻo,11,2020,,339727.73
Sản phẩm từ chất dẻo,12,2020,,364174.86
Sản phẩm từ chất dẻo,1,2021,376182.611,
Sản phẩm từ chất dẻo,2,2021,265881.506,
Sản phẩm từ chất dẻo,3,2021,435344.7260000001,
Sản phẩm từ chất dẻo,4,2021,400352.382,
Sản phẩm từ chất dẻo,5,2021,406053.79400000005,
Sản phẩm từ chất dẻo,6,2021,442199.88299999974,
Sản phẩm từ chất dẻo,7,2021,442640.22,
Sản phẩm từ chất dẻo,8,2021,413715.0299999996,
Sản phẩm từ chất dẻo,9,2021,381853.947,
Sản phẩm từ chất dẻo,10,2021,410470.20399999974,
Sản phẩm từ chất dẻo,11,2021,459617.5790000002,
Sản phẩm từ chất dẻo,12,2021,496267.0359999997,
Sản phẩm từ chất dẻo,1,2022,511599.617,
Sản phẩm từ chất dẻo,2,2022,342662.06599999993,
Sản phẩm từ chất dẻo,3,2022,535971.4980000001,
Sản phẩm từ chất dẻo,4,2022,538254.5429999998,
Sản phẩm từ chất dẻo,5,2022,496341.8950000001,
Sản phẩm từ chất dẻo,6,2022,496638.6949999999,
Sản phẩm từ chất dẻo,7,2022,447318.50900000014,
Sản phẩm từ chất dẻo,8,2022,471166.8430000004,
Sản phẩm từ chất dẻo,9,2022,382817.9730000003,
Sản phẩm từ chất dẻo,10,2022,399085.9309999999,
Sản phẩm từ chất dẻo,11,2022,415371.20500000013,
Sản phẩm từ chất dẻo,12,2022,456503.2489999999,
Sản phẩm từ chất dẻo,1,2023,312856.372,
Sản phẩm từ chất dẻo,2,2023,369996.804,
Sản phẩm từ chất dẻo,3,2023,439881.987,
Sản phẩm từ chất dẻo,4,2023,428504.0660000001,
Sản phẩm từ chất dẻo,5,2023,418916.889,
Sản phẩm từ chất dẻo,6,2023,414936.76600000006,
Sản phẩm từ chất dẻo,7,2023,439949.45700000017,
Sản phẩm từ chất dẻo,8,2023,467523.223,
Sản phẩm từ chất dẻo,9,2023,418502.0439999995,
Sản phẩm từ chất dẻo,10,2023,472257.4280000001,
Sản phẩm từ chất dẻo,11,2023,492624.7779999997,
Sản phẩm từ chất dẻo,12,2023,505929.3599999994,
Sản phẩm từ chất dẻo,1,2024,555151.696,
Sản phẩm từ chất dẻo,2,2024,350838.287,
Sản phẩm từ chất dẻo,3,2024,556369.3929999999,
Sản phẩm từ chất dẻo,4,2024,574711.8500000001,
Sản phẩm từ chất dẻo,5,2024,532968.311,
Sản phẩm từ chất dẻo,6,2024,564367.554,
Sản phẩm từ chất dẻo,7,2024,587315.3500000001,
Sản phẩm từ chất dẻo,8,2024,615163.7649999994,
Sản phẩm từ chất dẻo,9,2024,521741.831,
Sản phẩm từ chất dẻo,10,2024,603132.9070000004,
Sản phẩm từ chất dẻo,11,2024,611003.2930000003,
Sản phẩm từ chất dẻo,12,2024,652535.873,
Sản phẩm từ chất dẻo,1,2025,581256.2760000001,
Sản phẩm từ chất dẻo,2,2025,496305.75099999993,
Sản phẩm từ chất dẻo,3,2025,634649.854,
Sản phẩm từ chất dẻo,4,2025,611516.2859999998,
Sản phẩm từ chất dẻo,5,2025,650953.8930000002,
Sản phẩm từ chất dẻo,6,2025,624339.9810000001,
Sản phẩm từ chất dẻo,7,2025,663652.8609999996,
Sản phẩm từ chất dẻo,8,2025,639867.6600000011,
Sản phẩm từ chất dẻo,9,2025,595045.294999999,
Sản phẩm từ chất dẻo,10,2025,641452.7549999999,
Sản phẩm từ chất dẻo,11,2025,631747.7040000008,
Sản phẩm từ chất dẻo,12,2025,702401.482,
Sản phẩm từ sắt thép,1,2017,,155418.25
Sản phẩm từ sắt thép,2,2017,,150644.46
Sản phẩm từ sắt thép,3,2017,,194535.76
Sản phẩm từ sắt thép,4,2017,,170186.36
Sản phẩm từ sắt thép,5,2017,,182481.61
Sản phẩm từ sắt thép,6,2017,,192050.84
Sản phẩm từ sắt thép,7,2017,,195274.51
Sản phẩm từ sắt thép,8,2017,,214787.95
Sản phẩm từ sắt thép,9,2017,,199670.47
Sản phẩm từ sắt thép,10,2017,,211631.34
Sản phẩm từ sắt thép,11,2017,,215288.42
Sản phẩm từ sắt thép,12,2017,,217000.0
Sản phẩm từ sắt thép,1,2018,,259504.43
Sản phẩm từ sắt thép,2,2018,,183739.71
Sản phẩm từ sắt thép,3,2018,,259789.19
Sản phẩm từ sắt thép,4,2018,,238672.57
Sản phẩm từ sắt thép,5,2018,,252389.25
Sản phẩm từ sắt thép,6,2018,,247771.27
Sản phẩm từ sắt thép,7,2018,,244567.66
Sản phẩm từ sắt thép,8,2018,,280854.52
Sản phẩm từ sắt thép,9,2018,,253909.95
Sản phẩm từ sắt thép,10,2018,,255176.1
Sản phẩm từ sắt thép,11,2018,,267254.66
Sản phẩm từ sắt thép,12,2018,,271030.84
Sản phẩm từ sắt thép,1,2019,,289688.63
Sản phẩm từ sắt thép,2,2019,,174377.88
Sản phẩm từ sắt thép,3,2019,,291351.61
Sản phẩm từ sắt thép,4,2019,,264689.56
Sản phẩm từ sắt thép,5,2019,,297108.56
Sản phẩm từ sắt thép,6,2019,,303562.86
Sản phẩm từ sắt thép,7,2019,,317392.69
Sản phẩm từ sắt thép,8,2019,,299184.96
Sản phẩm từ sắt thép,9,2019,,258194.07
Sản phẩm từ sắt thép,10,2019,,282658.04
Sản phẩm từ sắt thép,11,2019,,257693.57
Sản phẩm từ sắt thép,12,2019,,282957.9
Sản phẩm từ sắt thép,1,2020,,224711.66
Sản phẩm từ sắt thép,2,2020,,258253.63
Sản phẩm từ sắt thép,3,2020,,290230.44
Sản phẩm từ sắt thép,4,2020,,246420.21
Sản phẩm từ sắt thép,5,2020,,209644.69
Sản phẩm từ sắt thép,6,2020,,236882.87
Sản phẩm từ sắt thép,7,2020,,239112.5
Sản phẩm từ sắt thép,8,2020,,265876.16
Sản phẩm từ sắt thép,9,2020,,254622.47
Sản phẩm từ sắt thép,10,2020,,273532.09
Sản phẩm từ sắt thép,11,2020,,260817.33
Sản phẩm từ sắt thép,12,2020,,294026.94
Sản phẩm từ sắt thép,1,2021,323450.634,
Sản phẩm từ sắt thép,2,2021,231619.724,
Sản phẩm từ sắt thép,3,2021,361380.7419999999,
Sản phẩm từ sắt thép,4,2021,326233.40600000025,
Sản phẩm từ sắt thép,5,2021,321763.335,
Sản phẩm từ sắt thép,6,2021,364735.078,
Sản phẩm từ sắt thép,7,2021,322856.0540000003,
Sản phẩm từ sắt thép,8,2021,315008.9069999995,
Sản phẩm từ sắt thép,9,2021,303082.643,
Sản phẩm từ sắt thép,10,2021,349230.1809999997,
Sản phẩm từ sắt thép,11,2021,342107.6580000001,
Sản phẩm từ sắt thép,12,2021,393926.5229999994,
Sản phẩm từ sắt thép,1,2022,424127.327,
Sản phẩm từ sắt thép,2,2022,294632.437,
Sản phẩm từ sắt thép,3,2022,447854.67,
Sản phẩm từ sắt thép,4,2022,439608.59300000017,
Sản phẩm từ sắt thép,5,2022,411356.3340000001,
Sản phẩm từ sắt thép,6,2022,401854.1740000002,
Sản phẩm từ sắt thép,7,2022,388521.57199999975,
Sản phẩm từ sắt thép,8,2022,428843.3820000003,
Sản phẩm từ sắt thép,9,2022,359794.2909999998,
Sản phẩm từ sắt thép,10,2022,328824.0320000002,
Sản phẩm từ sắt thép,11,2022,361962.096,
Sản phẩm từ sắt thép,12,2022,363800.48400000023,
Sản phẩm từ sắt thép,1,2023,313777.304,
Sản phẩm từ sắt thép,2,2023,323841.159,
Sản phẩm từ sắt thép,3,2023,389877.902,
Sản phẩm từ sắt thép,4,2023,369629.7479999999,
Sản phẩm từ sắt thép,5,2023,300946.2720000001,
Sản phẩm từ sắt thép,6,2023,348627.9069999999,
Sản phẩm từ sắt thép,7,2023,311469.18500000006,
Sản phẩm từ sắt thép,8,2023,360729.3539999998,
Sản phẩm từ sắt thép,9,2023,292425.40200000023,
Sản phẩm từ sắt thép,10,2023,302595.94499999983,
Sản phẩm từ sắt thép,11,2023,338846.1740000001,
Sản phẩm từ sắt thép,12,2023,320782.8369999998,
Sản phẩm từ sắt thép,1,2024,385311.449,
Sản phẩm từ sắt thép,2,2024,252697.37599999993,
Sản phẩm từ sắt thép,3,2024,416473.355,
Sản phẩm từ sắt thép,4,2024,355638.672,
Sản phẩm từ sắt thép,5,2024,360575.996,
Sản phẩm từ sắt thép,6,2024,361161.9060000002,
Sản phẩm từ sắt thép,7,2024,380881.801,
Sản phẩm từ sắt thép,8,2024,431787.0889999999,
Sản phẩm từ sắt thép,9,2024,336580.716,
Sản phẩm từ sắt thép,10,2024,394399.5459999994,
Sản phẩm từ sắt thép,11,2024,412532.9970000007,
Sản phẩm từ sắt thép,12,2024,506352.573,
Sản phẩm từ sắt thép,1,2025,438490.92300000007,
Sản phẩm từ sắt thép,2,2025,404250.6839999999,
Sản phẩm từ sắt thép,3,2025,529188.6340000002,
Sản phẩm từ sắt thép,4,2025,486603.22600000014,
Sản phẩm từ sắt thép,5,2025,480548.90199999954,
Sản phẩm từ sắt thép,6,2025,473307.4079999997,
Sản phẩm từ sắt thép,7,2025,462489.9879999998,
Sản phẩm từ sắt thép,8,2025,449792.37,
Sản phẩm từ sắt thép,9,2025,408731.3569999997,
Sản phẩm từ sắt thép,10,2025,455814.70100000023,
Sản phẩm từ sắt thép,11,2025,420016.2250000005,
Sản phẩm từ sắt thép,12,2025,464280.168,
Sắn và các sản phẩm từ sắn,1,2018,404479.0,123740.53
Sắn và các sản phẩm từ sắn,2,2018,174802.0,53704.47
Sắn và các sản phẩm từ sắn,3,2018,337870.0,117202.43
Sắn và các sản phẩm từ sắn,4,2018,173470.0,74544.63
Sắn và các sản phẩm từ sắn,5,2018,220642.0,98924.04
Sắn và các sản phẩm từ sắn,6,2018,163266.0,74894.07
Sắn và các sản phẩm từ sắn,7,2018,111619.0,50583.57
Sắn và các sản phẩm từ sắn,8,2018,103082.0,44804.15
Sắn và các sản phẩm từ sắn,9,2018,141973.0,62064.86
Sắn và các sản phẩm từ sắn,10,2018,178703.0,84828.4
Sắn và các sản phẩm từ sắn,11,2018,216634.0,95978.66
Sắn và các sản phẩm từ sắn,12,2018,200406.0,77130.11
Sắn và các sản phẩm từ sắn,1,2019,274186.0,99642.3
Sắn và các sản phẩm từ sắn,2,2019,135069.0,52185.43
Sắn và các sản phẩm từ sắn,3,2019,269255.0,104546.89
Sắn và các sản phẩm từ sắn,4,2019,239008.0,95100.99
Sắn và các sản phẩm từ sắn,5,2019,144762.0,57539.43
Sắn và các sản phẩm từ sắn,6,2019,132858.0,52722.24
Sắn và các sản phẩm từ sắn,7,2019,166513.0,65367.71
Sắn và các sản phẩm từ sắn,8,2019,179580.0,71166.41
Sắn và các sản phẩm từ sắn,9,2019,193440.0,76885.95
Sắn và các sản phẩm từ sắn,10,2019,174529.0,70556.3
Sắn và các sản phẩm từ sắn,11,2019,306321.0,110451.2
Sắn và các sản phẩm từ sắn,12,2019,318190.0,110712.53
Sắn và các sản phẩm từ sắn,1,2020,212163.0,72850.48
Sắn và các sản phẩm từ sắn,2,2020,224106.0,70434.65
Sắn và các sản phẩm từ sắn,3,2020,331430.0,115510.41
Sắn và các sản phẩm từ sắn,4,2020,283159.0,99031.42
Sắn và các sản phẩm từ sắn,5,2020,170935.0,60504.86
Sắn và các sản phẩm từ sắn,6,2020,155837.0,53224.65
Sắn và các sản phẩm từ sắn,7,2020,202812.0,74278.9
Sắn và các sản phẩm từ sắn,8,2020,162340.0,59312.83
Sắn và các sản phẩm từ sắn,9,2020,184445.0,72687.08
Sắn và các sản phẩm từ sắn,10,2020,223783.0,87269.6
Sắn và các sản phẩm từ sắn,11,2020,279288.0,105929.11
Sắn và các sản phẩm từ sắn,12,2020,378161.0,140521.14
Sắn và các sản phẩm từ sắn,1,2021,174623.791,217570.0
Sắn và các sản phẩm từ sắn,2,2021,79363.649,306049.0
Sắn và các sản phẩm từ sắn,3,2021,114771.37400000004,194355.0
Sắn và các sản phẩm từ sắn,4,2021,75304.01799999998,209475.0
Sắn và các sản phẩm từ sắn,5,2021,85075.908,190645.0
Sắn và các sản phẩm từ sắn,6,2021,82551.95800000004,174219.0
Sắn và các sản phẩm từ sắn,7,2021,72679.7789999998,188683.0
Sắn và các sản phẩm từ sắn,8,2021,83835.39600000012,200109.0
Sắn và các sản phẩm từ sắn,9,2021,88216.58899999989,183125.0
Sắn và các sản phẩm từ sắn,10,2021,81712.53699999995,276346.0
Sắn và các sản phẩm từ sắn,11,2021,126774.79399999997,263443.0
Sắn và các sản phẩm từ sắn,12,2021,114114.70799999984,2876824.0
Sắn và các sản phẩm từ sắn,1,2022,117352.889,242660.0
Sắn và các sản phẩm từ sắn,2,2022,100623.383,436962.0
Sắn và các sản phẩm từ sắn,3,2022,195079.70299999995,234623.0
Sắn và các sản phẩm từ sắn,4,2022,104121.68800000008,260518.0
Sắn và các sản phẩm từ sắn,5,2022,113806.93499999994,281823.0
Sắn và các sản phẩm từ sắn,6,2022,123266.56200000003,191666.0
Sắn và các sản phẩm từ sắn,7,2022,87262.11099999992,206209.0
Sắn và các sản phẩm từ sắn,8,2022,96176.28100000008,193514.0
Sắn và các sản phẩm từ sắn,9,2022,87773.331,238873.0
Sắn và các sản phẩm từ sắn,10,2022,101807.39300000004,294212.0
Sắn và các sản phẩm từ sắn,11,2022,123447.34699999997,392061.0
Sắn và các sản phẩm từ sắn,12,2022,155530.59899999978,3250264.0
Sắn và các sản phẩm từ sắn,1,2023,92701.55,467373.0
Sắn và các sản phẩm từ sắn,2,2023,175391.73,266473.0
Sắn và các sản phẩm từ sắn,3,2023,101618.53,191031.0
Sắn và các sản phẩm từ sắn,4,2023,75806.37,199402.0
Sắn và các sản phẩm từ sắn,5,2023,83046.39,141208.0
Sắn và các sản phẩm từ sắn,6,2023,65282.48899999996,145019.0
Sắn và các sản phẩm từ sắn,7,2023,71727.72400000006,220929.0
Sắn và các sản phẩm từ sắn,8,2023,103188.81799999998,263020.0
Sắn và các sản phẩm từ sắn,9,2023,123009.31900000005,267865.0
Sắn và các sản phẩm từ sắn,10,2023,136244.32799999998,268460.0
Sắn và các sản phẩm từ sắn,11,2023,134511.58699999994,286749.0
Sắn và các sản phẩm từ sắn,12,2023,141472.044,2953626.0
Sắn và các sản phẩm từ sắn,1,2024,195635.472,216206.0
Sắn và các sản phẩm từ sắn,2,2024,95874.68,305875.0
Sắn và các sản phẩm từ sắn,3,2024,138937.354,181892.0
Sắn và các sản phẩm từ sắn,4,2024,79870.69,118367.0
Sắn và các sản phẩm từ sắn,5,2024,51745.08499999996,141070.0
Sắn và các sản phẩm từ sắn,6,2024,68228.36499999999,218470.0
Sắn và các sản phẩm từ sắn,7,2024,105665.897,191120.0
Sắn và các sản phẩm từ sắn,8,2024,86526.86600000004,121020.0
Sắn và các sản phẩm từ sắn,9,2024,56741.574,176371.0
Sắn và các sản phẩm từ sắn,10,2024,76184.20699999994,230798.0
Sắn và các sản phẩm từ sắn,11,2024,90759.2520000001,299924.0
Sắn và các sản phẩm từ sắn,12,2024,109540.037,2623968.0
Sắn và các sản phẩm từ sắn,1,2025,99176.29,427863.0
Sắn và các sản phẩm từ sắn,2,2025,134514.38900000002,487675.0
Sắn và các sản phẩm từ sắn,3,2025,139192.77399999995,390979.0
Sắn và các sản phẩm từ sắn,4,2025,112770.66899999997,387254.0
Sắn và các sản phẩm từ sắn,5,2025,116119.77500000002,271631.0
Sắn và các sản phẩm từ sắn,6,2025,85035.97999999995,223738.0
Sắn và các sản phẩm từ sắn,7,2025,70016.37899999993,331329.0
Sắn và các sản phẩm từ sắn,8,2025,101724.35400000014,269948.0
Sắn và các sản phẩm từ sắn,9,2025,89416.39499999987,260258.0
Sắn và các sản phẩm từ sắn,10,2025,88512.44700000001,275298.0
Sắn và các sản phẩm từ sắn,11,2025,97348.87499999996,373219.0
Sắn và các sản phẩm từ sắn,12,2025,135173.201,3995101.0
Sắn và sản phẩm của sắn,1,2017,,59207.68
Sắn và sản phẩm của sắn,2,2017,,103934.83
Sắn và sản phẩm của sắn,3,2017,,128372.05
Sắn và sản phẩm của sắn,4,2017,,69965.37
Sắn và sản phẩm của sắn,5,2017,,63752.62
Sắn và sản phẩm của sắn,6,2017,,73569.31
Sắn và sản phẩm của sắn,7,2017,,67953.36
Sắn và sản phẩm của sắn,8,2017,,69454.69
Sắn và sản phẩm của sắn,9,2017,,83006.13
Sắn và sản phẩm của sắn,10,2017,,88000.0
Sắn và sản phẩm của sắn,11,2017,,107027.64
Sắn và sản phẩm của sắn,12,2017,,122470.42
Sắt thép,1,2017,303.96,187541.14
Sắt thép,2,2017,354.201,224034.77
Sắt thép,3,2017,377.258,250771.77
Sắt thép,4,2017,293.333,207356.77
Sắt thép,5,2017,337.811,243821.09
Sắt thép,6,2017,362.42,241168.26
Sắt thép,7,2017,396.202,262654.12
Sắt thép,8,2017,437.242,272163.04
Sắt thép,9,2017,447.502,292408.65
Sắt thép,10,2017,478.467,321866.22
Sắt thép,11,2017,450.868,313416.3
Sắt thép,12,2017,465.0,333000.0
Sắt thép các loại,1,2018,446408.0,320925.94
Sắt thép các loại,2,2018,473363.0,334370.38
Sắt thép các loại,3,2018,513938.0,386718.98
Sắt thép các loại,4,2018,474271.0,364667.56
Sắt thép các loại,5,2018,456303.0,350720.94
Sắt thép các loại,6,2018,449950.0,347686.21
Sắt thép các loại,7,2018,596444.0,428392.07
Sắt thép các loại,8,2018,634681.0,459689.3
Sắt thép các loại,9,2018,567963.0,402212.03
Sắt thép các loại,10,2018,628561.0,439756.68
Sắt thép các loại,11,2018,540189.0,379617.67
Sắt thép các loại,12,2018,482580.0,334316.36
Sắt thép các loại,1,2019,771056.0,483759.02
Sắt thép các loại,2,2019,458215.0,289919.05
Sắt thép các loại,3,2019,540692.0,359816.81
Sắt thép các loại,4,2019,560788.0,369271.14
Sắt thép các loại,5,2019,602428.0,384412.71
Sắt thép các loại,6,2019,502821.0,337389.24
Sắt thép các loại,7,2019,453286.0,305871.76
Sắt thép các loại,8,2019,489062.0,319387.79
Sắt thép các loại,9,2019,484111.0,311072.18
Sắt thép các loại,10,2019,528615.0,333538.99
Sắt thép các loại,11,2019,647166.0,365757.5
Sắt thép các loại,12,2019,642652.0,350689.3
Sắt thép các loại,1,2020,483161.0,266079.71
Sắt thép các loại,2,2020,687867.0,382726.62
Sắt thép các loại,3,2020,816598.0,455293.64
Sắt thép các loại,4,2020,589069.0,316195.55
Sắt thép các loại,5,2020,435248.0,248995.75
Sắt thép các loại,6,2020,900028.0,416637.95
Sắt thép các loại,7,2020,881429.0,445240.93
Sắt thép các loại,8,2020,1162678.0,578006.32
Sắt thép các loại,9,2020,1040638.0,544500.72
Sắt thép các loại,10,2020,1003120.0,537991.26
Sắt thép các loại,11,2020,915021.0,510770.11
Sắt thép các loại,12,2020,942988.0,555951.3
Sắt thép các loại,1,2021,623468.9,729866.0
Sắt thép các loại,2,2021,525904.6190000001,1224675.0
Sắt thép các loại,3,2021,894135.515,991654.0
Sắt thép các loại,4,2021,748405.0029999999,967801.0
Sắt thép các loại,5,2021,821592.7429999997,999076.0
Sắt thép các loại,6,2021,911438.6020000004,1134834.0
Sắt thép các loại,7,2021,1076679.7790000006,1528614.0
Sắt thép các loại,8,2021,1458597.174,1319769.0
Sắt thép các loại,9,2021,1374065.7819999992,1205419.0
Sắt thép các loại,10,2021,1220036.5559999994,1130631.0
Sắt thép các loại,11,2021,1190292.4089999995,896367.0
Sắt thép các loại,12,2021,950774.0409999988,13096619.0
Sắt thép các loại,1,2022,896464.616,519260.0
Sắt thép các loại,2,2022,511800.8949999999,940951.0
Sắt thép các loại,3,2022,891330.2770000001,966315.0
Sắt thép các loại,4,2022,1010634.5869999996,738890.0
Sắt thép các loại,5,2022,805125.6839999998,850822.0
Sắt thép các loại,6,2022,900784.7760000004,583169.0
Sắt thép các loại,7,2022,617391.1209999997,509301.0
Sắt thép các loại,8,2022,449195.70400000026,540306.0
Sắt thép các loại,9,2022,430382.6940000005,529622.0
Sắt thép các loại,10,2022,432269.106,584507.0
Sắt thép các loại,11,2022,467778.1670000007,819646.0
Sắt thép các loại,12,2022,580081.8429999998,8397815.0
Sắt thép các loại,1,2023,456985.917,753553.0
Sắt thép các loại,2,2023,574893.293,873949.0
Sắt thép các loại,3,2023,688427.12,957443.0
Sắt thép các loại,4,2023,802262.4659999999,1126240.0
Sắt thép các loại,5,2023,925886.2739999996,1003041.0
Sắt thép các loại,6,2023,809046.7809999998,1008300.0
Sắt thép các loại,7,2023,733258.1079999999,985948.0
Sắt thép các loại,8,2023,704210.2230000001,849567.0
Sắt thép các loại,9,2023,600037.7740000001,907685.0
Sắt thép các loại,10,2023,655458.7400000001,902679.0
Sắt thép các loại,11,2023,633561.7949999998,1084530.0
Sắt thép các loại,12,2023,766175.3989999993,11125121.0
Sắt thép các loại,1,2024,822649.663,990342.0
Sắt thép các loại,2,2024,744789.869,1083077.0
Sắt thép các loại,3,2024,821667.5489999999,1107297.0
Sắt thép các loại,4,2024,832247.824,1165076.0
Sắt thép các loại,5,2024,819727.6970000002,987414.0
Sắt thép các loại,6,2024,736916.4670000002,1028169.0
Sắt thép các loại,7,2024,766623.9050000003,1340151.0
Sắt thép các loại,8,2024,921874.16,1086177.0
Sắt thép các loại,9,2024,747037.362,1080740.0
Sắt thép các loại,10,2024,747470.4419999996,864395.0
Sắt thép các loại,11,2024,586466.7229999981,727303.0
Sắt thép các loại,12,2024,532543.858,12620201.0
Sắt thép các loại,1,2025,608286.16,825220.0
Sắt thép các loại,2,2025,535576.6020000001,1003796.0
Sắt thép các loại,3,2025,639351.9499999998,1088708.0
Sắt thép các loại,4,2025,706840.9030000005,886638.0
Sắt thép các loại,5,2025,596615.742,923133.0
Sắt thép các loại,6,2025,605568.741,784059.0
Sắt thép các loại,7,2025,540126.516,693678.0
Sắt thép các loại,8,2025,444605.45799999975,772765.0
Sắt thép các loại,9,2025,496443.60500000056,674527.0
Sắt thép các loại,10,2025,462756.8090000005,645658.0
Sắt thép các loại,11,2025,442859.0190000005,844676.0
Sắt thép các loại,12,2025,547815.708,10062733.0
Than đá,1,2017,73.65,11786.23
Than đá,2,2017,133.107,22857.15
Than đá,3,2017,193.829,30183.56
Than đá,4,2017,116.383,16475.01
Than đá,5,2017,360.032,47456.28
Than đá,6,2017,162.221,19521.59
Than đá,7,2017,132.711,17009.66
Than đá,8,2017,129.655,15091.52
Than đá,9,2017,219.456,25728.57
Than đá,10,2017,117.595,13434.82
Than đá,11,2017,333.352,37822.45
Than đá,12,2017,256.561,29753.68
Than đá,1,2018,173680.0,22917.84
Than đá,2,2018,182047.0,22013.38
Than đá,3,2018,223504.0,30525.4
Than đá,4,2018,156392.0,19649.23
Than đá,5,2018,277314.0,38638.8
Than đá,6,2018,141964.0,20002.73
Than đá,7,2018,253111.0,36421.58
Than đá,8,2018,286633.0,39049.98
Than đá,9,2018,98777.0,14820.02
Than đá,10,2018,245410.0,30139.41
Than đá,11,2018,159277.0,20950.29
Than đá,12,2018,197852.0,27313.94
Than đá,1,2019,3398.0,651.74
Than đá,2,2019,27525.0,3332.85
Than đá,3,2019,458.0,358.27
Than đá,4,2019,193.0,79.9
Than đá,5,2019,167259.0,25145.39
Than đá,6,2019,203403.0,32284.77
Than đá,7,2019,57796.0,9909.98
Than đá,8,2019,221731.0,32463.16
Than đá,9,2019,101372.0,13820.81
Than đá,10,2019,85105.0,12656.45
Than đá,11,2019,180271.0,25342.03
Than đá,12,2019,94905.0,12756.06
Than đá,1,2020,18955.0,2211.71
Than đá,2,2020,97294.0,14388.39
Than đá,3,2020,77082.0,11409.45
Than đá,4,2020,38030.0,5538.57
Than đá,5,2020,89563.0,11536.06
Than đá,6,2020,66176.0,8900.77
Than đá,7,2020,23722.0,3225.52
Than đá,8,2020,61189.0,7997.82
Than đá,9,2020,102561.0,13297.39
Than đá,10,2020,21711.0,3078.75
Than đá,11,2020,88639.0,11105.38
Than đá,12,2020,224708.0,26932.05
Than đá,1,2021,4681.95,109843.0
Than đá,2,2021,12844.17,181468.0
Than đá,3,2021,22769.51,101282.0
Than đá,4,2021,13587.38,145973.0
Than đá,5,2021,17724.7,308839.0
Than đá,6,2021,36725.39,138815.0
Than đá,7,2021,17675.65,185668.0
Than đá,8,2021,21684.4,151622.0
Than đá,9,2021,19754.409999999996,93350.0
Than đá,10,2021,16104.36,255111.0
Than đá,11,2021,43551.849,103662.0
Than đá,12,2021,18987.209000000043,1812354.0
Than đá,1,2022,50.64,60616.0
Than đá,2,2022,14884.46,254897.0
Than đá,3,2022,59741.79,128177.0
Than đá,4,2022,53849.83,127272.0
Than đá,5,2022,53553.48,123478.0
Than đá,6,2022,46474.22,67440.0
Than đá,7,2022,22853.91,107059.0
Than đá,8,2022,40675.98,110175.0
Than đá,9,2022,41762.72,79786.0
Than đá,10,2022,27785.78,90453.0
Than đá,11,2022,33302.44,49562.0
Than đá,12,2022,16172.67,1199143.0
Than đá,1,2023,331.37,785.0
Than đá,2,2023,301.66,1146.0
Than đá,3,2023,392.09,764.0
Than đá,4,2023,271.38,54442.0
Than đá,5,2023,22810.33,149784.0
Than đá,6,2023,53763.41,52869.0
Than đá,7,2023,14814.180000000008,54124.0
Than đá,8,2023,17785.93,122271.0
Than đá,9,2023,39210.367,97934.0
Than đá,10,2023,26464.50899999999,138616.0
Than đá,11,2023,35131.765000000014,133702.0
Than đá,12,2023,37696.55799999999,807360.0
Than đá,1,2024,344.692,746.0
Than đá,2,2024,214.84500000000003,1065.0
Than đá,3,2024,288.317,109220.0
Than đá,4,2024,29423.189,3249.0
Than đá,5,2024,1548.8769999999968,96212.0
Than đá,6,2024,27194.642,84258.0
Than đá,7,2024,18356.81400000001,89486.0
Than đá,8,2024,19108.038999999993,80839.0
Than đá,9,2024,18690.072,74257.0
Than đá,10,2024,15823.98499999999,43060.0
Than đá,11,2024,11403.284000000018,90310.0
Than đá,12,2024,18729.347,673783.0
Than đá,1,2025,6581.554000000002,87726.0
Than đá,2,2025,16304.669999999996,25437.0
Than đá,3,2025,4561.8710000000065,95141.0
Than đá,4,2025,19626.73599999999,28283.0
Than đá,5,2025,6438.198000000006,56318.0
Than đá,6,2025,9671.107000000007,57409.0
Than đá,7,2025,10156.718000000004,33801.0
Than đá,8,2025,5450.707999999995,111376.0
Than đá,9,2025,19372.427999999993,80138.0
Than đá,10,2025,11227.42699999999,130844.0
Than đá,11,2025,19864.816000000013,186284.0
Than đá,12,2025,27895.709,928581.0
Thủy tinh và các sản phẩm từ thủy tinh,1,2017,,67195.28
Thủy tinh và các sản phẩm từ thủy tinh,2,2017,,73218.85
Thủy tinh và các sản phẩm từ thủy tinh,3,2017,,85829.52
Thủy tinh và các sản phẩm từ thủy tinh,4,2017,,84913.98
Thủy tinh và các sản phẩm từ thủy tinh,5,2017,,82373.55
Thủy tinh và các sản phẩm từ thủy tinh,6,2017,,78611.56
Thủy tinh và các sản phẩm từ thủy tinh,7,2017,,86499.6
Thủy tinh và các sản phẩm từ thủy tinh,8,2017,,90768.69
Thủy tinh và các sản phẩm từ thủy tinh,9,2017,,89470.77
Thủy tinh và các sản phẩm từ thủy tinh,10,2017,,93392.36
Thủy tinh và các sản phẩm từ thủy tinh,11,2017,,95937.17
Thủy tinh và các sản phẩm từ thủy tinh,12,2017,,100339.99
Thủy tinh và các sản phẩm từ thủy tinh,1,2018,,98572.64
Thủy tinh và các sản phẩm từ thủy tinh,2,2018,,64184.61
Thủy tinh và các sản phẩm từ thủy tinh,3,2018,,88617.83
Thủy tinh và các sản phẩm từ thủy tinh,4,2018,,84220.25
Thủy tinh và các sản phẩm từ thủy tinh,5,2018,,88465.97
Thủy tinh và các sản phẩm từ thủy tinh,6,2018,,85065.73
Thủy tinh và các sản phẩm từ thủy tinh,7,2018,,83733.49
Thủy tinh và các sản phẩm từ thủy tinh,8,2018,,81074.01
Thủy tinh và các sản phẩm từ thủy tinh,9,2018,,75207.3
Thủy tinh và các sản phẩm từ thủy tinh,10,2018,,82814.37
Thủy tinh và các sản phẩm từ thủy tinh,11,2018,,83729.45
Thủy tinh và các sản phẩm từ thủy tinh,12,2018,,79375.44
Thủy tinh và các sản phẩm từ thủy tinh,1,2019,,73222.45
Thủy tinh và các sản phẩm từ thủy tinh,2,2019,,46463.56
Thủy tinh và các sản phẩm từ thủy tinh,3,2019,,72753.3
Thủy tinh và các sản phẩm từ thủy tinh,4,2019,,70675.46
Thủy tinh và các sản phẩm từ thủy tinh,5,2019,,72664.87
Thủy tinh và các sản phẩm từ thủy tinh,6,2019,,67368.29
Thủy tinh và các sản phẩm từ thủy tinh,7,2019,,78098.46
Thủy tinh và các sản phẩm từ thủy tinh,8,2019,,62723.17
Thủy tinh và các sản phẩm từ thủy tinh,9,2019,,73432.87
Thủy tinh và các sản phẩm từ thủy tinh,10,2019,,75460.93
Thủy tinh và các sản phẩm từ thủy tinh,11,2019,,72397.06
Thủy tinh và các sản phẩm từ thủy tinh,12,2019,,76459.14
Thủy tinh và các sản phẩm từ thủy tinh,1,2020,,54733.58
Thủy tinh và các sản phẩm từ thủy tinh,2,2020,,64157.17
Thủy tinh và các sản phẩm từ thủy tinh,3,2020,,68972.01
Thủy tinh và các sản phẩm từ thủy tinh,4,2020,,64406.95
Thủy tinh và các sản phẩm từ thủy tinh,5,2020,,78427.93
Thủy tinh và các sản phẩm từ thủy tinh,6,2020,,74125.65
Thủy tinh và các sản phẩm từ thủy tinh,7,2020,,76367.16
Thủy tinh và các sản phẩm từ thủy tinh,8,2020,,76874.19
Thủy tinh và các sản phẩm từ thủy tinh,9,2020,,77073.88
Thủy tinh và các sản phẩm từ thủy tinh,10,2020,,79135.27
Thủy tinh và các sản phẩm từ thủy tinh,11,2020,,82414.42
Thủy tinh và các sản phẩm từ thủy tinh,12,2020,,82577.87
Thủy tinh và các sản phẩm từ thủy tinh,1,2021,83735.026,
Thủy tinh và các sản phẩm từ thủy tinh,2,2021,63727.106000000014,
Thủy tinh và các sản phẩm từ thủy tinh,3,2021,108318.523,
Thủy tinh và các sản phẩm từ thủy tinh,4,2021,93266.535,
Thủy tinh và các sản phẩm từ thủy tinh,5,2021,90737.594,
Thủy tinh và các sản phẩm từ thủy tinh,6,2021,106218.92900000002,
Thủy tinh và các sản phẩm từ thủy tinh,7,2021,105423.07900000004,
Thủy tinh và các sản phẩm từ thủy tinh,8,2021,96428.36699999998,
Thủy tinh và các sản phẩm từ thủy tinh,9,2021,95523.86100000003,
Thủy tinh và các sản phẩm từ thủy tinh,10,2021,102348.82199999994,
Thủy tinh và các sản phẩm từ thủy tinh,11,2021,108585.96699999996,
Thủy tinh và các sản phẩm từ thủy tinh,12,2021,109742.7610000002,
Thủy tinh và các sản phẩm từ thủy tinh,1,2022,95102.809,
Thủy tinh và các sản phẩm từ thủy tinh,2,2022,75220.59300000001,
Thủy tinh và các sản phẩm từ thủy tinh,3,2022,98337.53800000002,
Thủy tinh và các sản phẩm từ thủy tinh,4,2022,98413.15000000004,
Thủy tinh và các sản phẩm từ thủy tinh,5,2022,87484.915,
Thủy tinh và các sản phẩm từ thủy tinh,6,2022,88267.91099999998,
Thủy tinh và các sản phẩm từ thủy tinh,7,2022,78979.83900000005,
Thủy tinh và các sản phẩm từ thủy tinh,8,2022,78502.07999999997,
Thủy tinh và các sản phẩm từ thủy tinh,9,2022,70453.55200000004,
Thủy tinh và các sản phẩm từ thủy tinh,10,2022,44812.07999999997,
Thủy tinh và các sản phẩm từ thủy tinh,11,2022,38184.95400000004,
Thủy tinh và các sản phẩm từ thủy tinh,12,2022,54495.430000000066,
Thủy tinh và các sản phẩm từ thủy tinh,1,2023,58230.5,
Thủy tinh và các sản phẩm từ thủy tinh,2,2023,69078.876,
Thủy tinh và các sản phẩm từ thủy tinh,3,2023,77871.46600000001,
Thủy tinh và các sản phẩm từ thủy tinh,4,2023,77412.89500000002,
Thủy tinh và các sản phẩm từ thủy tinh,5,2023,58419.856999999945,
Thủy tinh và các sản phẩm từ thủy tinh,6,2023,61685.432000000015,
Thủy tinh và các sản phẩm từ thủy tinh,7,2023,84144.38399999996,
Thủy tinh và các sản phẩm từ thủy tinh,8,2023,66015.884,
Thủy tinh và các sản phẩm từ thủy tinh,9,2023,52355.38700000003,
Thủy tinh và các sản phẩm từ thủy tinh,10,2023,71428.71900000008,
Thủy tinh và các sản phẩm từ thủy tinh,11,2023,78348.79499999998,
Thủy tinh và các sản phẩm từ thủy tinh,12,2023,77177.42200000002,
Thủy tinh và các sản phẩm từ thủy tinh,1,2024,86919.057,
Thủy tinh và các sản phẩm từ thủy tinh,2,2024,52583.437999999995,
Thủy tinh và các sản phẩm từ thủy tinh,3,2024,83582.22200000001,
Thủy tinh và các sản phẩm từ thủy tinh,4,2024,96392.827,
Thủy tinh và các sản phẩm từ thủy tinh,5,2024,108805.023,
Thủy tinh và các sản phẩm từ thủy tinh,6,2024,104974.14700000006,
Thủy tinh và các sản phẩm từ thủy tinh,7,2024,119942.59399999992,
Thủy tinh và các sản phẩm từ thủy tinh,8,2024,113988.46099999997,
Thủy tinh và các sản phẩm từ thủy tinh,9,2024,100122.001,
Thủy tinh và các sản phẩm từ thủy tinh,10,2024,104550.53700000008,
Thủy tinh và các sản phẩm từ thủy tinh,11,2024,104448.0770000001,
Thủy tinh và các sản phẩm từ thủy tinh,12,2024,109476.69,
Thủy tinh và các sản phẩm từ thủy tinh,1,2025,102327.743,
Thủy tinh và các sản phẩm từ thủy tinh,2,2025,91373.78299999998,
Thủy tinh và các sản phẩm từ thủy tinh,3,2025,111462.36400000002,
Thủy tinh và các sản phẩm từ thủy tinh,4,2025,111080.66599999992,
Thủy tinh và các sản phẩm từ thủy tinh,5,2025,108198.955,
Thủy tinh và các sản phẩm từ thủy tinh,6,2025,124284.55900000008,
Thủy tinh và các sản phẩm từ thủy tinh,7,2025,129922.947,
Thủy tinh và các sản phẩm từ thủy tinh,8,2025,134431.49599999998,
Thủy tinh và các sản phẩm từ thủy tinh,9,2025,129051.99999999996,
Thủy tinh và các sản phẩm từ thủy tinh,10,2025,129399.432,
Thủy tinh và các sản phẩm từ thủy tinh,11,2025,144468.1899999999,
Thủy tinh và các sản phẩm từ thủy tinh,12,2025,142109.813,
Thức ăn gia súc và nguyên liệu,1,2017,,28950.51
Thức ăn gia súc và nguyên liệu,2,2017,,36387.42
Thức ăn gia súc và nguyên liệu,3,2017,,47170.42
Thức ăn gia súc và nguyên liệu,4,2017,,50235.78
Thức ăn gia súc và nguyên liệu,5,2017,,61016.77
Thức ăn gia súc và nguyên liệu,6,2017,,66396.66
Thức ăn gia súc và nguyên liệu,7,2017,,62303.42
Thức ăn gia súc và nguyên liệu,8,2017,,62676.88
Thức ăn gia súc và nguyên liệu,9,2017,,49319.87
Thức ăn gia súc và nguyên liệu,10,2017,,45613.45
Thức ăn gia súc và nguyên liệu,11,2017,,48434.91
Thức ăn gia súc và nguyên liệu,12,2017,,51024.82
Thức ăn gia súc và nguyên liệu,1,2018,,52496.27
Thức ăn gia súc và nguyên liệu,2,2018,,33251.33
Thức ăn gia súc và nguyên liệu,3,2018,,66668.11
Thức ăn gia súc và nguyên liệu,4,2018,,68238.11
Thức ăn gia súc và nguyên liệu,5,2018,,74081.88
Thức ăn gia súc và nguyên liệu,6,2018,,64386.36
Thức ăn gia súc và nguyên liệu,7,2018,,59542.03
Thức ăn gia súc và nguyên liệu,8,2018,,63911.33
Thức ăn gia súc và nguyên liệu,9,2018,,59520.51
Thức ăn gia súc và nguyên liệu,10,2018,,59601.53
Thức ăn gia súc và nguyên liệu,11,2018,,48861.6
Thức ăn gia súc và nguyên liệu,12,2018,,45231.08
Thức ăn gia súc và nguyên liệu,1,2019,,49855.84
Thức ăn gia súc và nguyên liệu,2,2019,,34587.13
Thức ăn gia súc và nguyên liệu,3,2019,,56351.8
Thức ăn gia súc và nguyên liệu,4,2019,,61984.14
Thức ăn gia súc và nguyên liệu,5,2019,,61051.88
Thức ăn gia súc và nguyên liệu,6,2019,,66673.64
Thức ăn gia súc và nguyên liệu,7,2019,,71694.34
Thức ăn gia súc và nguyên liệu,8,2019,,63527.79
Thức ăn gia súc và nguyên liệu,9,2019,,50686.15
Thức ăn gia súc và nguyên liệu,10,2019,,60883.43
Thức ăn gia súc và nguyên liệu,11,2019,,57085.88
Thức ăn gia súc và nguyên liệu,12,2019,,49736.78
Thức ăn gia súc và nguyên liệu,1,2020,,36734.55
Thức ăn gia súc và nguyên liệu,2,2020,,53275.21
Thức ăn gia súc và nguyên liệu,3,2020,,60374.43
Thức ăn gia súc và nguyên liệu,4,2020,,59648.76
Thức ăn gia súc và nguyên liệu,5,2020,,59838.47
Thức ăn gia súc và nguyên liệu,6,2020,,73202.0
Thức ăn gia súc và nguyên liệu,7,2020,,78143.58
Thức ăn gia súc và nguyên liệu,8,2020,,81917.22
Thức ăn gia súc và nguyên liệu,9,2020,,73152.05
Thức ăn gia súc và nguyên liệu,10,2020,,77724.54
Thức ăn gia súc và nguyên liệu,11,2020,,69018.28
Thức ăn gia súc và nguyên liệu,12,2020,,77754.32
Thức ăn gia súc và nguyên liệu,1,2021,63759.297,
Thức ăn gia súc và nguyên liệu,2,2021,46807.526000000005,
Thức ăn gia súc và nguyên liệu,3,2021,90614.502,
Thức ăn gia súc và nguyên liệu,4,2021,100062.783,
Thức ăn gia súc và nguyên liệu,5,2021,117088.874,
Thức ăn gia súc và nguyên liệu,6,2021,105546.599,
Thức ăn gia súc và nguyên liệu,7,2021,93749.03799999994,
Thức ăn gia súc và nguyên liệu,8,2021,80561.9750000001,
Thức ăn gia súc và nguyên liệu,9,2021,85549.6499999999,
Thức ăn gia súc và nguyên liệu,10,2021,75566.09200000006,
Thức ăn gia súc và nguyên liệu,11,2021,112519.60399999988,
Thức ăn gia súc và nguyên liệu,12,2021,155842.70500000016,
Thức ăn gia súc và nguyên liệu,1,2022,83699.91,
Thức ăn gia súc và nguyên liệu,2,2022,77923.4,
Thức ăn gia súc và nguyên liệu,3,2022,110929.34,
Thức ăn gia súc và nguyên liệu,4,2022,101617.84,
Thức ăn gia súc và nguyên liệu,5,2022,114518.05,
Thức ăn gia súc và nguyên liệu,6,2022,103544.44,
Thức ăn gia súc và nguyên liệu,7,2022,88019.27,
Thức ăn gia súc và nguyên liệu,8,2022,101041.28,
Thức ăn gia súc và nguyên liệu,9,2022,75772.42,
Thức ăn gia súc và nguyên liệu,10,2022,93913.67,
Thức ăn gia súc và nguyên liệu,11,2022,87251.42,
Thức ăn gia súc và nguyên liệu,12,2022,91150.85099999982,
Thức ăn gia súc và nguyên liệu,1,2023,50055.397,
Thức ăn gia súc và nguyên liệu,2,2023,79348.50200000001,
Thức ăn gia súc và nguyên liệu,3,2023,100066.66199999998,
Thức ăn gia súc và nguyên liệu,4,2023,97951.61700000004,
Thức ăn gia súc và nguyên liệu,5,2023,98876.72999999998,
Thức ăn gia súc và nguyên liệu,6,2023,96038.94900000002,
Thức ăn gia súc và nguyên liệu,7,2023,130639.28199999996,
Thức ăn gia súc và nguyên liệu,8,2023,139422.69000000003,
Thức ăn gia súc và nguyên liệu,9,2023,102254.332,
Thức ăn gia súc và nguyên liệu,10,2023,117627.32899999995,
Thức ăn gia súc và nguyên liệu,11,2023,98506.70300000004,
Thức ăn gia súc và nguyên liệu,12,2023,85950.54200000013,
Thức ăn gia súc và nguyên liệu,1,2024,84728.855,
Thức ăn gia súc và nguyên liệu,2,2024,57971.16100000001,
Thức ăn gia súc và nguyên liệu,3,2024,79567.37000000001,
Thức ăn gia súc và nguyên liệu,4,2024,89210.20400000003,
Thức ăn gia súc và nguyên liệu,5,2024,92235.13399999996,
Thức ăn gia súc và nguyên liệu,6,2024,89169.39199999999,
Thức ăn gia súc và nguyên liệu,7,2024,91294.592,
Thức ăn gia súc và nguyên liệu,8,2024,89833.14499999995,
Thức ăn gia súc và nguyên liệu,9,2024,79126.742,
Thức ăn gia súc và nguyên liệu,10,2024,97143.81600000004,
Thức ăn gia súc và nguyên liệu,11,2024,91653.28200000004,
Thức ăn gia súc và nguyên liệu,12,2024,96424.589,
Thức ăn gia súc và nguyên liệu,1,2025,72955.70799999998,
Thức ăn gia súc và nguyên liệu,2,2025,84047.32199999999,
Thức ăn gia súc và nguyên liệu,3,2025,109715.826,
Thức ăn gia súc và nguyên liệu,4,2025,121379.277,
Thức ăn gia súc và nguyên liệu,5,2025,108893.679,
Thức ăn gia súc và nguyên liệu,6,2025,105729.28800000012,
Thức ăn gia súc và nguyên liệu,7,2025,138578.2639999999,
Thức ăn gia súc và nguyên liệu,8,2025,128240.50099999987,
Thức ăn gia súc và nguyên liệu,9,2025,134723.4570000001,
Thức ăn gia súc và nguyên liệu,10,2025,148199.31399999972,
Thức ăn gia súc và nguyên liệu,11,2025,136012.35899999988,
Thức ăn gia súc và nguyên liệu,12,2025,149417.216,
Trừ dầu thô,1,2017,,9980711.0
Trừ dầu thô,2,2017,,9315141.0
Trừ dầu thô,3,2017,,12109281.0
Trừ dầu thô,4,2017,,12659986.0
Trừ dầu thô,5,2017,,12719636.0
Trừ dầu thô,6,2017,,12347230.12
Trừ dầu thô,7,2017,,12152471.0
Trừ dầu thô,8,2017,,14023171.0
Trừ dầu thô,9,2017,,14027511.0
Trừ dầu thô,10,2017,,14975755.0
Trừ dầu thô,11,2017,,14525747.0
Trừ dầu thô,12,2017,,13712446.0
Tàu thuyền các loại,1,2018,,143029.3
Tàu thuyền các loại,2,2018,,144277.58
Tàu thuyền các loại,3,2018,,125745.14
Tàu thuyền các loại,4,2018,,109419.06
Tàu thuyền các loại,5,2018,,122233.89
Tàu thuyền các loại,6,2018,,20351.4
Tàu thuyền các loại,7,2018,,43572.43
Tàu thuyền các loại,8,2018,,54960.37
Tàu thuyền các loại,9,2018,,32061.29
Tàu thuyền các loại,10,2018,,114761.93
Tàu thuyền các loại,11,2018,,33041.79
Tàu thuyền các loại,12,2018,,33804.93
Tàu thuyền các loại,1,2019,,120925.11
Tàu thuyền các loại,2,2019,,52662.57
Tàu thuyền các loại,3,2019,,146369.14
Tàu thuyền các loại,4,2019,,14974.46
Tàu thuyền các loại,5,2019,,48927.71
Tàu thuyền các loại,6,2019,,32888.08
Tàu thuyền các loại,7,2019,,22460.74
Tàu thuyền các loại,8,2019,,41665.98
Tàu thuyền các loại,9,2019,,7260.28
Tàu thuyền các loại,10,2019,,45487.32
Tàu thuyền các loại,11,2019,,48805.8
Tàu thuyền các loại,12,2019,,12462.62
Tàu thuyền các loại,1,2020,,109034.4
Tàu thuyền các loại,2,2020,,48412.03
Tàu thuyền các loại,3,2020,,72934.72
Tàu thuyền các loại,4,2020,,10763.52
Tàu thuyền các loại,5,2020,,7823.23
Tàu thuyền các loại,6,2020,,34937.08
Tàu thuyền các loại,7,2020,,1920.2
Tàu thuyền các loại,8,2020,,229449.07
Tàu thuyền các loại,9,2020,,335041.6
Tàu thuyền các loại,10,2020,,33963.85
Tàu thuyền các loại,11,2020,,146158.69
Tàu thuyền các loại,12,2020,,27746.91
Tàu thuyền các loại,1,2021,80592.364,
Tàu thuyền các loại,2,2021,130500.896,
Tàu thuyền các loại,3,2021,51395.97200000001,
Tàu thuyền các loại,4,2021,43685.08899999998,
Tàu thuyền các loại,5,2021,81224.21399999998,
Tàu thuyền các loại,6,2021,58909.58800000005,
Tàu thuyền các loại,7,2021,90992.06900000002,
Tàu thuyền các loại,8,2021,42353.71299999999,
Tàu thuyền các loại,9,2021,46165.93099999998,
Tàu thuyền các loại,10,2021,15489.265000000014,
Tàu thuyền các loại,11,2021,58533.744999999995,
Tàu thuyền các loại,12,2021,99347.674,
Tàu thuyền các loại,1,2022,35586.636,
Tàu thuyền các loại,2,2022,76191.45300000001,
Tàu thuyền các loại,3,2022,129940.997,
Tàu thuyền các loại,4,2022,52483.004000000015,
Tàu thuyền các loại,5,2022,83873.47599999997,
Tàu thuyền các loại,6,2022,42154.51199999999,
Tàu thuyền các loại,7,2022,72147.44400000002,
Tàu thuyền các loại,8,2022,65258.72900000005,
Tàu thuyền các loại,9,2022,75327.61899999995,
Tàu thuyền các loại,10,2022,89711.95999999996,
Tàu thuyền các loại,11,2022,97946.26600000006,
Tàu thuyền các loại,12,2022,129578.98899999994,
Tàu thuyền các loại,1,2023,77242.659,
Tàu thuyền các loại,2,2023,129708.991,
Tàu thuyền các loại,3,2023,172896.82100000005,
Tàu thuyền các loại,4,2023,104679.19,
Tàu thuyền các loại,5,2023,114073.35999999991,
Tàu thuyền các loại,6,2023,126381.81100000016,
Tàu thuyền các loại,7,2023,81527.08099999993,
Tàu thuyền các loại,8,2023,6259.553999999975,
Tàu thuyền các loại,9,2023,203585.67400000012,
Tàu thuyền các loại,10,2023,32801.934999999794,
Tàu thuyền các loại,11,2023,67855.97300000027,
Tàu thuyền các loại,12,2023,452322.0479999999,
"Túi xách, ví, vaili, mũ & ô dù",1,2017,,285821.0
"Túi xách, ví, vaili, mũ & ô dù",2,2017,,166877.83
"Túi xách, ví, vaili, mũ & ô dù",3,2017,,302263.6
"Túi xách, ví, vaili, mũ & ô dù",4,2017,,312448.97
"Túi xách, ví, vaili, mũ & ô dù",5,2017,,278431.54
"Túi xách, ví, vaili, mũ & ô dù",6,2017,,305200.54
"Túi xách, ví, vaili, mũ & ô dù",7,2017,,290850.77
"Túi xách, ví, vaili, mũ & ô dù",8,2017,,280813.56
"Túi xách, ví, vaili, mũ & ô dù",9,2017,,259380.23
"Túi xách, ví, vaili, mũ & ô dù",10,2017,,247265.34
"Túi xách, ví, vaili, mũ & ô dù",11,2017,,251278.47
"Túi xách, ví, vaili, mũ & ô dù",12,2017,,298000.0
"Túi xách, ví, vaili, mũ & ô dù",1,2018,,296616.9
"Túi xách, ví, vaili, mũ & ô dù",2,2018,,192685.4
"Túi xách, ví, vaili, mũ & ô dù",3,2018,,272956.37
"Túi xách, ví, vaili, mũ & ô dù",4,2018,,284360.68
"Túi xách, ví, vaili, mũ & ô dù",5,2018,,296491.68
"Túi xách, ví, vaili, mũ & ô dù",6,2018,,289245.23
"Túi xách, ví, vaili, mũ & ô dù",7,2018,,301181.05
"Túi xách, ví, vaili, mũ & ô dù",8,2018,,299594.74
"Túi xách, ví, vaili, mũ & ô dù",9,2018,,243397.5
"Túi xách, ví, vaili, mũ & ô dù",10,2018,,293176.86
"Túi xách, ví, vaili, mũ & ô dù",11,2018,,300361.13
"Túi xách, ví, vaili, mũ & ô dù",12,2018,,323606.7
"Túi xách, ví, vaili, mũ & ô dù",1,2019,,377826.2
"Túi xách, ví, vaili, mũ & ô dù",2,2019,,163849.71
"Túi xách, ví, vaili, mũ & ô dù",3,2019,,299555.59
"Túi xách, ví, vaili, mũ & ô dù",4,2019,,322693.5
"Túi xách, ví, vaili, mũ & ô dù",5,2019,,336991.17
"Túi xách, ví, vaili, mũ & ô dù",6,2019,,308109.15
"Túi xách, ví, vaili, mũ & ô dù",7,2019,,335644.68
"Túi xách, ví, vaili, mũ & ô dù",8,2019,,332525.2
"Túi xách, ví, vaili, mũ & ô dù",9,2019,,292431.33
"Túi xách, ví, vaili, mũ & ô dù",10,2019,,301758.41
"Túi xách, ví, vaili, mũ & ô dù",11,2019,,316913.02
"Túi xách, ví, vaili, mũ & ô dù",12,2019,,356885.34
"Túi xách, ví, vaili, mũ & ô dù",1,2020,,291662.22
"Túi xách, ví, vaili, mũ & ô dù",2,2020,,251397.08
"Túi xách, ví, vaili, mũ & ô dù",3,2020,,303751.43
"Túi xách, ví, vaili, mũ & ô dù",4,2020,,199163.07
"Túi xách, ví, vaili, mũ & ô dù",5,2020,,236654.82
"Túi xách, ví, vaili, mũ & ô dù",6,2020,,274526.34
"Túi xách, ví, vaili, mũ & ô dù",7,2020,,283604.39
"Túi xách, ví, vaili, mũ & ô dù",8,2020,,241398.6
"Túi xách, ví, vaili, mũ & ô dù",9,2020,,235001.17
"Túi xách, ví, vaili, mũ & ô dù",10,2020,,243293.1
"Túi xách, ví, vaili, mũ & ô dù",11,2020,,251737.22
"Túi xách, ví, vaili, mũ & ô dù",12,2020,,313451.6
"Túi xách, ví, vaili, mũ & ô dù",1,2021,285667.995,
"Túi xách, ví, vaili, mũ & ô dù",2,2021,195631.75300000003,
"Túi xách, ví, vaili, mũ & ô dù",3,2021,288415.20699999994,
"Túi xách, ví, vaili, mũ & ô dù",4,2021,279421.586,
"Túi xách, ví, vaili, mũ & ô dù",5,2021,307209.1790000001,
"Túi xách, ví, vaili, mũ & ô dù",6,2021,331926.61699999974,
"Túi xách, ví, vaili, mũ & ô dù",7,2021,296345.2790000002,
"Túi xách, ví, vaili, mũ & ô dù",8,2021,132329.19100000034,
"Túi xách, ví, vaili, mũ & ô dù",9,2021,116665.88099999982,
"Túi xách, ví, vaili, mũ & ô dù",10,2021,189139.34199999995,
"Túi xách, ví, vaili, mũ & ô dù",11,2021,264552.5689999999,
"Túi xách, ví, vaili, mũ & ô dù",12,2021,334407.79799999914,
"Túi xách, ví, vaili, mũ & ô dù",1,2022,390338.69,
"Túi xách, ví, vaili, mũ & ô dù",2,2022,209880.741,
"Túi xách, ví, vaili, mũ & ô dù",3,2022,346415.0150000001,
"Túi xách, ví, vaili, mũ & ô dù",4,2022,334843.54600000003,
"Túi xách, ví, vaili, mũ & ô dù",5,2022,354823.8969999998,
"Túi xách, ví, vaili, mũ & ô dù",6,2022,389191.1829999999,
"Túi xách, ví, vaili, mũ & ô dù",7,2022,370226.45599999995,
"Túi xách, ví, vaili, mũ & ô dù",8,2022,387224.607,
"Túi xách, ví, vaili, mũ & ô dù",9,2022,294793.34700000024,
"Túi xách, ví, vaili, mũ & ô dù",10,2022,315112.04600000026,
"Túi xách, ví, vaili, mũ & ô dù",11,2022,365028.36700000026,
"Túi xách, ví, vaili, mũ & ô dù",12,2022,342102.834,
"Túi xách, ví, vaili, mũ & ô dù",1,2023,260500.119,
"Túi xách, ví, vaili, mũ & ô dù",2,2023,249032.854,
"Túi xách, ví, vaili, mũ & ô dù",3,2023,311956.63499999995,
"Túi xách, ví, vaili, mũ & ô dù",4,2023,331045.64299999987,
"Túi xách, ví, vaili, mũ & ô dù",5,2023,339615.82,
"Túi xách, ví, vaili, mũ & ô dù",6,2023,324768.1899999999,
"Túi xách, ví, vaili, mũ & ô dù",7,2023,351142.1899999999,
"Túi xách, ví, vaili, mũ & ô dù",8,2023,339347.8540000002,
"Túi xách, ví, vaili, mũ & ô dù",9,2023,242478.5469999998,
"Túi xách, ví, vaili, mũ & ô dù",10,2023,310513.9020000002,
"Túi xách, ví, vaili, mũ & ô dù",11,2023,357521.0269999997,
"Túi xách, ví, vaili, mũ & ô dù",12,2023,361926.11899999995,
"Túi xách, ví, vaili, mũ & ô dù",1,2024,375000.655,
"Túi xách, ví, vaili, mũ & ô dù",2,2024,205993.82699999993,
"Túi xách, ví, vaili, mũ & ô dù",3,2024,314441.57200000004,
"Túi xách, ví, vaili, mũ & ô dù",4,2024,336566.976,
"Túi xách, ví, vaili, mũ & ô dù",5,2024,326957.6170000001,
"Túi xách, ví, vaili, mũ & ô dù",6,2024,381839.71,
"Túi xách, ví, vaili, mũ & ô dù",7,2024,405531.4099999999,
"Túi xách, ví, vaili, mũ & ô dù",8,2024,406818.8699999999,
"Túi xách, ví, vaili, mũ & ô dù",9,2024,312402.929,
"Túi xách, ví, vaili, mũ & ô dù",10,2024,368051.1570000003,
"Túi xách, ví, vaili, mũ & ô dù",11,2024,402978.97199999983,
"Túi xách, ví, vaili, mũ & ô dù",12,2024,413490.503,
"Túi xách, ví, vaili, mũ & ô dù",1,2025,365330.667,
"Túi xách, ví, vaili, mũ & ô dù",2,2025,260302.18600000005,
"Túi xách, ví, vaili, mũ & ô dù",3,2025,368098.1770000001,
"Túi xách, ví, vaili, mũ & ô dù",4,2025,394375.6489999999,
"Túi xách, ví, vaili, mũ & ô dù",5,2025,411413.6140000001,
"Túi xách, ví, vaili, mũ & ô dù",6,2025,398423.1229999996,
"Túi xách, ví, vaili, mũ & ô dù",7,2025,413977.50400000013,
"Túi xách, ví, vaili, mũ & ô dù",8,2025,390115.91600000014,
"Túi xách, ví, vaili, mũ & ô dù",9,2025,342517.6929999999,
"Túi xách, ví, vaili, mũ & ô dù",10,2025,382252.222,
"Túi xách, ví, vaili, mũ & ô dù",11,2025,416533.6800000001,
"Túi xách, ví, vaili, mũ & ô dù",12,2025,471329.707,
"Vải mành, vải kỹ thuật khác",1,2017,,35398.5
"Vải mành, vải kỹ thuật khác",2,2017,,39015.52
"Vải mành, vải kỹ thuật khác",3,2017,,43151.36
"Vải mành, vải kỹ thuật khác",4,2017,,40658.56
"Vải mành, vải kỹ thuật khác",5,2017,,40317.85
"Vải mành, vải kỹ thuật khác",6,2017,,39026.66
"Vải mành, vải kỹ thuật khác",7,2017,,38020.08
"Vải mành, vải kỹ thuật khác",8,2017,,37421.66
"Vải mành, vải kỹ thuật khác",9,2017,,36276.94
"Vải mành, vải kỹ thuật khác",10,2017,,38193.37
"Vải mành, vải kỹ thuật khác",11,2017,,34884.74
"Vải mành, vải kỹ thuật khác",12,2017,,35577.38
"Vải mành, vải kỹ thuật khác",1,2018,,44240.0
"Vải mành, vải kỹ thuật khác",2,2018,,39500.49
"Vải mành, vải kỹ thuật khác",3,2018,,48247.91
"Vải mành, vải kỹ thuật khác",4,2018,,44687.57
"Vải mành, vải kỹ thuật khác",5,2018,,45972.55
"Vải mành, vải kỹ thuật khác",6,2018,,42728.04
"Vải mành, vải kỹ thuật khác",7,2018,,43898.46
"Vải mành, vải kỹ thuật khác",8,2018,,47088.36
"Vải mành, vải kỹ thuật khác",9,2018,,41929.38
"Vải mành, vải kỹ thuật khác",10,2018,,43915.94
"Vải mành, vải kỹ thuật khác",11,2018,,47446.54
"Vải mành, vải kỹ thuật khác",12,2018,,39998.03
"Vải mành, vải kỹ thuật khác",1,2019,,53432.39
"Vải mành, vải kỹ thuật khác",2,2019,,45714.54
"Vải mành, vải kỹ thuật khác",3,2019,,54830.23
"Vải mành, vải kỹ thuật khác",4,2019,,54165.29
"Vải mành, vải kỹ thuật khác",5,2019,,52552.68
"Vải mành, vải kỹ thuật khác",6,2019,,50325.1
"Vải mành, vải kỹ thuật khác",7,2019,,49679.43
"Vải mành, vải kỹ thuật khác",8,2019,,50273.4
"Vải mành, vải kỹ thuật khác",9,2019,,46242.45
"Vải mành, vải kỹ thuật khác",10,2019,,45690.89
"Vải mành, vải kỹ thuật khác",11,2019,,43357.66
"Vải mành, vải kỹ thuật khác",12,2019,,42613.46
"Vải mành, vải kỹ thuật khác",1,2020,,45412.18
"Vải mành, vải kỹ thuật khác",2,2020,,50325.97
"Vải mành, vải kỹ thuật khác",3,2020,,46567.07
"Vải mành, vải kỹ thuật khác",4,2020,,16449.19
"Vải mành, vải kỹ thuật khác",5,2020,,13999.75
"Vải mành, vải kỹ thuật khác",6,2020,,21594.67
"Vải mành, vải kỹ thuật khác",7,2020,,30468.31
"Vải mành, vải kỹ thuật khác",8,2020,,43998.78
"Vải mành, vải kỹ thuật khác",9,2020,,44928.13
"Vải mành, vải kỹ thuật khác",10,2020,,46099.54
"Vải mành, vải kỹ thuật khác",11,2020,,47102.61
"Vải mành, vải kỹ thuật khác",12,2020,,49058.78
"Vải mành, vải kỹ thuật khác",1,2021,51258.884,
"Vải mành, vải kỹ thuật khác",2,2021,53383.954000000005,
"Vải mành, vải kỹ thuật khác",3,2021,60648.603,
"Vải mành, vải kỹ thuật khác",4,2021,61747.7,
"Vải mành, vải kỹ thuật khác",5,2021,69659.60800000001,
"Vải mành, vải kỹ thuật khác",6,2021,62993.80999999999,
"Vải mành, vải kỹ thuật khác",7,2021,72702.18400000001,
"Vải mành, vải kỹ thuật khác",8,2021,73170.473,
"Vải mành, vải kỹ thuật khác",9,2021,70663.35399999993,
"Vải mành, vải kỹ thuật khác",10,2021,73125.093,
"Vải mành, vải kỹ thuật khác",11,2021,68944.13400000008,
"Vải mành, vải kỹ thuật khác",12,2021,66422.05599999998,
"Vải mành, vải kỹ thuật khác",1,2022,74503.755,
"Vải mành, vải kỹ thuật khác",2,2022,71568.83499999999,
"Vải mành, vải kỹ thuật khác",3,2022,70758.38399999999,
"Vải mành, vải kỹ thuật khác",4,2022,77040.16200000001,
"Vải mành, vải kỹ thuật khác",5,2022,82921.74699999997,
"Vải mành, vải kỹ thuật khác",6,2022,76869.52800000005,
"Vải mành, vải kỹ thuật khác",7,2022,76930.80699999997,
"Vải mành, vải kỹ thuật khác",8,2022,75053.04300000012,
"Vải mành, vải kỹ thuật khác",9,2022,70956.10399999988,
"Vải mành, vải kỹ thuật khác",10,2022,60517.22900000017,
"Vải mành, vải kỹ thuật khác",11,2022,64928.98699999985,
"Vải mành, vải kỹ thuật khác",12,2022,62409.00000000012,
"Vải mành, vải kỹ thuật khác",1,2023,57759.389,
"Vải mành, vải kỹ thuật khác",2,2023,57178.74,
"Vải mành, vải kỹ thuật khác",3,2023,63075.64800000001,
"Vải mành, vải kỹ thuật khác",4,2023,55984.662,
"Vải mành, vải kỹ thuật khác",5,2023,52215.767999999975,
"Vải mành, vải kỹ thuật khác",6,2023,51416.31199999997,
"Vải mành, vải kỹ thuật khác",7,2023,50688.582000000046,
"Vải mành, vải kỹ thuật khác",8,2023,56983.392999999975,
"Vải mành, vải kỹ thuật khác",9,2023,50994.613000000005,
"Vải mành, vải kỹ thuật khác",10,2023,53934.884999999944,
"Vải mành, vải kỹ thuật khác",11,2023,56318.87500000005,
"Vải mành, vải kỹ thuật khác",12,2023,54469.27000000002,
"Vải mành, vải kỹ thuật khác",1,2024,66622.803,
"Vải mành, vải kỹ thuật khác",2,2024,59553.996,
"Vải mành, vải kỹ thuật khác",3,2024,69348.568,
"Vải mành, vải kỹ thuật khác",4,2024,64793.875,
"Vải mành, vải kỹ thuật khác",5,2024,65931.508,
"Vải mành, vải kỹ thuật khác",6,2024,63877.659999999974,
"Vải mành, vải kỹ thuật khác",7,2024,68269.12600000005,
"Vải mành, vải kỹ thuật khác",8,2024,71012.88100000001,
"Vải mành, vải kỹ thuật khác",9,2024,58091.918,
"Vải mành, vải kỹ thuật khác",10,2024,62842.01600000003,
"Vải mành, vải kỹ thuật khác",11,2024,64689.67999999989,
"Vải mành, vải kỹ thuật khác",12,2024,56210.017,
"Vải mành, vải kỹ thuật khác",1,2025,60615.86499999999,
"Vải mành, vải kỹ thuật khác",2,2025,60588.28500000002,
"Vải mành, vải kỹ thuật khác",3,2025,69796.64100000002,
"Vải mành, vải kỹ thuật khác",4,2025,64656.13399999998,
"Vải mành, vải kỹ thuật khác",5,2025,70826.91799999999,
"Vải mành, vải kỹ thuật khác",6,2025,54467.86800000003,
"Vải mành, vải kỹ thuật khác",7,2025,60779.55,
"Vải mành, vải kỹ thuật khác",8,2025,61433.36700000004,
"Vải mành, vải kỹ thuật khác",9,2025,62818.02599999997,
"Vải mành, vải kỹ thuật khác",10,2025,58383.87400000008,
"Vải mành, vải kỹ thuật khác",11,2025,59260.77099999997,
"Vải mành, vải kỹ thuật khác",12,2025,59997.416,
Xăng dầu các loại,1,2017,208.0,106000.0
Xăng dầu các loại,2,2017,229.0,121000.0
Xăng dầu các loại,3,2017,298.0,152000.0
Xăng dầu các loại,4,2017,225.923,120000.0
Xăng dầu các loại,5,2017,226.954,117000.0
Xăng dầu các loại,6,2017,228.504,115000.0
Xăng dầu các loại,7,2017,198.148,103000.0
Xăng dầu các loại,8,2017,259.0,128000.0
Xăng dầu các loại,9,2017,192.813,104000.0
Xăng dầu các loại,10,2017,231.0,127000.0
Xăng dầu các loại,11,2017,250.0,139000.0
Xăng dầu các loại,12,2017,271.0,151000.0
Xăng dầu các loại,1,2018,186056.0,110781.68
Xăng dầu các loại,2,2018,135180.0,80039.77
Xăng dầu các loại,3,2018,186647.0,112734.16
Xăng dầu các loại,4,2018,222667.0,136411.33
Xăng dầu các loại,5,2018,541781.0,349361.82
Xăng dầu các loại,6,2018,328282.0,219714.84
Xăng dầu các loại,7,2018,156362.0,104710.99
Xăng dầu các loại,8,2018,369485.0,249884.68
Xăng dầu các loại,9,2018,234388.0,162290.94
Xăng dầu các loại,10,2018,250599.0,174820.85
Xăng dầu các loại,11,2018,221877.0,155670.92
Xăng dầu các loại,12,2018,282208.0,166751.89
Xăng dầu các loại,1,2019,235457.0,130063.48
Xăng dầu các loại,2,2019,327680.0,212764.01
Xăng dầu các loại,3,2019,284219.0,177972.25
Xăng dầu các loại,4,2019,304840.0,188682.94
Xăng dầu các loại,5,2019,305166.0,193118.43
Xăng dầu các loại,6,2019,202462.0,119464.22
Xăng dầu các loại,7,2019,251210.0,152261.37
Xăng dầu các loại,8,2019,267267.0,164685.25
Xăng dầu các loại,9,2019,246026.0,148123.43
Xăng dầu các loại,10,2019,170860.0,104316.94
Xăng dầu các loại,11,2019,219031.0,135665.17
Xăng dầu các loại,12,2019,293711.0,178261.09
Xăng dầu các loại,1,2020,263021.0,169356.96
Xăng dầu các loại,2,2020,178296.0,100551.58
Xăng dầu các loại,3,2020,203268.0,88747.03
Xăng dầu các loại,4,2020,262872.0,120229.92
Xăng dầu các loại,5,2020,124736.0,30642.23
Xăng dầu các loại,6,2020,148343.0,47821.19
Xăng dầu các loại,7,2020,245633.0,74218.3
Xăng dầu các loại,8,2020,134638.0,51411.02
Xăng dầu các loại,9,2020,150457.0,58239.87
Xăng dầu các loại,10,2020,134240.0,46313.92
Xăng dầu các loại,11,2020,240996.0,114508.36
Xăng dầu các loại,12,2020,185201.0,82042.0
Xăng dầu các loại,1,2021,70748.6,161771.0
Xăng dầu các loại,2,2021,67248.7,173189.0
Xăng dầu các loại,3,2021,92347.02,198400.0
Xăng dầu các loại,4,2021,105264.54,198662.0
Xăng dầu các loại,5,2021,115052.43,283856.0
Xăng dầu các loại,6,2021,178494.96,183682.0
Xăng dầu các loại,7,2021,112849.66,193493.0
Xăng dầu các loại,8,2021,126187.22,268072.0
Xăng dầu các loại,9,2021,172624.49,177028.0
Xăng dầu các loại,10,2021,119189.25100000008,188237.0
Xăng dầu các loại,11,2021,138761.63599999985,206035.0
Xăng dầu các loại,12,2021,138621.80999999997,2361656.0
Xăng dầu các loại,1,2022,73130.42,225400.0
Xăng dầu các loại,2,2022,167085.28,215193.0
Xăng dầu các loại,3,2022,200560.3,196752.0
Xăng dầu các loại,4,2022,205138.18,127411.5
Xăng dầu các loại,5,2022,111107.07,206462.5
Xăng dầu các loại,6,2022,264531.17,114223.0
Xăng dầu các loại,7,2022,132564.591,186122.0
Xăng dầu các loại,8,2022,209888.7900000001,114057.0
Xăng dầu các loại,9,2022,105264.52700000002,171227.0
Xăng dầu các loại,10,2022,151867.23900000006,172170.0
Xăng dầu các loại,11,2022,171889.28499999992,274092.0
Xăng dầu các loại,12,2022,250849.04600000015,2099430.0
Xăng dầu các loại,1,2023,136973.949,166322.0
Xăng dầu các loại,2,2023,151246.91,237614.0
Xăng dầu các loại,3,2023,200114.916,185359.0
Xăng dầu các loại,4,2023,153859.30900000004,193414.0
Xăng dầu các loại,5,2023,152376.578,211365.0
Xăng dầu các loại,6,2023,142116.183,153976.0
Xăng dầu các loại,7,2023,142581.77200000014,200759.0
Xăng dầu các loại,8,2023,165043.78299999985,164171.0
Xăng dầu các loại,9,2023,149026.89900000024,181005.0
Xăng dầu các loại,10,2023,159879.62799999982,262773.0
Xăng dầu các loại,11,2023,226426.0360000001,270805.0
Xăng dầu các loại,12,2023,243312.6399999999,2377887.0
Xăng dầu các loại,1,2024,193122.553,214884.0
Xăng dầu các loại,2,2024,179840.321,188841.0
Xăng dầu các loại,3,2024,159059.771,200338.0
Xăng dầu các loại,4,2024,168627.57799999998,202577.0
Xăng dầu các loại,5,2024,163687.45200000005,121999.0
Xăng dầu các loại,6,2024,97262.88599999994,257611.0
Xăng dầu các loại,7,2024,214824.15999999992,196913.0
Xăng dầu các loại,8,2024,146222.94200000004,150048.0
Xăng dầu các loại,9,2024,118811.215,226841.0
Xăng dầu các loại,10,2024,169595.947,184750.0
Xăng dầu các loại,11,2024,143963.15999999992,233694.0
Xăng dầu các loại,12,2024,171608.888,2406081.0
Xăng dầu các loại,1,2025,74834.11900000002,96280.0
Xăng dầu các loại,2,2025,70967.24499999998,172483.0
Xăng dầu các loại,3,2025,117963.84500000002,140818.0
Xăng dầu các loại,4,2025,89387.14699999992,88807.0
Xăng dầu các loại,5,2025,59669.63500000008,87699.0
Xăng dầu các loại,6,2025,57384.423999999985,119101.0
Xăng dầu các loại,7,2025,80557.60399999992,106709.0
Xăng dầu các loại,8,2025,72387.06300000007,125418.0
Xăng dầu các loại,9,2025,81091.42599999996,106900.0
Xăng dầu các loại,10,2025,69604.3289999999,106520.0
Xăng dầu các loại,11,2025,74791.75100000015,128690.0
Xăng dầu các loại,12,2025,93613.771,1381410.0
"Xơ, sợi dệt",1,2018,123948.0,333899.94
"Xơ, sợi dệt",2,2018,81454.0,223658.78
"Xơ, sợi dệt",3,2018,131607.0,356698.53
"Xơ, sợi dệt",4,2018,114043.0,312041.55
"Xơ, sợi dệt",5,2018,144044.0,402141.97
"Xơ, sợi dệt",6,2018,131870.0,363319.04
"Xơ, sợi dệt",7,2018,125738.0,345574.37
"Xơ, sợi dệt",8,2018,126210.0,348879.83
"Xơ, sợi dệt",9,2018,114827.0,310780.75
"Xơ, sợi dệt",10,2018,124731.0,335294.46
"Xơ, sợi dệt",11,2018,127798.0,344531.97
"Xơ, sợi dệt",12,2018,132357.0,348237.2
"Xơ, sợi dệt",1,2019,138802.0,355045.06
"Xơ, sợi dệt",2,2019,101764.0,267866.03
"Xơ, sợi dệt",3,2019,144138.0,367934.53
"Xơ, sợi dệt",4,2019,136004.99999999994,352427.42
"Xơ, sợi dệt",5,2019,147437.00000000006,370947.83
"Xơ, sợi dệt",6,2019,126863.00000000006,315022.98
"Xơ, sợi dệt",7,2019,152705.0,369489.95
"Xơ, sợi dệt",8,2019,149110.0,356113.94
"Xơ, sợi dệt",9,2019,142472.0,334011.21
"Xơ, sợi dệt",10,2019,157601.0,363523.56
"Xơ, sợi dệt",11,2019,153898.0,350573.44
"Xơ, sợi dệt",12,2019,164238.0,373780.66
"Xơ, sợi dệt",1,2020,107877.0,243508.12
"Xơ, sợi dệt",2,2020,145912.0,334394.19
"Xơ, sợi dệt",3,2020,152663.0,348522.71
"Xơ, sợi dệt",4,2020,94860.0,210365.26
"Xơ, sợi dệt",5,2020,102081.0,218219.56
"Xơ, sợi dệt",6,2020,127142.0,254842.61
"Xơ, sợi dệt",7,2020,153619.0,307468.98
"Xơ, sợi dệt",8,2020,153167.0,309326.47
"Xơ, sợi dệt",9,2020,166821.0,339383.23
"Xơ, sợi dệt",10,2020,183050.0,380234.93
"Xơ, sợi dệt",11,2020,167903.0,367184.4
"Xơ, sợi dệt",12,2020,183153.0,423124.42
"Xơ, sợi dệt",1,2021,394570.189,124951.0
"Xơ, sợi dệt",2,2021,311539.476,194202.0
"Xơ, sợi dệt",3,2021,511067.3929999999,163724.0
"Xơ, sợi dệt",4,2021,464042.27500000014,167017.0
"Xơ, sợi dệt",5,2021,472904.06499999994,171656.0
"Xơ, sợi dệt",6,2021,488780.0860000001,176650.0
"Xơ, sợi dệt",7,2021,520624.36400000006,156033.0
"Xơ, sợi dệt",8,2021,480439.1309999996,144805.0
"Xơ, sợi dệt",9,2021,452870.8830000004,147821.0
"Xơ, sợi dệt",10,2021,468016.5169999995,157687.0
"Xơ, sợi dệt",11,2021,513077.9950000006,123721.0
"Xơ, sợi dệt",12,2021,534339.2039999994,1892791.0
"Xơ, sợi dệt",1,2022,473717.028,132467.0
"Xơ, sợi dệt",2,2022,444220.57,163788.0
"Xơ, sợi dệt",3,2022,529776.047,146204.0
"Xơ, sợi dệt",4,2022,487008.58799999993,136288.0
"Xơ, sợi dệt",5,2022,438416.56,131148.0
"Xơ, sợi dệt",6,2022,402408.31199999986,110067.0
"Xơ, sợi dệt",7,2022,322283.13799999974,124512.0
"Xơ, sợi dệt",8,2022,354206.94500000024,115679.0
"Xơ, sợi dệt",9,2022,322554.80799999967,116666.0
"Xơ, sợi dệt",10,2022,308864.84000000026,119462.0
"Xơ, sợi dệt",11,2022,304643.39099999977,133388.0
"Xơ, sợi dệt",12,2022,325898.3849999997,1573872.0
"Xơ, sợi dệt",1,2023,225524.928,108463.0
"Xơ, sợi dệt",2,2023,339027.136,177251.0
"Xơ, sợi dệt",3,2023,376293.6139999999,144191.0
"Xơ, sợi dệt",4,2023,356905.4540000002,160258.0
"Xơ, sợi dệt",5,2023,390521.393,153980.0
"Xơ, sợi dệt",6,2023,375444.7650000002,156495.0
"Xơ, sợi dệt",7,2023,387719.25999999983,174014.0
"Xơ, sợi dệt",8,2023,427149.39900000027,153699.0
"Xơ, sợi dệt",9,2023,373696.3479999998,162673.0
"Xơ, sợi dệt",10,2023,388601.4140000004,149532.0
"Xơ, sợi dệt",11,2023,353977.60500000004,155568.0
"Xơ, sợi dệt",12,2023,360838.429,1784254.0
"Xơ, sợi dệt",1,2024,374401.997,120196.0
"Xơ, sợi dệt",2,2024,292357.97200000007,158649.0
"Xơ, sợi dệt",3,2024,388950.9679999999,150059.0
"Xơ, sợi dệt",4,2024,355804.26800000016,158231.0
"Xơ, sợi dệt",5,2024,386276.09199999995,146357.0
"Xơ, sợi dệt",6,2024,363237.4790000001,160259.0
"Xơ, sợi dệt",7,2024,374751.9550000001,164837.0
"Xơ, sợi dệt",8,2024,383382.53300000005,144272.0
"Xơ, sợi dệt",9,2024,336563.237,173735.0
"Xơ, sợi dệt",10,2024,397748.8589999995,162937.0
"Xơ, sợi dệt",11,2024,368767.2789999994,171803.0
"Xơ, sợi dệt",12,2024,385127.229,1873198.0
"Xơ, sợi dệt",1,2025,301099.955,153009.0
"Xơ, sợi dệt",2,2025,347011.063,174071.0
"Xơ, sợi dệt",3,2025,384670.9919999999,161743.0
"Xơ, sợi dệt",4,2025,361092.8760000002,154989.0
"Xơ, sợi dệt",5,2025,341416.30199999985,154542.0
"Xơ, sợi dệt",6,2025,345007.69,164487.0
"Xơ, sợi dệt",7,2025,371403.95500000013,170677.0
"Xơ, sợi dệt",8,2025,380370.9,163148.0
"Xơ, sợi dệt",9,2025,355847.8739999999,168237.0
"Xơ, sợi dệt",10,2025,360272.31600000017,166469.0
"Xơ, sợi dệt",11,2025,355185.77100000024,190147.0
"Xơ, sợi dệt",12,2025,411098.03,1952877.0
"Xơ, sợi dệt các loại",1,2017,78.899,204326.09
"Xơ, sợi dệt các loại",2,2017,101.392,268418.63
"Xơ, sợi dệt các loại",3,2017,114.815,306946.82
"Xơ, sợi dệt các loại",4,2017,,287233.87
"Xơ, sợi dệt các loại",5,2017,,303390.8
"Xơ, sợi dệt các loại",6,2017,,302419.1
"Xơ, sợi dệt các loại",7,2017,,304162.0
"Xơ, sợi dệt các loại",8,2017,,332371.69
"Xơ, sợi dệt các loại",9,2017,,320811.57
"Xơ, sợi dệt các loại",10,2017,,314309.8
"Xơ, sợi dệt các loại",11,2017,,321597.57
"Xơ, sợi dệt các loại",12,2017,,328000.0
Điện thoại các loại và linh kiện,1,2017,,2352000.0
Điện thoại các loại và linh kiện,2,2017,,2457000.0
Điện thoại các loại và linh kiện,3,2017,,3183000.0
Điện thoại các loại và linh kiện,4,2017,,4371895.04
Điện thoại các loại và linh kiện,5,2017,,4129699.16
Điện thoại các loại và linh kiện,6,2017,,3226933.15
Điện thoại các loại và linh kiện,7,2017,,3179000.0
Điện thoại các loại và linh kiện,8,2017,,4124208.73
Điện thoại các loại và linh kiện,9,2017,,4848062.14
Điện thoại các loại và linh kiện,10,2017,,5254333.42
Điện thoại các loại và linh kiện,11,2017,,4584324.66
Điện thoại các loại và linh kiện,12,2017,,3899338.9
Điện thoại các loại và linh kiện,1,2018,,3933502.24
Điện thoại các loại và linh kiện,2,2018,,3398192.1
Điện thoại các loại và linh kiện,3,2018,,5265723.0
Điện thoại các loại và linh kiện,4,2018,,3482292.66
Điện thoại các loại và linh kiện,5,2018,,3221153.66
Điện thoại các loại và linh kiện,6,2018,,3316939.62
Điện thoại các loại và linh kiện,7,2018,,3858470.96
Điện thoại các loại và linh kiện,8,2018,,5150942.21
Điện thoại các loại và linh kiện,9,2018,,5064202.2
Điện thoại các loại và linh kiện,10,2018,,4743916.44
Điện thoại các loại và linh kiện,11,2018,,4767644.2
Điện thoại các loại và linh kiện,12,2018,,2874137.48
Điện thoại các loại và linh kiện,1,2019,,3289918.03
Điện thoại các loại và linh kiện,2,2019,,3460580.43
Điện thoại các loại và linh kiện,3,2019,,5382848.11
Điện thoại các loại và linh kiện,4,2019,,3880703.08
Điện thoại các loại và linh kiện,5,2019,,3702698.1
Điện thoại các loại và linh kiện,6,2019,,3778452.9
Điện thoại các loại và linh kiện,7,2019,,3990105.35
Điện thoại các loại và linh kiện,8,2019,,5909412.84
Điện thoại các loại và linh kiện,9,2019,,5419900.36
Điện thoại các loại và linh kiện,10,2019,,5215755.82
Điện thoại các loại và linh kiện,11,2019,,4496728.29
Điện thoại các loại và linh kiện,12,2019,,2851727.72
Điện thoại các loại và linh kiện,1,2020,,2695392.34
Điện thoại các loại và linh kiện,2,2020,,4868649.85
Điện thoại các loại và linh kiện,3,2020,,5312895.97
Điện thoại các loại và linh kiện,4,2020,,2503176.77
Điện thoại các loại và linh kiện,5,2020,,2927545.78
Điện thoại các loại và linh kiện,6,2020,,3647825.55
Điện thoại các loại và linh kiện,7,2020,,4281979.19
Điện thoại các loại và linh kiện,8,2020,,5346906.32
Điện thoại các loại và linh kiện,9,2020,,5203251.72
Điện thoại các loại và linh kiện,10,2020,,5392695.53
Điện thoại các loại và linh kiện,11,2020,,4399314.75
Điện thoại các loại và linh kiện,12,2020,,4604292.8
Điện thoại các loại và linh kiện,1,2021,6098627.516,
Điện thoại các loại và linh kiện,2,2021,3677777.213000001,
Điện thoại các loại và linh kiện,3,2021,4594726.221,
Điện thoại các loại và linh kiện,4,2021,3815710.126000001,
Điện thoại các loại và linh kiện,5,2021,3579833.0689999973,
Điện thoại các loại và linh kiện,6,2021,3286880.4469999997,
Điện thoại các loại và linh kiện,7,2021,4723363.916,
Điện thoại các loại và linh kiện,8,2021,5549562.259999997,
Điện thoại các loại và linh kiện,9,2021,5692315.564000002,
Điện thoại các loại và linh kiện,10,2021,5555401.688,
Điện thoại các loại và linh kiện,11,2021,5362086.220999992,
Điện thoại các loại và linh kiện,12,2021,5601407.940999999,
Điện thoại các loại và linh kiện,1,2022,4503316.621,
Điện thoại các loại và linh kiện,2,2022,3835777.504,
Điện thoại các loại và linh kiện,3,2022,6536016.64,
Điện thoại các loại và linh kiện,4,2022,5788740.294999997,
Điện thoại các loại và linh kiện,5,2022,4118124.8419999992,
Điện thoại các loại và linh kiện,6,2022,4389278.231000002,
Điện thoại các loại và linh kiện,7,2022,4732872.170999995,
Điện thoại các loại và linh kiện,8,2022,6191730.447000003,
Điện thoại các loại và linh kiện,9,2022,4989945.608999996,
Điện thoại các loại và linh kiện,10,2022,5284637.784000001,
Điện thoại các loại và linh kiện,11,2022,4521895.101999997,
Điện thoại các loại và linh kiện,12,2022,3102149.6740000024,
Điện thoại các loại và linh kiện,1,2023,5020698.23,
Điện thoại các loại và linh kiện,2,2023,4185773.18,
Điện thoại các loại và linh kiện,3,2023,4218331.12,
Điện thoại các loại và linh kiện,4,2023,3848528.7,
Điện thoại các loại và linh kiện,5,2023,2917922.62,
Điện thoại các loại và linh kiện,6,2023,4009095.06,
Điện thoại các loại và linh kiện,7,2023,4395238.3100000005,
Điện thoại các loại và linh kiện,8,2023,5006230.59,
Điện thoại các loại và linh kiện,9,2023,5321127.16,
Điện thoại các loại và linh kiện,10,2023,5204395.162999999,
Điện thoại các loại và linh kiện,11,2023,4360372.827000011,
Điện thoại các loại và linh kiện,12,2023,3891675.968000002,
Điện thoại các loại và linh kiện,1,2024,5579647.419,
Điện thoại các loại và linh kiện,2,2024,3933517.0500000007,
Điện thoại các loại và linh kiện,3,2024,4702380.870999999,
Điện thoại các loại và linh kiện,4,2024,3923614.3170000017,
Điện thoại các loại và linh kiện,5,2024,4263282.7689999975,
Điện thoại các loại và linh kiện,6,2024,4743872.712000001,
Điện thoại các loại và linh kiện,7,2024,5433883.276999999,
Điện thoại các loại và linh kiện,8,2024,4697141.517000005,
Điện thoại các loại và linh kiện,9,2024,4617428.837,
Điện thoại các loại và linh kiện,10,2024,4572601.177000001,
Điện thoại các loại và linh kiện,11,2024,3772527.6499999985,
Điện thoại các loại và linh kiện,12,2024,3651738.807,
Điện thoại các loại và linh kiện,1,2025,4826919.477000001,
Điện thoại các loại và linh kiện,2,2025,4386727.753,
Điện thoại các loại và linh kiện,3,2025,4824486.029999998,
Điện thoại các loại và linh kiện,4,2025,3757565.963000004,
Điện thoại các loại và linh kiện,5,2025,4610537.787999998,
Điện thoại các loại và linh kiện,6,2025,4487380.209,
Điện thoại các loại và linh kiện,7,2025,5567207.796000005,
Điện thoại các loại và linh kiện,8,2025,5723747.035999999,
Điện thoại các loại và linh kiện,9,2025,5401659.965999999,
Điện thoại các loại và linh kiện,10,2025,5081548.483000004,
Điện thoại các loại và linh kiện,11,2025,3987645.172999994,
Điện thoại các loại và linh kiện,12,2025,4054401.634,
"Đá quý, kim loại quý và sản phẩm",1,2017,,29114.83
"Đá quý, kim loại quý và sản phẩm",2,2017,,34446.79
"Đá quý, kim loại quý và sản phẩm",3,2017,,48756.44
"Đá quý, kim loại quý và sản phẩm",4,2017,,48213.78
"Đá quý, kim loại quý và sản phẩm",5,2017,,45836.51
"Đá quý, kim loại quý và sản phẩm",6,2017,,45734.81
"Đá quý, kim loại quý và sản phẩm",7,2017,,39542.93
"Đá quý, kim loại quý và sản phẩm",8,2017,,52075.93
"Đá quý, kim loại quý và sản phẩm",9,2017,,56934.29
"Đá quý, kim loại quý và sản phẩm",10,2017,,52684.39
"Đá quý, kim loại quý và sản phẩm",11,2017,,53175.09
"Đá quý, kim loại quý và sản phẩm",12,2017,,53000.0
"Đá quý, kim loại quý và sản phẩm",1,2018,,51195.86
"Đá quý, kim loại quý và sản phẩm",2,2018,,27300.4
"Đá quý, kim loại quý và sản phẩm",3,2018,,49360.59
"Đá quý, kim loại quý và sản phẩm",4,2018,,46020.94
"Đá quý, kim loại quý và sản phẩm",5,2018,,65134.49
"Đá quý, kim loại quý và sản phẩm",6,2018,,52329.82
"Đá quý, kim loại quý và sản phẩm",7,2018,,49546.58
"Đá quý, kim loại quý và sản phẩm",8,2018,,61950.59
"Đá quý, kim loại quý và sản phẩm",9,2018,,43732.06
"Đá quý, kim loại quý và sản phẩm",10,2018,,61856.71
"Đá quý, kim loại quý và sản phẩm",11,2018,,65975.15
"Đá quý, kim loại quý và sản phẩm",12,2018,,52998.4
"Đá quý, kim loại quý và sản phẩm",1,2019,,52780.64
"Đá quý, kim loại quý và sản phẩm",2,2019,,49032.48
"Đá quý, kim loại quý và sản phẩm",3,2019,,51114.14
"Đá quý, kim loại quý và sản phẩm",4,2019,,50106.23
"Đá quý, kim loại quý và sản phẩm",5,2019,,57568.61
"Đá quý, kim loại quý và sản phẩm",6,2019,,309695.46
"Đá quý, kim loại quý và sản phẩm",7,2019,,486090.97
"Đá quý, kim loại quý và sản phẩm",8,2019,,509931.83
"Đá quý, kim loại quý và sản phẩm",9,2019,,252454.78
"Đá quý, kim loại quý và sản phẩm",10,2019,,133338.78
"Đá quý, kim loại quý và sản phẩm",11,2019,,76555.7
"Đá quý, kim loại quý và sản phẩm",12,2019,,49772.44
"Đá quý, kim loại quý và sản phẩm",1,2020,,45917.9
"Đá quý, kim loại quý và sản phẩm",2,2020,,95867.45
"Đá quý, kim loại quý và sản phẩm",3,2020,,64844.45
"Đá quý, kim loại quý và sản phẩm",4,2020,,88614.12
"Đá quý, kim loại quý và sản phẩm",5,2020,,275488.74
"Đá quý, kim loại quý và sản phẩm",6,2020,,338479.46
"Đá quý, kim loại quý và sản phẩm",7,2020,,414609.65
"Đá quý, kim loại quý và sản phẩm",8,2020,,933534.5
"Đá quý, kim loại quý và sản phẩm",9,2020,,213220.69
"Đá quý, kim loại quý và sản phẩm",10,2020,,71265.08
"Đá quý, kim loại quý và sản phẩm",11,2020,,70457.51
"Đá quý, kim loại quý và sản phẩm",12,2020,,61319.73
"Đá quý, kim loại quý và sản phẩm",1,2021,53631.809,
"Đá quý, kim loại quý và sản phẩm",2,2021,33811.573,
"Đá quý, kim loại quý và sản phẩm",3,2021,76552.756,
"Đá quý, kim loại quý và sản phẩm",4,2021,57685.84099999999,
"Đá quý, kim loại quý và sản phẩm",5,2021,65499.33400000004,
"Đá quý, kim loại quý và sản phẩm",6,2021,83457.47899999999,
"Đá quý, kim loại quý và sản phẩm",7,2021,86063.93699999998,
"Đá quý, kim loại quý và sản phẩm",8,2021,61686.13300000004,
"Đá quý, kim loại quý và sản phẩm",9,2021,65777.02999999997,
"Đá quý, kim loại quý và sản phẩm",10,2021,67536.88700000005,
"Đá quý, kim loại quý và sản phẩm",11,2021,92616.86099999998,
"Đá quý, kim loại quý và sản phẩm",12,2021,92005.07999999978,
"Đá quý, kim loại quý và sản phẩm",1,2022,74115.325,
"Đá quý, kim loại quý và sản phẩm",2,2022,56197.67300000001,
"Đá quý, kim loại quý và sản phẩm",3,2022,138142.76999999996,
"Đá quý, kim loại quý và sản phẩm",4,2022,96921.31500000002,
"Đá quý, kim loại quý và sản phẩm",5,2022,90339.60500000004,
"Đá quý, kim loại quý và sản phẩm",6,2022,82367.71200000001,
"Đá quý, kim loại quý và sản phẩm",7,2022,83122.60699999992,
"Đá quý, kim loại quý và sản phẩm",8,2022,104879.888,
"Đá quý, kim loại quý và sản phẩm",9,2022,74300.83999999992,
"Đá quý, kim loại quý và sản phẩm",10,2022,96773.506,
"Đá quý, kim loại quý và sản phẩm",11,2022,93661.43599999994,
"Đá quý, kim loại quý và sản phẩm",12,2022,90394.34200000002,
"Đá quý, kim loại quý và sản phẩm",1,2023,50720.973,
"Đá quý, kim loại quý và sản phẩm",2,2023,81847.228,
"Đá quý, kim loại quý và sản phẩm",3,2023,141622.33299999998,
"Đá quý, kim loại quý và sản phẩm",4,2023,140116.287,
"Đá quý, kim loại quý và sản phẩm",5,2023,117137.125,
"Đá quý, kim loại quý và sản phẩm",6,2023,62405.07799999998,
"Đá quý, kim loại quý và sản phẩm",7,2023,68512.04300000006,
"Đá quý, kim loại quý và sản phẩm",8,2023,62249.83499999996,
"Đá quý, kim loại quý và sản phẩm",9,2023,56563.609000000055,
"Đá quý, kim loại quý và sản phẩm",10,2023,66378.94299999997,
"Đá quý, kim loại quý và sản phẩm",11,2023,67443.78299999994,
"Đá quý, kim loại quý và sản phẩm",12,2023,52274.84000000008,
"Đá quý, kim loại quý và sản phẩm",1,2024,61473.506,
"Đá quý, kim loại quý và sản phẩm",2,2024,32809.774,
"Đá quý, kim loại quý và sản phẩm",3,2024,64523.45600000001,
"Đá quý, kim loại quý và sản phẩm",4,2024,54734.544999999984,
"Đá quý, kim loại quý và sản phẩm",5,2024,52788.63600000003,
"Đá quý, kim loại quý và sản phẩm",6,2024,55297.55599999998,
"Đá quý, kim loại quý và sản phẩm",7,2024,47223.821,
"Đá quý, kim loại quý và sản phẩm",8,2024,51856.737999999976,
"Đá quý, kim loại quý và sản phẩm",9,2024,47018.714,
"Đá quý, kim loại quý và sản phẩm",10,2024,55418.140000000094,
"Đá quý, kim loại quý và sản phẩm",11,2024,63290.9299999999,
"Đá quý, kim loại quý và sản phẩm",12,2024,48024.344,
"Đá quý, kim loại quý và sản phẩm",1,2025,43817.35400000001,
"Đá quý, kim loại quý và sản phẩm",2,2025,52320.40199999999,
"Đá quý, kim loại quý và sản phẩm",3,2025,64567.53200000001,
"Đá quý, kim loại quý và sản phẩm",4,2025,46209.32700000002,
"Đá quý, kim loại quý và sản phẩm",5,2025,51708.58499999995,
"Đá quý, kim loại quý và sản phẩm",6,2025,52972.894,
"Đá quý, kim loại quý và sản phẩm",7,2025,67360.25400000004,
"Đá quý, kim loại quý và sản phẩm",8,2025,50795.975000000064,
"Đá quý, kim loại quý và sản phẩm",9,2025,58647.08099999986,
"Đá quý, kim loại quý và sản phẩm",10,2025,62377.704,
"Đá quý, kim loại quý và sản phẩm",11,2025,67450.68399999986,
"Đá quý, kim loại quý và sản phẩm",12,2025,54542.207,
"Đồ chơi, dụng cụ thể thao và bộ phận",1,2017,,75455.83
"Đồ chơi, dụng cụ thể thao và bộ phận",2,2017,,59682.26
"Đồ chơi, dụng cụ thể thao và bộ phận",3,2017,,100443.7
"Đồ chơi, dụng cụ thể thao và bộ phận",4,2017,,97844.85
"Đồ chơi, dụng cụ thể thao và bộ phận",5,2017,,91050.29
"Đồ chơi, dụng cụ thể thao và bộ phận",6,2017,,109831.47
"Đồ chơi, dụng cụ thể thao và bộ phận",7,2017,,108734.92
"Đồ chơi, dụng cụ thể thao và bộ phận",8,2017,,129831.55
"Đồ chơi, dụng cụ thể thao và bộ phận",9,2017,,122349.3
"Đồ chơi, dụng cụ thể thao và bộ phận",10,2017,,118408.9
"Đồ chơi, dụng cụ thể thao và bộ phận",11,2017,,112343.62
"Đồ chơi, dụng cụ thể thao và bộ phận",12,2017,,114997.91
"Đồ chơi, dụng cụ thể thao và bộ phận",1,2018,,115638.91
"Đồ chơi, dụng cụ thể thao và bộ phận",2,2018,,76121.42
"Đồ chơi, dụng cụ thể thao và bộ phận",3,2018,,113661.74
"Đồ chơi, dụng cụ thể thao và bộ phận",4,2018,,101787.29
"Đồ chơi, dụng cụ thể thao và bộ phận",5,2018,,111953.8
"Đồ chơi, dụng cụ thể thao và bộ phận",6,2018,,120679.13
"Đồ chơi, dụng cụ thể thao và bộ phận",7,2018,,131223.62
"Đồ chơi, dụng cụ thể thao và bộ phận",8,2018,,148657.07
"Đồ chơi, dụng cụ thể thao và bộ phận",9,2018,,122295.54
"Đồ chơi, dụng cụ thể thao và bộ phận",10,2018,,123442.03
"Đồ chơi, dụng cụ thể thao và bộ phận",11,2018,,120344.89
"Đồ chơi, dụng cụ thể thao và bộ phận",12,2018,,108528.64
"Đồ chơi, dụng cụ thể thao và bộ phận",1,2019,,126683.96
"Đồ chơi, dụng cụ thể thao và bộ phận",2,2019,,61483.58
"Đồ chơi, dụng cụ thể thao và bộ phận",3,2019,,100494.2
"Đồ chơi, dụng cụ thể thao và bộ phận",4,2019,,112710.52
"Đồ chơi, dụng cụ thể thao và bộ phận",5,2019,,126120.44
"Đồ chơi, dụng cụ thể thao và bộ phận",6,2019,,137779.4
"Đồ chơi, dụng cụ thể thao và bộ phận",7,2019,,159885.86
"Đồ chơi, dụng cụ thể thao và bộ phận",8,2019,,217247.95
"Đồ chơi, dụng cụ thể thao và bộ phận",9,2019,,215738.09
"Đồ chơi, dụng cụ thể thao và bộ phận",10,2019,,235668.69
"Đồ chơi, dụng cụ thể thao và bộ phận",11,2019,,220245.22
"Đồ chơi, dụng cụ thể thao và bộ phận",12,2019,,229679.77
"Đồ chơi, dụng cụ thể thao và bộ phận",1,2020,,156860.86
"Đồ chơi, dụng cụ thể thao và bộ phận",2,2020,,169070.04
"Đồ chơi, dụng cụ thể thao và bộ phận",3,2020,,209908.2
"Đồ chơi, dụng cụ thể thao và bộ phận",4,2020,,173423.41
"Đồ chơi, dụng cụ thể thao và bộ phận",5,2020,,162638.61
"Đồ chơi, dụng cụ thể thao và bộ phận",6,2020,,247848.32
"Đồ chơi, dụng cụ thể thao và bộ phận",7,2020,,294707.83
"Đồ chơi, dụng cụ thể thao và bộ phận",8,2020,,291774.56
"Đồ chơi, dụng cụ thể thao và bộ phận",9,2020,,312553.9
"Đồ chơi, dụng cụ thể thao và bộ phận",10,2020,,311838.88
"Đồ chơi, dụng cụ thể thao và bộ phận",11,2020,,279753.66
"Đồ chơi, dụng cụ thể thao và bộ phận",12,2020,,279574.79
"Đồ chơi, dụng cụ thể thao và bộ phận",1,2021,213943.235,
"Đồ chơi, dụng cụ thể thao và bộ phận",2,2021,172273.582,
"Đồ chơi, dụng cụ thể thao và bộ phận",3,2021,273809.592,
"Đồ chơi, dụng cụ thể thao và bộ phận",4,2021,232870.94399999996,
"Đồ chơi, dụng cụ thể thao và bộ phận",5,2021,254534.81500000024,
"Đồ chơi, dụng cụ thể thao và bộ phận",6,2021,214487.75499999995,
"Đồ chơi, dụng cụ thể thao và bộ phận",7,2021,225792.24500000017,
"Đồ chơi, dụng cụ thể thao và bộ phận",8,2021,233615.51000000007,
"Đồ chơi, dụng cụ thể thao và bộ phận",9,2021,234467.67,
"Đồ chơi, dụng cụ thể thao và bộ phận",10,2021,255788.2419999999,
"Đồ chơi, dụng cụ thể thao và bộ phận",11,2021,290810.4599999998,
"Đồ chơi, dụng cụ thể thao và bộ phận",12,2021,319148.98800000024,
"Đồ chơi, dụng cụ thể thao và bộ phận",1,2022,294460.701,
"Đồ chơi, dụng cụ thể thao và bộ phận",2,2022,235647.103,
"Đồ chơi, dụng cụ thể thao và bộ phận",3,2022,272014.497,
"Đồ chơi, dụng cụ thể thao và bộ phận",4,2022,414576.091,
"Đồ chơi, dụng cụ thể thao và bộ phận",5,2022,319411.36199999996,
"Đồ chơi, dụng cụ thể thao và bộ phận",6,2022,403960.3000000001,
"Đồ chơi, dụng cụ thể thao và bộ phận",7,2022,379970.8879999998,
"Đồ chơi, dụng cụ thể thao và bộ phận",8,2022,402047.943,
"Đồ chơi, dụng cụ thể thao và bộ phận",9,2022,312459.7790000001,
"Đồ chơi, dụng cụ thể thao và bộ phận",10,2022,411264.6980000003,
"Đồ chơi, dụng cụ thể thao và bộ phận",11,2022,384408.0059999996,
"Đồ chơi, dụng cụ thể thao và bộ phận",12,2022,404086.2209999999,
"Đồ chơi, dụng cụ thể thao và bộ phận",1,2023,270734.101,
"Đồ chơi, dụng cụ thể thao và bộ phận",2,2023,290067.939,
"Đồ chơi, dụng cụ thể thao và bộ phận",3,2023,307806.096,
"Đồ chơi, dụng cụ thể thao và bộ phận",4,2023,288299.61399999994,
"Đồ chơi, dụng cụ thể thao và bộ phận",5,2023,283037.3089999998,
"Đồ chơi, dụng cụ thể thao và bộ phận",6,2023,334002.5270000001,
"Đồ chơi, dụng cụ thể thao và bộ phận",7,2023,371093.68499999994,
"Đồ chơi, dụng cụ thể thao và bộ phận",8,2023,400365.77699999965,
"Đồ chơi, dụng cụ thể thao và bộ phận",9,2023,318893.7549999998,
"Đồ chơi, dụng cụ thể thao và bộ phận",10,2023,293737.4739999998,
"Đồ chơi, dụng cụ thể thao và bộ phận",11,2023,254937.09600000025,
"Đồ chơi, dụng cụ thể thao và bộ phận",12,2023,258471.2420000001,
"Đồ chơi, dụng cụ thể thao và bộ phận",1,2024,290200.354,
"Đồ chơi, dụng cụ thể thao và bộ phận",2,2024,175161.29100000003,
"Đồ chơi, dụng cụ thể thao và bộ phận",3,2024,244644.11100000003,
"Đồ chơi, dụng cụ thể thao và bộ phận",4,2024,256493.9069999999,
"Đồ chơi, dụng cụ thể thao và bộ phận",5,2024,297136.28099999996,
"Đồ chơi, dụng cụ thể thao và bộ phận",6,2024,357653.21400000015,
"Đồ chơi, dụng cụ thể thao và bộ phận",7,2024,399578.2549999999,
"Đồ chơi, dụng cụ thể thao và bộ phận",8,2024,454454.94099999993,
"Đồ chơi, dụng cụ thể thao và bộ phận",9,2024,312463.477,
"Đồ chơi, dụng cụ thể thao và bộ phận",10,2024,344217.126,
"Đồ chơi, dụng cụ thể thao và bộ phận",11,2024,309856.8129999999,
"Đồ chơi, dụng cụ thể thao và bộ phận",12,2024,314199.143,
"Đồ chơi, dụng cụ thể thao và bộ phận",1,2025,402532.609,
"Đồ chơi, dụng cụ thể thao và bộ phận",2,2025,361354.958,
"Đồ chơi, dụng cụ thể thao và bộ phận",3,2025,471654.7179999998,
"Đồ chơi, dụng cụ thể thao và bộ phận",4,2025,540147.183,
"Đồ chơi, dụng cụ thể thao và bộ phận",5,2025,676102.5380000002,
"Đồ chơi, dụng cụ thể thao và bộ phận",6,2025,861030.5699999998,
"Đồ chơi, dụng cụ thể thao và bộ phận",7,2025,1101485.4400000006,
"Đồ chơi, dụng cụ thể thao và bộ phận",8,2025,1071681.2519999996,
"Đồ chơi, dụng cụ thể thao và bộ phận",9,2025,1066401.9300000009,
"Đồ chơi, dụng cụ thể thao và bộ phận",10,2025,969704.0879999998,
"Đồ chơi, dụng cụ thể thao và bộ phận",11,2025,861354.0390000003,
"Đồ chơi, dụng cụ thể thao và bộ phận",12,2025,941941.858,
