Năm,Tháng,Ngày,[gold] Giá mở phiên,[gold] Giá cao nhất trong phiên,[gold] Giá thấp nhất trong phiên,[gold] Giá kết phiên,[gold] Volume,[VNI] Giá mở phiên trước,[VNI] Giá mở phiên,[VNI] Giá cao nhất trong phiên,[VNI] Giá thấp nhất trong phiên,[VNI] Volume,[VNI] % Thay đổi,[USD] Giá mở phiên trước,[USD] Giá mở phiên,[USD] Giá cao nhất trong phiên,[USD] Giá thấp nhất trong phiên,[USD] Volume,[USD] % Thay đổi,"Dầu DO 0,001S-V","Dầu DO 0,005S-IV","Dầu DO 0,05S-II",Dầu FO 3%S,"Dầu FO 3,5%S",Dầu KO,Xăng E10 RON 95-III,Xăng E5 RON 92-II,Xăng RON 95-III,Xăng RON 95-IV
2025,12,31,4339.48,4373.65,4274.25,4318.36,1239908.0,"1,784.49","1,766.90","1,787.75","1,755.58",592.84M,1.00%,"26,300.0","26,270.5","26,327.0","26,260.0",,0.13%,17950.0,,17250.0,,,17690.0,18800.0,18430.0,18910.0,
2025,12,30,4332.61,4404.23,4322.96,4338.17,1401078.0,"1,766.90","1,754.84","1,766.90","1,740.07",554.60M,0.69%,"26,265.0","26,287.0","26,301.0","26,239.0",,-0.08%,,,,,,,,,,
2025,12,29,4538.0,4549.8,4301.3,4331.71,1087202.0,"1,754.84","1,729.80","1,754.84","1,729.80",513.33M,1.45%,"26,285.0","26,289.5","26,311.0","26,261.5",,-0.02%,,,,,,,,,,
2025,12,26,4505.51,4550.16,4483.01,4531.17,700640.0,"1,729.80","1,742.85","1,742.85","1,687.14",920.35M,-0.75%,"26,291.0","26,284.5","26,320.0","26,260.0",,0.04%,,,,,,,,,,
2025,12,25,,,,,,"1,742.85","1,782.82","1,805.93","1,742.85",633.31M,-2.24%,"26,280.0","26,289.5","26,318.5","26,255.0",,-0.15%,17750.0,,17250.0,,,17700.0,18870.0,18710.0,19000.0,
2025,12,24,4484.7,4525.96,4448.38,4479.22,892249.0,"1,782.82","1,772.15","1,792.21","1,753.65",685.90M,0.60%,"26,320.0","26,339.5","26,352.5","26,288.0",,-0.04%,,,,,,,,,,
2025,12,23,4446.92,4500.05,4430.63,4485.97,1199792.0,"1,772.15","1,751.03","1,778.18","1,751.03",732.38M,1.21%,"26,331.0","26,334.5","26,356.0","26,320.0",,-0.03%,,,,,,,,,,
2025,12,22,4340.05,4449.24,4337.88,4443.03,701691.0,"1,751.03","1,704.31","1,751.03","1,704.31",755.37M,2.74%,"26,340.0","26,316.0","26,365.0","26,291.5",,0.10%,,,,,,,,,,
2025,12,19,4332.83,4356.6,4308.81,4338.63,939798.0,"1,704.31","1,676.98","1,705.76","1,676.98",660.58M,1.63%,"26,312.5","26,334.5","26,344.0","26,288.0",,-0.05%,,,,,,,,,,
2025,12,18,4339.32,4374.45,4308.64,4330.88,1264198.0,"1,676.98","1,673.66","1,677.24","1,665.21",490.17M,0.20%,"26,325.0","26,335.0","26,352.5","26,310.0",,-0.04%,18000.0,,17470.0,,,17930.0,19410.0,19230.0,19620.0,
2025,12,17,4303.1,4349.04,4301.46,4338.0,982753.0,"1,673.66","1,679.18","1,689.53","1,649.51",495.75M,-0.33%,"26,335.0","26,344.5","26,369.0","26,305.0",,-0.04%,,,,,,,,,,
2025,12,16,4306.09,4335.08,4271.85,4301.53,1133934.0,"1,679.18","1,646.01","1,689.07","1,629.37",751.64M,2.02%,"26,345.0","26,322.5","26,361.5","26,281.0",,0.09%,,,,,,,,,,
2025,12,15,4300.31,4350.24,4285.33,4304.72,974288.0,"1,646.01","1,646.89","1,665.65","1,635.91",599.60M,-0.05%,"26,320.0","26,270.0","26,335.0","26,269.0",,0.05%,,,,,,,,,,
2025,12,12,4280.35,4353.71,4256.93,4298.8,1228795.0,"1,646.89","1,698.90","1,704.03","1,635.95",830.67M,-3.06%,"26,306.0","26,314.5","26,372.0","26,270.0",,-0.08%,,,,,,,,,,
2025,12,11,4225.83,4286.0,4204.19,4280.63,798412.0,"1,698.90","1,718.98","1,718.98","1,690.40",497.31M,-1.17%,"26,327.5","26,354.5","26,370.5","26,315.0",,-0.11%,18710.0,,18150.0,,,18640.0,19820.0,19610.0,20080.0,
2025,12,10,4207.79,4238.6,4181.39,4227.69,948717.0,"1,718.98","1,747.17","1,749.91","1,713.00",518.37M,-1.61%,"26,357.0","26,371.5","26,371.5","26,353.0",,-0.06%,,,,,,,,,,
2025,12,09,4190.72,4221.54,4170.13,4208.14,1022429.0,"1,747.17","1,753.74","1,772.21","1,724.66",895.77M,-0.37%,"26,372.5","26,361.5","26,384.5","26,344.0",,0.05%,,,,,,,,,,
2025,12,08,4196.98,4218.77,4176.08,4190.02,820093.0,"1,753.74","1,741.32","1,762.25","1,741.32",609.65M,0.71%,"26,360.0","26,359.5","26,385.0","26,330.0",,0.00%,,,,,,,,,,
2025,12,05,4208.53,4259.19,4191.78,4197.19,859911.0,"1,741.32","1,737.24","1,758.44","1,736.62",629.67M,0.23%,"26,360.0","26,377.0","26,392.0","26,346.5",,-0.05%,,,,,,,,,,
2025,12,04,4204.0,4219.52,4174.57,4207.03,905985.0,"1,737.24","1,731.77","1,741.71","1,725.23",762.19M,0.32%,"26,374.5","26,364.5","26,392.0","26,350.0",,0.01%,19010.0,,18380.0,,,18890.0,20150.0,19820.0,20460.0,
2025,12,03,4206.95,4241.59,4194.55,4202.93,804943.0,"1,731.77","1,717.06","1,741.65","1,714.90",720.63M,0.86%,"26,372.5","26,379.5","26,395.5","26,320.0",,-0.01%,,,,,,,,,,
2025,12,02,4231.15,4236.01,4163.26,4206.1,756201.0,"1,717.06","1,701.67","1,719.03","1,690.36",661.27M,0.90%,"26,375.0","26,368.5","26,397.0","26,348.0",,0.02%,,,,,,,,,,
2025,12,01,4223.19,4264.57,4205.82,4230.64,1013796.0,"1,701.67","1,690.99","1,713.77","1,690.99",519.84M,0.63%,"26,370.0","26,359.5","26,388.0","26,320.0",,0.02%,,,,,,,,,,
2025,11,28,4158.11,4226.75,4152.9,4219.03,584384.0,"1,690.99","1,684.32","1,696.14","1,679.12",632.98M,0.40%,"26,365.0","26,372.0","26,393.0","26,341.5",,-0.04%,,,,,,,,,,
2025,11,27,4163.98,4168.84,4142.52,4156.73,430480.0,"1,684.32","1,680.36","1,695.34","1,679.76",598.41M,0.24%,"26,375.5","26,379.5","26,391.5","26,359.0",,0.00%,19490.0,,18800.0,,,19470.0,19650.0,19280.0,20000.0,
2025,11,26,4131.83,4173.57,4129.63,4162.39,670158.0,"1,680.36","1,660.36","1,682.17","1,660.36",682.18M,1.20%,"26,376.5","26,365.5","26,390.0","26,354.0",,0.01%,,,,,,,,,,
2025,11,25,4134.7,4159.26,4108.76,4130.78,696772.0,"1,660.36","1,667.98","1,684.74","1,655.83",778.05M,-0.46%,"26,373.0","26,377.0","26,392.0","26,357.5",,-0.01%,,,,,,,,,,
2025,11,24,4071.81,4139.92,4039.69,4135.42,616939.0,"1,667.98","1,654.93","1,674.29","1,654.93",522.15M,0.79%,"26,375.5","26,360.0","26,391.5","26,312.5",,0.09%,,,,,,,,,,
2025,11,21,4076.26,4101.27,4021.92,4064.65,875673.0,"1,654.93","1,655.99","1,658.77","1,635.10",666.03M,-0.06%,"26,353.0","26,382.0","26,386.5","26,353.0",,-0.09%,,,,,,,,,,
2025,11,20,4079.09,4110.26,4038.49,4076.8,960842.0,"1,655.99","1,649.00","1,660.55","1,647.79",592.50M,0.42%,"26,376.0","26,383.0","26,386.0","26,354.5",,0.00%,20510.0,,19820.0,,,20280.0,20120.0,19800.0,20540.0,
2025,11,19,4066.9,4132.59,4055.28,4077.45,810705.0,"1,649.00","1,659.92","1,661.70","1,643.04",742.00M,-0.66%,"26,377.0","26,383.5","26,387.5","26,351.0",,-0.02%,,,,,,,,,,
2025,11,18,4045.33,4082.24,3998.17,4066.61,709244.0,"1,659.92","1,654.42","1,660.41","1,639.20",706.24M,0.33%,"26,383.0","26,364.5","26,386.5","26,325.0",,0.11%,,,,,,,,,,
2025,11,17,4086.53,4106.81,4006.93,4044.14,731265.0,"1,654.42","1,635.46","1,654.42","1,635.14",661.27M,1.16%,"26,355.0","26,350.0","26,367.5","26,310.0",,0.02%,,,,,,,,,,
2025,11,14,4171.79,4211.49,4031.96,4082.28,884878.0,"1,635.46","1,631.44","1,638.35","1,623.03",649.84M,0.25%,"26,350.0","26,356.0","26,368.5","26,332.5",,-0.02%,,,,,,,,,,
2025,11,13,4196.11,4245.4,4144.83,4170.76,735122.0,"1,631.44","1,631.86","1,638.98","1,618.77",629.95M,-0.03%,"26,355.0","26,344.5","26,369.5","26,306.0",,0.00%,20550.0,,19860.0,,,19930.0,20150.0,19840.0,20570.0,
2025,11,12,4126.94,4211.8,4098.92,4194.89,674893.0,"1,631.86","1,593.61","1,631.86","1,593.61",682.21M,2.40%,"26,355.0","26,321.0","26,368.0","26,305.0",,0.15%,,,,,,,,,,
2025,11,11,4115.61,4148.73,4097.05,4126.1,518619.0,"1,593.61","1,580.54","1,597.08","1,578.42",596.03M,0.83%,"26,315.0","26,312.5","26,333.0","26,293.5",,0.06%,,,,,,,,,,
2025,11,10,4001.02,4116.63,3997.68,4115.11,592795.0,"1,580.54","1,599.10","1,609.49","1,580.54",656.34M,-1.16%,"26,300.0","26,314.5","26,326.5","26,282.0",,-0.04%,,,,,,,,,,
2025,11,07,3981.15,4027.72,3973.94,4000.07,521993.0,"1,599.10","1,642.64","1,644.43","1,595.34",818.30M,-2.65%,"26,310.0","26,314.5","26,330.0","26,293.0",,-0.02%,,,,,,,,,,
2025,11,06,3975.94,4019.75,3964.47,3977.52,567434.0,"1,642.64","1,654.89","1,659.81","1,638.12",550.19M,-0.74%,"26,315.0","26,323.5","26,338.0","26,298.0",,-0.03%,19940.0,,19320.0,,,19390.0,20010.0,19680.0,20410.0,
2025,11,05,3931.84,3991.44,3928.71,3978.69,513044.0,"1,654.89","1,651.98","1,662.96","1,640.51",614.85M,0.18%,"26,322.5","26,319.5","26,345.0","26,302.5",,0.01%,,,,,,,,,,
2025,11,04,4001.96,4005.84,3928.87,3931.77,580768.0,"1,651.98","1,617.00","1,658.93","1,600.56",1.13B,2.16%,"26,320.0","26,316.0","26,341.0","26,302.5",,0.03%,,,,,,,,,,
2025,11,03,3984.44,4030.56,3962.29,4002.4,667936.0,"1,617.00","1,639.65","1,652.48","1,614.65",965.23M,-1.38%,"26,312.0","26,306.0","26,326.5","26,275.0",,-0.01%,,,,,,,,,,
2025,10,31,4023.52,4046.23,3972.15,4002.06,832341.0,"1,639.65","1,669.57","1,675.07","1,626.79",777.80M,-1.79%,"26,315.0","26,329.5","26,338.5","26,291.5",,-0.06%,,,,,,,,,,
2025,10,30,3931.01,4027.47,3914.94,4024.28,915615.0,"1,669.57","1,685.83","1,692.13","1,661.38",763.11M,-0.96%,"26,330.0","26,332.0","26,342.0","26,295.0",,-0.02%,19820.0,,19200.0,,,19270.0,20120.0,19760.0,20480.0,
2025,10,29,3955.28,4030.29,3916.56,3929.64,964173.0,"1,685.83","1,680.50","1,702.23","1,675.68",823.54M,0.32%,"26,336.0","26,329.5","26,339.0","26,305.0",,0.03%,,,,,,,,,,
2025,10,28,3983.72,4019.89,3886.32,3951.84,879720.0,"1,680.50","1,652.54","1,680.77","1,621.52",876.81M,1.69%,"26,328.0","26,302.0","26,338.0","26,287.5",,0.09%,,,,,,,,,,
2025,10,27,4091.05,4109.06,3971.12,3981.86,849009.0,"1,652.54","1,683.18","1,697.16","1,652.11",903.49M,-1.82%,"26,305.0","26,302.0","26,345.0","26,276.5",,0.00%,,,,,,,,,,
2025,10,24,4127.03,4144.08,4043.6,4111.33,785287.0,"1,683.18","1,687.06","1,691.69","1,660.32",916.27M,-0.23%,"26,305.0","26,334.5","26,346.0","26,291.0",,-0.10%,,,,,,,,,,
2025,10,23,4095.87,4154.75,4065.89,4126.08,815509.0,"1,687.06","1,678.50","1,698.01","1,668.57",699.30M,0.51%,"26,332.0","26,339.5","26,351.5","26,315.0",,-0.06%,18500.0,,17880.0,,,18110.0,19450.0,19050.0,19720.0,
2025,10,22,4124.63,4161.2,4003.4,4098.0,1117962.0,"1,678.50","1,663.43","1,697.58","1,628.37",910.68M,0.91%,"26,347.5","26,341.5","26,356.0","26,290.0",,0.02%,,,,,,,,,,
2025,10,21,4354.88,4375.35,4080.11,4124.31,1124491.0,"1,663.43","1,636.43","1,677.11","1,609.70",1.53B,1.65%,"26,343.0","26,343.5","26,352.5","26,331.5",,0.00%,,,,,,,,,,
2025,10,20,4247.57,4381.58,4218.75,4356.14,860110.0,"1,636.43","1,731.19","1,731.19","1,635.08",1.64B,-5.47%,"26,342.5","26,340.0","26,360.0","26,334.5",,0.00%,,,,,,,,,,
2025,10,17,4331.84,4379.04,4185.07,4251.55,1335785.0,"1,731.19","1,766.85","1,777.35","1,725.12",1.22B,-2.02%,"26,342.0","26,335.0","26,349.5","26,331.5",,0.03%,,,,,,,,,,
2025,10,16,4208.33,4330.32,4199.58,4327.92,680389.0,"1,766.85","1,757.95","1,768.45","1,753.50",1.09B,0.51%,"26,335.0","26,340.5","26,356.0","26,322.5",,-0.02%,18940.0,,18420.0,,,18400.0,19680.0,19220.0,19900.0,
2025,10,15,4178.85,4218.12,4163.62,4207.45,513511.0,"1,757.95","1,761.06","1,778.49","1,747.51",1.11B,-0.18%,"26,340.0","26,355.0","26,359.5","26,322.5",,-0.06%,,,,,,,,,,
2025,10,14,,,,,,"1,761.06","1,765.12","1,794.58","1,753.25",1.49B,-0.23%,"26,355.5","26,347.5","26,364.0","26,305.0",,0.04%,,,,,,,,,,
2025,10,13,,,,,,"1,765.12","1,747.55","1,766.77","1,704.63",1.23B,1.01%,"26,345.0","26,334.5","26,357.5","26,320.0",,0.02%,,,,,,,,,,
2025,10,10,,,,,,"1,747.55","1,716.47","1,747.57","1,716.47",998.29M,1.81%,"26,340.0","26,345.0","26,402.5","26,325.0",,-0.03%,,,,,,,,,,
2025,10,09,,,,,,"1,716.47","1,697.83","1,717.65","1,697.83",1.04B,1.10%,"26,347.5","26,362.0","26,428.5","26,336.0",,-0.05%,19130.0,,18600.0,,,18430.0,19500.0,19130.0,19720.0,
2025,10,08,,,,,,"1,697.83","1,685.30","1,735.29","1,680.87",1.02B,0.74%,"26,360.0","26,357.5","26,373.5","26,342.0",,-0.02%,,,,,,,,,,
2025,10,07,,,,,,"1,685.30","1,695.50","1,713.15","1,675.40",799.01M,-0.60%,"26,365.0","26,357.5","26,385.0","26,347.5",,0.00%,,,,,,,,,,
2025,10,06,,,,,,"1,695.50","1,645.82","1,695.50","1,643.23",1.01B,3.02%,"26,365.0","26,372.5","26,406.5","26,349.0",,-0.06%,,,,,,,,,,
2025,10,03,,,,,,"1,645.82","1,652.71","1,656.58","1,637.95",814.58M,-0.42%,"26,381.0","26,377.5","26,399.0","26,363.5",,-0.05%,,,,,,,,,,
2025,10,02,,,,,,"1,652.71","1,665.05","1,679.73","1,646.77",735.86M,-0.74%,"26,395.5","26,412.5","26,425.0","26,369.0",,-0.05%,19560.0,,19030.0,,,19000.0,19920.0,19620.0,20200.0,
2025,10,01,,,,,,"1,665.05","1,661.70","1,671.07","1,655.85",666.00M,0.20%,"26,410.0","26,427.5","26,429.0","26,351.0",,-0.06%,,,,,,,,,,
2025,09,30,,,,,,"1,661.70","1,666.48","1,676.80","1,645.97",1.05B,-0.29%,"26,427.0","26,425.0","26,432.0","26,404.5",,0.02%,,,,,,,,,,
2025,09,29,,,,,,"1,666.48","1,660.70","1,674.84","1,639.20",808.66M,0.35%,"26,421.0","26,410.0","26,433.5","26,395.0",,0.04%,,,,,,,,,,
2025,09,26,,,,,,"1,660.70","1,666.09","1,671.43","1,652.65",899.32M,-0.32%,"26,410.0","26,397.5","26,422.5","26,383.0",,0.02%,,,,,,,,,,
2025,09,25,,,,,,"1,666.09","1,657.46","1,668.21","1,654.47",914.94M,0.52%,"26,405.0","26,418.0","26,428.0","26,391.5",,-0.05%,19180.0,,18650.0,,,18620.0,19830.0,19610.0,20160.0,
2025,09,24,,,,,,"1,657.46","1,635.26","1,657.48","1,619.09",942.29M,1.36%,"26,419.0","26,415.0","26,432.0","26,365.0",,0.00%,,,,,,,,,,
2025,09,23,,,,,,"1,635.26","1,634.45","1,643.59","1,624.08",657.14M,0.05%,"26,420.0","26,414.0","26,436.0","26,370.0",,0.01%,,,,,,,,,,
2025,09,22,,,,,,"1,634.45","1,658.62","1,666.43","1,616.02",1.14B,-1.46%,"26,417.5","26,385.5","26,428.0","26,360.0",,0.13%,,,,,,,,,,
2025,09,19,,,,,,"1,658.62","1,665.18","1,671.94","1,638.44",863.96M,-0.39%,"26,382.5","26,384.0","26,405.0","26,362.5",,-0.01%,,,,,,,,,,
2025,09,18,,,,,,"1,665.18","1,670.97","1,679.63","1,645.58",863.67M,-0.35%,"26,385.0","26,360.0","26,399.0","26,352.5",,0.04%,19230.0,,18700.0,,,18540.0,20220.0,19980.0,20600.0,
2025,09,17,,,,,,"1,670.97","1,680.90","1,684.62","1,662.63",967.05M,-0.59%,"26,375.0","26,370.5","26,394.5","26,346.0",,-0.03%,,,,,,,,,,
2025,09,16,,,,,,"1,680.90","1,684.90","1,697.26","1,675.87",1.23B,-0.24%,"26,382.5","26,380.0","26,401.5","26,362.0",,-0.01%,,,,,,,,,,
2025,09,15,,,,,,"1,684.90","1,667.26","1,684.90","1,665.61",1.12B,1.06%,"26,385.0","26,387.0","26,402.5","26,362.0",,0.00%,,,,,,,,,,
2025,09,12,3634.01,3656.63,3630.59,3642.56,81642.0,"1,667.26","1,657.75","1,675.38","1,653.79",1.01B,0.57%,"26,385.0","26,389.0","26,412.5","26,370.5",,-0.07%,,,,,,,,,,
2025,09,11,3641.94,3649.09,3613.51,3633.91,84116.0,"1,657.75","1,643.26","1,659.19","1,605.76",1.20B,0.88%,"26,402.5","26,397.5","26,417.5","26,370.0",,0.03%,19170.0,,18640.0,,,18360.0,20040.0,19750.0,20400.0,
2025,09,10,3623.32,3657.57,3620.29,3640.55,89748.0,"1,643.26","1,637.32","1,652.68","1,629.29",833.10M,0.36%,"26,395.0","26,385.0","26,408.5","26,355.5",,0.03%,,,,,,,,,,
2025,09,09,3636.12,3674.12,3626.05,3626.23,94362.0,"1,637.32","1,624.53","1,637.32","1,613.01",1.01B,0.79%,"26,387.5","26,407.0","26,425.0","26,365.0",,-0.10%,,,,,,,,,,
2025,09,08,3592.28,3646.35,3579.64,3636.76,95319.0,"1,624.53","1,666.97","1,667.36","1,623.32",1.77B,-2.55%,"26,415.0","26,374.5","26,431.5","26,367.5",,0.06%,,,,,,,,,,
2025,09,05,3545.44,3600.0,3539.79,3587.37,97095.0,"1,666.97","1,696.29","1,711.49","1,665.45",1.65B,-1.73%,"26,400.0","26,395.0","26,415.0","26,380.0",,0.04%,,,,,,,,,,
2025,09,04,3560.3,3564.19,3511.45,3545.39,101393.0,"1,696.29","1,681.30","1,696.29","1,675.95",1.29B,0.89%,"26,390.0","26,385.0","26,405.0","26,367.5",,0.01%,19030.0,,18470.0,,,18310.0,20070.0,19850.0,20430.0,
2025,09,03,3532.61,3578.46,3526.3,3560.62,103975.0,"1,681.30","1,682.21","1,692.69","1,670.39",1.24B,-0.05%,"26,387.5","26,329.0","26,390.0","26,295.5",,0.16%,,,,,,,,,,
2025,09,02,3476.41,3540.17,3470.34,3534.4,107080.0,,,,,,,"26,345.0","26,345.0","26,345.0","26,345.0",,0.00%,,,,,,,,,,
2025,09,01,3445.94,3489.81,3437.12,3476.37,79933.0,,,,,,,"26,345.0","26,345.0","26,345.0","26,345.0",,0.00%,,,,,,,,,,
2025,08,29,3417.06,3453.88,3404.36,3448.16,90252.0,"1,682.21","1,680.86","1,694.42","1,677.82",1.46B,0.08%,"26,345.0","26,345.0","26,375.0","26,332.5",,-0.11%,,,,,,,,,,
2025,08,28,3398.01,3423.17,3384.6,3417.36,89005.0,"1,680.86","1,672.78","1,684.16","1,659.68",1.10B,0.48%,"26,375.0","26,356.0","26,382.0","26,325.0",,-0.02%,18910.0,,18350.0,,,18220.0,20080.0,19770.0,20360.0,
2025,08,27,3390.76,3398.81,3373.81,3397.38,78602.0,"1,672.78","1,667.63","1,696.60","1,667.23",1.48B,0.31%,"26,380.0","26,370.0","26,402.5","26,325.0",,0.06%,,,,,,,,,,
2025,08,26,3366.56,3393.31,3351.29,3392.96,85457.0,"1,667.63","1,614.03","1,667.96","1,601.65",1.23B,3.32%,"26,365.0","26,319.0","26,377.5","26,295.5",,0.23%,,,,,,,,,,
2025,08,25,3368.71,3376.22,3359.81,3365.73,63484.0,"1,614.03","1,645.47","1,661.47","1,608.53",1.45B,-1.91%,"26,305.0","26,300.0","26,368.0","26,289.0",,-0.17%,,,,,,,,,,
2025,08,22,3339.94,3378.79,3321.44,3371.86,66790.0,"1,645.47","1,688.00","1,691.71","1,629.49",2.23B,-2.52%,"26,350.0","26,428.0","26,447.5","26,320.0",,-0.31%,,,,,,,,,,
2025,08,21,3351.04,3352.06,3325.17,3338.44,64006.0,"1,688.00","1,664.36","1,693.68","1,664.36",1.64B,1.42%,"26,432.5","26,400.5","26,457.0","26,328.5",,0.16%,18460.0,,17900.0,,,17810.0,19840.0,19460.0,20090.0,
2025,08,20,3316.47,3350.19,3311.55,3347.8,67805.0,"1,664.36","1,654.20","1,672.70","1,614.60",2.28B,0.61%,"26,390.0","26,321.0","26,390.0","26,290.0",,0.27%,,,,,,,,,,
2025,08,19,3333.25,3345.29,3314.89,3315.6,68868.0,"1,654.20","1,636.37","1,665.48","1,636.37",1.79B,1.09%,"26,320.0","26,305.0","26,331.0","26,282.5",,0.08%,,,,,,,,,,
2025,08,18,3335.35,3358.39,3323.62,3332.89,66798.0,"1,636.37","1,630.00","1,642.71","1,625.61",1.51B,0.39%,"26,300.0","26,272.0","26,309.5","26,245.0",,0.11%,,,,,,,,,,
2025,08,15,3336.51,3348.67,3332.2,3336.08,67349.0,"1,630.00","1,640.69","1,666.54","1,615.26",2.01B,-0.65%,"26,270.0","26,270.0","26,332.5","26,245.0",,0.02%,,,,,,,,,,
2025,08,14,3357.05,3374.81,3329.85,3334.75,79119.0,"1,640.69","1,611.60","1,641.28","1,611.60",1.75B,1.81%,"26,265.0","26,282.0","26,303.5","26,245.0",,-0.10%,18630.0,,18070.0,,,18020.0,19660.0,19350.0,19880.0,
2025,08,13,3349.92,3370.76,3342.72,3355.97,70839.0,"1,611.60","1,608.22","1,618.31","1,585.54",1.86B,0.21%,"26,290.0","26,261.0","26,332.5","26,230.0",,0.08%,,,,,,,,,,
2025,08,12,3344.31,3359.03,3331.13,3348.28,75882.0,"1,608.22","1,596.86","1,608.34","1,591.18",1.58B,0.71%,"26,270.0","26,238.5","26,282.5","26,200.0",,0.14%,,,,,,,,,,
2025,08,11,3400.5,3401.85,3341.4,3342.29,86369.0,"1,596.86","1,584.95","1,601.79","1,584.95",1.59B,0.75%,"26,233.0","26,228.0","26,239.0","26,218.5",,0.03%,,,,,,,,,,
2025,08,08,3402.94,3408.84,3376.62,3397.14,105874.0,"1,584.95","1,581.81","1,592.52","1,565.45",1.82B,0.20%,"26,225.0","26,210.0","26,237.5","26,170.0",,0.04%,,,,,,,,,,
2025,08,07,3372.59,3401.81,3365.3,3395.84,88988.0,"1,581.81","1,573.71","1,588.38","1,567.72",1.61B,0.51%,"26,215.0","26,213.0","26,237.0","26,199.0",,-0.04%,19200.0,,18800.0,,,18660.0,19830.0,19600.0,20070.0,
2025,08,06,3381.14,3385.62,3358.24,3368.4,72233.0,"1,573.71","1,547.15","1,574.34","1,547.15",1.33B,1.72%,"26,225.0","26,245.0","26,282.5","26,186.0",,-0.10%,,,,,,,,,,
2025,08,05,3376.19,3390.38,3349.99,3380.47,66618.0,"1,547.15","1,528.19","1,584.98","1,519.08",2.70B,1.24%,"26,250.0","26,185.0","26,263.5","26,164.0",,0.28%,,,,,,,,,,
2025,08,04,3362.95,3385.37,3345.07,3374.01,72655.0,"1,528.19","1,495.21","1,528.21","1,491.11",1.23B,2.21%,"26,176.5","26,207.5","26,226.0","26,147.5",,-0.17%,,,,,,,,,,
2025,08,01,3291.51,3363.45,3281.59,3363.23,77923.0,"1,495.21","1,502.52","1,509.22","1,479.98",1.38B,-0.49%,"26,220.0","26,212.5","26,234.0","26,170.5",,0.08%,,,,,,,,,,
2025,07,31,3277.45,3314.81,3276.45,3290.68,82495.0,"1,502.52","1,507.63","1,528.66","1,488.30",1.65B,-0.34%,"26,199.0","26,227.5","26,232.5","26,172.5",,-0.01%,19360.0,,19060.0,,,18710.0,19600.0,19400.0,19840.0,
2025,07,30,3327.36,3334.05,3268.17,3275.86,71995.0,"1,507.63","1,493.41","1,512.15","1,482.45",1.62B,0.95%,"26,202.5","26,225.5","26,266.5","26,190.0",,-0.09%,,,,,,,,,,
2025,07,29,3314.18,3334.14,3307.94,3325.5,70454.0,"1,493.41","1,557.42","1,566.74","1,490.24",2.64B,-4.11%,"26,225.0","26,162.5","26,260.0","26,162.5",,0.10%,,,,,,,,,,
2025,07,28,3331.05,3345.2,3301.8,3314.78,71500.0,"1,557.42","1,531.13","1,558.12","1,531.13",1.79B,1.72%,"26,200.0","26,145.0","26,221.0","26,127.5",,0.21%,,,,,,,,,,
2025,07,25,3369.25,3373.55,3325.08,3336.65,64812.0,"1,531.13","1,521.02","1,534.51","1,519.79",1.41B,0.66%,"26,145.0","26,132.5","26,158.0","26,112.5",,0.04%,,,,,,,,,,
2025,07,24,3390.56,3393.35,3351.39,3367.5,80047.0,"1,521.02","1,512.31","1,525.32","1,502.82",1.39B,0.58%,"26,135.0","26,157.5","26,163.0","26,116.5",,-0.06%,19420.0,,19120.0,,,18620.0,,19270.0,19700.0,
2025,07,23,3430.9,3438.77,3381.52,3388.1,85846.0,"1,512.31","1,509.54","1,523.37","1,507.14",1.44B,0.18%,"26,150.0","26,147.0","26,166.5","26,120.0",,0.02%,,,,,,,,,,
2025,07,22,3399.04,3433.53,3383.26,3429.58,86631.0,"1,509.54","1,485.05","1,509.54","1,476.61",1.23B,1.65%,"26,145.0","26,145.0","26,162.5","26,128.5",,-0.04%,,,,,,,,,,
2025,07,21,3350.01,3401.59,3345.0,3397.41,78916.0,"1,485.05","1,497.28","1,511.96","1,481.37",1.39B,-0.82%,"26,155.0","26,155.0","26,168.5","26,139.0",,-0.02%,,,,,,,,,,
2025,07,18,3341.64,3361.24,3331.8,3350.85,69906.0,"1,497.28","1,490.01","1,501.20","1,484.29",1.46B,0.49%,"26,160.0","26,155.0","26,173.0","26,138.0",,0.00%,,,,,,,,,,
2025,07,17,3350.79,3352.22,3309.9,3338.1,83442.0,"1,490.01","1,475.47","1,494.46","1,475.47",1.41B,0.99%,"26,160.0","26,167.5","26,172.5","26,129.0",,0.00%,19090.0,,18790.0,,,18420.0,,19480.0,19920.0,
2025,07,16,3324.68,3377.48,3319.62,3346.99,81966.0,"1,475.47","1,460.65","1,475.47","1,457.04",1.22B,1.01%,"26,160.0","26,160.0","26,182.5","26,125.0",,0.09%,,,,,,,,,,
2025,07,15,3344.06,3366.73,3320.25,3324.65,72728.0,"1,460.65","1,470.42","1,476.32","1,460.16",1.33B,-0.66%,"26,137.5","26,140.0","26,151.5","26,100.0",,0.05%,,,,,,,,,,
2025,07,14,3362.47,3374.92,3340.71,3343.26,95296.0,"1,470.42","1,457.76","1,473.93","1,447.72",1.26B,0.87%,"26,125.0","26,110.0","26,137.5","26,085.0",,0.04%,,,,,,,,,,
2025,07,11,3324.18,3368.75,3321.78,3355.5,86342.0,"1,457.76","1,445.64","1,463.91","1,445.64",1.23B,0.84%,"26,114.5","26,105.0","26,137.0","26,065.0",,0.00%,,,,,,,,,,
2025,07,10,3314.0,3330.25,3310.12,3323.85,71678.0,"1,445.64","1,431.32","1,446.16","1,431.32",1.07B,1.00%,"26,114.5","26,137.5","26,150.0","26,098.0",,-0.09%,19150.0,,18830.0,,,18370.0,,19650.0,20090.0,
2025,07,09,3302.39,3316.79,3282.77,3313.55,75758.0,"1,431.32","1,415.46","1,432.29","1,415.46",1.43B,1.12%,"26,139.0","26,137.5","26,160.0","26,122.5",,0.02%,,,,,,,,,,
2025,07,08,3338.99,3345.76,3287.13,3301.48,84705.0,"1,415.46","1,402.06","1,415.65","1,400.79",1.17B,0.96%,"26,135.0","26,148.0","26,153.5","26,086.5",,-0.04%,,,,,,,,,,
2025,07,07,3335.92,3342.76,3296.45,3336.16,82706.0,"1,402.06","1,386.97","1,402.32","1,386.97",1.23B,1.09%,"26,145.0","26,202.5","26,205.0","26,086.5",,-0.13%,,,,,,,,,,
2025,07,04,3325.52,3344.18,3323.59,3337.04,30628.0,"1,386.97","1,381.96","1,388.04","1,379.40",834.92M,0.36%,"26,180.0","26,210.0","26,264.5","26,155.0",,-0.08%,,,,,,,,,,
2025,07,03,3358.07,3365.74,3311.69,3325.92,42404.0,"1,381.96","1,384.59","1,392.39","1,377.06",1.32B,-0.19%,"26,200.0","26,215.0","26,241.5","26,145.0",,0.11%,18720.0,,18400.0,,,18130.0,,19440.0,19900.0,
2025,07,02,3338.98,3360.1,3327.61,3356.93,72230.0,"1,384.59","1,377.84","1,384.72","1,372.27",848.89M,0.49%,"26,170.0","26,127.5","26,185.5","26,095.0",,0.15%,,,,,,,,,,
2025,07,01,3303.4,3357.92,3302.38,3338.78,77928.0,"1,377.84","1,376.07","1,382.16","1,369.74",725.24M,0.13%,"26,130.0","26,105.0","26,170.0","26,065.0",,0.04%,19700.0,,19340.0,,,19060.0,,20530.0,21110.0,
2025,06,30,3275.5,3309.41,3248.48,3302.92,76467.0,"1,376.07","1,371.44","1,377.30","1,371.44",636.41M,0.34%,"26,120.5","26,082.5","26,129.0","26,055.0",,0.10%,,,,,,,,,,
2025,06,27,3327.61,3327.96,3255.89,3274.96,84271.0,"1,371.44","1,365.67","1,373.28","1,362.09",677.78M,0.42%,"26,095.0","26,120.0","26,140.0","26,061.5",,-0.10%,,,,,,,,,,
2025,06,26,3333.62,3350.28,3309.99,3327.76,74485.0,"1,365.67","1,366.75","1,372.74","1,360.78",598.74M,-0.08%,"26,120.0","26,140.0","26,147.5","26,098.5",,-0.13%,20060.0,,19700.0,,,19410.0,,20910.0,21500.0,
2025,06,25,3324.71,3337.07,3311.98,3332.15,69041.0,"1,366.75","1,366.77","1,371.57","1,364.09",733.11M,0.00%,"26,155.0","26,155.0","26,180.0","26,128.5",,-0.06%,,,,,,,,,,
2025,06,24,3368.43,3369.94,3295.5,3322.81,88230.0,"1,366.77","1,358.18","1,371.24","1,355.53",881.51M,0.63%,"26,170.0","26,180.0","26,190.5","26,131.0",,-0.17%,,,,,,,,,,
2025,06,23,3392.44,3396.7,3347.12,3369.04,85888.0,"1,358.18","1,349.35","1,358.26","1,338.49",734.13M,0.65%,"26,215.0","26,135.0","26,222.5","26,115.0",,0.33%,,,,,,,,,,
2025,06,20,3370.12,3374.51,3340.37,3368.64,73350.0,"1,349.35","1,352.04","1,356.78","1,342.31",778.28M,-0.20%,"26,128.5","26,125.0","26,152.5","26,114.0",,0.00%,,,,,,,,,,
2025,06,19,3369.58,3387.93,3347.65,3370.63,66292.0,"1,352.04","1,346.83","1,353.96","1,342.08",650.85M,0.39%,"26,128.0","26,105.0","26,143.5","26,085.0",,0.10%,19510.0,,19150.0,,,18920.0,,20630.0,21240.0,
2025,06,18,3390.46,3400.01,3362.56,3369.15,86513.0,"1,346.83","1,347.69","1,353.99","1,341.64",766.36M,-0.06%,"26,101.5","26,095.0","26,115.0","26,065.0",,0.08%,,,,,,,,,,
2025,06,17,3386.26,3403.24,3366.15,3388.47,93937.0,"1,347.69","1,338.11","1,353.01","1,338.11",762.36M,0.72%,"26,081.5","26,070.0","26,093.0","26,048.5",,0.08%,,,,,,,,,,
2025,06,16,3434.04,3451.23,3382.76,3385.14,86045.0,"1,338.11","1,315.49","1,338.66","1,307.37",778.08M,1.72%,"26,061.5","26,070.0","26,102.5","26,043.0",,-0.05%,,,,,,,,,,
2025,06,13,3386.01,3446.8,3379.81,3434.15,92847.0,"1,315.49","1,322.99","1,326.62","1,304.12",1.16B,-0.57%,"26,075.0","26,055.0","26,099.5","26,025.0",,0.14%,,,,,,,,,,
2025,06,12,3356.57,3398.77,3338.67,3386.66,99415.0,"1,322.99","1,315.20","1,326.03","1,308.63",810.97M,0.59%,"26,037.5","26,020.0","26,042.5","26,010.0",,0.03%,18060.0,,17700.0,,,17510.0,,19460.0,19960.0,
2025,06,11,3322.21,3360.68,3315.53,3354.82,94367.0,"1,315.20","1,316.23","1,322.07","1,306.25",539.56M,-0.08%,"26,030.0","26,005.0","26,040.0","26,000.0",,0.07%,,,,,,,,,,
2025,06,10,3325.86,3349.08,3301.94,3322.4,92073.0,"1,316.23","1,310.57","1,323.61","1,299.94",702.73M,0.43%,"26,012.5","26,042.5","26,065.0","26,010.0",,-0.12%,,,,,,,,,,
2025,06,09,3314.04,3338.16,3293.61,3325.39,89295.0,"1,310.57","1,329.89","1,331.56","1,309.05",718.35M,-1.45%,"26,042.5","26,094.0","26,094.0","26,022.5",,-0.04%,,,,,,,,,,
2025,06,06,3354.03,3375.6,3307.13,3312.12,92933.0,"1,329.89","1,342.09","1,344.92","1,325.45",900.45M,-0.91%,"26,054.0","26,075.0","26,097.0","26,030.5",,-0.11%,,,,,,,,,,
2025,06,05,3373.4,3403.33,3339.61,3352.6,92514.0,"1,342.09","1,345.74","1,347.49","1,336.11",756.61M,-0.27%,"26,082.5","26,085.0","26,126.5","26,058.0",,-0.01%,17970.0,,17420.0,,,17280.0,,19260.0,19690.0,
2025,06,04,3354.69,3384.65,3343.8,3372.6,92464.0,"1,345.74","1,347.25","1,351.14","1,341.53",952.31M,-0.11%,"26,084.0","26,045.0","26,098.0","26,025.0",,0.11%,,,,,,,,,,
2025,06,03,3382.82,3392.24,3333.2,3353.3,83435.0,"1,347.25","1,336.30","1,350.89","1,336.30",1.03B,0.82%,"26,055.0","26,030.0","26,083.5","25,998.5",,0.10%,,,,,,,,,,
2025,06,02,3298.35,3382.92,3295.92,3381.6,87954.0,"1,336.30","1,332.60","1,336.33","1,322.95",860.23M,0.28%,"26,029.0","26,025.0","26,046.5","25,980.0",,0.03%,,,,,,,,,,
2025,05,30,3318.43,3322.7,3271.82,3288.72,93320.0,"1,332.60","1,341.86","1,345.78","1,328.69",910.32M,-0.69%,"26,021.5","25,985.0","26,045.0","25,935.0",,-0.01%,,,,,,,,,,
2025,05,29,3287.71,3331.23,3245.52,3317.56,105319.0,"1,341.86","1,341.87","1,348.31","1,335.62",894.92M,0.00%,"26,025.0","25,995.5","26,074.5","25,994.5",,0.21%,17680.0,,17130.0,,,17100.0,,19190.0,19560.0,
2025,05,28,3301.03,3325.44,3276.94,3288.64,84113.0,"1,341.87","1,339.81","1,348.05","1,337.18",898.55M,0.15%,"25,970.0","25,915.0","25,975.0","25,911.5",,0.20%,,,,,,,,,,
2025,05,27,3343.87,3349.77,3284.9,3300.56,91570.0,"1,339.81","1,332.51","1,339.81","1,329.60",1.05B,0.55%,"25,917.5","25,915.0","25,960.0","25,889.5",,0.02%,,,,,,,,,,
2025,05,26,3353.88,3356.76,3323.52,3342.19,59937.0,"1,332.51","1,314.46","1,332.51","1,288.86",959.63M,1.37%,"25,912.5","25,961.0","25,965.0","25,890.5",,-0.16%,,,,,,,,,,
2025,05,23,3294.54,3365.87,3287.05,3357.9,97109.0,"1,314.46","1,313.84","1,320.07","1,308.62",641.20M,0.05%,"25,954.0","25,970.0","25,987.0","25,939.5",,-0.09%,,,,,,,,,,
2025,05,22,3316.05,3345.31,3279.37,3294.71,100750.0,"1,313.84","1,323.05","1,331.93","1,312.80",1.12B,-0.70%,"25,976.5","25,980.0","25,988.5","25,945.0",,0.01%,17950.0,,17400.0,,,17310.0,,19120.0,19530.0,
2025,05,21,3289.94,3324.84,3285.56,3315.11,101469.0,"1,323.05","1,315.15","1,331.60","1,313.13",989.95M,0.60%,"25,973.0","25,970.0","25,984.5","25,930.0",,0.01%,,,,,,,,,,
2025,05,20,3230.75,3295.68,3204.57,3289.66,94589.0,"1,315.15","1,296.29","1,316.67","1,296.29",856.90M,1.45%,"25,970.0","25,950.0","25,978.0","25,935.0",,0.09%,,,,,,,,,,
2025,05,19,3219.73,3249.75,3206.42,3230.12,95835.0,"1,296.29","1,301.39","1,306.20","1,291.66",829.02M,-0.39%,"25,947.5","25,920.0","25,961.0","25,907.5",,0.10%,,,,,,,,,,
2025,05,16,3238.34,3252.14,3154.35,3201.0,99147.0,"1,301.39","1,313.20","1,318.03","1,299.55",849.81M,-0.90%,"25,921.5","25,925.0","25,971.0","25,903.0",,-0.10%,,,,,,,,,,
2025,05,15,3178.39,3240.5,3120.78,3239.64,89383.0,"1,313.20","1,309.73","1,316.16","1,301.61",1.05B,0.26%,"25,947.5","25,930.0","25,962.5","25,906.0",,0.07%,17770.0,,17220.0,,,17220.0,,19180.0,19590.0,
2025,05,14,3249.67,3257.05,3168.03,3177.4,88022.0,"1,309.73","1,293.43","1,310.57","1,292.34",915.94M,1.26%,"25,930.0","25,945.0","25,985.0","25,914.0",,-0.12%,,,,,,,,,,
2025,05,13,3238.82,3265.43,3215.99,3249.98,96281.0,"1,293.43","1,283.26","1,293.70","1,283.26",883.81M,0.79%,"25,961.5","25,975.0","25,986.5","25,913.5",,-0.04%,,,,,,,,,,
2025,05,12,3291.47,3299.73,3207.74,3234.4,107179.0,"1,283.26","1,267.30","1,283.86","1,267.30",831.86M,1.26%,"25,971.0","25,970.0","25,982.5","25,918.0",,-0.03%,,,,,,,,,,
2025,05,09,3308.01,3347.53,3274.86,3327.15,86055.0,"1,267.30","1,269.80","1,279.61","1,264.87",693.91M,-0.20%,"25,978.5","25,967.5","25,997.0","25,948.0",,0.06%,,,,,,,,,,
2025,05,08,3365.74,3414.78,3288.75,3305.85,90866.0,"1,269.80","1,250.37","1,271.44","1,250.37",780.07M,1.55%,"25,963.5","25,960.0","25,988.0","25,951.0",,0.00%,17430.0,,16800.0,,,16940.0,,18770.0,19170.0,
2025,05,07,3437.65,3437.85,3360.21,3364.44,93712.0,"1,250.37","1,241.95","1,250.79","1,240.20",696.10M,0.68%,"25,962.5","25,965.0","25,980.0","25,912.5",,0.00%,,,,,,,,,,
2025,05,06,3336.06,3434.75,3323.52,3430.46,90726.0,"1,241.95","1,240.05","1,251.02","1,240.05",723.04M,0.15%,"25,963.5","25,955.0","25,988.5","25,949.0",,0.02%,,,,,,,,,,
2025,05,05,3240.86,3337.54,3237.44,3333.96,87858.0,"1,240.05","1,226.30","1,241.51","1,226.30",562.29M,1.12%,"25,957.5","26,000.0","26,018.5","25,934.0",,-0.18%,17980.0,,17350.0,,,17560.0,,19150.0,19580.0,
2025,05,02,3240.43,3269.28,3222.78,3240.3,103099.0,,,,,,,"26,005.0","26,005.0","26,005.0","26,005.0",,0.00%,,,,,,,,,,
2025,05,01,3288.7,3290.21,3201.91,3237.89,101000.0,,,,,,,"26,005.0","26,005.0","26,005.0","26,005.0",,0.00%,,,,,,,,,,
2025,04,30,3313.72,3328.02,3267.13,3288.27,102525.0,,,,,,,"26,005.0","26,005.0","26,005.0","26,005.0",,0.00%,,,,,,,,,,
2025,04,29,3344.55,3348.67,3299.69,3317.2,85655.0,"1,226.30","1,226.80","1,229.10","1,222.30",675.96M,-0.04%,"26,005.0","26,000.0","26,010.0","25,960.0",,0.02%,,,,,,,,,,
2025,04,28,3325.67,3353.0,3268.19,3343.99,104994.0,"1,226.80","1,234.30","1,234.30","1,222.56",679.79M,-0.20%,"26,000.0","26,000.0","26,050.0","25,927.5",,-0.10%,,,,,,,,,,
2025,04,26,,,,,,,,,,,,"26,025.0","26,025.0","26,035.0","26,015.0",,0.01%,,,,,,,,,,
2025,04,25,3351.34,3370.76,3265.19,3318.62,107540.0,"1,229.23","1,223.35","1,230.72","1,220.67",863.02M,0.48%,"26,021.5","26,050.0","26,062.0","26,007.5",,-0.03%,,,,,,,,,,
2025,04,24,3289.07,3367.17,3288.83,3348.58,102093.0,"1,223.35","1,214.78","1,224.66","1,210.37",798.64M,1.02%,"26,029.0","26,032.5","26,067.0","25,985.0",,0.13%,18150.0,,17520.0,,,17710.0,,19230.0,19630.0,
2025,04,23,3347.99,3386.58,3259.98,3288.12,100890.0,"1,211.00","1,197.13","1,216.28","1,197.13",855.21M,1.16%,"25,995.0","26,005.0","26,018.5","25,927.5",,0.12%,,,,,,,,,,
2025,04,22,3425.06,3499.98,3366.78,3380.93,99124.0,"1,197.13","1,207.07","1,207.07","1,136.98",1.70B,-0.82%,"25,965.0","25,900.0","25,994.0","25,890.0",,0.36%,,,,,,,,,,
2025,04,21,3332.92,3430.5,3329.03,3424.4,97594.0,"1,207.07","1,219.12","1,222.77","1,201.63",880.86M,-0.99%,"25,871.0","25,950.0","25,964.5","25,858.5",,-0.21%,,,,,,,,,,
2025,04,18,,,,,,"1,219.12","1,228.37","1,234.67","1,219.12",1.07B,0.15%,"25,925.0","25,900.0","25,976.5","25,865.0",,0.34%,,,,,,,,,,
2025,04,17,3343.19,3357.65,3283.84,3327.24,96853.0,"1,217.25","1,210.30","1,217.25","1,197.50",807.72M,0.57%,"25,837.0","25,852.5","25,900.0","25,848.0",,0.03%,17660.0,,17030.0,,,17180.0,,18490.0,18850.0,
2025,04,16,3230.96,3342.94,3229.84,3342.85,102898.0,"1,210.30","1,227.79","1,233.84","1,205.93",818.93M,-1.42%,"25,830.0","25,832.5","25,905.0","25,796.5",,0.16%,,,,,,,,,,
2025,04,15,3211.57,3233.57,3210.01,3229.36,75621.0,"1,227.79","1,241.44","1,246.21","1,221.75",1.07B,-1.10%,"25,790.0","25,850.0","25,923.5","25,808.0",,-0.13%,,,,,,,,,,
2025,04,14,3228.31,3245.69,3193.57,3210.46,101469.0,"1,241.44","1,235.01","1,242.94","1,226.06",1.04B,1.55%,"25,824.0","25,735.0","25,843.0","25,705.0",,0.42%,,,,,,,,,,
2025,04,11,3176.0,3245.36,3176.0,3237.53,112866.0,"1,222.46","1,168.34","1,222.46","1,168.34",1.73B,4.63%,"25,715.0","25,670.0","25,782.5","25,660.5",,-0.10%,,,,,,,,,,
2025,04,10,3079.66,3176.45,3071.36,3175.39,90706.0,"1,168.34","1,094.30","1,168.40","1,094.30",369.96M,6.77%,"25,740.0","25,830.0","25,874.5","25,753.5",,-0.85%,17880.0,,17240.0,,,17410.0,,18880.0,19200.0,
2025,04,09,2982.88,3099.6,2970.07,3082.78,94465.0,"1,094.30","1,132.79","1,141.35","1,073.61",1.60B,-3.40%,"25,960.0","26,025.0","26,130.0","25,982.5",,-0.13%,,,,,,,,,,
2025,04,08,2982.99,3022.73,2974.73,2981.96,94684.0,"1,132.79","1,210.67","1,210.67","1,130.98",1.16B,-6.43%,"25,995.0","25,850.0","26,033.0","25,836.5",,0.83%,,,,,,,,,,
2025,04,07,3008.13,3055.31,2956.26,2982.01,125111.0,,,,,,,"25,780.0","25,780.0","25,780.0","25,780.0",,0.00%,,,,,,,,,,
2025,04,04,3115.38,3136.58,3015.78,3037.34,97301.0,"1,210.67","1,229.84","1,229.84","1,158.17",1.99B,-1.56%,"25,780.0","25,805.0","25,810.0","25,760.0",,-0.04%,,,,,,,,,,
2025,04,03,3140.28,3167.73,3054.08,3114.19,99601.0,"1,229.84","1,272.87","1,277.90","1,229.41",1.76B,-6.68%,"25,790.0","25,700.0","25,837.0","25,700.0",,0.74%,19210.0,,18470.0,,,18730.0,,20370.0,20910.0,
2025,04,02,3114.22,3142.05,3104.45,3132.12,83654.0,"1,317.83","1,317.33","1,324.46","1,317.33",849.31M,0.04%,"25,600.0","25,650.0","25,658.5","25,612.5",,-0.08%,,,,,,,,,,
2025,04,01,3123.22,3149.04,3100.87,3114.12,78809.0,"1,317.33","1,313.03","1,317.46","1,308.06",620.03M,0.80%,"25,620.0","25,605.0","25,660.0","25,545.0",,0.22%,,,,,,,,,,
2025,03,31,3086.59,3127.94,3076.72,3123.96,81475.0,"1,306.86","1,317.46","1,317.46","1,304.10",867.81M,-0.80%,"25,565.0","25,538.5","25,592.5","25,536.5",,0.06%,,,,,,,,,,
2025,03,28,3056.31,3086.77,3053.75,3084.2,75990.0,"1,317.46","1,324.42","1,325.34","1,315.72",739.65M,-0.48%,"25,550.0","25,600.0","25,620.0","25,555.0",,-0.04%,,,,,,,,,,
2025,03,27,3019.04,3059.56,3017.6,3056.42,84353.0,"1,323.81","1,326.09","1,328.82","1,323.01",672.32M,-0.17%,"25,560.0","25,580.0","25,629.5","25,562.5",,0.02%,18650.0,,18210.0,,,18520.0,,20030.0,20420.0,
2025,03,26,3019.69,3032.04,3012.45,3018.85,75702.0,"1,326.09","1,331.92","1,338.55","1,323.69",834.63M,-0.44%,"25,555.0","25,615.0","25,635.0","25,567.5",,-0.18%,,,,,,,,,,
2025,03,25,3011.96,3035.95,3007.64,3019.81,71743.0,"1,331.92","1,330.32","1,337.60","1,329.81",1.02B,0.12%,"25,600.0","25,651.5","25,664.0","25,611.0",,-0.08%,,,,,,,,,,
2025,03,24,3023.36,3033.22,3002.46,3011.96,74983.0,"1,330.32","1,322.90","1,330.32","1,316.73",926.62M,0.64%,"25,620.0","25,538.0","25,657.5","25,538.0",,0.14%,,,,,,,,,,
2025,03,21,3044.36,3047.39,2999.55,3022.94,69395.0,"1,321.88","1,323.93","1,325.22","1,320.67",805.38M,-0.15%,"25,585.0","25,560.0","25,605.0","25,545.0",,0.16%,,,,,,,,,,
2025,03,20,3048.35,3057.26,3025.52,3044.47,77931.0,"1,323.93","1,324.63","1,332.41","1,316.11",918.93M,-0.05%,"25,545.0","25,545.0","25,567.5","25,542.5",,0.04%,18380.0,,17890.0,,,18110.0,,19690.0,20080.0,
2025,03,19,3033.98,3051.84,3022.89,3047.16,68372.0,"1,324.63","1,330.97","1,330.97","1,320.85",949.33M,-0.48%,"25,535.0","25,530.0","25,550.0","25,525.0",,0.10%,,,,,,,,,,
2025,03,18,3000.79,3038.26,2999.56,3033.76,76386.0,"1,330.97","1,336.26","1,341.65","1,330.97",903.37M,-0.40%,"25,510.0","25,525.0","25,550.0","25,520.0",,0.00%,,,,,,,,,,
2025,03,17,2983.84,3001.99,2982.22,3001.02,63203.0,"1,336.26","1,330.62","1,336.26","1,329.05",971.32M,0.76%,"25,510.0","25,520.0","25,586.0","25,475.0",,0.04%,,,,,,,,,,
2025,03,14,2989.38,3004.85,2978.45,2986.24,79493.0,"1,326.15","1,326.27","1,333.32","1,324.30",1.02B,-0.01%,"25,500.0","25,520.0","25,532.5","25,465.0",,0.04%,,,,,,,,,,
2025,03,13,2934.46,2989.1,2932.99,2988.8,73352.0,"1,326.27","1,334.41","1,340.91","1,324.87",1.07B,-0.61%,"25,490.0","25,475.0","25,512.5","25,465.0",,0.18%,18360.0,,17890.0,,,18090.0,,19280.0,19640.0,
2025,03,12,2915.81,2940.63,2905.97,2933.31,75738.0,"1,334.41","1,332.54","1,342.91","1,331.75",942.05M,0.14%,"25,445.0","25,485.0","25,515.0","25,450.0",,-0.02%,,,,,,,,,,
2025,03,11,2888.27,2922.03,2880.26,2915.5,69043.0,"1,332.54","1,330.28","1,332.54","1,315.92",933.34M,0.17%,"25,450.0","25,512.5","25,520.0","25,462.0",,-0.29%,,,,,,,,,,
2025,03,10,2912.72,2918.22,2880.28,2889.24,82830.0,"1,330.28","1,326.05","1,335.87","1,326.05",1.02B,0.32%,"25,525.0","25,515.0","25,568.5","25,510.0",,0.18%,,,,,,,,,,
2025,03,07,2911.04,2930.33,2894.8,2911.94,98005.0,"1,326.05","1,318.22","1,327.07","1,318.22",957.52M,0.59%,"25,480.0","25,449.0","25,552.5","25,435.0",,-0.02%,,,,,,,,,,
2025,03,06,2919.67,2926.52,2891.12,2910.74,89678.0,"1,318.22","1,304.71","1,318.22","1,304.71",1.06B,1.04%,"25,485.0","25,450.0","25,516.5","25,430.0",,-0.02%,18670.0,,18330.0,,,18570.0,,19960.0,20400.0,
2025,03,05,2918.13,2930.06,2894.3,2919.13,95328.0,"1,304.71","1,311.91","1,319.52","1,304.71",979.93M,-0.55%,"25,490.0","25,515.0","25,586.0","25,495.0",,-0.20%,,,,,,,,,,
2025,03,04,2892.44,2927.76,2881.99,2917.7,90567.0,"1,311.91","1,309.37","1,313.21","1,298.28",1.06B,0.19%,"25,540.0","25,580.0","25,596.5","25,555.0",,-0.14%,,,,,,,,,,
2025,03,03,2857.88,2895.29,2857.88,2892.99,94797.0,"1,309.37","1,305.36","1,309.77","1,304.30",976.08M,0.31%,"25,575.0","25,554.0","25,617.5","25,548.0",,0.18%,,,,,,,,,,
2025,02,28,2877.11,2885.05,2832.57,2859.06,100955.0,"1,305.36","1,307.80","1,308.77","1,300.66",814.81M,-0.19%,"25,530.0","25,553.5","25,573.0","25,540.0",,0.04%,,,,,,,,,,
2025,02,27,2916.79,2920.76,2867.79,2877.12,93444.0,"1,307.80","1,307.31","1,307.87","1,296.43",892.98M,0.37%,"25,520.0","25,551.5","25,566.0","25,489.5",,-0.06%,19270.0,,18950.0,,,19330.0,,20650.0,21110.0,
2025,02,26,2915.14,2930.08,2890.77,2916.11,81185.0,"1,302.96","1,303.16","1,306.49","1,301.20",758.27M,-0.02%,"25,535.0","25,482.5","25,572.5","25,482.5",,0.06%,,,,,,,,,,
2025,02,25,2952.64,2953.79,2888.27,2914.82,94373.0,"1,303.16","1,306.86","1,309.97","1,298.54",885.78M,-0.11%,"25,520.0","25,470.0","25,537.5","25,466.0",,0.20%,,,,,,,,,,
2025,02,24,2934.65,2956.18,2921.33,2952.62,85776.0,"1,304.56","1,296.75","1,304.56","1,294.69",892.36M,0.60%,"25,468.0","25,485.0","25,535.0","25,468.5",,-0.16%,,,,,,,,,,
2025,02,21,2938.84,2949.59,2916.74,2935.89,84923.0,"1,296.75","1,292.98","1,296.75","1,290.98",740.53M,0.29%,"25,510.0","25,480.0","25,545.0","25,475.0",,0.04%,,,,,,,,,,
2025,02,20,2933.46,2954.91,2924.26,2939.06,83516.0,"1,292.98","1,288.56","1,295.82","1,288.56",770.75M,0.34%,"25,500.0","25,525.0","25,574.5","25,515.0",,-0.06%,19470.0,,19060.0,,,19510.0,,20850.0,21330.0,
2025,02,19,2935.73,2947.05,2918.61,2932.99,84281.0,"1,288.56","1,278.14","1,288.56","1,278.14",814.56M,0.82%,"25,515.0","25,530.0","25,574.5","25,500.0",,0.06%,,,,,,,,,,
2025,02,18,2898.61,2937.05,2891.98,2935.08,72253.0,"1,278.14","1,272.72","1,283.34","1,272.19",706.79M,0.43%,"25,500.0","25,510.0","25,580.0","25,425.0",,0.12%,,,,,,,,,,
2025,02,17,2883.13,2906.4,2877.6,2899.45,69702.0,"1,272.72","1,276.08","1,278.49","1,272.72",852.79M,-0.26%,"25,470.0","25,390.0","25,482.5","25,390.0",,0.39%,,,,,,,,,,
2025,02,14,2927.64,2940.06,2877.03,2882.5,96772.0,"1,276.08","1,270.35","1,280.60","1,270.35",650.49M,0.45%,"25,370.0","25,415.0","25,460.5","25,385.0",,-0.28%,,,,,,,,,,
2025,02,13,2904.36,2929.5,2900.56,2928.34,86887.0,"1,270.35","1,266.91","1,270.67","1,263.85",512.02M,0.27%,"25,440.0","25,535.0","25,535.0","25,400.0",,-0.43%,19330.0,,19070.0,,,19470.0,,20590.0,21070.0,
2025,02,12,2898.02,2909.15,2863.54,2903.97,92459.0,"1,266.91","1,268.45","1,272.86","1,266.59",506.16M,-0.12%,"25,550.0","25,490.0","25,607.0","25,490.0",,0.08%,,,,,,,,,,
2025,02,11,2907.9,2942.58,2881.81,2897.53,103139.0,"1,268.45","1,263.26","1,268.45","1,263.11",628.72M,0.41%,"25,530.0","25,420.0","25,540.0","25,420.0",,0.59%,,,,,,,,,,
2025,02,10,2857.21,2911.77,2854.81,2907.88,92001.0,"1,263.26","1,275.20","1,275.20","1,263.26",794.94M,-0.94%,"25,380.0","25,375.0","25,405.0","25,367.5",,0.36%,,,,,,,,,,
2025,02,07,2855.66,2886.68,2852.39,2861.3,85320.0,"1,275.20","1,271.48","1,279.35","1,269.11",619.05M,0.29%,"25,290.0","25,340.0","25,342.5","25,282.5",,0.12%,,,,,,,,,,
2025,02,06,2864.94,2873.28,2834.1,2855.55,91182.0,"1,271.48","1,269.61","1,275.47","1,268.28",568.69M,0.15%,"25,260.0","25,165.0","25,275.0","25,147.5",,0.46%,19190.0,,19050.0,,,19410.0,,20440.0,20920.0,
2025,02,05,2842.67,2882.49,2839.67,2867.02,90945.0,"1,269.61","1,264.68","1,271.80","1,264.68",587.30M,0.39%,"25,145.0","25,195.0","25,195.0","25,115.0",,-0.06%,,,,,,,,,,
2025,02,04,2814.62,2845.49,2807.19,2842.01,96838.0,"1,264.68","1,256.91","1,264.68","1,255.44",660.34M,0.93%,"25,160.0","25,280.0","25,282.5","25,160.0",,-0.47%,,,,,,,,,,
2025,02,03,2804.21,2830.4,2772.17,2814.75,107358.0,"1,253.03","1,265.05","1,265.05","1,249.78",547.00M,-0.95%,"25,280.0","25,025.0","25,355.0","25,025.0",,0.88%,,,,,,,,,,
2025,01,31,2795.08,2817.23,2791.02,2798.47,91210.0,,,,,,,"25,060.0","25,060.0","25,060.0","25,060.0",,0.00%,,,,,,,,,,
2025,01,30,2759.61,2798.49,2758.23,2794.06,83835.0,,,,,,,"25,060.0","25,060.0","25,060.0","25,060.0",,0.00%,,,,,,,,,,
2025,01,29,2763.23,2766.2,2744.76,2759.68,83303.0,,,,,,,"25,060.0","25,060.0","25,060.0","25,060.0",,0.00%,,,,,,,,,,
2025,01,28,2739.91,2765.11,2734.81,2763.17,83114.0,,,,,,,"25,060.0","25,060.0","25,060.0","25,060.0",,0.00%,,,,,,,,,,
2025,01,27,2769.76,2772.53,2730.48,2740.7,99704.0,,,,,,,"25,060.0","25,060.0","25,060.0","25,060.0",,0.00%,,,,,,,,,,
2025,01,24,2754.64,2785.94,2753.49,2771.48,87370.0,"1,265.05","1,259.26","1,265.38","1,258.46",536.20M,0.43%,"25,060.0","25,130.0","25,142.5","25,025.0",,-0.08%,,,,,,,,,,
2025,01,23,2756.17,2758.92,2735.58,2754.52,85621.0,"1,259.63","1,245.59","1,263.59","1,244.77",542.47M,1.38%,"25,080.0","25,050.0","25,157.5","25,005.0",,0.12%,20430.0,,20190.0,,,20110.0,,20590.0,21140.0,
2025,01,22,2745.17,2763.45,2741.1,2756.18,84738.0,"1,242.53","1,246.09","1,249.14","1,242.53",508.86M,-0.29%,"25,050.0","25,255.0","25,270.0","25,075.0",,-0.83%,,,,,,,,,,
2025,01,21,2708.28,2746.02,2702.81,2744.69,92790.0,"1,246.09","1,249.55","1,254.17","1,243.08",495.63M,-0.28%,"25,260.0","25,295.0","25,315.0","25,245.0",,-0.22%,,,,,,,,,,
2025,01,20,2703.09,2713.76,2689.26,2706.7,69969.0,"1,249.55","1,249.11","1,253.02","1,247.50",440.95M,0.04%,"25,315.0","25,330.0","25,380.5","25,280.0",,0.00%,,,,,,,,,,
2025,01,17,2714.44,2717.38,2698.47,2702.92,80490.0,"1,249.11","1,242.36","1,249.11","1,239.63",432.98M,0.54%,"25,315.0","25,355.0","25,385.0","25,318.5",,-0.22%,,,,,,,,,,
2025,01,16,2695.01,2724.76,2690.03,2714.26,86394.0,"1,242.36","1,236.18","1,245.40","1,235.56",499.94M,0.50%,"25,370.0","25,387.5","25,388.5","25,372.5",,-0.02%,19980.0,,19780.0,,,19700.0,,20750.0,21220.0,
2025,01,15,2678.38,2697.55,2669.39,2696.28,81616.0,"1,236.18","1,229.07","1,237.46","1,229.07",466.70M,0.58%,"25,375.0","25,385.0","25,394.0","25,382.0",,-0.02%,,,,,,,,,,
2025,01,14,2663.55,2678.38,2659.86,2677.37,88452.0,"1,229.07","1,235.65","1,235.65","1,226.70",374.58M,-0.53%,"25,380.0","25,395.0","25,400.0","25,375.0",,-0.04%,,,,,,,,,,
2025,01,13,2690.19,2693.27,2656.84,2662.98,93434.0,"1,235.65","1,230.48","1,235.65","1,220.87",519.70M,0.42%,"25,390.0","25,375.0","25,433.5","25,370.0",,0.12%,,,,,,,,,,
2025,01,10,2670.34,2698.01,2663.96,2688.96,89266.0,"1,230.48","1,245.77","1,247.80","1,230.48",499.27M,-1.23%,"25,360.0","25,382.5","25,385.0","25,367.5",,-0.06%,,,,,,,,,,
2025,01,09,2661.31,2678.23,2655.51,2670.34,67495.0,"1,245.77","1,251.02","1,253.26","1,242.90",336.33K,-0.42%,"25,375.0","25,382.5","25,389.0","25,375.0",,0.02%,19510.0,,19240.0,,,19240.0,,20430.0,21010.0,
2025,01,08,2648.45,2670.0,2645.25,2661.44,80604.0,"1,251.02","1,246.95","1,251.02","1,239.67",445.75K,0.33%,"25,370.0","25,385.0","25,395.0","25,376.0",,0.04%,,,,,,,,,,
2025,01,07,2636.09,2664.33,2632.98,2648.42,70702.0,"1,246.95","1,249.19","1,254.09","1,243.06",560.06K,0.05%,"25,360.0","25,390.5","25,422.5","25,362.5",,-0.04%,,,,,,,,,,
2025,01,06,2641.45,2649.45,2614.45,2635.77,83848.0,"1,246.35","1,254.59","1,260.37","1,244.87",565.15K,-0.66%,"25,370.0","25,390.0","25,455.0","25,375.0",,-0.12%,,,,,,,,,,
2025,01,03,2658.34,2665.15,2636.51,2639.98,74593.0,"1,254.59","1,268.74","1,269.01","1,254.59",560.47K,-1.19%,"25,400.0","25,460.0","25,462.5","25,422.5",,-0.20%,,,,,,,,,,
2025,01,02,2624.48,2660.46,2621.48,2657.98,83419.0,"1,269.71","1,266.78","1,271.13","1,263.25",428.14K,0.23%,"25,450.0","25,460.0","25,485.0","25,446.5",,-0.12%,19010.0,,18750.0,,,18830.0,,20050.0,20740.0,
2025,01,01,,,,,,,,,,,,"25,480.0","25,480.0","25,480.0","25,480.0",,0.00%,,,,,,,,,,
2024,12,31,2605.71,2627.58,2602.59,2624.61,69268.0,"1,266.78","1,272.25","1,272.46","1,266.78",480.54K,-0.41%,"25,480.0","25,495.0","25,512.5","25,446.5",,0.02%,,,,,,,,,,
2024,12,30,2621.03,2628.13,2596.09,2605.96,69847.0,"1,272.02","1,275.14","1,275.14","1,268.77",527.66K,-0.24%,"25,476.0","25,446.5","25,485.5","25,444.0",,0.12%,,,,,,,,,,
2024,12,27,2635.7,2638.34,2611.69,2621.54,69633.0,"1,275.14","1,272.87","1,277.89","1,272.23",670.32K,0.18%,"25,445.0","25,445.0","25,456.5","25,425.0",,0.08%,,,,,,,,,,
2024,12,26,2616.14,2639.14,2614.12,2633.53,63754.0,"1,272.87","1,275.68","1,277.17","1,271.99",595.22K,-0.09%,"25,425.0","25,420.0","25,451.0","25,420.0",,0.02%,18840.0,,18630.0,,,18700.0,,19810.0,20540.0,
2024,12,25,,,,,,"1,274.04","1,260.81","1,283.09","1,260.81",810.46K,1.09%,"25,420.0","25,437.5","25,455.0","25,415.0",,-0.02%,,,,,,,,,,
2024,12,24,2613.12,2621.46,2610.02,2616.59,56605.0,"1,260.36","1,262.76","1,263.17","1,253.78",643.16K,-0.19%,"25,425.0","25,450.0","25,465.0","25,432.5",,-0.06%,,,,,,,,,,
2024,12,23,2620.78,2633.22,2608.13,2612.77,77618.0,"1,262.76","1,257.50","1,265.20","1,257.50",494.70K,0.42%,"25,440.0","25,440.0","25,465.0","25,425.5",,-0.02%,,,,,,,,,,
2024,12,20,2594.75,2631.82,2589.69,2623.03,84572.0,"1,257.50","1,254.67","1,259.00","1,253.90",568.92K,0.23%,"25,445.0","25,465.0","25,467.5","25,450.0",,-0.02%,,,,,,,,,,
2024,12,19,2585.48,2626.42,2582.92,2594.39,90171.0,"1,254.67","1,256.90","1,259.76","1,249.39",779.41K,-0.89%,"25,450.0","25,465.0","25,469.0","25,450.0",,0.02%,18980.0,,18730.0,,,18960.0,,20240.0,21000.0,
2024,12,18,2646.32,2651.7,2583.62,2585.31,82407.0,"1,266.00","1,261.72","1,266.53","1,261.49",531.46K,0.34%,"25,445.0","25,445.0","25,457.5","25,395.0",,0.06%,,,,,,,,,,
2024,12,17,2652.65,2658.57,2633.03,2646.4,82723.0,"1,261.72","1,263.79","1,265.45","1,260.60",502.25K,-0.16%,"25,430.0","25,392.5","25,440.0","25,346.5",,0.18%,,,,,,,,,,
2024,12,16,2650.72,2664.23,2643.52,2652.62,74306.0,"1,263.79","1,262.57","1,267.10","1,258.65",538.93K,0.10%,"25,385.0","25,390.0","25,405.0","25,346.5",,-0.06%,,,,,,,,,,
2024,12,13,2681.0,2692.77,2645.68,2648.8,96541.0,"1,262.57","1,267.35","1,267.35","1,260.48",478.79K,-0.38%,"25,400.0","25,404.5","25,410.0","25,385.0",,0.02%,,,,,,,,,,
2024,12,12,2717.58,2726.15,2675.03,2680.55,97260.0,"1,267.35","1,268.86","1,275.64","1,265.99",554.12K,-0.12%,"25,394.0","25,367.5","25,399.0","25,360.0",,0.06%,18440.0,,18250.0,,,18560.0,,19860.0,20590.0,
2024,12,11,2693.98,2721.07,2674.85,2717.95,100382.0,"1,268.86","1,273.23","1,276.67","1,264.15",627.53K,-0.25%,"25,380.0","25,360.0","25,390.0","25,346.5",,0.08%,,,,,,,,,,
2024,12,10,2660.85,2695.46,2657.93,2693.8,92398.0,"1,272.07","1,273.84","1,277.32","1,270.32",631.45K,-0.14%,"25,360.0","25,380.0","25,382.5","25,365.0",,-0.04%,,,,,,,,,,
2024,12,09,2643.88,2676.32,2627.57,2660.18,98808.0,"1,273.84","1,270.14","1,277.69","1,268.69",761.00K,0.29%,"25,370.0","25,373.5","25,395.0","25,365.0",,-0.02%,,,,,,,,,,
2024,12,06,2631.76,2645.6,2612.32,2632.67,91127.0,"1,270.14","1,270.96","1,276.10","1,268.58",694.79K,0.21%,"25,375.0","25,395.0","25,396.5","25,366.5",,-0.02%,,,,,,,,,,
2024,12,05,2649.6,2655.54,2623.52,2631.66,87579.0,"1,267.53","1,241.81","1,269.18","1,238.49",908.39K,2.19%,"25,380.0","25,410.0","25,414.0","25,346.5",,-0.08%,18570.0,,18380.0,,,18810.0,,19860.0,20560.0,
2024,12,04,2643.29,2656.99,2632.31,2649.88,93798.0,"1,240.41","1,249.83","1,249.83","1,239.82",575.02K,-0.75%,"25,400.0","25,405.0","25,412.5","25,365.0",,0.02%,,,,,,,,,,
2024,12,03,2639.23,2655.56,2634.11,2643.5,91928.0,"1,249.83","1,251.21","1,253.83","1,244.91",673.40K,-0.11%,"25,395.0","25,400.0","25,408.0","25,346.5",,0.08%,,,,,,,,,,
2024,12,02,2652.01,2652.69,2621.86,2638.62,103110.0,"1,251.21","1,250.46","1,258.05","1,247.74",497.42K,0.06%,"25,374.0","25,367.5","25,392.5","25,340.0",,0.12%,,,,,,,,,,
2024,11,29,2637.58,2666.37,2634.03,2650.33,86260.0,"1,250.46","1,242.51","1,250.92","1,241.00",502.81K,0.67%,"25,344.0","25,340.0","25,405.0","25,340.0",,-0.06%,,,,,,,,,,
2024,11,28,2637.8,2649.57,2620.92,2637.07,64090.0,"1,242.11","1,246.37","1,250.46","1,240.91",477.49K,0.01%,"25,358.0","25,355.0","25,407.5","25,327.5",,-0.07%,18930.0,,18770.0,,,19140.0,,19840.0,20850.0,
2024,11,27,2630.47,2658.2,2627.0,2635.95,89383.0,"1,241.97","1,242.13","1,245.34","1,239.23",428.81K,-0.01%,"25,375.0","25,405.0","25,417.5","25,385.0",,-0.12%,,,,,,,,,,
2024,11,26,2625.01,2641.9,2604.86,2633.02,100386.0,"1,242.13","1,234.70","1,246.83","1,234.70",575.10K,0.60%,"25,405.0","25,425.0","25,425.0","25,405.0",,-0.02%,,,,,,,,,,
2024,11,25,2692.25,2721.31,2615.6,2625.46,105609.0,"1,234.70","1,228.10","1,236.57","1,228.10",497.81K,0.54%,"25,410.0","25,415.0","25,425.0","25,388.5",,-0.03%,,,,,,,,,,
2024,11,22,2669.66,2715.5,2668.21,2715.34,102746.0,"1,228.10","1,228.33","1,233.42","1,226.33",534.44K,-0.02%,"25,417.0","25,422.5","25,432.5","25,415.0",,0.01%,,,,,,,,,,
2024,11,21,2649.8,2673.47,2648.63,2669.41,94033.0,"1,228.33","1,216.54","1,228.55","1,214.06",482.15K,0.97%,"25,415.0","25,425.0","25,434.0","25,403.5",,0.00%,18610.0,,18500.0,,,18920.0,,19340.0,20520.0,
2024,11,20,2632.0,2655.35,2618.91,2650.08,94155.0,"1,216.54","1,205.15","1,222.73","1,197.99",767.53K,0.95%,"25,415.0","25,400.0","25,425.0","25,395.0",,0.08%,,,,,,,,,,
2024,11,19,2611.74,2639.4,2610.23,2632.11,96397.0,"1,205.15","1,217.12","1,221.40","1,205.15",511.89K,-0.98%,"25,395.0","25,395.0","25,417.5","25,375.0",,-0.04%,,,,,,,,,,
2024,11,18,2564.94,2615.02,2564.79,2611.72,97519.0,"1,217.12","1,218.57","1,225.38","1,204.60",646.15K,-0.12%,"25,405.0","25,385.0","25,417.5","25,342.5",,0.10%,,,,,,,,,,
2024,11,15,2565.12,2576.05,2554.58,2561.78,100256.0,"1,218.57","1,229.36","1,229.59","1,217.03",750.57K,-1.08%,"25,380.0","25,385.0","25,397.5","25,375.0",,-0.04%,,,,,,,,,,
2024,11,14,2574.82,2581.29,2536.77,2564.53,109662.0,"1,231.89","1,246.04","1,247.07","1,231.69",692.59K,-1.14%,"25,390.0","25,375.0","25,405.0","25,335.0",,0.24%,18660.0,,18570.0,,,18980.0,,19450.0,20600.0,
2024,11,13,2598.53,2618.81,2572.65,2572.7,97489.0,"1,246.04","1,244.82","1,247.04","1,234.62",660.55K,0.10%,"25,330.0","25,350.0","25,363.5","25,295.0",,-0.04%,,,,,,,,,,
2024,11,12,2619.5,2627.13,2589.81,2597.98,101759.0,"1,244.82","1,250.32","1,257.02","1,242.91",600.65K,-0.44%,"25,340.0","25,355.0","25,357.5","25,303.5",,0.12%,,,,,,,,,,
2024,11,11,2682.96,2686.22,2610.59,2619.3,96185.0,"1,250.32","1,253.81","1,253.87","1,241.29",796.48K,-0.18%,"25,310.0","25,285.0","25,332.5","25,255.0",,0.20%,,,,,,,,,,
2024,11,08,2705.81,2710.35,2680.35,2684.15,97232.0,"1,252.56","1,259.75","1,264.09","1,250.77",555.50K,-0.57%,"25,260.0","25,305.0","25,315.0","25,275.0",,-0.36%,,,,,,,,,,
2024,11,07,2659.18,2710.27,2643.33,2706.24,104394.0,"1,259.75","1,261.28","1,267.09","1,259.75",499.26K,-0.12%,"25,350.0","25,415.0","25,420.0","25,365.0",,-0.08%,19120.0,,18910.0,,,19290.0,,19740.0,20850.0,
2024,11,06,2743.32,2749.69,2652.44,2658.94,119755.0,"1,261.28","1,251.22","1,262.44","1,250.57",566.91K,1.25%,"25,370.0","25,380.0","25,417.5","25,355.0",,0.16%,,,,,,,,,,
2024,11,05,2736.84,2749.88,2724.71,2743.72,89174.0,"1,245.76","1,244.71","1,248.97","1,243.55",416.47K,0.08%,"25,330.0","25,322.5","25,365.0","25,290.0",,0.08%,,,,,,,,,,
2024,11,04,2738.13,2748.16,2730.55,2736.46,96948.0,"1,244.71","1,254.89","1,256.96","1,242.36",709.67K,-0.81%,"25,310.0","25,280.0","25,335.0","25,267.5",,0.12%,,,,,,,,,,
2024,11,01,2743.91,2762.26,2733.17,2735.84,95509.0,"1,254.89","1,264.48","1,264.67","1,254.33",580.51K,-0.76%,"25,280.0","25,280.0","25,345.0","25,260.0",,0.04%,,,,,,,,,,
2024,10,31,2787.85,2790.09,2731.64,2743.77,91037.0,"1,264.48","1,258.63","1,267.88","1,255.55",614.27K,0.46%,"25,270.0","25,330.0","25,350.0","25,275.0",,-0.04%,18360.0,,18140.0,,,18830.0,,19400.0,20500.0,
2024,10,30,2774.11,2790.05,2770.87,2787.21,92262.0,"1,258.63","1,261.78","1,264.84","1,255.07",536.85K,-0.25%,"25,280.0","25,345.0","25,405.0","25,290.0",,-0.06%,,,,,,,,,,
2024,10,29,2741.97,2774.75,2739.8,2774.44,92516.0,"1,261.78","1,258.03","1,262.38","1,257.43",875.05K,0.56%,"25,295.0","25,355.0","25,355.0","25,278.5",,-0.20%,,,,,,,,,,
2024,10,28,2732.7,2745.92,2724.72,2742.24,87422.0,"1,254.77","1,252.72","1,255.18","1,250.94",482.69K,0.16%,"25,345.0","25,400.0","25,435.0","25,350.0",,-0.04%,,,,,,,,,,
2024,10,25,2735.83,2747.55,2717.02,2747.39,84877.0,"1,252.72","1,257.41","1,261.72","1,251.75",569.10K,-0.37%,"25,355.0","25,412.5","25,430.0","25,370.0",,-0.12%,,,,,,,,,,
2024,10,24,2715.39,2743.19,2715.09,2735.84,90227.0,"1,257.41","1,271.17","1,274.11","1,257.41",673.14K,-1.06%,"25,385.0","25,394.0","25,455.0","25,385.0",,-0.06%,18310.0,,18050.0,,,18570.0,,19690.0,20890.0,
2024,10,23,2748.27,2758.47,2708.78,2715.57,92031.0,"1,270.90","1,270.58","1,273.21","1,263.26",589.86K,0.08%,"25,400.0","25,415.0","25,432.5","25,375.0",,0.04%,,,,,,,,,,
2024,10,22,2719.49,2748.86,2718.93,2748.81,87044.0,"1,269.89","1,280.21","1,280.21","1,265.44",793.92K,-0.77%,"25,390.0","25,390.0","25,405.0","25,360.0",,0.42%,,,,,,,,,,
2024,10,21,2720.16,2740.56,2714.27,2719.5,94372.0,"1,279.77","1,284.17","1,287.71","1,279.77",622.81K,-0.44%,"25,285.0","25,165.0","25,305.0","25,165.0",,0.54%,,,,,,,,,,
2024,10,18,2692.69,2722.6,2691.82,2721.91,87565.0,"1,285.46","1,291.16","1,294.10","1,285.46",689.07K,-0.08%,"25,150.0","25,225.0","25,275.0","25,165.0",,-0.12%,,,,,,,,,,
2024,10,17,2673.91,2696.74,2673.15,2692.83,87494.0,"1,286.52","1,279.48","1,286.52","1,271.82",685.24K,0.55%,"25,180.0","25,030.0","25,207.5","25,030.0",,0.84%,18570.0,,18320.0,,,18620.0,,19730.0,20960.0,
2024,10,16,2662.43,2685.24,2658.73,2673.64,81811.0,"1,279.48","1,279.86","1,283.33","1,276.40",536.68K,-0.12%,"24,970.0","24,975.0","25,010.0","24,895.0",,0.18%,,,,,,,,,,
2024,10,15,2648.48,2668.96,2638.33,2662.64,85041.0,"1,281.08","1,287.81","1,294.05","1,279.81",712.09K,-0.41%,"24,925.0","24,865.0","24,959.0","24,835.0",,0.34%,,,,,,,,,,
2024,10,14,2655.69,2666.77,2643.17,2648.52,79898.0,"1,286.34","1,288.39","1,297.67","1,286.13",795.71K,-0.16%,"24,840.0","24,817.0","24,852.5","24,805.0",,0.14%,,,,,,,,,,
2024,10,11,2629.75,2661.4,2628.02,2656.38,80192.0,"1,288.39","1,286.36","1,289.37","1,283.56",531.74K,0.16%,"24,805.0","24,840.0","24,855.5","24,805.0",,-0.10%,,,,,,,,,,
2024,10,10,2607.68,2631.52,2605.89,2630.05,87430.0,"1,286.36","1,281.85","1,294.33","1,281.85",720.09K,0.35%,"24,830.0","24,870.0","24,870.0","24,825.0",,0.00%,18600.0,,18500.0,,,18790.0,,19840.0,21060.0,
2024,10,09,2621.6,2624.34,2605.21,2607.68,87211.0,"1,281.85","1,273.96","1,283.01","1,273.04",676.89K,0.78%,"24,830.0","24,837.5","24,847.5","24,820.0",,-0.02%,,,,,,,,,,
2024,10,08,2644.69,2652.96,2604.77,2621.85,98279.0,"1,271.98","1,269.93","1,275.82","1,266.94",678.71K,0.16%,"24,835.0","24,845.0","24,855.0","24,831.5",,-0.02%,,,,,,,,,,
2024,10,07,2649.56,2659.61,2637.74,2642.51,85860.0,"1,269.93","1,270.60","1,278.61","1,264.65",542.59K,-0.05%,"24,840.0","24,855.0","24,860.0","24,837.5",,0.34%,,,,,,,,,,
2024,10,04,2656.25,2670.15,2631.91,2653.57,129072.0,"1,270.60","1,278.90","1,279.33","1,270.60",610.07K,-0.59%,"24,755.0","24,770.0","24,772.5","24,720.0",,0.04%,,,,,,,,,,
2024,10,03,2658.51,2662.79,2636.9,2656.01,186642.0,"1,278.10","1,287.84","1,299.36","1,276.51",1.04M,-0.76%,"24,745.0","24,710.0","24,762.5","24,640.0",,0.38%,17510.0,,17400.0,,,17510.0,,18850.0,19800.0,
2024,10,02,2663.25,2663.26,2641.02,2658.67,167809.0,"1,287.84","1,292.20","1,293.69","1,285.14",771.12K,-0.34%,"24,652.0","24,630.0","24,675.0","24,591.0",,0.23%,,,,,,,,,,
2024,10,01,2634.35,2673.04,2632.13,2663.37,178322.0,"1,292.20","1,287.94","1,302.22","1,287.94",982.29K,0.33%,"24,595.0","24,575.0","24,615.0","24,552.5",,0.16%,,,,,,,,,,
2024,09,30,2658.25,2665.9,2624.59,2634.53,207306.0,"1,287.94","1,290.92","1,292.03","1,283.92",748.40K,-0.23%,"24,555.0","24,580.0","24,615.0","24,545.0",,-0.14%,,,,,,,,,,
2024,09,27,2672.24,2674.2,2643.04,2659.81,216031.0,"1,290.92","1,295.03","1,300.31","1,287.21",950.80K,-0.04%,"24,590.0","24,620.0","24,630.0","24,585.0",,-0.10%,,,,,,,,,,
2024,09,26,2656.47,2685.44,2654.7,2672.23,204851.0,"1,291.49","1,290.03","1,298.71","1,289.15",956.80K,0.31%,"24,615.0","24,625.0","24,640.0","24,552.5",,0.14%,17850.0,,17500.0,,,17870.0,,19620.0,20510.0,
2024,09,25,2657.43,2670.39,2649.61,2657.02,189847.0,"1,287.48","1,276.99","1,288.44","1,276.99",992.83K,0.82%,"24,580.0","24,545.0","24,605.5","24,536.0",,-0.04%,,,,,,,,,,
2024,09,24,2628.64,2664.24,2622.56,2656.99,203370.0,"1,276.99","1,268.48","1,276.99","1,266.68",817.54K,0.67%,"24,590.0","24,655.0","24,655.0","24,585.0",,-0.10%,,,,,,,,,,
2024,09,23,2619.54,2634.74,2613.78,2628.39,170980.0,"1,268.48","1,275.15","1,276.99","1,267.87",564.22K,-0.28%,"24,615.0","24,620.0","24,655.0","24,533.0",,0.10%,,,,,,,,,,
2024,09,20,2586.85,2625.65,2584.71,2622.26,192171.0,"1,272.04","1,271.27","1,283.30","1,271.27",898.26K,0.06%,"24,590.0","24,570.0","24,635.0","24,528.0",,0.10%,,,,,,,,,,
2024,09,19,2558.73,2594.76,2550.94,2586.61,212431.0,"1,271.27","1,264.90","1,271.27","1,264.82",607.58K,0.50%,"24,565.0","24,640.0","24,675.0","24,575.0",,-0.14%,,,17040.0,,,17550.0,,18940.0,19760.0,
2024,09,18,2569.64,2600.04,2546.71,2559.27,196306.0,"1,264.90","1,258.95","1,271.77","1,257.93",799.78K,0.47%,"24,600.0","24,655.0","24,687.5","24,611.5",,-0.08%,,,,,,,,,,
2024,09,17,2582.09,2586.82,2560.69,2569.45,168290.0,"1,258.95","1,239.26","1,258.95","1,238.69",632.20K,1.59%,"24,620.0","24,582.0","24,635.0","24,557.5",,0.37%,,,,,,,,,,
2024,09,16,2579.39,2589.56,2575.17,2582.42,149290.0,"1,239.26","1,251.71","1,255.42","1,239.26",608.01K,-0.99%,"24,530.0","24,545.0","24,618.0","24,540.0",,0.00%,,,,,,,,,,
2024,09,13,2558.54,2585.92,2556.61,2578.38,191691.0,"1,251.71","1,256.35","1,256.35","1,248.78",482.06K,-0.37%,"24,530.0","24,585.0","24,598.0","24,520.0",,-0.18%,,,,,,,,,,
2024,09,12,2511.97,2559.98,2510.9,2558.6,187663.0,"1,256.35","1,253.27","1,260.93","1,253.27",433.68K,0.25%,"24,575.0","24,585.0","24,605.0","24,527.5",,0.10%,,,17160.0,,,17790.0,,18890.0,19630.0,
2024,09,11,2516.55,2528.93,2500.85,2511.35,192814.0,"1,253.27","1,255.23","1,256.86","1,244.79",583.75K,-0.16%,"24,550.0","24,650.0","24,665.0","24,535.0",,-0.45%,,,,,,,,,,
2024,09,10,2506.19,2518.32,2500.02,2516.54,162060.0,"1,255.23","1,267.73","1,271.83","1,252.22",690.10K,-0.99%,"24,660.0","24,700.0","24,705.0","24,620.0",,-0.08%,,,,,,,,,,
2024,09,09,2497.09,2507.04,2485.44,2506.22,175640.0,"1,267.73","1,273.96","1,273.96","1,262.97",497.55K,-0.49%,"24,680.0","24,635.0","24,695.0","24,608.5",,0.33%,,,,,,,,,,
2024,09,06,2516.84,2529.08,2485.02,2497.61,194614.0,"1,273.96","1,268.21","1,274.44","1,262.94",637.09K,0.45%,"24,600.0","24,665.0","24,712.5","24,590.0",,-0.53%,,,,,,,,,,
2024,09,05,2495.24,2523.31,2493.72,2516.63,171151.0,"1,268.21","1,275.80","1,282.21","1,266.05",665.63K,-0.59%,"24,730.0","24,840.0","24,840.0","24,735.0",,-0.49%,,,18090.0,,,18720.0,,19970.0,20820.0,
2024,09,04,2493.05,2500.15,2471.77,2495.44,173118.0,"1,275.80","1,283.87","1,283.87","1,268.43",648.41K,-0.63%,"24,852.0","24,885.0","24,897.5","24,850.0",,-0.03%,,,,,,,,,,
2024,09,03,2499.89,2506.18,2473.39,2492.86,185141.0,,,,,,,"24,860.0","24,860.0","24,860.0","24,860.0",,0.00%,,,,,,,,,,
2024,09,02,2502.34,2507.18,2489.94,2499.46,110467.0,,,,,,,"24,860.0","24,860.0","24,860.0","24,860.0",,0.00%,,,,,,,,,,
2024,08,30,2521.13,2526.75,2494.06,2503.35,174801.0,"1,283.87","1,281.47","1,286.84","1,281.47",571.60K,0.19%,"24,860.0","24,895.0","24,900.0","24,865.5",,-0.04%,,,,,,,,,,
2024,08,29,2504.55,2528.6,2503.55,2521.09,173193.0,"1,281.47","1,281.44","1,288.20","1,280.24",634.09K,0.00%,"24,870.0","24,895.0","24,905.0","24,825.0",,0.06%,,,18470.0,,,19060.0,,20330.0,21100.0,
2024,08,28,2524.56,2528.9,2493.55,2504.67,167110.0,"1,281.44","1,280.56","1,285.72","1,276.90",717.62K,0.07%,"24,855.0","24,825.0","24,890.0","24,819.0",,0.14%,,,,,,,,,,
2024,08,27,2518.06,2525.84,2503.45,2524.59,166644.0,"1,280.56","1,280.02","1,282.92","1,274.70",660.80K,0.04%,"24,820.0","24,852.5","24,867.0","24,810.0",,-0.16%,,,,,,,,,,
2024,08,26,2511.56,2526.7,2508.63,2517.91,172547.0,"1,280.02","1,285.32","1,290.45","1,278.72",775.47K,-0.41%,"24,860.0","24,890.0","24,948.0","24,855.0",,-0.42%,,,,,,,,,,
2024,08,23,2484.81,2518.23,2484.33,2511.93,178967.0,"1,285.32","1,282.78","1,287.43","1,276.43",724.87K,0.20%,"24,965.0","24,933.0","25,017.5","24,933.0",,0.02%,,,,,,,,,,
2024,08,22,2511.93,2514.56,2470.73,2484.73,182512.0,"1,282.78","1,284.05","1,288.42","1,280.42",687.37K,-0.10%,"24,960.0","24,935.0","24,975.0","24,905.0",,0.12%,,,18770.0,,,19140.0,,20420.0,21310.0,
2024,08,21,2513.79,2519.84,2493.81,2512.3,178292.0,"1,284.05","1,272.55","1,284.05","1,268.91",836.42K,0.90%,"24,930.0","24,915.0","24,945.0","24,902.5",,0.06%,,,,,,,,,,
2024,08,20,2503.42,2531.53,2497.23,2514.01,177578.0,"1,272.55","1,261.62","1,275.95","1,261.62",810.16K,0.87%,"24,915.0","24,915.0","24,968.5","24,917.5",,-0.18%,,,,,,,,,,
2024,08,19,2508.41,2510.06,2485.54,2504.23,183561.0,"1,261.62","1,252.23","1,263.84","1,252.23",698.63K,0.75%,"24,960.0","25,069.0","25,069.0","24,970.0",,-0.36%,,,,,,,,,,
2024,08,16,2455.96,2509.61,2450.64,2507.46,180403.0,"1,252.23","1,223.56","1,253.24","1,223.56",965.06K,2.34%,"25,050.0","25,070.0","25,086.0","25,035.0",,0.06%,,,,,,,,,,
2024,08,15,2447.5,2469.95,2432.09,2456.24,176316.0,"1,223.56","1,230.36","1,231.69","1,222.28",497.06K,-0.55%,"25,035.0","25,040.0","25,095.0","25,027.5",,0.06%,,,19230.0,,,19570.0,,20880.0,21850.0,
2024,08,14,2465.65,2479.7,2437.98,2447.92,187574.0,"1,230.36","1,230.42","1,236.51","1,228.93",507.18K,0.00%,"25,020.0","25,083.5","25,125.0","25,035.0",,-0.38%,,,,,,,,,,
2024,08,13,2471.08,2476.82,2458.4,2464.98,166903.0,"1,230.42","1,229.81","1,231.55","1,223.01",539.12K,0.01%,"25,115.0","25,130.0","25,132.5","25,085.0",,-0.02%,,,,,,,,,,
2024,08,12,2429.26,2473.16,2423.75,2472.03,154564.0,"1,230.28","1,223.64","1,231.46","1,221.16",551.15K,0.54%,"25,120.0","25,127.5","25,132.5","25,075.0",,0.12%,,,,,,,,,,
2024,08,09,2427.07,2436.93,2416.78,2431.07,176072.0,"1,223.64","1,208.32","1,225.02","1,208.32",586.76K,1.27%,"25,090.0","25,155.0","25,160.0","25,102.5",,-0.18%,,,,,,,,,,
2024,08,08,2381.01,2427.53,2380.95,2427.18,214274.0,"1,208.32","1,215.88","1,219.97","1,202.58",758.83K,-0.62%,"25,135.0","25,160.0","25,162.5","25,105.0",,-0.08%,,,19140.0,,,19140.0,,20710.0,21670.0,
2024,08,07,2391.58,2406.9,2378.94,2383.06,211353.0,"1,215.88","1,210.28","1,217.79","1,205.11",623.85K,0.46%,"25,155.0","25,155.0","25,179.0","25,105.0",,0.10%,,,,,,,,,,
2024,08,06,2410.23,2418.23,2381.48,2389.85,248749.0,"1,210.28","1,188.07","1,213.35","1,186.74",688.84K,1.87%,"25,130.0","25,122.5","25,150.0","25,100.0",,0.20%,,,,,,,,,,
2024,08,05,2444.61,2458.65,2364.06,2409.96,303106.0,"1,188.07","1,236.60","1,236.60","1,184.53",1.04M,-3.92%,"25,080.0","25,110.0","25,125.0","25,075.0",,-0.50%,,,,,,,,,,
2024,08,02,2446.24,2477.61,2410.72,2441.38,238833.0,"1,236.60","1,226.96","1,236.60","1,209.77",696.66K,0.79%,"25,205.0","25,225.0","25,280.0","25,192.5",,-0.04%,,,,,,,,,,
2024,08,01,2448.53,2462.17,2430.12,2446.3,227718.0,"1,226.96","1,251.51","1,257.85","1,222.51",897.26K,-1.96%,"25,215.0","25,215.0","25,252.5","25,190.0",,-0.08%,,,19870.0,,,20090.0,,21610.0,22600.0,
2024,07,31,2410.98,2450.8,2403.76,2447.24,211323.0,"1,251.51","1,245.06","1,255.77","1,245.06",748.85K,0.52%,"25,235.0","25,285.0","25,330.0","25,235.0",,-0.16%,,,,,,,,,,
2024,07,30,2383.83,2412.64,2376.36,2410.92,174873.0,"1,245.06","1,246.60","1,248.73","1,236.97",653.07K,-0.12%,"25,275.0","25,290.0","25,305.0","25,267.0",,0.00%,,,,,,,,,,
2024,07,29,2388.7,2403.05,2369.54,2383.5,179262.0,"1,246.60","1,242.11","1,249.68","1,242.11",496.87K,0.36%,"25,275.0","25,315.0","25,332.5","25,280.0",,-0.10%,,,,,,,,,,
2024,07,26,2364.05,2390.68,2355.7,2387.34,182598.0,"1,242.11","1,233.19","1,242.11","1,233.19",458.79K,0.72%,"25,300.0","25,335.0","25,339.0","25,294.5",,0.06%,,,,,,,,,,
2024,07,25,2397.05,2401.11,2352.97,2364.49,241295.0,"1,233.19","1,238.47","1,238.47","1,226.20",484.41K,-0.43%,"25,285.0","25,350.0","25,377.5","25,295.0",,-0.26%,,,20190.0,,,20320.0,,21900.0,22880.0,
2024,07,24,2408.65,2431.9,2396.72,2397.23,179458.0,"1,238.47","1,231.81","1,242.40","1,218.65",740.26K,0.54%,"25,350.0","25,367.5","25,411.5","25,330.0",,-0.02%,,,,,,,,,,
2024,07,23,2396.71,2411.91,2388.17,2409.62,168714.0,"1,231.81","1,254.64","1,258.74","1,231.81",728.38K,-1.82%,"25,355.0","25,355.0","25,365.0","25,347.5",,0.12%,,,,,,,,,,
2024,07,22,2401.79,2412.04,2383.71,2396.35,167639.0,"1,254.64","1,264.78","1,267.43","1,245.02",923.63K,-0.80%,"25,325.0","25,335.0","25,342.5","25,322.5",,0.04%,,,,,,,,,,
2024,07,19,2445.65,2445.67,2393.71,2400.3,185614.0,"1,264.78","1,274.44","1,279.94","1,260.68",791.80K,-0.76%,"25,315.0","25,330.0","25,373.5","25,290.0",,0.02%,,,,,,,,,,
2024,07,18,2458.51,2474.8,2440.23,2445.08,181426.0,"1,274.44","1,268.66","1,274.67","1,256.21",739.04K,0.46%,"25,310.0","25,305.0","25,375.0","25,273.0",,-0.02%,,,20500.0,,,20660.0,,22170.0,23170.0,
2024,07,17,2468.66,2483.54,2451.36,2458.66,172836.0,"1,268.66","1,281.18","1,290.76","1,256.42",1.23M,-0.98%,"25,315.0","25,380.0","25,380.0","25,322.5",,-0.24%,,,,,,,,,,
2024,07,16,2422.14,2469.65,2420.01,2468.69,85927.0,"1,281.18","1,279.82","1,291.47","1,279.37",684.26K,0.11%,"25,375.0","25,375.0","25,430.0","25,375.0",,0.06%,,,,,,,,,,
2024,07,15,2411.51,2439.67,2401.32,2422.23,85183.0,"1,279.82","1,280.75","1,286.37","1,276.27",573.51K,-0.07%,"25,360.0","25,415.0","25,422.5","25,370.0",,-0.20%,,,,,,,,,,
2024,07,12,2415.29,2418.17,2391.44,2411.59,81842.0,"1,280.75","1,283.80","1,288.67","1,277.16",606.31K,-0.24%,"25,410.0","25,420.0","25,447.5","25,415.0",,-0.05%,,,,,,,,,,
2024,07,11,2371.03,2424.54,2370.44,2415.3,76342.0,"1,283.80","1,285.94","1,293.32","1,283.80",697.23K,-0.17%,"25,423.0","25,422.5","25,430.0","25,416.5",,0.03%,,,20830.0,,,21030.0,,22280.0,23290.0,
2024,07,10,2364.12,2386.61,2362.19,2371.26,68758.0,"1,285.94","1,293.71","1,297.96","1,285.94",751.00K,-0.60%,"25,415.0","25,420.0","25,447.5","25,414.0",,0.01%,,,,,,,,,,
2024,07,09,2359.35,2371.33,2349.29,2363.73,74775.0,"1,293.71","1,283.56","1,294.15","1,283.56",821.81K,0.79%,"25,413.0","25,415.0","25,452.5","25,413.0",,-0.01%,,,,,,,,,,
2024,07,08,2386.21,2391.13,2351.14,2359.09,76078.0,"1,283.56","1,283.04","1,287.14","1,277.68",766.90K,0.04%,"25,415.0","25,410.0","25,452.5","25,405.0",,0.01%,,,,,,,,,,
2024,07,05,2357.21,2392.91,2352.3,2391.06,78621.0,"1,283.04","1,279.89","1,284.98","1,276.93",616.50K,0.25%,"25,412.0","25,450.0","25,455.5","25,365.0",,-0.15%,,,,,,,,,,
2024,07,04,2356.17,2362.52,2350.64,2356.1,45570.0,"1,279.89","1,276.85","1,283.13","1,274.58",523.46K,0.24%,"25,450.0","25,454.0","25,456.5","25,445.0",,0.00%,,,21170.0,,,21210.0,,22460.0,23550.0,
2024,07,03,2329.55,2364.92,2326.82,2356.07,71327.0,"1,276.85","1,269.79","1,278.14","1,268.23",589.51K,0.56%,"25,450.0","25,447.5","25,456.0","25,444.5",,0.00%,,,,,,,,,,
2024,07,02,2331.75,2336.78,2319.12,2329.35,70178.0,"1,269.79","1,254.56","1,270.47","1,254.56",528.47K,1.21%,"25,450.0","25,447.5","25,457.0","25,447.5",,0.00%,,,,,,,,,,
2024,07,01,2326.9,2338.53,2318.5,2331.72,76003.0,"1,254.56","1,245.32","1,254.56","1,240.07",487.19K,0.74%,"25,450.0","25,450.0","25,458.5","25,443.5",,0.02%,,,,,,,,,,
2024,06,28,2328.03,2339.75,2319.06,2326.4,74181.0,"1,245.32","1,259.09","1,262.61","1,240.15",840.43K,-1.09%,"25,445.0","25,460.0","25,465.0","25,443.0",,-0.04%,,,,,,,,,,
2024,06,27,2298.36,2330.91,2296.54,2327.48,74385.0,"1,259.09","1,261.24","1,262.49","1,255.12",596.99K,-0.17%,"25,455.0","25,470.0","25,470.0","25,457.5",,-0.04%,,,20680.0,,,20610.0,,22010.0,23010.0,
2024,06,26,2319.35,2323.72,2293.67,2298.06,81657.0,"1,261.24","1,256.56","1,262.67","1,247.55",878.37K,0.37%,"25,465.0","25,454.5","25,469.0","25,450.5",,0.04%,,,,,,,,,,
2024,06,25,2334.29,2337.13,2315.54,2319.51,72400.0,"1,256.56","1,254.12","1,260.07","1,250.25",835.30K,0.19%,"25,455.0","25,457.5","25,462.5","25,445.0",,0.00%,,,,,,,,,,
2024,06,24,2321.36,2334.68,2317.73,2334.43,81632.0,"1,254.12","1,282.02","1,284.84","1,252.66",1.25M,-2.18%,"25,455.0","25,453.0","25,458.5","25,450.5",,0.02%,,,,,,,,,,
2024,06,21,2360.71,2368.73,2316.7,2321.42,81924.0,"1,282.02","1,282.30","1,288.06","1,279.44",834.75K,-0.02%,"25,450.0","25,455.0","25,460.0","25,449.0",,0.00%,,,,,,,,,,
2024,06,20,2329.07,2365.46,2327.81,2360.02,77250.0,"1,282.30","1,279.79","1,286.54","1,273.54",932.55K,0.20%,"25,450.0","25,455.0","25,456.5","25,430.0",,0.00%,,,20360.0,,,20350.0,,21500.0,22460.0,
2024,06,19,2329.3,2335.06,2323.92,2327.98,53316.0,"1,279.79","1,279.50","1,284.14","1,270.66",1.00M,0.02%,"25,450.0","25,454.0","25,456.0","25,440.0",,0.02%,,,,,,,,,,
2024,06,18,2319.05,2333.11,2306.64,2329.34,76408.0,"1,279.50","1,274.77","1,286.52","1,274.77",805.29K,0.37%,"25,445.0","25,455.0","25,457.5","25,447.0",,-0.02%,,,,,,,,,,
2024,06,17,2331.47,2332.87,2310.03,2318.96,78647.0,"1,274.77","1,279.91","1,283.10","1,272.54",900.56K,-0.40%,"25,450.0","25,457.5","25,460.0","25,414.0",,0.00%,,,,,,,,,,
2024,06,14,2304.18,2336.59,2301.62,2332.6,82624.0,"1,279.91","1,301.51","1,305.02","1,279.91",1.11M,-1.66%,"25,450.0","25,452.5","25,455.0","25,415.0",,0.06%,,,,,,,,,,
2024,06,13,2324.83,2326.67,2295.67,2303.85,82589.0,"1,301.51","1,305.69","1,306.01","1,297.60",891.33K,0.10%,"25,435.0","25,437.5","25,445.0","25,420.0",,0.00%,,,19640.0,,,19850.0,,21310.0,22230.0,
2024,06,12,2317.07,2341.66,2310.75,2324.88,84926.0,"1,300.19","1,284.41","1,301.35","1,281.71",895.26K,1.23%,"25,435.0","25,442.5","25,451.0","25,415.0",,0.00%,,,,,,,,,,
2024,06,11,2312.03,2319.94,2297.75,2316.73,86222.0,"1,284.41","1,290.67","1,296.41","1,279.47",993.34K,-0.49%,"25,435.0","25,427.5","25,445.0","25,415.0",,0.08%,,,,,,,,,,
2024,06,10,2294.71,2313.84,2287.78,2310.86,75938.0,"1,290.67","1,287.58","1,297.39","1,287.44",858.65K,0.24%,"25,415.0","25,420.0","25,456.0","25,410.0",,0.06%,,,,,,,,,,
2024,06,07,2376.34,2387.69,2286.71,2293.38,99238.0,"1,287.58","1,283.56","1,293.03","1,283.13",698.28K,0.31%,"25,400.0","25,432.5","25,434.0","25,407.5",,-0.08%,,,,,,,,,,
2024,06,06,2356.8,2378.5,2353.44,2375.68,81010.0,"1,283.56","1,288.79","1,292.02","1,278.40",893.07K,-0.06%,"25,420.0","25,425.0","25,432.5","25,404.5",,0.02%,,,19420.0,,,19550.0,,21140.0,21970.0,
2024,06,05,2326.69,2357.41,2325.92,2355.13,80955.0,"1,284.35","1,283.52","1,293.93","1,283.52",925.06K,0.06%,"25,415.0","25,415.0","25,424.0","25,405.0",,0.02%,,,,,,,,,,
2024,06,04,2351.9,2352.83,2315.62,2326.79,87040.0,"1,283.52","1,280.00","1,289.31","1,280.00",935.85K,0.28%,"25,410.0","25,412.5","25,430.5","25,405.0",,-0.09%,,,,,,,,,,
2024,06,03,2328.79,2354.76,2314.77,2350.45,88083.0,"1,280.00","1,261.72","1,284.48","1,261.72",1.05M,1.45%,"25,432.0","25,440.0","25,455.5","25,404.5",,-0.03%,,,,,,,,,,
2024,05,31,2344.26,2359.8,2320.6,2327.46,91884.0,"1,261.72","1,266.32","1,271.07","1,261.43",771.15K,-0.36%,"25,440.0","25,460.0","25,460.5","25,445.0",,-0.04%,,,,,,,,,,
2024,05,30,2337.88,2351.77,2322.74,2342.98,90714.0,"1,266.32","1,272.64","1,272.64","1,251.80",1.05M,-0.50%,"25,450.0","25,458.0","25,460.0","25,450.0",,0.00%,,,19740.0,,17530.0,19930.0,,21750.0,22510.0,
2024,05,29,2360.95,2362.66,2334.61,2338.0,86223.0,"1,272.64","1,281.73","1,285.63","1,271.60",1.07M,-0.71%,"25,450.0","25,457.5","25,460.0","25,447.5",,0.01%,,,,,,,,,,
2024,05,28,2351.47,2364.14,2340.32,2361.13,84124.0,"1,281.73","1,267.68","1,281.73","1,267.68",868.58K,1.11%,"25,448.0","25,472.5","25,473.5","25,445.0",,0.01%,,,,,,,,,,
2024,05,27,2338.09,2358.52,2331.68,2350.08,60652.0,"1,267.68","1,263.46","1,267.68","1,257.27",726.70K,0.46%,"25,445.0","25,450.0","25,475.0","25,448.5",,-0.08%,,,,,,,,,,
2024,05,24,2328.95,2347.37,2325.46,2333.86,79071.0,"1,261.93","1,281.03","1,285.07","1,250.28",1.37M,-1.49%,"25,465.0","25,476.0","25,476.5","25,465.0",,-0.02%,,,,,,,,,,
2024,05,23,2379.66,2383.66,2326.68,2328.55,92448.0,"1,281.03","1,266.91","1,281.03","1,262.29",968.13K,1.11%,"25,469.0","25,467.5","25,470.0","25,445.0",,0.02%,,,19830.0,,,19900.0,,22270.0,23210.0,
2024,05,22,2421.44,2426.59,2375.06,2378.58,94728.0,"1,266.91","1,277.14","1,283.06","1,263.87",1.14M,-0.80%,"25,464.0","25,463.0","25,465.5","25,445.0",,0.01%,,,,,,,,,,
2024,05,21,2426.3,2433.83,2406.43,2420.88,93414.0,"1,277.14","1,277.58","1,281.29","1,267.29",972.16K,-0.03%,"25,461.0","25,458.0","25,462.5","25,430.0",,0.04%,,,,,,,,,,
2024,05,20,2418.33,2450.07,2407.4,2426.22,102705.0,"1,277.58","1,273.11","1,285.19","1,273.11",1.16M,0.35%,"25,452.0","25,456.0","25,457.0","25,444.0",,0.02%,,,,,,,,,,
2024,05,17,2377.11,2422.74,2374.05,2413.84,80348.0,"1,273.11","1,268.78","1,274.27","1,266.32",937.04K,0.34%,"25,448.0","25,453.5","25,453.5","25,437.5",,0.07%,,,,,,,,,,
2024,05,16,2385.6,2397.25,2371.02,2376.72,81190.0,"1,268.78","1,254.39","1,271.66","1,254.39",885.06K,1.15%,"25,431.0","25,430.0","25,456.5","25,400.0",,-0.06%,,,19870.0,,,19900.0,,22110.0,23130.0,
2024,05,15,2358.02,2390.23,2351.84,2385.76,70090.0,"1,254.39","1,243.28","1,257.92","1,243.28",880.17K,0.89%,"25,445.0","25,450.0","25,457.0","25,445.0",,-0.02%,,,,,,,,,,
2024,05,14,2336.13,2359.61,2334.84,2358.0,68341.0,"1,243.28","1,240.18","1,252.52","1,240.18",640.49K,0.25%,"25,450.0","25,457.5","25,460.0","25,445.0",,-0.01%,,,,,,,,,,
2024,05,13,2361.9,2364.42,2332.11,2336.14,67281.0,"1,240.18","1,244.70","1,249.20","1,233.56",741.58K,-0.36%,"25,453.0","25,449.5","25,456.5","25,435.0",,0.01%,,,,,,,,,,
2024,05,10,2346.33,2378.32,2345.04,2360.47,73168.0,"1,244.70","1,248.64","1,252.50","1,237.46",669.11K,-0.32%,"25,450.0","25,447.5","25,464.0","25,432.0",,0.04%,,,,,,,,,,
2024,05,09,2308.69,2347.17,2306.73,2346.02,68792.0,"1,248.64","1,250.46","1,256.80","1,243.29",771.55K,-0.15%,"25,440.0","25,445.0","25,447.5","25,425.0",,0.06%,,,19840.0,,,19700.0,,22620.0,23540.0,
2024,05,08,2314.22,2321.32,2303.72,2308.83,69498.0,"1,250.46","1,248.63","1,251.62","1,234.76",981.80K,0.15%,"25,425.0","25,430.0","25,437.0","25,395.0",,0.10%,,,,,,,,,,
2024,05,07,2324.06,2329.88,2310.01,2313.83,65539.0,"1,248.63","1,241.58","1,250.63","1,240.09",707.90K,0.57%,"25,400.0","25,405.0","25,412.5","25,375.0",,0.12%,,,,,,,,,,
2024,05,06,2304.58,2331.99,2291.79,2323.76,74940.0,"1,241.58","1,221.03","1,241.58","1,221.03",864.63K,1.68%,"25,370.0","25,390.0","25,415.0","25,360.0",,-0.12%,,,,,,,,,,
2024,05,03,2303.93,2320.59,2277.38,2301.67,67506.0,"1,221.03","1,216.36","1,225.75","1,216.36",643.43K,0.38%,"25,400.0","25,415.0","25,423.0","25,407.5",,0.04%,,,,,,,,,,
2024,05,02,2321.02,2326.43,2285.5,2303.51,69461.0,"1,216.36","1,212.13","1,216.36","1,206.28",570.36K,0.57%,"25,390.0","25,360.0","25,405.0","25,320.0",,0.24%,,,20600.0,,,20540.0,,23910.0,24950.0,
2024,05,01,2286.76,2328.2,2281.63,2319.48,70204.0,,,,,,,"25,330.0","25,330.0","25,330.0","25,330.0",,0.00%,,,,,,,,,,
2024,04,30,2335.31,2336.23,2285.04,2286.3,72307.0,,,,,,,"25,330.0","25,330.0","25,330.0","25,330.0",,0.00%,,,,,,,,,,
2024,04,29,2337.22,2346.63,2320.04,2335.36,70726.0,,,,,,,"25,330.0","25,330.0","25,330.0","25,330.0",,0.00%,,,,,,,,,,
2024,04,26,2332.35,2352.5,2326.17,2337.78,65473.0,"1,209.52","1,204.97","1,216.60","1,198.73",620.88K,0.38%,"25,330.0","25,355.0","25,375.0","25,317.5",,-0.08%,,,,,,,,,,
2024,04,25,2315.96,2344.8,2304.8,2332.37,70251.0,"1,204.97","1,205.61","1,208.41","1,200.21",569.65K,-0.05%,"25,350.0","25,395.0","25,445.0","25,315.0",,-0.22%,,,20710.0,,,20680.0,,23910.0,24910.0,
2024,04,24,2322.44,2337.19,2311.78,2315.96,71554.0,"1,205.61","1,177.40","1,207.61","1,177.40",820.08K,2.40%,"25,405.0","25,445.0","25,460.0","25,402.5",,-0.14%,,,,,,,,,,
2024,04,23,2327.71,2334.34,2291.39,2322.11,79380.0,"1,177.40","1,190.22","1,192.80","1,169.61",778.31K,-1.08%,"25,440.0","25,460.0","25,464.0","25,445.0",,-0.06%,,,,,,,,,,
2024,04,22,2389.8,2389.8,2324.47,2327.25,81603.0,"1,190.22","1,174.85","1,193.88","1,174.85",708.58K,1.31%,"25,455.0","25,445.0","25,461.5","25,440.0",,0.06%,,,,,,,,,,
2024,04,19,2379.14,2417.83,2372.91,2390.63,146435.0,"1,174.85","1,193.01","1,193.01","1,165.99",1.07M,-1.52%,"25,440.0","25,461.0","25,463.0","25,405.0",,0.16%,,,,,,,,,,
2024,04,18,2361.37,2392.76,2361.37,2378.86,118369.0,,,,,,,"25,400.0","25,400.0","25,400.0","25,400.0",,0.00%,,,,,,,,,,
2024,04,17,2382.53,2395.53,2354.54,2361.16,104392.0,"1,193.01","1,215.68","1,221.47","1,193.01",859.25K,-1.86%,"25,400.0","25,350.0","25,430.0","25,345.0",,0.47%,,,21440.0,,,21410.0,,24220.0,25230.0,
2024,04,16,2382.38,2398.18,2362.99,2382.85,114793.0,"1,215.68","1,216.61","1,222.45","1,191.73",1.36M,-0.08%,"25,280.0","25,265.0","25,295.0","25,245.0",,0.40%,,,,,,,,,,
2024,04,15,2355.6,2387.51,2323.98,2383.1,115908.0,"1,216.61","1,276.60","1,281.81","1,216.61",1.46M,-4.70%,"25,180.0","25,035.0","25,195.0","24,994.5",,0.66%,,,,,,,,,,
2024,04,12,2371.47,2431.44,2333.86,2344.22,128042.0,"1,276.60","1,258.20","1,278.39","1,258.20",944.45K,1.46%,"25,015.0","24,990.0","25,025.0","24,970.0",,0.14%,,,,,,,,,,
2024,04,11,2334.0,2377.64,2325.85,2372.41,102815.0,"1,258.20","1,258.56","1,262.03","1,248.11",686.82K,-0.03%,"24,980.0","25,000.0","25,012.5","24,950.0",,0.18%,,,21610.0,,,21590.0,,23840.0,24820.0,
2024,04,10,2352.62,2360.03,2319.43,2333.55,101113.0,"1,258.56","1,262.82","1,268.72","1,258.56",702.28K,-0.34%,"24,935.0","24,955.0","24,961.0","24,943.0",,-0.04%,,,,,,,,,,
2024,04,09,2338.74,2365.28,2336.97,2352.22,104663.0,"1,262.82","1,252.40","1,262.82","1,247.70",717.43K,1.00%,"24,945.0","24,965.0","25,010.0","24,943.0",,-0.06%,,,,,,,,,,
2024,04,08,2324.16,2353.84,2302.9,2338.82,109825.0,"1,250.35","1,255.11","1,258.40","1,246.87",876.04K,-0.38%,"24,960.0","24,930.0","24,975.0","24,930.0",,0.04%,,,,,,,,,,
2024,04,05,2291.03,2330.44,2267.75,2329.28,91616.0,"1,255.11","1,268.25","1,268.25","1,253.56",1.08M,-1.04%,"24,950.0","24,970.0","25,005.0","24,949.5",,0.06%,,,,,,,,,,
2024,04,04,2299.56,2305.56,2279.95,2290.95,84664.0,"1,268.25","1,271.47","1,277.62","1,265.12",980.91K,-0.25%,"24,935.0","25,000.0","25,014.0","24,920.0",,-0.26%,,,20980.0,,,21010.0,,23910.0,24800.0,
2024,04,03,2279.92,2301.14,2265.42,2299.64,95443.0,"1,271.47","1,287.04","1,288.99","1,271.47",1.08M,-1.21%,"25,000.0","24,935.0","25,010.0","24,915.0",,0.40%,,,,,,,,,,
2024,04,02,2251.24,2281.01,2246.67,2280.53,88872.0,"1,287.04","1,281.52","1,287.04","1,268.48",1.09M,0.43%,"24,900.0","24,815.0","24,937.5","24,800.0",,0.42%,,,,,,,,,,
2024,04,01,2241.94,2265.61,2228.51,2251.31,85503.0,"1,281.52","1,284.09","1,286.80","1,274.09",971.21K,-0.20%,"24,795.0","24,817.5","24,818.5","24,770.0",,-0.06%,,,,,,,,,,
2024,03,29,,,,,,"1,284.09","1,290.18","1,293.04","1,282.44",922.55K,-0.47%,"24,810.0","24,795.0","24,822.5","24,792.5",,0.08%,,,,,,,,,,
2024,03,28,2193.4,2236.18,2187.27,2232.88,80479.0,"1,290.18","1,283.09","1,293.90","1,283.09",1.01M,0.55%,"24,790.0","24,810.0","24,818.5","24,772.5",,0.02%,,,20690.0,,,20870.0,,23620.0,24810.0,
2024,03,27,2178.08,2197.55,2172.87,2194.88,64882.0,"1,283.09","1,282.21","1,286.72","1,276.95",919.28K,0.07%,"24,785.0","24,780.0","24,797.5","24,778.0",,0.06%,,,,,,,,,,
2024,03,26,2171.6,2200.03,2167.57,2178.63,64112.0,"1,282.21","1,267.86","1,282.50","1,264.42",941.70K,1.13%,"24,770.0","24,770.0","24,792.5","24,750.0",,0.12%,,,,,,,,,,
2024,03,25,2165.9,2181.26,2163.5,2171.73,71161.0,"1,267.86","1,281.80","1,286.84","1,264.51",1.24M,-1.09%,"24,740.0","24,799.0","24,806.0","24,746.5",,-0.11%,,,,,,,,,,
2024,03,22,2181.51,2186.03,2157.09,2165.27,79823.0,"1,281.80","1,276.42","1,291.27","1,276.38",1.38M,0.42%,"24,768.0","24,805.0","24,821.5","24,756.0",,-0.07%,,,,,,,,,,
2024,03,21,2187.18,2222.65,2166.43,2181.25,91384.0,"1,276.42","1,260.08","1,276.42","1,260.08",1.25M,1.30%,"24,785.0","24,765.0","24,801.5","24,765.0",,0.04%,,,21010.0,,,21260.0,,23210.0,24280.0,
2024,03,20,2157.7,2188.77,2149.61,2186.24,64224.0,"1,260.08","1,242.46","1,261.55","1,235.46",915.57K,1.42%,"24,775.0","24,770.0","24,790.0","24,715.0",,0.14%,,,,,,,,,,
2024,03,19,2160.11,2162.77,2147.14,2157.48,59875.0,"1,242.46","1,246.54","1,249.75","1,238.92",914.65K,-0.09%,"24,740.0","24,730.0","24,755.0","24,695.0",,0.10%,,,,,,,,,,
2024,03,18,2153.03,2163.58,2146.08,2160.26,54955.0,"1,243.56","1,263.78","1,269.90","1,221.67",1.71M,-1.60%,"24,715.0","24,745.0","24,745.0","24,690.0",,0.02%,,,,,,,,,,
2024,03,15,2162.32,2172.71,2155.17,2155.82,59222.0,"1,263.78","1,264.26","1,271.63","1,252.36",1.07M,-0.04%,"24,710.0","24,725.0","24,744.0","24,700.0",,0.08%,,,,,,,,,,
2024,03,14,2174.54,2176.97,2152.75,2162.19,62755.0,"1,264.26","1,270.51","1,276.41","1,258.67",1.06M,-0.49%,"24,690.0","24,685.0","24,707.5","24,636.5",,0.06%,,,20540.0,,,20700.0,,22490.0,23540.0,
2024,03,13,2158.0,2179.85,2155.72,2174.32,62440.0,"1,270.51","1,245.00","1,270.51","1,245.00",982.23K,2.05%,"24,675.0","24,650.0","24,687.5","24,640.0",,0.12%,,,,,,,,,,
2024,03,12,2182.17,2184.76,2150.5,2158.13,94467.0,"1,245.00","1,235.49","1,248.33","1,233.14",836.22K,0.77%,"24,645.0","24,655.0","24,680.0","24,625.0",,0.04%,,,,,,,,,,
2024,03,11,2181.21,2189.03,2174.72,2182.65,146453.0,"1,235.49","1,247.35","1,254.01","1,233.49",975.99K,-0.95%,"24,635.0","24,645.0","24,670.0","24,602.5",,-0.02%,,,,,,,,,,
2024,03,08,2159.28,2195.22,2153.96,2178.55,174781.0,"1,247.35","1,268.46","1,274.30","1,247.35",1.35M,-1.66%,"24,640.0","24,685.0","24,700.0","24,632.5",,-0.16%,,,,,,,,,,
2024,03,07,2148.94,2164.76,2144.2,2159.93,165049.0,"1,268.46","1,262.73","1,269.88","1,260.24",1.02M,0.45%,"24,680.0","24,642.5","24,715.0","24,642.5",,0.06%,,,20470.0,,,20600.0,,22510.0,23550.0,
2024,03,06,2128.0,2152.27,2123.59,2148.03,158499.0,"1,262.73","1,269.98","1,277.51","1,256.30",1.06M,-0.57%,"24,665.0","24,707.5","24,721.5","24,642.5",,-0.10%,,,,,,,,,,
2024,03,05,2114.59,2141.81,2110.43,2127.84,173988.0,"1,269.98","1,261.41","1,269.98","1,257.81",1.01M,0.68%,"24,690.0","24,690.0","24,705.0","24,649.5",,0.06%,,,,,,,,,,
2024,03,04,2082.51,2119.94,2079.37,2114.27,144180.0,"1,261.41","1,258.28","1,268.25","1,256.54",1.18M,0.25%,"24,676.0","24,660.0","24,700.0","24,649.5",,0.15%,,,,,,,,,,
2024,03,01,2043.77,2088.38,2038.92,2083.26,164147.0,"1,258.28","1,256.72","1,258.76","1,247.87",961.93K,0.44%,"24,640.0","24,652.5","24,660.0","24,639.0",,0.00%,,,,,,,,,,
2024,02,29,2034.37,2050.78,2027.97,2044.12,146206.0,"1,252.73","1,254.55","1,264.39","1,247.70",1.09M,-0.15%,"24,640.0","24,645.0","24,657.5","24,639.0",,0.08%,,,20770.0,,,20780.0,,22750.0,23920.0,
2024,02,28,2030.71,2037.94,2024.38,2034.37,129908.0,"1,254.55","1,237.46","1,254.55","1,236.32",970.76K,1.38%,"24,620.0","24,645.0","24,655.0","24,606.0",,-0.02%,,,,,,,,,,
2024,02,27,2031.45,2039.51,2028.63,2030.38,130317.0,"1,237.46","1,224.17","1,237.60","1,224.17",986.85K,1.09%,"24,625.0","24,670.0","24,674.0","24,632.5",,-0.14%,,,,,,,,,,
2024,02,26,2034.32,2037.1,2024.94,2031.16,136963.0,"1,224.17","1,212.00","1,225.21","1,210.52",889.75K,1.00%,"24,660.0","24,650.0","24,707.5","24,640.0",,0.12%,,,,,,,,,,
2024,02,23,2024.37,2041.39,2015.92,2035.52,150943.0,"1,212.00","1,227.31","1,240.81","1,211.55",1.39M,-1.25%,"24,630.0","24,610.0","24,660.0","24,597.5",,0.16%,,,,,,,,,,
2024,02,22,2025.61,2034.86,2019.48,2024.27,148953.0,"1,227.31","1,230.04","1,232.09","1,226.15",840.41K,-0.22%,"24,590.0","24,555.0","24,615.0","24,552.5",,0.27%,,,20910.0,,,20920.0,,23590.0,23590.0,
2024,02,21,2024.11,2032.27,2020.05,2025.97,141138.0,"1,230.04","1,230.06","1,234.22","1,222.92",988.85K,0.00%,"24,525.0","24,532.5","24,550.0","24,490.0",,0.00%,,,,,,,,,,
2024,02,20,2018.09,2030.94,2014.87,2024.23,130870.0,"1,230.06","1,224.97","1,230.47","1,222.66",939.95K,0.42%,"24,525.0","24,545.0","24,550.0","24,527.5",,-0.02%,,,,,,,,,,
2024,02,19,2014.69,2023.04,2011.38,2017.91,99685.0,"1,224.97","1,209.70","1,225.48","1,209.70",1.05M,1.26%,"24,530.0","24,530.0","24,540.0","24,490.0",,0.08%,,,,,,,,,,
2024,02,16,2004.12,2015.24,1995.19,2013.18,134157.0,"1,209.70","1,202.50","1,210.25","1,202.50",822.64K,0.60%,"24,510.0","24,422.5","24,550.0","24,422.5",,0.25%,,,,,,,,,,
2024,02,15,1992.32,2008.38,1990.09,2004.25,138635.0,"1,202.50","1,203.08","1,207.56","1,198.81",868.72K,0.33%,"24,450.0","24,455.0","24,465.0","24,400.0",,0.20%,,,21360.0,,,21220.0,,22830.0,23910.0,
2024,02,14,1993.44,1996.12,1984.03,1992.1,145815.0,,,,,,,"24,400.0","24,400.0","24,400.0","24,400.0",,0.00%,,,,,,,,,,
2024,02,13,2019.73,2031.91,1989.97,1992.95,153478.0,,,,,,,"24,400.0","24,400.0","24,400.0","24,400.0",,0.00%,,,,,,,,,,
2024,02,12,2024.15,2027.59,2011.75,2019.94,139488.0,,,,,,,"24,400.0","24,400.0","24,400.0","24,400.0",,0.00%,,,,,,,,,,
2024,02,09,2034.61,2037.28,2020.2,2024.26,138125.0,,,,,,,"24,400.0","24,400.0","24,400.0","24,400.0",,0.00%,,,,,,,,,,
2024,02,08,2035.64,2038.7,2020.08,2034.33,151572.0,,,,,,,"24,400.0","24,400.0","24,400.0","24,400.0",,0.00%,,,20700.0,,,20580.0,,22120.0,23260.0,
2024,02,07,2036.04,2044.64,2030.5,2035.0,142344.0,"1,198.53","1,188.48","1,199.52","1,188.48",685.66K,0.85%,"24,400.0","24,375.0","24,465.0","24,370.0",,0.18%,,,,,,,,,,
2024,02,06,2024.76,2038.96,2022.77,2035.86,191974.0,"1,188.48","1,186.06","1,190.92","1,185.68",619.77K,0.20%,"24,355.0","24,385.0","24,387.5","24,342.5",,-0.06%,,,,,,,,,,
2024,02,05,2040.01,2042.29,2014.76,2025.03,398004.0,"1,186.06","1,172.55","1,188.45","1,172.55",874.80K,1.15%,"24,370.0","24,415.0","24,417.5","24,360.0",,0.14%,,,,,,,,,,
2024,02,02,2054.88,2057.73,2027.73,2039.57,383044.0,"1,172.55","1,173.02","1,178.27","1,169.70",914.67K,-0.04%,"24,335.0","24,400.0","24,417.5","24,330.0",,-0.27%,,,,,,,,,,
2024,02,01,2038.97,2065.54,2029.93,2054.98,592314.0,"1,173.02","1,164.31","1,174.50","1,162.45",670.25K,0.75%,"24,400.0","24,414.5","24,430.0","24,362.5",,-0.06%,,,20990.0,,,20920.0,,22910.0,24160.0,
2024,01,31,2036.95,2056.07,2030.79,2039.2,567869.0,"1,164.31","1,179.65","1,182.53","1,163.13",1.12M,-1.30%,"24,415.0","24,400.0","24,465.0","24,395.0",,0.08%,,,,,,,,,,
2024,01,30,2032.92,2048.64,2028.96,2036.87,412991.0,"1,179.65","1,175.69","1,179.92","1,174.13",620.15K,0.34%,"24,395.0","24,510.0","24,510.0","24,395.0",,-0.55%,,,,,,,,,,
2024,01,29,2024.05,2037.46,2019.18,2032.7,288679.0,"1,175.69","1,175.67","1,180.46","1,174.88",666.53K,0.00%,"24,530.0","24,595.0","24,610.0","24,535.0",,-0.26%,,,,,,,,,,
2024,01,26,2020.26,2026.75,2015.81,2018.49,353072.0,"1,175.67","1,170.37","1,176.76","1,170.37",575.22K,0.45%,"24,595.0","24,620.0","24,625.0","24,600.0",,-0.04%,,,,,,,,,,
2024,01,25,2014.3,2025.44,2009.47,2020.7,443626.0,"1,170.37","1,172.97","1,173.83","1,168.50",540.54K,-0.22%,"24,605.0","24,595.0","24,615.0","24,577.5",,0.02%,,,20370.0,,,20540.0,,22170.0,23400.0,
2024,01,24,2029.02,2036.78,2011.06,2013.5,543248.0,"1,172.97","1,177.50","1,180.30","1,172.00",733.19K,-0.38%,"24,600.0","24,575.0","24,617.5","24,541.0",,0.14%,,,,,,,,,,
2024,01,23,2021.96,2037.98,2019.51,2029.23,436043.0,"1,177.50","1,182.86","1,184.74","1,173.78",683.71K,-0.45%,"24,565.0","24,565.0","24,575.0","24,510.0",,0.06%,,,,,,,,,,
2024,01,22,2029.7,2032.19,2016.42,2021.62,423889.0,"1,182.86","1,181.50","1,186.96","1,175.54",889.76K,0.12%,"24,550.0","24,535.0","24,565.0","24,510.0",,0.04%,,,,,,,,,,
2024,01,19,2024.39,2039.5,2020.26,2029.33,410962.0,"1,181.50","1,171.50","1,181.50","1,171.47",662.89K,1.06%,"24,540.0","24,550.0","24,570.0","24,535.0",,-0.02%,,,,,,,,,,
2024,01,18,2005.62,2023.31,2005.62,2022.93,430350.0,"1,169.06","1,162.53","1,169.73","1,162.53",596.22K,0.56%,"24,545.0","24,520.0","24,580.0","24,520.0",,0.06%,,,20190.0,,,20530.0,,21410.0,22480.0,
2024,01,17,2028.29,2033.0,2001.68,2006.11,557364.0,"1,162.53","1,161.95","1,168.46","1,160.45",769.80K,-0.05%,"24,530.0","24,520.0","24,556.5","24,520.0",,0.12%,,,,,,,,,,
2024,01,16,2054.62,2055.59,2024.19,2028.22,459103.0,"1,163.12","1,154.12","1,163.12","1,147.71",611.40K,0.78%,"24,500.0","24,505.0","24,547.5","24,470.0",,0.12%,,,,,,,,,,
2024,01,15,2047.9,2058.66,2045.68,2054.6,248084.0,"1,154.12","1,154.70","1,163.75","1,154.12",617.15K,-0.05%,"24,470.0","24,460.0","24,490.0","24,460.0",,-0.08%,,,,,,,,,,
2024,01,12,2029.2,2062.33,2028.73,2048.81,562683.0,"1,154.70","1,162.22","1,162.22","1,146.75",1.09M,-0.65%,"24,490.0","24,495.0","24,535.0","24,480.0",,0.06%,,,,,,,,,,
2024,01,11,2024.06,2045.8,2013.16,2028.54,538544.0,"1,162.22","1,161.54","1,169.10","1,157.43",860.49K,0.06%,"24,475.0","24,455.0","24,492.5","24,445.0",,0.29%,,,19700.0,,,20330.0,,21040.0,21930.0,
2024,01,10,2030.36,2040.37,2020.31,2024.32,399693.0,"1,161.54","1,158.59","1,166.10","1,155.94",992.76K,0.25%,"24,405.0","24,370.0","24,420.0","24,345.0",,0.18%,,,,,,,,,,
2024,01,09,2028.22,2042.09,2025.95,2030.21,376781.0,"1,158.59","1,160.19","1,162.83","1,155.46",870.51K,-0.14%,"24,360.0","24,350.0","24,392.5","24,337.5",,0.12%,,,,,,,,,,
2024,01,08,2044.65,2046.55,2016.61,2028.18,386826.0,"1,160.19","1,154.68","1,162.56","1,154.68",905.41K,0.48%,"24,330.0","24,370.0","24,390.0","24,327.5",,-0.16%,,,,,,,,,,
2024,01,05,2043.81,2064.07,2024.34,2045.3,479354.0,"1,154.68","1,150.72","1,155.84","1,149.08",803.27K,0.34%,"24,370.0","24,370.0","24,380.0","24,337.0",,0.04%,,,,,,,,,,
2024,01,04,2041.88,2051.04,2036.1,2043.28,324187.0,"1,150.72","1,145.49","1,160.08","1,144.32",1.18M,0.57%,"24,360.0","24,365.0","24,400.0","24,357.5",,-0.04%,,,19360.0,,,19950.0,,21000.0,21910.0,
2024,01,03,2059.16,2066.05,2030.49,2041.27,441916.0,"1,144.17","1,131.72","1,144.17","1,128.32",719.93K,1.10%,"24,370.0","24,345.0","24,387.5","24,310.0",,0.18%,,,,,,,,,,
2024,01,02,2062.91,2078.99,2055.82,2058.91,376799.0,"1,131.72","1,129.93","1,139.71","1,128.69",842.26K,0.16%,"24,325.0","24,265.0","24,337.5","24,250.0",,0.27%,,,,,,,,,,
2024,01,01,,,,,,,,,,,,"24,260.0","24,260.0","24,260.0","24,260.0",,0.00%,,,,,,,,,,
2023,12,29,2066.27,2074.87,2058.07,2062.67,295714.0,"1,129.93","1,128.93","1,135.05","1,128.93",710.85K,0.09%,"24,260.0","24,270.0","24,300.0","24,240.0",,0.10%,,,,,,,,,,
2023,12,28,2077.46,2088.51,2064.37,2065.25,328829.0,"1,128.93","1,121.99","1,130.58","1,120.50",716.93K,0.62%,"24,235.0","24,300.0","24,355.0","24,250.0",,-0.45%,,,19780.0,,,20450.0,,21180.0,22140.0,
2023,12,27,2068.19,2084.51,2061.32,2077.49,285928.0,"1,121.99","1,122.25","1,126.47","1,121.99",776.80K,-0.02%,"24,345.0","24,375.0","24,391.0","24,315.0",,0.08%,,,,,,,,,,
2023,12,26,2053.23,2069.05,2052.97,2067.44,202590.0,"1,122.25","1,117.66","1,123.11","1,117.66",644.74K,0.41%,"24,325.0","24,250.0","24,335.0","24,210.0",,0.39%,,,,,,,,,,
2023,12,25,,,,,,"1,117.66","1,103.06","1,118.31","1,103.06",658.54K,1.32%,"24,230.0","24,220.0","24,265.0","24,180.0",,-0.02%,,,,,,,,,,
2023,12,22,2045.87,2070.7,2045.87,2052.75,383955.0,"1,103.06","1,102.43","1,104.65","1,099.32",558.03K,0.06%,"24,235.0","24,300.0","24,317.5","24,235.0",,-0.35%,,,,,,,,,,
2023,12,21,2032.05,2046.12,2031.39,2045.78,332142.0,"1,102.43","1,100.76","1,102.43","1,094.47",521.00K,0.15%,"24,320.0","24,342.5","24,357.5","24,320.0",,-0.06%,,,19520.0,,,20490.0,,21190.0,22140.0,
2023,12,20,2040.05,2043.56,2027.27,2031.31,311016.0,"1,100.76","1,096.30","1,102.27","1,093.38",598.21K,0.41%,"24,335.0","24,330.0","24,349.0","24,275.0",,-0.06%,,,,,,,,,,
2023,12,19,2027.32,2047.03,2021.62,2040.13,308394.0,"1,096.30","1,091.88","1,096.30","1,082.29",649.91K,0.40%,"24,350.0","24,360.0","24,378.0","24,340.0",,0.00%,,,,,,,,,,
2023,12,18,2019.56,2033.77,2015.86,2027.21,280002.0,"1,091.88","1,102.30","1,103.74","1,091.45",713.16K,-0.95%,"24,350.0","24,265.0","24,375.0","24,230.0",,0.37%,,,,,,,,,,
2023,12,15,2036.28,2044.95,2015.48,2019.02,340007.0,"1,102.30","1,110.13","1,112.79","1,102.30",749.83K,-0.71%,"24,260.0","24,245.0","24,275.0","24,220.0",,0.06%,,,,,,,,,,
2023,12,14,2025.48,2047.9,2024.35,2036.2,75085.0,"1,110.13","1,114.20","1,120.36","1,107.86",681.02K,-0.37%,"24,245.0","24,227.5","24,265.0","24,200.0",,-0.14%,,,19010.0,,,19960.0,,20510.0,21400.0,
2023,12,13,1980.1,2027.79,1973.0,2027.23,56900.0,"1,114.20","1,127.63","1,131.21","1,112.08",844.04K,-1.19%,"24,279.0","24,262.5","24,283.0","24,257.5",,0.08%,,,,,,,,,,
2023,12,12,1982.0,1996.68,1977.21,1979.3,50962.0,"1,127.63","1,125.50","1,129.77","1,123.35",645.62K,0.19%,"24,260.0","24,270.0","24,280.0","24,263.5",,0.04%,,,,,,,,,,
2023,12,11,2005.36,2007.71,1975.78,1981.69,60603.0,"1,125.50","1,124.44","1,129.15","1,120.32",700.59K,0.09%,"24,250.0","24,210.0","24,277.5","24,180.0",,0.12%,,,,,,,,,,
2023,12,08,2028.51,2033.98,1994.58,2004.04,68116.0,"1,124.44","1,121.49","1,127.46","1,119.43",819.10K,0.26%,"24,220.0","24,260.0","24,267.5","24,230.0",,-0.23%,,,,,,,,,,
2023,12,07,2026.3,2039.94,2020.18,2028.54,64039.0,"1,121.49","1,126.43","1,129.83","1,109.51",1.33M,-0.44%,"24,275.0","24,280.0","24,290.0","24,267.5",,0.00%,,,19720.0,,,20920.0,,21290.0,22320.0,
2023,12,06,2019.91,2035.86,2017.21,2025.26,64498.0,"1,126.43","1,115.97","1,126.43","1,115.97",853.96K,0.94%,"24,274.0","24,280.0","24,305.0","24,263.0",,0.03%,,,,,,,,,,
2023,12,05,2030.21,2041.17,2009.8,2019.36,74914.0,"1,115.97","1,120.49","1,124.11","1,113.55",824.66K,-0.40%,"24,266.0","24,255.0","24,283.5","24,237.5",,0.07%,,,,,,,,,,
2023,12,04,2072.6,2144.77,2020.13,2028.89,85241.0,"1,120.49","1,102.16","1,123.96","1,102.16",1.12M,1.66%,"24,250.0","24,280.0","24,295.0","24,225.0",,-0.16%,,,,,,,,,,
2023,12,01,2036.83,2075.36,2033.91,2071.63,65040.0,"1,102.16","1,094.13","1,102.20","1,090.08",603.59K,0.73%,"24,290.0","24,300.0","24,315.0","24,260.0",,0.16%,,,,,,,,,,
2023,11,30,2044.56,2047.25,2031.01,2036.09,85621.0,"1,094.13","1,101.75","1,107.45","1,094.13",723.48K,-0.79%,"24,250.0","24,260.0","24,277.5","24,200.0",,-0.04%,,,20190.0,,,21110.0,,21790.0,22990.0,
2023,11,29,2041.36,2051.99,2035.42,2044.12,91534.0,"1,102.80","1,095.43","1,105.28","1,095.43",614.96K,0.67%,"24,260.0","24,190.0","24,270.0","24,182.0",,0.12%,,,,,,,,,,
2023,11,28,2013.84,2042.98,2011.49,2041.07,76325.0,"1,095.43","1,088.06","1,095.43","1,076.45",681.89K,0.68%,"24,230.0","24,257.5","24,260.0","24,228.5",,0.00%,,,,,,,,,,
2023,11,27,2002.12,2018.12,2000.38,2014.18,79287.0,"1,088.06","1,095.61","1,096.84","1,085.69",595.02K,-0.69%,"24,230.0","24,230.0","24,270.0","24,221.5",,-0.12%,,,,,,,,,,
2023,11,24,1992.95,2003.58,1991.45,2002.33,54053.0,"1,095.61","1,088.49","1,095.61","1,073.31",958.34K,0.65%,"24,260.0","24,260.0","24,282.0","24,210.0",,0.08%,,,,,,,,,,
2023,11,23,1989.2,1998.52,1989.18,1992.78,39966.0,"1,088.49","1,113.82","1,118.54","1,088.49",1.03M,-2.27%,"24,240.0","24,210.0","24,247.5","24,165.0",,0.14%,,,20280.0,,,20940.0,,21690.0,23020.0,
2023,11,22,1998.61,2006.43,1986.86,1989.81,144702.0,"1,113.82","1,110.46","1,115.47","1,103.26",946.28K,0.30%,"24,205.0","24,145.0","24,217.5","24,142.5",,0.31%,,,,,,,,,,
2023,11,21,1977.92,2007.53,1977.8,1998.26,164705.0,"1,110.46","1,103.66","1,112.77","1,103.66",712.61K,0.62%,"24,130.0","24,110.0","24,172.5","24,097.0",,-0.17%,,,,,,,,,,
2023,11,20,1978.11,1985.15,1965.4,1977.65,148166.0,"1,103.66","1,101.19","1,111.26","1,085.32",841.47K,0.22%,"24,170.0","24,215.0","24,235.0","24,158.0",,-0.33%,,,,,,,,,,
2023,11,17,1980.89,1993.36,1978.53,1980.56,132680.0,"1,101.19","1,125.53","1,129.84","1,096.16",1.26M,-2.16%,"24,250.0","24,300.0","24,305.0","24,225.0",,-0.16%,,,,,,,,,,
2023,11,16,1960.04,1987.91,1956.41,1981.1,132847.0,"1,125.53","1,122.50","1,125.53","1,114.97",687.40K,0.27%,"24,288.0","24,288.0","24,312.5","24,274.5",,-0.01%,,,,,,,,,,
2023,11,15,1962.79,1975.34,1955.37,1959.19,142869.0,"1,122.50","1,109.73","1,132.75","1,109.73",937.96K,1.15%,"24,290.0","24,378.0","24,381.0","24,269.0",,-0.27%,,,,,,,,,,
2023,11,14,1946.1,1970.87,1943.76,1963.16,138881.0,"1,109.73","1,100.07","1,115.60","1,100.07",822.20K,0.88%,"24,355.0","24,383.0","24,389.0","24,352.5",,-0.11%,,,,,,,,,,
2023,11,13,1938.42,1949.22,1931.6,1946.1,127010.0,"1,100.07","1,103.66","1,107.91","1,093.19",789.44K,-0.15%,"24,383.0","24,320.0","24,395.5","24,320.0",,0.28%,,,20880.0,,,21510.0,,22270.0,23530.0,
2023,11,10,1958.42,1960.81,1933.06,1938.62,159481.0,"1,101.68","1,113.89","1,116.02","1,101.23",1.03M,-1.10%,"24,315.0","24,380.0","24,380.0","24,305.0",,-0.10%,,,,,,,,,,
2023,11,09,1949.95,1965.64,1944.51,1958.41,174088.0,"1,113.89","1,113.43","1,124.78","1,112.13",1.05M,0.04%,"24,340.0","24,375.0","24,395.0","24,330.0",,-0.12%,,,,,,,,,,
2023,11,08,1968.67,1971.04,1947.44,1950.2,153457.0,"1,113.43","1,080.29","1,113.43","1,075.80",952.58K,3.07%,"24,370.0","24,345.0","24,385.0","24,290.0",,0.25%,,,,,,,,,,
2023,11,07,1977.93,1978.34,1956.71,1969.03,160213.0,"1,080.29","1,089.66","1,089.89","1,079.42",634.51K,-0.86%,"24,310.0","24,360.0","24,377.5","24,262.5",,-0.10%,,,,,,,,,,
2023,11,06,1992.43,1993.16,1977.42,1977.82,141325.0,"1,089.66","1,076.78","1,089.66","1,076.78",692.79K,1.20%,"24,335.0","24,565.0","24,565.0","24,315.0",,-0.75%,,,,,,,,,,
2023,11,03,1985.89,2004.11,1983.17,1992.52,188442.0,"1,076.78","1,075.47","1,082.23","1,071.11",756.48K,0.12%,"24,520.0","24,575.0","24,580.0","24,535.0",,-0.20%,,,,,,,,,,
2023,11,02,1983.42,1991.08,1978.84,1985.77,153635.0,"1,075.47","1,039.66","1,075.47","1,039.66",772.12K,3.44%,"24,570.0","24,565.0","24,585.0","24,558.0",,-0.06%,,,,,,,,,,
2023,11,01,1983.46,1992.03,1969.88,1982.67,184940.0,"1,039.66","1,028.19","1,039.66","1,020.01",679.89K,1.12%,"24,585.0","24,575.0","24,593.0","24,560.0",,0.10%,,,21940.0,,,22300.0,,22610.0,23920.0,
2023,10,31,1995.67,2007.93,1978.88,1983.97,176258.0,"1,028.19","1,042.40","1,046.17","1,025.03",755.54K,-1.36%,"24,560.0","24,555.0","24,573.5","24,551.5",,0.01%,,,,,,,,,,
2023,10,30,2004.9,2006.74,1990.96,1996.15,161808.0,"1,042.40","1,054.03","1,060.39","1,042.40",533.36K,-1.72%,"24,558.0","24,570.0","24,590.0","24,555.0",,-0.05%,,,,,,,,,,
2023,10,27,1984.49,2009.47,1976.78,2005.91,179975.0,"1,060.62","1,055.45","1,061.87","1,037.46",692.23K,0.49%,"24,570.0","24,606.0","24,612.0","24,555.0",,-0.08%,,,,,,,,,,
2023,10,26,1980.76,1993.44,1971.63,1984.73,190268.0,"1,055.45","1,101.66","1,101.66","1,049.71",1.18M,-4.19%,"24,590.0","24,590.0","24,620.0","24,570.0",,0.12%,,,,,,,,,,
2023,10,25,1970.88,1987.28,1962.96,1979.45,162589.0,"1,101.66","1,105.90","1,111.39","1,100.64",539.26K,-0.38%,"24,560.0","24,565.0","24,585.0","24,550.0",,0.04%,,,,,,,,,,
2023,10,24,1973.1,1980.87,1953.49,1971.03,169310.0,"1,105.90","1,093.53","1,107.30","1,088.17",509.04K,1.13%,"24,550.0","24,560.0","24,597.5","24,525.0",,-0.16%,,,,,,,,,,
2023,10,23,1968.07,1982.81,1964.38,1972.74,173905.0,"1,093.53","1,108.03","1,108.03","1,086.54",563.10K,-1.31%,"24,590.0","24,535.0","24,617.5","24,485.0",,0.29%,,,,,,,,,,
2023,10,20,1973.4,1997.21,1972.04,1980.9,198269.0,"1,108.03","1,087.85","1,108.16","1,073.73",658.19K,1.86%,"24,520.0","24,565.0","24,582.5","24,480.0",,-0.12%,,,,,,,,,,
2023,10,19,1947.76,1977.73,1945.25,1974.28,207173.0,"1,087.85","1,103.40","1,104.03","1,087.85",649.23K,-1.41%,"24,550.0","24,585.0","24,597.5","24,490.0",,-0.02%,,,,,,,,,,
2023,10,18,1923.91,1962.67,1923.28,1947.62,189497.0,"1,103.40","1,121.65","1,125.27","1,088.87",1.04M,-1.63%,"24,555.0","24,487.5","24,577.5","24,479.5",,0.27%,,,,,,,,,,
2023,10,17,1919.98,1931.57,1912.41,1923.05,161186.0,"1,121.65","1,145.34","1,147.89","1,121.65",610.50K,-1.73%,"24,490.0","24,455.0","24,503.0","24,454.0",,0.12%,,,,,,,,,,
2023,10,16,1925.94,1927.68,1908.2,1920.06,158254.0,"1,141.42","1,154.73","1,157.46","1,140.64",676.19K,-1.15%,"24,460.0","24,452.5","24,481.5","24,445.0",,0.08%,,,,,,,,,,
2023,10,13,1869.07,1932.41,1868.94,1932.41,213189.0,"1,154.73","1,151.61","1,155.10","1,138.99",621.42K,0.27%,"24,440.0","24,485.0","24,485.0","24,435.0",,0.02%,,,,,,,,,,
2023,10,12,1874.63,1885.12,1867.91,1868.73,190851.0,"1,151.61","1,150.81","1,156.73","1,148.11",647.18K,0.07%,"24,435.0","24,440.0","24,460.0","24,425.0",,-0.02%,,,,,,,,,,
2023,10,11,1859.96,1877.2,1858.61,1874.27,193115.0,"1,150.81","1,143.69","1,150.81","1,138.22",543.05K,0.62%,"24,440.0","24,402.0","24,455.0","24,380.0",,0.21%,,,22410.0,,,22460.0,,21900.0,23040.0,
2023,10,10,1861.18,1865.37,1853.0,1860.42,204264.0,"1,143.69","1,137.36","1,150.34","1,137.36",671.76K,0.56%,"24,390.0","24,392.5","24,425.0","24,372.0",,0.08%,,,,,,,,,,
2023,10,09,1847.52,1863.49,1844.23,1861.35,155242.0,"1,137.36","1,128.54","1,137.36","1,127.03",602.62K,0.78%,"24,370.0","24,367.5","24,402.5","24,352.5",,0.04%,,,,,,,,,,
2023,10,06,1820.41,1834.9,1810.47,1831.84,200926.0,"1,128.54","1,113.89","1,129.13","1,107.40",621.62K,1.32%,"24,360.0","24,375.0","24,426.5","24,363.5",,-0.08%,,,,,,,,,,
2023,10,05,1821.26,1829.2,1813.01,1820.24,163563.0,"1,113.89","1,128.67","1,133.12","1,113.89",609.01K,-1.31%,"24,380.0","24,410.0","24,428.0","24,380.0",,-0.16%,,,,,,,,,,
2023,10,04,1823.35,1830.79,1816.58,1821.1,181931.0,"1,128.67","1,118.10","1,133.79","1,106.40",682.49K,0.95%,"24,420.0","24,395.0","24,440.0","24,379.0",,0.14%,,,,,,,,,,
2023,10,03,1828.97,1833.38,1815.25,1822.94,192166.0,"1,118.10","1,155.25","1,155.25","1,117.28",991.88K,-3.22%,"24,385.0","24,375.0","24,414.0","24,375.0",,0.18%,,,,,,,,,,
2023,10,02,1846.45,1848.93,1827.14,1827.77,154232.0,"1,155.25","1,154.15","1,161.48","1,149.63",518.24K,0.10%,"24,340.0","24,305.0","24,387.5","24,297.5",,0.25%,,,23590.0,,,23810.0,,23500.0,24840.0,
2023,09,29,1865.15,1879.88,1846.33,1848.74,147432.0,"1,154.15","1,152.43","1,163.88","1,152.43",574.81K,0.15%,"24,280.0","24,415.0","24,420.0","24,265.0",,-0.43%,,,,,,,,,,
2023,09,28,1876.14,1879.58,1857.66,1864.8,147185.0,"1,152.43","1,153.85","1,155.39","1,136.99",691.11K,-0.12%,"24,385.0","24,435.0","24,445.0","24,390.0",,0.00%,,,,,,,,,,
2023,09,27,1900.58,1903.92,1872.55,1874.99,115520.0,"1,153.85","1,137.96","1,153.85","1,126.36",860.42K,1.40%,"24,385.0","24,435.0","24,437.5","24,374.5",,0.02%,,,,,,,,,,
2023,09,26,1916.16,1916.81,1899.12,1900.58,98343.0,"1,137.96","1,153.20","1,163.52","1,137.96",1.05M,-1.32%,"24,380.0","24,352.5","24,442.5","24,352.5",,0.00%,,,,,,,,,,
2023,09,25,1925.07,1927.22,1915.11,1915.78,87820.0,"1,153.20","1,193.05","1,195.62","1,153.20",1.09M,-3.34%,"24,380.0","24,340.0","24,397.5","24,325.0",,0.08%,,,,,,,,,,
2023,09,22,1919.87,1929.12,1919.58,1925.25,96528.0,"1,193.05","1,212.74","1,212.74","1,174.57",1.39M,-1.62%,"24,360.0","24,320.0","24,375.0","24,285.0",,0.21%,,,,,,,,,,
2023,09,21,1930.34,1931.6,1913.9,1919.94,143289.0,"1,212.74","1,226.11","1,227.88","1,211.65",963.68K,-1.09%,"24,310.0","24,295.0","24,335.0","24,255.0",,0.16%,,,23590.0,,,23810.0,,24190.0,25740.0,
2023,09,20,1931.67,1947.42,1927.95,1930.36,136227.0,"1,226.11","1,211.50","1,226.11","1,209.46",878.03K,1.21%,"24,270.0","24,372.5","24,380.0","24,285.0",,-0.41%,,,,,,,,,,
2023,09,19,1933.54,1937.41,1929.75,1931.34,87297.0,"1,211.50","1,211.81","1,219.57","1,199.85",1.00M,-0.03%,"24,370.0","24,385.0","24,416.5","24,382.5",,0.00%,,,,,,,,,,
2023,09,18,1923.42,1934.23,1922.52,1933.61,98507.0,"1,211.81","1,227.36","1,227.36","1,203.88",845.00K,-1.27%,"24,370.0","24,275.0","24,385.0","24,255.0",,0.49%,,,,,,,,,,
2023,09,15,1910.89,1930.43,1909.71,1923.68,122561.0,"1,227.36","1,223.81","1,233.87","1,220.27",917.36K,0.29%,"24,250.0","24,255.0","24,270.0","24,230.5",,0.12%,,,,,,,,,,
2023,09,14,1908.72,1912.91,1901.02,1910.51,148428.0,"1,223.81","1,238.39","1,244.21","1,223.03",1.23M,-1.18%,"24,220.0","24,165.0","24,240.0","24,160.0",,0.27%,,,,,,,,,,
2023,09,13,1913.23,1915.77,1905.51,1908.15,127183.0,"1,238.39","1,245.44","1,250.61","1,232.84",1.26M,-0.57%,"24,155.0","24,100.0","24,176.5","24,095.0",,0.23%,,,,,,,,,,
2023,09,12,1922.77,1924.48,1907.59,1913.34,103458.0,"1,245.44","1,223.63","1,245.44","1,220.85",967.87K,1.78%,"24,100.0","24,085.0","24,115.0","24,079.0",,0.10%,,,,,,,,,,
2023,09,11,1920.36,1930.77,1916.47,1922.33,101764.0,"1,223.63","1,241.48","1,251.37","1,223.33",1.39M,-1.44%,"24,075.0","24,070.0","24,085.0","24,045.0",,0.08%,,,23050.0,,,23180.0,,23470.0,24870.0,
2023,09,08,1919.61,1929.7,1917.35,1919.13,98258.0,"1,241.48","1,243.14","1,248.10","1,240.15",1.10M,-0.13%,"24,055.0","24,055.0","24,125.0","24,055.0",,-0.02%,,,,,,,,,,
2023,09,07,1917.07,1923.58,1916.25,1919.62,98719.0,"1,243.14","1,245.50","1,255.11","1,240.82",1.13M,-0.19%,"24,060.0","24,060.0","24,096.5","24,040.0",,0.02%,,,,,,,,,,
2023,09,06,1926.11,1929.19,1915.31,1916.42,117181.0,"1,245.50","1,234.98","1,245.50","1,229.89",1.13M,0.85%,"24,055.0","24,085.0","24,105.0","23,995.0",,0.02%,,,,,,,,,,
2023,09,05,1938.41,1938.99,1925.36,1925.97,112965.0,"1,234.98","1,224.05","1,236.21","1,224.05",1.09M,0.89%,"24,050.0","24,120.0","24,120.0","24,057.5",,-0.04%,,,22640.0,,,22810.0,,23470.0,24870.0,
2023,09,04,1940.41,1946.28,1936.79,1938.47,44777.0,,,,,,,"24,060.0","24,060.0","24,060.0","24,060.0",,0.00%,,,,,,,,,,
2023,09,01,1940.01,1953.02,1934.4,1939.85,138713.0,,,,,,,"24,060.0","24,060.0","24,060.0","24,060.0",,0.00%,,,,,,,,,,
2023,08,31,1942.6,1947.91,1939.01,1940.06,92454.0,"1,224.05","1,213.16","1,224.84","1,213.16",945.48K,0.90%,"24,060.0","24,100.0","24,122.5","24,055.0",,-0.21%,,,,,,,,,,
2023,08,30,1937.3,1949.07,1934.95,1942.42,120052.0,"1,213.16","1,206.10","1,213.52","1,203.51",911.99K,0.72%,"24,110.0","24,165.0","24,191.5","24,110.0",,-0.29%,,,,,,,,,,
2023,08,29,1919.96,1938.2,1914.44,1937.32,126706.0,"1,204.43","1,201.72","1,208.78","1,197.57",990.94K,0.23%,"24,180.0","24,175.0","24,200.0","24,150.0",,0.42%,,,,,,,,,,
2023,08,28,1914.86,1926.07,1912.77,1920.06,88149.0,"1,201.72","1,183.37","1,202.02","1,183.37",882.85K,1.55%,"24,080.0","23,995.0","24,095.0","23,970.0",,0.23%,,,,,,,,,,
2023,08,25,1917.05,1922.45,1903.78,1914.21,132875.0,"1,183.37","1,189.39","1,192.59","1,181.60",893.34K,-0.51%,"24,024.0","24,040.0","24,040.0","23,980.0",,0.12%,,,,,,,,,,
2023,08,24,1915.38,1923.4,1911.77,1916.69,123400.0,"1,189.39","1,172.56","1,189.99","1,171.33",851.54K,1.44%,"23,995.0","23,995.0","24,010.5","23,967.5",,0.04%,,,,,,,,,,
2023,08,23,1897.19,1920.38,1897.18,1915.38,130444.0,"1,172.56","1,180.49","1,193.79","1,168.89",747.18K,-0.67%,"23,985.0","24,000.0","24,021.0","23,965.0",,0.27%,,,,,,,,,,
2023,08,22,1894.68,1904.53,1889.11,1897.38,111168.0,"1,180.49","1,179.76","1,184.43","1,149.13",1.06M,0.06%,"23,920.0","23,812.5","23,935.0","23,805.0",,0.48%,,,,,,,,,,
2023,08,21,1889.66,1898.78,1884.81,1894.67,124492.0,"1,179.76","1,177.99","1,188.16","1,164.63",1.08M,0.15%,"23,805.0","23,795.0","23,819.0","23,747.5",,0.00%,,,22350.0,,,22300.0,,23330.0,24600.0,
2023,08,18,1889.45,1896.91,1886.76,1889.37,109839.0,"1,177.99","1,233.48","1,233.48","1,177.74",1.70M,-4.50%,"23,805.0","23,867.5","23,875.0","23,780.0",,-0.19%,,,,,,,,,,
2023,08,17,1892.05,1903.49,1885.04,1889.33,132708.0,"1,233.48","1,242.58","1,243.98","1,233.48",1.11M,-0.79%,"23,850.0","23,965.0","23,975.0","23,865.0",,-0.36%,,,,,,,,,,
2023,08,16,1901.65,1907.22,1891.85,1891.92,115345.0,"1,243.26","1,234.05","1,243.48","1,234.05",930.67K,0.75%,"23,935.0","23,975.0","24,007.5","23,915.0",,-0.13%,,,,,,,,,,
2023,08,15,1907.17,1911.65,1896.35,1901.85,149099.0,"1,234.05","1,236.84","1,239.42","1,230.58",912.03K,-0.23%,"23,965.0","23,855.0","23,980.0","23,830.0",,0.63%,,,,,,,,,,
2023,08,14,1913.35,1916.24,1902.69,1907.42,110592.0,"1,236.84","1,232.21","1,239.61","1,229.04",1.11M,0.38%,"23,815.0","23,770.0","23,825.5","23,727.5",,0.27%,,,,,,,,,,
2023,08,11,1912.57,1920.95,1910.77,1913.62,106435.0,"1,232.21","1,220.61","1,232.21","1,213.37",1.01M,0.95%,"23,750.0","23,750.0","23,760.0","23,687.5",,0.04%,,,22420.0,,,21880.0,,22820.0,23990.0,
2023,08,10,1914.71,1930.14,1912.1,1912.33,138980.0,"1,220.61","1,233.99","1,238.19","1,220.61",1.01M,-1.08%,"23,740.0","23,740.0","23,755.0","23,710.0",,0.02%,,,,,,,,,,
2023,08,09,1925.02,1932.34,1913.98,1914.7,104727.0,"1,233.99","1,242.23","1,242.23","1,231.28",1.09M,-0.66%,"23,735.0","23,735.0","23,750.5","23,681.0",,0.02%,,,,,,,,,,
2023,08,08,1936.21,1938.06,1922.73,1925.22,117058.0,"1,242.23","1,241.42","1,246.22","1,239.01",1.19M,0.07%,"23,730.0","23,745.0","23,746.5","23,693.5",,0.04%,,,,,,,,,,
2023,08,07,1942.75,1946.72,1931.53,1936.52,84513.0,"1,241.42","1,233.10","1,241.42","1,230.38",1.30M,1.26%,"23,720.0","23,710.0","23,750.0","23,676.5",,-0.02%,,,,,,,,,,
2023,08,04,1934.62,1946.95,1925.53,1942.65,131485.0,"1,225.98","1,210.95","1,228.12","1,210.95",1.13M,1.24%,"23,725.0","23,750.0","23,763.5","23,684.5",,-0.11%,,,,,,,,,,
2023,08,03,1935.38,1938.88,1929.51,1933.98,143999.0,"1,210.95","1,219.73","1,222.35","1,209.06",1.03M,-0.78%,"23,750.0","23,770.0","23,775.5","23,745.0",,0.06%,,,,,,,,,,
2023,08,02,1949.98,1954.84,1932.94,1934.87,138045.0,"1,220.43","1,217.56","1,223.04","1,213.18",940.81K,0.24%,"23,735.0","23,692.5","23,751.5","23,670.0",,0.23%,,,,,,,,,,
2023,08,01,1965.68,1965.98,1941.26,1944.19,137730.0,"1,217.56","1,222.90","1,234.50","1,217.56",1.28M,-0.44%,"23,680.0","23,677.5","23,695.0","23,664.5",,0.00%,,,20610.0,,,20270.0,,22790.0,23960.0,
2023,07,31,1959.58,1972.39,1950.87,1965.52,124338.0,"1,222.90","1,207.67","1,224.81","1,207.67",1.20M,1.26%,"23,680.0","23,682.5","23,691.5","23,670.0",,-0.02%,,,,,,,,,,
2023,07,28,1946.81,1963.56,1945.35,1959.15,161272.0,"1,207.67","1,197.33","1,207.67","1,195.86",1.11M,0.86%,"23,685.0","23,661.5","23,698.5","23,661.5",,0.10%,,,,,,,,,,
2023,07,27,1971.43,1982.23,1942.57,1945.52,171566.0,"1,197.33","1,200.84","1,203.69","1,191.08",1.16M,-0.29%,"23,661.0","23,675.0","23,680.0","23,657.0",,-0.02%,,,,,,,,,,
2023,07,26,1964.93,1978.32,1962.0,1972.27,151452.0,"1,200.84","1,195.90","1,200.84","1,195.44",912.30K,0.41%,"23,665.0","23,667.5","23,682.5","23,661.5",,0.04%,,,,,,,,,,
2023,07,25,1955.2,1965.69,1951.74,1964.85,115002.0,"1,195.90","1,190.72","1,199.27","1,190.72",1.00M,0.44%,"23,655.0","23,677.5","23,723.5","23,654.5",,-0.04%,,,,,,,,,,
2023,07,24,1962.41,1967.88,1953.47,1954.87,128955.0,"1,190.72","1,185.90","1,193.22","1,183.39",1.04M,0.41%,"23,665.0","23,665.0","23,676.5","23,645.5",,0.04%,,,,,,,,,,
2023,07,21,1970.2,1973.8,1956.81,1961.84,131317.0,"1,185.90","1,172.81","1,185.90","1,172.07",988.09K,1.12%,"23,656.0","23,665.0","23,670.0","23,636.5",,0.04%,,,19500.0,,,19180.0,,21630.0,22790.0,
2023,07,20,1977.33,1987.43,1965.36,1969.5,150787.0,"1,172.81","1,172.98","1,174.39","1,166.62",796.61K,-0.01%,"23,647.0","23,697.5","23,697.5","23,635.5",,0.07%,,,,,,,,,,
2023,07,19,1978.93,1980.93,1969.69,1976.97,139338.0,"1,172.98","1,174.09","1,178.55","1,172.98",896.65K,-0.09%,"23,630.0","23,642.5","23,654.5","23,630.0",,-0.02%,,,,,,,,,,
2023,07,18,1954.69,1984.36,1954.53,1978.73,167005.0,"1,174.09","1,173.13","1,175.70","1,170.04",837.14K,0.08%,"23,635.0","23,635.0","23,650.5","23,625.0",,0.02%,,,,,,,,,,
2023,07,17,1955.47,1959.85,1945.77,1954.92,122773.0,"1,173.13","1,171.75","1,174.89","1,168.77",914.62K,0.40%,"23,630.0","23,645.0","23,672.0","23,625.0",,0.00%,,,,,,,,,,
2023,07,14,1960.2,1963.78,1950.93,1955.45,155997.0,"1,168.40","1,165.42","1,169.84","1,156.28",1.04M,0.26%,"23,630.0","23,660.0","23,665.0","23,627.5",,-0.15%,,,,,,,,,,
2023,07,13,1957.14,1963.65,1952.38,1960.39,174561.0,"1,165.42","1,154.20","1,165.42","1,154.20",806.74K,0.97%,"23,665.0","23,630.0","23,677.5","23,625.0",,0.02%,,,,,,,,,,
2023,07,12,1932.32,1959.7,1932.14,1957.35,169381.0,"1,154.20","1,151.77","1,157.43","1,149.28",788.16K,0.21%,"23,660.0","23,700.0","23,700.0","23,655.0",,-0.13%,,,,,,,,,,
2023,07,11,1925.14,1938.47,1924.35,1932.09,140599.0,"1,151.77","1,149.02","1,157.01","1,149.02",936.91K,0.24%,"23,690.0","23,635.0","23,715.0","23,628.5",,0.21%,,,18610.0,,,18320.0,,20410.0,21490.0,
2023,07,10,1924.76,1928.06,1912.69,1925.28,130186.0,"1,149.02","1,138.07","1,149.02","1,138.07",879.43K,0.96%,"23,640.0","23,630.0","23,672.5","23,603.0",,0.02%,,,,,,,,,,
2023,07,07,1910.59,1934.97,1909.45,1925.31,155209.0,"1,138.07","1,126.22","1,138.07","1,122.94",798.40K,1.05%,"23,635.0","23,712.5","23,717.5","23,640.0",,-0.32%,,,,,,,,,,
2023,07,06,1916.2,1927.59,1902.59,1910.93,154947.0,"1,126.22","1,134.62","1,135.81","1,122.35",921.11K,-0.74%,"23,710.0","23,772.5","23,772.5","23,710.0",,-0.15%,,,,,,,,,,
2023,07,05,1925.84,1935.05,1914.74,1915.21,137542.0,"1,134.62","1,132.00","1,138.67","1,132.00",807.03K,0.23%,"23,745.0","23,717.5","23,790.0","23,717.5",,0.19%,,,,,,,,,,
2023,07,04,1921.28,1930.75,1919.74,1925.89,59937.0,"1,132.00","1,125.50","1,132.12","1,123.49",701.31K,0.58%,"23,700.0","23,690.0","23,710.0","23,655.0",,0.02%,,,,,,,,,,
2023,07,03,1918.6,1930.98,1909.97,1921.48,117342.0,"1,125.50","1,120.18","1,128.35","1,120.18",558.38K,0.47%,"23,695.0","23,546.5","23,710.0","23,546.5",,0.51%,,,18160.0,,,17920.0,,20470.0,21420.0,
2023,06,30,1908.54,1922.8,1900.56,1919.17,152073.0,"1,120.18","1,125.39","1,126.33","1,120.01",617.53K,-0.46%,"23,575.0","23,585.0","23,596.5","23,530.0",,0.03%,,,,,,,,,,
2023,06,29,1907.49,1913.13,1892.95,1908.25,158035.0,"1,125.39","1,139.42","1,140.43","1,125.39",906.89K,-1.14%,"23,569.0","23,580.0","23,583.5","23,532.5",,0.06%,,,,,,,,,,
2023,06,28,1914.38,1917.14,1902.79,1907.28,132146.0,"1,138.35","1,134.33","1,140.56","1,131.86",892.14K,0.35%,"23,555.0","23,537.5","23,562.5","23,526.5",,0.15%,,,,,,,,,,
2023,06,27,1923.39,1930.69,1910.86,1913.62,145343.0,"1,134.33","1,132.03","1,136.49","1,128.82",722.00K,0.20%,"23,520.0","23,539.0","23,541.5","23,515.0",,-0.04%,,,,,,,,,,
2023,06,26,1925.15,1933.36,1921.56,1923.14,124470.0,"1,132.03","1,129.38","1,134.00","1,119.95",1.04M,0.23%,"23,530.0","23,525.0","23,540.0","23,490.0",,0.06%,,,,,,,,,,
2023,06,23,1913.66,1937.47,1909.99,1920.53,117890.0,"1,129.38","1,125.30","1,130.61","1,122.62",906.63K,0.36%,"23,515.0","23,520.0","23,527.5","23,497.5",,0.00%,,,,,,,,,,
2023,06,22,1931.67,1934.82,1912.18,1913.64,112259.0,"1,125.30","1,118.46","1,127.54","1,118.46",919.32K,0.61%,"23,515.0","23,502.5","23,527.5","23,502.0",,0.04%,,,,,,,,,,
2023,06,21,1935.44,1939.45,1919.19,1932.43,117530.0,"1,118.46","1,112.73","1,118.46","1,110.65",875.89K,0.61%,"23,505.0","23,525.0","23,531.5","23,510.0",,-0.06%,,,18170.0,,,17950.0,,20870.0,22010.0,
2023,06,20,1950.6,1956.79,1929.78,1936.08,125331.0,"1,111.72","1,105.40","1,111.72","1,102.58",695.59K,0.57%,"23,520.0","23,536.0","23,536.0","23,517.5",,0.00%,,,,,,,,,,
2023,06,19,1957.62,1958.76,1947.78,1950.48,64873.0,"1,105.40","1,115.22","1,117.23","1,104.73",811.31K,-0.88%,"23,520.0","23,530.5","23,531.5","23,506.0",,0.00%,,,,,,,,,,
2023,06,16,1957.12,1967.93,1953.28,1957.51,121322.0,"1,115.22","1,116.97","1,128.92","1,112.51",1.17M,-0.16%,"23,520.0","23,530.0","23,542.5","23,512.5",,-0.02%,,,,,,,,,,
2023,06,15,1942.55,1960.26,1924.7,1957.96,143246.0,"1,116.97","1,117.42","1,120.13","1,112.11",716.88K,-0.04%,"23,525.0","23,512.5","23,546.5","23,479.5",,0.11%,,,,,,,,,,
2023,06,14,1943.21,1960.27,1939.61,1941.74,124459.0,"1,117.42","1,122.46","1,129.49","1,117.42",928.60K,-0.45%,"23,500.0","23,505.5","23,514.0","23,503.0",,0.02%,,,,,,,,,,
2023,06,13,1957.0,1971.13,1940.05,1943.44,127070.0,"1,122.46","1,116.02","1,122.46","1,116.02",943.54K,0.58%,"23,495.0","23,498.0","23,504.0","23,482.5",,0.06%,,,,,,,,,,
2023,06,12,1960.21,1966.97,1949.2,1957.34,117727.0,"1,116.02","1,110.26","1,116.02","1,100.08",797.98K,0.77%,"23,480.0","23,472.5","23,488.5","23,470.5",,0.04%,,,18020.0,,,17820.0,,20870.0,22010.0,
2023,06,09,1965.68,1973.1,1956.64,1960.46,102226.0,"1,107.53","1,101.32","1,107.53","1,097.23",902.21K,0.56%,"23,470.0","23,487.5","23,495.0","23,477.0",,-0.09%,,,,,,,,,,
2023,06,08,1940.31,1970.5,1940.12,1965.44,120507.0,"1,101.32","1,109.54","1,115.14","1,101.32",1.32M,-0.74%,"23,490.0","23,487.5","23,499.0","23,482.5",,0.02%,,,,,,,,,,
2023,06,07,1963.51,1970.18,1939.77,1939.87,116106.0,"1,109.54","1,108.31","1,112.28","1,104.26",1.00M,0.11%,"23,485.0","23,485.0","23,492.5","23,476.5",,0.00%,,,,,,,,,,
2023,06,06,1961.56,1966.4,1954.39,1963.23,108610.0,"1,108.31","1,097.82","1,108.31","1,097.82",842.76K,0.96%,"23,485.0","23,495.0","23,500.0","23,470.0",,-0.04%,,,,,,,,,,
2023,06,05,1947.68,1964.03,1938.13,1961.7,126309.0,"1,097.82","1,090.84","1,103.81","1,090.84",948.36K,0.64%,"23,495.0","23,487.5","23,508.5","23,472.5",,0.09%,,,,,,,,,,
2023,06,02,1976.96,1983.48,1947.5,1947.62,123567.0,"1,090.84","1,084.19","1,092.24","1,083.36",1.04M,1.15%,"23,475.0","23,480.0","23,483.5","23,455.0",,-0.04%,,,,,,,,,,
2023,06,01,1963.16,1983.1,1953.39,1977.4,129954.0,"1,078.39","1,075.17","1,078.39","1,071.61",856.81K,0.30%,"23,485.0","23,491.0","23,492.5","23,476.5",,0.00%,,,17940.0,,,17770.0,,20870.0,22010.0,
2023,05,31,1958.88,1974.79,1953.68,1962.6,135381.0,"1,075.17","1,078.05","1,079.11","1,071.38",924.36K,-0.27%,"23,485.0","23,485.0","23,497.5","23,485.0",,0.02%,,,,,,,,,,
2023,05,30,1943.68,1963.55,1932.05,1959.17,124746.0,"1,078.05","1,074.98","1,079.31","1,071.01",922.94K,0.29%,"23,480.0","23,477.5","23,492.0","23,472.5",,0.06%,,,,,,,,,,
2023,05,29,1942.84,1949.71,1940.22,1943.15,52967.0,"1,074.98","1,063.76","1,077.18","1,063.76",844.88K,1.05%,"23,465.0","23,482.5","23,484.0","23,465.0",,-0.04%,,,,,,,,,,
2023,05,26,1941.49,1957.3,1936.76,1946.72,120249.0,"1,063.76","1,064.63","1,067.28","1,063.76",640.72K,-0.08%,"23,475.0","23,477.5","23,485.0","23,472.5",,0.02%,,,,,,,,,,
2023,05,25,1958.43,1964.77,1938.84,1940.69,131856.0,"1,064.63","1,061.79","1,065.50","1,057.91",669.53K,0.27%,"23,470.0","23,485.0","23,492.5","23,469.0",,0.00%,,,,,,,,,,
2023,05,24,1975.21,1985.29,1956.71,1957.24,132173.0,"1,061.79","1,065.85","1,069.61","1,060.60",794.10K,-0.38%,"23,470.0","23,495.0","23,510.0","23,445.0",,0.00%,,,,,,,,,,
2023,05,23,1971.88,1977.78,1954.24,1974.88,132954.0,"1,065.85","1,073.12","1,073.96","1,062.15",721.99K,-0.45%,"23,470.0","23,444.0","23,482.5","23,442.5",,0.14%,,,,,,,,,,
2023,05,22,1977.99,1982.59,1968.87,1971.73,119525.0,"1,070.64","1,067.07","1,070.64","1,065.88",711.11K,0.33%,"23,438.0","23,455.0","23,467.5","23,438.0",,-0.09%,,,17950.0,,,17960.0,,20480.0,21490.0,
2023,05,19,1958.11,1984.18,1954.02,1977.5,137157.0,"1,067.07","1,068.31","1,070.15","1,058.56",755.49K,-0.12%,"23,460.0","23,465.0","23,546.0","23,427.5",,0.04%,,,,,,,,,,
2023,05,18,1981.6,1986.01,1951.98,1957.39,121863.0,"1,068.31","1,060.44","1,073.41","1,060.44",649.54K,0.74%,"23,450.0","23,455.0","23,460.0","23,411.0",,0.00%,,,,,,,,,,
2023,05,17,1988.89,1993.04,1974.98,1981.41,119404.0,"1,060.44","1,065.91","1,069.95","1,060.44",836.83K,-0.51%,"23,450.0","23,455.0","23,455.5","23,446.5",,0.00%,,,,,,,,,,
2023,05,16,2016.54,2018.32,1985.19,1988.81,130829.0,"1,065.91","1,065.71","1,069.27","1,063.65",681.38K,0.02%,"23,450.0","23,457.0","23,472.5","23,449.0",,-0.03%,,,,,,,,,,
2023,05,15,2008.04,2022.21,2007.28,2016.32,117826.0,"1,065.71","1,066.90","1,076.32","1,065.71",834.50K,-0.11%,"23,458.0","23,464.0","23,471.5","23,446.5",,0.03%,,,,,,,,,,
2023,05,12,2015.12,2022.59,2000.89,2010.91,139283.0,"1,066.90","1,057.12","1,066.90","1,053.97",725.83K,0.93%,"23,450.0","23,460.0","23,475.0","23,455.0",,-0.06%,,,,,,,,,,
2023,05,11,2029.86,2041.29,2011.04,2014.95,171712.0,"1,057.12","1,058.26","1,063.69","1,056.72",708.31K,-0.11%,"23,465.0","23,470.0","23,475.0","23,462.5",,0.00%,,,17650.0,,,17970.0,,20130.0,21000.0,
2023,05,10,2034.4,2048.18,2021.55,2030.1,155324.0,"1,058.26","1,055.62","1,058.67","1,053.34",717.42K,0.43%,"23,465.0","23,467.5","23,475.0","23,449.5",,0.02%,,,,,,,,,,
2023,05,09,2021.17,2037.62,2019.51,2034.42,126509.0,"1,053.77","1,055.42","1,058.71","1,052.68",564.40K,0.03%,"23,460.0","23,452.5","23,469.0","23,448.0",,0.07%,,,,,,,,,,
2023,05,08,2017.12,2029.42,2014.07,2021.36,127751.0,"1,053.44","1,040.31","1,053.44","1,040.31",655.53K,1.26%,"23,443.0","23,450.0","23,460.0","23,444.0",,0.01%,,,,,,,,,,
2023,05,05,2049.01,2053.0,1999.51,2016.54,171684.0,"1,040.31","1,040.61","1,043.22","1,036.69",547.78K,-0.03%,"23,440.0","23,452.5","23,455.0","23,445.0",,-0.02%,,,,,,,,,,
2023,05,04,2064.37,2066.81,2030.38,2050.15,236494.0,"1,040.61","1,049.12","1,049.12","1,038.18",625.81K,-0.81%,"23,445.0","23,452.5","23,457.5","23,444.5",,-0.02%,,,18250.0,,,18520.0,,21430.0,22320.0,
2023,05,03,2016.03,2040.37,2007.78,2038.52,163007.0,,,,,,,"23,450.0","23,450.0","23,450.0","23,450.0",,0.00%,,,,,,,,,,
2023,05,02,1982.12,2019.41,1978.49,2016.53,163747.0,,,,,,,"23,450.0","23,450.0","23,450.0","23,450.0",,0.00%,,,,,,,,,,
2023,05,01,1989.54,2006.0,1977.09,1982.44,124357.0,,,,,,,"23,450.0","23,450.0","23,450.0","23,450.0",,0.00%,,,,,,,,,,
2023,04,28,1987.48,1995.04,1976.15,1989.55,184958.0,"1,049.12","1,043.17","1,049.12","1,042.04",613.14K,0.91%,"23,450.0","23,455.0","23,483.0","23,451.0",,0.02%,,,,,,,,,,
2023,04,27,1989.84,2003.34,1974.22,1987.74,159975.0,"1,039.63","1,040.80","1,044.25","1,037.62",511.73K,-0.11%,"23,445.0","23,475.0","23,492.5","23,455.0",,-0.09%,,,,,,,,,,
2023,04,26,1996.86,2009.43,1983.37,1989.29,173748.0,"1,040.80","1,034.85","1,040.80","1,029.19",576.78K,0.57%,"23,465.0","23,492.5","23,495.0","23,472.5",,-0.03%,,,,,,,,,,
2023,04,25,1989.18,2003.85,1976.09,1997.06,165145.0,"1,034.85","1,045.87","1,045.87","1,032.49",539.59K,-0.63%,"23,473.0","23,480.0","23,496.0","23,473.0",,-0.09%,,,,,,,,,,
2023,04,24,1982.38,1990.79,1974.13,1989.05,139790.0,"1,041.36","1,042.91","1,047.18","1,038.36",556.99K,-0.15%,"23,494.0","23,490.0","23,497.0","23,477.5",,0.04%,,,,,,,,,,
2023,04,21,2004.2,2005.53,1971.59,1982.84,152487.0,"1,042.91","1,049.25","1,050.40","1,041.26",553.03K,-0.60%,"23,485.0","23,492.5","23,508.5","23,450.0",,-0.01%,,,19390.0,,,19480.0,,22680.0,23630.0,
2023,04,20,1994.35,2012.39,1990.5,2004.7,146685.0,"1,049.25","1,048.98","1,051.86","1,045.85",373.75K,0.03%,"23,488.0","23,500.0","23,562.5","23,482.5",,-0.10%,,,,,,,,,,
2023,04,19,2005.1,2008.2,1969.18,1994.67,154703.0,"1,048.98","1,055.02","1,058.14","1,047.47",569.68K,-0.57%,"23,511.0","23,517.5","23,518.0","23,452.0",,0.03%,,,,,,,,,,
2023,04,18,1994.76,2011.82,1991.19,2005.21,129636.0,"1,055.02","1,053.81","1,057.15","1,050.89",539.76K,0.11%,"23,505.0","23,510.0","23,517.0","23,472.5",,0.09%,,,,,,,,,,
2023,04,17,1999.29,2015.05,1981.18,1995.08,148115.0,"1,053.81","1,052.89","1,054.72","1,049.11",453.79K,0.09%,"23,485.0","23,455.0","23,495.0","23,446.5",,0.19%,,,,,,,,,,
2023,04,14,2040.17,2047.47,1992.4,2004.42,175966.0,"1,052.89","1,064.30","1,068.79","1,052.89",786.53K,-1.07%,"23,440.0","23,445.5","23,451.0","23,442.5",,0.00%,,,,,,,,,,
2023,04,13,2014.44,2048.67,2013.95,2040.1,149901.0,"1,064.30","1,069.45","1,070.96","1,062.26",673.04K,-0.48%,"23,440.0","23,447.0","23,453.5","23,440.0",,-0.01%,,,,,,,,,,
2023,04,12,2003.14,2028.35,2001.39,2014.77,159771.0,"1,069.45","1,071.61","1,072.70","1,066.43",726.16K,0.00%,"23,442.0","23,450.0","23,454.5","23,445.0",,-0.01%,,,,,,,,,,
2023,04,11,1991.07,2007.44,1988.82,2003.52,123789.0,"1,069.46","1,065.35","1,070.56","1,056.90",697.78K,0.39%,"23,445.0","23,447.0","23,457.0","23,444.0",,0.02%,,,20140.0,,,19730.0,,23170.0,24240.0,
2023,04,10,1997.3,2006.29,1981.72,1991.18,109339.0,"1,065.35","1,073.86","1,075.54","1,063.45",857.46K,-0.41%,"23,440.0","23,450.0","23,452.5","23,442.0",,-0.01%,,,,,,,,,,
2023,04,07,,,,,,"1,069.71","1,070.91","1,072.94","1,063.70",646.00K,-0.11%,"23,442.0","23,450.0","23,460.0","23,444.5",,-0.04%,,,,,,,,,,
2023,04,06,2020.75,2021.4,2000.84,2007.32,137810.0,"1,070.91","1,080.86","1,084.52","1,070.91",998.76K,-0.92%,"23,451.0","23,457.5","23,475.0","23,447.5",,-0.06%,,,,,,,,,,
2023,04,05,2021.09,2032.26,2009.9,2020.66,144574.0,"1,080.86","1,078.45","1,080.86","1,074.10",793.75K,0.22%,"23,465.0","23,470.0","23,497.5","23,455.0",,0.02%,,,,,,,,,,
2023,04,04,1984.24,2025.0,1977.01,2020.53,130283.0,"1,078.45","1,079.28","1,082.21","1,075.10",803.89K,-0.08%,"23,460.0","23,485.0","23,495.0","23,456.0",,-0.04%,,,,,,,,,,
2023,04,03,1967.06,1990.54,1949.76,1984.35,134768.0,"1,079.28","1,064.64","1,079.28","1,064.64",821.31K,1.38%,"23,470.0","23,465.0","23,515.0","23,456.0",,0.09%,,,19430.0,,,19030.0,,22080.0,23120.0,
2023,03,31,1980.34,1987.63,1966.89,1969.41,122612.0,"1,064.64","1,059.44","1,067.55","1,059.44",639.93K,0.49%,"23,450.0","23,472.5","23,510.0","23,456.0",,-0.09%,,,,,,,,,,
2023,03,30,1963.36,1984.37,1955.22,1980.21,114683.0,"1,059.44","1,056.33","1,066.23","1,056.33",633.98K,0.29%,"23,470.0","23,480.0","23,490.0","23,470.0",,-0.04%,,,,,,,,,,
2023,03,29,1973.64,1974.28,1958.68,1964.37,112432.0,"1,056.33","1,054.29","1,056.33","1,048.26",460.96K,0.19%,"23,480.0","23,515.0","23,515.0","23,481.0",,0.00%,,,,,,,,,,
2023,03,28,1956.64,1975.32,1949.15,1973.52,123125.0,"1,054.29","1,052.25","1,059.83","1,051.75",648.10K,0.19%,"23,480.0","23,517.0","23,521.0","23,492.5",,-0.09%,,,,,,,,,,
2023,03,27,1977.94,1978.74,1944.04,1956.35,137833.0,"1,052.25","1,047.78","1,053.78","1,041.99",556.95K,0.52%,"23,500.0","23,515.0","23,532.5","23,510.0",,-0.04%,,,,,,,,,,
2023,03,24,1993.8,2002.96,1975.15,1978.81,185538.0,"1,046.79","1,045.10","1,052.29","1,044.02",579.74K,0.16%,"23,510.0","23,515.0","23,525.0","23,495.0",,0.09%,,,,,,,,,,
2023,03,23,1969.68,2003.33,1964.41,1993.97,180114.0,"1,045.10","1,040.54","1,045.10","1,030.93",431.45K,0.44%,"23,490.0","23,505.0","23,520.0","23,490.0",,-0.09%,,,,,,,,,,
2023,03,22,1939.76,1979.19,1934.27,1969.79,129183.0,"1,040.54","1,032.43","1,042.84","1,032.43",458.78K,0.79%,"23,510.0","23,565.0","23,570.0","23,490.0",,-0.25%,,,,,,,,,,
2023,03,21,1978.91,1985.19,1935.44,1940.53,149576.0,"1,032.43","1,023.10","1,036.15","1,017.05",474.89K,0.91%,"23,570.0","23,590.0","23,595.0","23,577.5",,0.00%,,,19300.0,,,19460.0,,22020.0,23030.0,
2023,03,20,1986.7,2009.8,1965.83,1978.64,216846.0,"1,023.10","1,045.14","1,045.14","1,022.71",567.36K,-2.11%,"23,570.0","23,590.0","23,590.0","23,576.0",,0.00%,,,,,,,,,,
2023,03,17,1919.46,1988.17,1918.26,1988.17,178128.0,"1,045.14","1,047.40","1,055.42","1,043.54",564.93K,-0.22%,"23,570.0","23,585.0","23,607.5","23,575.0",,0.04%,,,,,,,,,,
2023,03,16,1919.3,1933.51,1907.58,1919.34,194406.0,"1,047.40","1,062.19","1,062.19","1,043.65",532.93K,-1.39%,"23,560.0","23,582.5","23,587.5","23,562.5",,-0.02%,,,,,,,,,,
2023,03,15,1904.54,1937.36,1885.75,1918.01,209509.0,"1,062.19","1,040.13","1,062.55","1,040.13",622.86K,2.12%,"23,565.0","23,585.0","23,602.5","23,572.5",,-0.02%,,,,,,,,,,
2023,03,14,1912.32,1914.15,1895.42,1903.86,191738.0,"1,040.13","1,052.80","1,052.80","1,034.72",621.19K,-1.20%,"23,570.0","23,580.0","23,610.0","23,567.5",,0.00%,,,,,,,,,,
2023,03,13,1886.16,1914.62,1871.55,1913.56,252911.0,"1,052.80","1,053.00","1,055.58","1,045.46",625.07K,-0.02%,"23,570.0","23,675.0","23,675.0","23,537.5",,-0.38%,,,20500.0,,,20710.0,,22800.0,23810.0,
2023,03,10,1831.38,1870.18,1827.75,1867.15,189165.0,"1,053.00","1,055.95","1,055.95","1,046.31",508.59K,-0.28%,"23,660.0","23,695.0","23,705.0","23,675.0",,-0.08%,,,,,,,,,,
2023,03,09,1814.14,1835.68,1811.94,1830.77,126833.0,"1,055.95","1,049.18","1,060.56","1,049.18",609.04K,0.65%,"23,680.0","23,725.0","23,756.0","23,695.0",,-0.13%,,,,,,,,,,
2023,03,08,1813.94,1824.3,1809.41,1813.72,122507.0,"1,049.18","1,037.84","1,049.18","1,027.80",510.28K,1.09%,"23,710.0","23,725.0","23,757.5","23,695.0",,0.30%,,,,,,,,,,
2023,03,07,1846.4,1851.66,1812.69,1813.05,134388.0,"1,037.84","1,027.18","1,043.92","1,027.18",473.17K,1.04%,"23,640.0","23,635.0","23,667.5","23,600.0",,-0.04%,,,,,,,,,,
2023,03,06,1854.2,1858.27,1845.12,1846.61,107175.0,"1,027.18","1,024.77","1,042.43","1,024.77",421.90K,0.24%,"23,650.0","23,725.0","23,733.0","23,657.5",,-0.25%,,,,,,,,,,
2023,03,03,1836.22,1856.32,1836.07,1855.3,114876.0,"1,024.77","1,038.10","1,041.82","1,022.78",447.72K,-1.24%,"23,710.0","23,730.0","23,738.5","23,715.0",,0.04%,,,,,,,,,,
2023,03,02,1837.16,1839.01,1829.99,1835.6,115377.0,"1,037.61","1,039.00","1,043.80","1,033.07",373.16K,-0.28%,"23,700.0","23,715.0","23,735.0","23,699.5",,-0.04%,,,,,,,,,,
2023,03,01,1826.61,1844.55,1823.08,1836.56,124223.0,"1,040.55","1,024.68","1,040.55","1,013.37",523.62K,1.55%,"23,710.0","23,745.0","23,790.0","23,720.0",,-0.13%,,,20250.0,,,20470.0,,22420.0,23320.0,
2023,02,28,1817.16,1831.18,1804.69,1826.5,114598.0,"1,024.68","1,021.25","1,034.36","1,018.72",432.96K,0.34%,"23,740.0","23,795.0","23,807.5","23,760.0",,-0.27%,,,,,,,,,,
2023,02,27,1812.62,1820.18,1806.69,1817.25,115134.0,"1,021.25","1,039.56","1,039.56","1,017.55",588.61K,-1.76%,"23,805.0","23,825.0","23,835.0","23,788.0",,0.11%,,,,,,,,,,
2023,02,24,1822.47,1827.82,1808.93,1810.82,135136.0,"1,039.56","1,053.66","1,053.66","1,034.66",430.41K,-1.34%,"23,780.0","23,830.0","23,847.5","23,771.0",,-0.15%,,,,,,,,,,
2023,02,23,1825.76,1833.78,1817.46,1822.27,122849.0,"1,053.66","1,054.28","1,054.48","1,030.58",720.75K,-0.06%,"23,815.0","23,870.0","23,870.0","23,750.0",,0.15%,,,,,,,,,,
2023,02,22,1834.74,1846.03,1823.55,1825.2,135067.0,"1,054.28","1,082.23","1,082.23","1,054.28",814.01K,-2.58%,"23,780.0","23,735.0","23,805.0","23,735.0",,0.32%,,,,,,,,,,
2023,02,21,1841.44,1843.84,1830.23,1834.87,127405.0,"1,082.23","1,086.69","1,095.10","1,081.80",720.35K,-0.41%,"23,705.0","23,740.0","23,805.0","23,695.0",,-0.08%,,,20800.0,,,20840.0,,22540.0,23440.0,
2023,02,20,1840.89,1847.48,1837.29,1841.26,68363.0,"1,086.69","1,059.74","1,088.01","1,059.56",682.29K,2.58%,"23,725.0","23,830.0","23,855.0","23,690.0",,-0.36%,,,,,,,,,,
2023,02,17,1836.43,1843.6,1818.9,1842.54,130317.0,"1,059.31","1,058.29","1,062.25","1,053.26",465.08K,0.10%,"23,810.0","23,780.0","23,835.0","23,755.0",,0.55%,,,,,,,,,,
2023,02,16,1836.32,1845.3,1827.64,1836.43,136408.0,"1,058.29","1,048.20","1,058.29","1,047.45",475.80K,0.96%,"23,680.0","23,640.0","23,707.5","23,607.5",,0.28%,,,,,,,,,,
2023,02,15,1853.97,1860.11,1830.45,1835.85,130316.0,"1,048.20","1,038.64","1,051.89","1,034.39",585.76K,0.92%,"23,615.0","23,610.0","23,641.5","23,605.0",,0.06%,,,,,,,,,,
2023,02,14,1853.67,1870.66,1843.29,1854.36,146047.0,"1,038.64","1,043.70","1,046.64","1,032.76",395.73K,-0.48%,"23,600.0","23,605.0","23,622.5","23,590.0",,0.02%,,,,,,,,,,
2023,02,13,1864.68,1866.58,1850.47,1853.41,108404.0,"1,043.70","1,055.30","1,055.30","1,031.70",681.32K,-1.10%,"23,595.0","23,590.0","23,610.0","23,561.0",,0.13%,,,21560.0,,,21590.0,,22860.0,23760.0,
2023,02,10,1862.86,1872.23,1852.8,1865.35,138533.0,"1,055.30","1,064.03","1,066.28","1,054.08",463.94K,-0.82%,"23,565.0","23,575.0","23,630.0","23,565.0",,0.02%,,,,,,,,,,
2023,02,09,1875.15,1890.31,1858.91,1861.59,126475.0,"1,064.03","1,072.22","1,075.20","1,064.03",473.85K,-0.76%,"23,560.0","23,610.0","23,640.0","23,565.0",,-0.13%,,,,,,,,,,
2023,02,08,1873.92,1886.36,1869.03,1875.55,122113.0,"1,072.22","1,065.84","1,079.51","1,063.50",569.32K,0.60%,"23,590.0","23,625.0","23,634.5","23,587.5",,-0.04%,,,,,,,,,,
2023,02,07,1867.53,1884.4,1864.99,1873.63,157897.0,"1,065.84","1,089.29","1,092.12","1,065.18",673.21K,-2.15%,"23,600.0","23,505.0","23,615.0","23,505.0",,0.51%,,,,,,,,,,
2023,02,06,1862.02,1881.38,1861.98,1867.65,151531.0,"1,089.29","1,077.15","1,089.29","1,067.24",527.01K,1.13%,"23,480.0","23,451.0","23,505.0","23,450.5",,0.17%,,,,,,,,,,
2023,02,03,1911.94,1918.6,1861.44,1865.81,180401.0,"1,077.15","1,077.59","1,081.89","1,070.46",563.83K,-0.04%,"23,440.0","23,447.5","23,505.0","23,444.0",,-0.04%,,,,,,,,,,
2023,02,02,1951.47,1959.68,1911.3,1912.6,187358.0,"1,077.59","1,075.97","1,083.36","1,070.81",634.74K,0.15%,"23,449.0","23,449.0","23,454.5","23,442.5",,0.04%,,,,,,,,,,
2023,02,01,1928.01,1954.54,1920.54,1950.06,170229.0,"1,075.97","1,111.18","1,116.96","1,075.97",1.03M,-3.17%,"23,440.0","23,449.0","23,495.0","23,445.0",,-0.02%,,,,,,,,,,
2023,01,31,1923.0,1931.15,1900.82,1928.1,163653.0,"1,111.18","1,102.57","1,111.18","1,088.25",748.42K,0.78%,"23,445.0","23,450.0","23,476.0","23,445.0",,-0.11%,,,,,,,,,,
2023,01,30,1927.19,1934.5,1920.69,1923.23,145261.0,"1,102.57","1,117.10","1,118.46","1,102.57",798.68K,-1.30%,"23,470.0","23,475.0","23,477.5","23,447.5",,0.04%,,,22520.0,,,22570.0,,22320.0,23140.0,
2023,01,27,1928.31,1935.11,1916.59,1928.3,119510.0,"1,117.10","1,108.08","1,124.30","1,108.08",604.93K,0.81%,"23,460.0","23,485.0","23,485.0","23,445.0",,0.09%,,,,,,,,,,
2023,01,26,1946.48,1949.09,1918.62,1928.94,144998.0,,,,,,,"23,440.0","23,440.0","23,440.0","23,440.0",,0.00%,,,,,,,,,,
2023,01,25,1937.06,1948.06,1919.88,1946.08,143714.0,,,,,,,"23,440.0","23,440.0","23,440.0","23,440.0",,0.00%,,,,,,,,,,
2023,01,24,1930.9,1942.53,1917.17,1937.26,143041.0,,,,,,,"23,440.0","23,440.0","23,440.0","23,440.0",,0.00%,,,,,,,,,,
2023,01,23,1925.87,1935.59,1911.4,1930.85,145746.0,,,,,,,"23,440.0","23,440.0","23,440.0","23,440.0",,0.00%,,,,,,,,,,
2023,01,20,1931.65,1937.54,1920.69,1925.92,136165.0,,,,,,,"23,440.0","23,440.0","23,440.0","23,440.0",,0.00%,,,,,,,,,,
2023,01,19,1904.0,1935.17,1900.98,1932.12,156031.0,"1,108.08","1,098.28","1,111.72","1,094.46",617.71K,0.89%,"23,440.0","23,450.0","23,485.0","23,435.0",,0.01%,,,,,,,,,,
2023,01,18,1908.23,1925.89,1896.59,1904.16,180482.0,"1,098.28","1,088.29","1,100.39","1,088.29",604.20K,0.92%,"23,437.0","23,435.0","23,470.0","23,430.0",,0.04%,,,,,,,,,,
2023,01,17,1915.04,1919.0,1903.82,1908.59,139840.0,"1,088.29","1,066.68","1,088.29","1,066.68",673.93K,2.03%,"23,427.0","23,439.0","23,450.0","23,430.0",,-0.08%,,,,,,,,,,
2023,01,16,1919.0,1928.96,1910.85,1915.45,90117.0,"1,066.68","1,060.17","1,067.74","1,057.87",520.79K,0.61%,"23,445.0","23,440.0","23,450.0","23,427.5",,0.04%,,,,,,,,,,
2023,01,13,1895.74,1921.89,1892.32,1920.29,159548.0,"1,060.17","1,056.39","1,066.39","1,055.23",670.23K,0.36%,"23,435.0","23,442.5","23,450.5","23,439.5",0.02K,-0.01%,,,,,,,,,,
2023,01,12,1874.97,1901.61,1874.63,1896.75,169960.0,"1,056.39","1,055.76","1,060.97","1,050.27",506.47K,0.06%,"23,438.0","23,445.0","23,460.0","23,441.0",0.02K,-0.01%,,,,,,,,,,
2023,01,11,1876.99,1886.63,1867.15,1875.65,125672.0,"1,055.76","1,053.35","1,065.69","1,053.35",545.18K,0.23%,"23,440.0","23,449.0","23,465.0","23,444.5",0.02K,-0.02%,,,21630.0,,,21800.0,,21350.0,22150.0,
2023,01,10,1870.99,1880.77,1867.72,1876.91,131931.0,"1,053.35","1,054.21","1,057.44","1,045.75",546.26K,-0.08%,"23,445.0","23,450.0","23,482.5","23,447.5",0.02K,-0.01%,,,,,,,,,,
2023,01,09,1867.72,1881.58,1866.44,1871.67,134341.0,"1,054.21","1,058.28","1,062.12","1,050.95",475.20K,0.26%,"23,447.0","23,470.0","23,485.0","23,452.0",0.02K,-0.06%,,,,,,,,,,
2023,01,06,1832.3,1869.87,1831.31,1866.03,134449.0,"1,051.44","1,055.82","1,065.58","1,047.26",698.50K,-0.41%,"23,460.0","23,485.0","23,515.0","23,460.0",0.02K,-0.06%,,,,,,,,,,
2023,01,05,1854.48,1859.03,1825.11,1832.92,142899.0,"1,055.82","1,048.17","1,058.14","1,046.64",535.05K,0.91%,"23,475.0","23,520.0","23,522.5","23,470.0",0.03K,-0.15%,,,,,,,,,,
2023,01,04,1838.76,1865.12,1836.18,1854.68,159325.0,"1,046.35","1,043.90","1,052.60","1,041.56",647.73K,0.23%,"23,510.0","23,530.0","23,562.5","23,504.0",0.03K,-0.02%,,,,,,,,,,
2023,01,03,1826.57,1849.99,1823.52,1839.47,153530.0,"1,043.90","1,007.09","1,043.90","1,007.09",551.33K,3.66%,"23,515.0","23,575.0","23,590.0","23,490.0",0.04K,-0.40%,,,22150.0,,,22760.0,,21350.0,22150.0,
2023,01,02,,,,,,,,,,,,"23,610.0","23,610.0","23,610.0","23,610.0",,0.00%,,,,,,,,,,
2022,12,30,1814.66,1826.04,1813.39,1824.2,109366.0,"1,007.09","1,009.29","1,017.99","1,007.09",407.14K,-0.22%,"23,610.0","23,620.0","23,645.0","23,555.0",0.02K,0.04%,,,,,,,,,,
2022,12,29,1804.29,1820.24,1803.78,1814.79,100128.0,"1,009.29","1,015.66","1,021.96","1,009.29",462.66K,-0.63%,"23,600.0","23,640.0","23,675.0","23,620.0",0.03K,-0.08%,,,,,,,,,,
2022,12,28,1814.12,1814.62,1797.04,1804.21,102536.0,"1,015.66","1,004.57","1,020.52",998.97,590.45K,1.10%,"23,620.0","23,600.0","23,642.5","23,577.5",0.04K,0.17%,,,,,,,,,,
2022,12,27,1800.08,1833.63,1799.76,1813.47,106424.0,"1,004.57",985.21,"1,007.88",983.67,593.36K,1.97%,"23,580.0","23,605.0","23,630.0","23,565.0",0.03K,-0.04%,,,,,,,,,,
2022,12,26,,,,,,985.21,"1,020.34","1,021.89",985.21,623.49K,-3.44%,"23,590.0","23,605.0","23,657.5","23,587.5",0.03K,0.13%,,,,,,,,,,
2022,12,23,1793.44,1803.22,1791.18,1798.51,107520.0,"1,020.34","1,022.61","1,027.34","1,013.20",544.11K,-0.22%,"23,560.0","23,640.0","23,675.0","23,570.0",0.03K,-0.30%,,,,,,,,,,
2022,12,22,1813.92,1820.43,1784.67,1792.4,135463.0,"1,022.61","1,018.88","1,033.18","1,016.54",714.22K,0.37%,"23,630.0","23,715.0","23,745.0","23,647.5",0.05K,-0.30%,,,,,,,,,,
2022,12,21,1817.81,1823.84,1811.85,1814.15,131501.0,"1,018.88","1,033.34","1,033.84","1,005.43",857.33K,-0.42%,"23,700.0","23,740.0","23,760.0","23,692.0",0.03K,-0.13%,,,21600.0,,,21830.0,,19970.0,20700.0,
2022,12,20,1787.5,1821.12,1784.61,1817.67,186978.0,"1,023.13","1,038.40","1,038.74","1,010.08",1.08M,-1.47%,"23,730.0","23,785.0","23,855.0","23,730.0",0.06K,0.13%,,,,,,,,,,
2022,12,19,1792.62,1798.73,1783.79,1787.65,125480.0,"1,038.40","1,052.48","1,065.59","1,038.40",988.84K,-1.34%,"23,700.0","23,605.0","23,715.0","23,590.0",0.02K,0.51%,,,,,,,,,,
2022,12,16,1776.64,1794.27,1774.25,1793.1,144965.0,"1,052.48","1,055.32","1,064.79","1,047.16",881.53K,-0.27%,"23,580.0","23,555.0","23,610.0","23,525.0",0.03K,0.34%,,,,,,,,,,
2022,12,15,1807.07,1808.6,1773.75,1776.8,172988.0,"1,055.32","1,049.16","1,062.61","1,049.06",731.12K,0.47%,"23,500.0","23,545.0","23,592.5","23,492.5",0.03K,-0.09%,,,,,,,,,,
2022,12,14,1810.66,1814.22,1795.64,1807.2,167756.0,"1,050.43","1,047.45","1,062.18","1,046.43",792.04K,0.28%,"23,520.0","23,525.0","23,575.0","23,475.0",0.04K,-0.34%,,,,,,,,,,
2022,12,13,1781.28,1824.52,1780.86,1810.51,165436.0,"1,047.45","1,032.07","1,047.45","1,026.30",798.74K,1.49%,"23,600.0","23,705.0","23,705.0","23,575.0",0.04K,-0.34%,,,,,,,,,,
2022,12,12,1796.94,1796.94,1777.63,1781.27,117482.0,"1,032.07","1,051.81","1,065.16","1,032.07",909.57K,-1.88%,"23,680.0","23,575.0","23,705.0","23,525.0",0.04K,0.55%,,,21670.0,,,21900.0,,20340.0,21200.0,
2022,12,09,1789.67,1806.14,1788.44,1797.46,130802.0,"1,051.81","1,050.53","1,061.21","1,041.39",788.20K,0.12%,"23,550.0","23,625.0","23,625.0","23,515.0",0.02K,-0.97%,,,,,,,,,,
2022,12,08,1785.83,1794.83,1781.45,1788.98,127854.0,"1,050.53","1,041.02","1,078.09","1,041.02",916.99K,0.91%,"23,780.0","23,895.0","23,930.0","23,805.0",0.03K,-0.50%,,,,,,,,,,
2022,12,07,1770.95,1790.52,1768.74,1785.98,150509.0,"1,041.02","1,048.69","1,059.79","1,034.92",920.94K,-0.73%,"23,900.0","24,000.0","24,015.0","23,825.5",0.05K,-0.33%,,,,,,,,,,
2022,12,06,1768.18,1780.86,1767.27,1770.99,140393.0,"1,048.69","1,093.67","1,093.67","1,048.69",1.48M,-4.11%,"23,980.0","24,025.0","24,095.0","24,000.0",0.03K,0.00%,,,,,,,,,,
2022,12,05,1795.99,1810.01,1765.85,1768.65,155784.0,"1,093.67","1,080.01","1,099.45","1,080.01",1.26M,1.26%,"23,980.0","24,115.0","24,125.0","23,925.0",0.03K,-1.52%,,,,,,,,,,
2022,12,02,1802.12,1804.52,1778.49,1797.98,163926.0,"1,080.01","1,036.28","1,080.01","1,030.81",1.09M,4.22%,"24,350.0","24,455.0","24,455.0","24,362.5",0.01K,-0.61%,,,,,,,,,,
2022,12,01,1769.08,1804.12,1768.56,1802.86,187527.0,"1,036.28","1,048.42","1,066.28","1,035.62",1.34M,-1.16%,"24,500.0","24,530.0","24,550.0","24,490.0",0.03K,-0.53%,,,23210.0,,,23560.0,,21670.0,22700.0,
2022,11,30,1749.36,1769.99,1744.91,1768.39,173585.0,"1,048.42","1,032.16","1,048.42","1,021.54",1.14M,1.58%,"24,630.0","24,740.0","24,741.5","24,635.0",0.04K,-0.48%,,,,,,,,,,
2022,11,29,1740.06,1759.05,1740.06,1749.67,150295.0,"1,032.16","1,005.69","1,032.16",998.56,1.18M,2.63%,"24,750.0","24,765.0","24,795.0","24,720.0",0.03K,-0.08%,,,,,,,,,,
2022,11,28,1754.28,1763.76,1739.63,1741.5,128876.0,"1,005.69",971.46,"1,006.22",971.46,973.79K,3.52%,"24,770.0","24,780.0","24,826.5","24,767.5",0.02K,0.04%,,,,,,,,,,
2022,11,25,1754.86,1761.24,1746.05,1754.65,103484.0,971.46,947.71,971.46,947.71,622.50K,2.51%,"24,760.0","24,835.0","24,853.5","24,755.0",0.03K,-0.29%,,,,,,,,,,
2022,11,24,1749.69,1758.61,1748.67,1755.38,87098.0,947.71,946.00,950.03,934.31,543.14K,0.18%,"24,833.0","24,845.0","24,851.5","24,835.0",0.02K,-0.04%,,,,,,,,,,
2022,11,23,1739.97,1753.39,1727.31,1749.4,140515.0,946.00,952.12,958.61,942.02,542.12K,-0.64%,"24,844.0","24,840.0","24,852.5","24,839.5",0.02K,-0.02%,,,,,,,,,,
2022,11,22,1738.85,1749.74,1737.08,1739.97,128252.0,952.12,960.65,985.28,948.52,1.05M,-0.89%,"24,850.0","24,845.0","24,854.5","24,822.5",0.01K,0.06%,,,,,,,,,,
2022,11,21,1751.15,1752.95,1732.54,1737.75,143361.0,960.65,969.33,973.19,956.77,597.72K,-0.90%,"24,835.0","24,817.5","24,842.5","24,795.0",0.02K,0.14%,,,24800.0,,,24640.0,,22670.0,23780.0,
2022,11,18,1760.52,1767.72,1747.55,1750.97,129204.0,969.33,969.26,971.77,939.73,960.58K,0.01%,"24,800.0","24,800.0","24,816.0","24,790.0",0.03K,-0.02%,,,,,,,,,,
2022,11,17,1773.67,1774.88,1754.51,1760.17,147971.0,969.26,942.90,972.88,942.90,724.46K,2.80%,"24,805.0","24,785.0","24,836.0","24,782.5",0.03K,0.12%,,,,,,,,,,
2022,11,16,1777.75,1785.06,1770.35,1773.79,174707.0,942.90,911.90,945.42,873.78,1.05M,3.40%,"24,775.0","24,771.5","24,807.5","24,764.0",0.03K,0.04%,,,,,,,,,,
2022,11,15,1770.64,1786.57,1767.13,1778.72,208619.0,911.90,941.04,941.04,900.17,692.34K,-3.10%,"24,765.0","24,765.0","24,848.5","24,760.0",0.04K,0.12%,,,,,,,,,,
2022,11,14,1763.34,1775.09,1753.3,1771.09,142735.0,941.04,954.53,954.53,923.53,666.06K,-1.41%,"24,735.0","24,810.0","24,830.0","24,735.0",0.04K,-0.28%,,,,,,,,,,
2022,11,11,1753.59,1772.78,1747.3,1770.15,145499.0,954.53,947.24,966.70,947.24,736.49K,0.77%,"24,805.0","24,855.0","24,869.0","24,800.0",0.04K,-0.24%,,,24980.0,,,24740.0,,22710.0,23860.0,
2022,11,10,1706.22,1757.19,1703.71,1755.48,152130.0,947.24,975.97,976.31,935.78,698.76K,-3.89%,"24,865.0","24,860.0","24,872.0","24,855.0",0.02K,0.01%,,,,,,,,,,
2022,11,09,1712.23,1722.37,1702.2,1706.92,138346.0,985.59,981.65,994.79,977.93,583.06K,0.40%,"24,862.0","24,861.0","24,873.5","24,860.5",0.01K,-0.04%,,,,,,,,,,
2022,11,08,1674.9,1716.88,1664.71,1712.33,132204.0,981.65,975.19,981.86,956.97,660.72K,0.66%,"24,871.0","24,861.0","24,871.5","24,861.0",0.01K,0.00%,,,,,,,,,,
2022,11,07,1674.4,1681.9,1666.9,1675.31,144667.0,975.19,997.15,997.15,969.61,646.85K,-2.20%,"24,870.0","24,864.0","24,874.5","24,840.0",0.02K,0.00%,,,,,,,,,,
2022,11,04,1628.93,1681.72,1628.77,1680.79,163559.0,997.15,"1,008.23","1,009.96",974.61,753.11K,-2.22%,"24,870.0","24,867.0","24,883.0","24,840.0",0.02K,0.04%,,,,,,,,,,
2022,11,03,1634.5,1641.0,1616.72,1629.55,148549.0,"1,019.81","1,023.19","1,023.95","1,010.65",442.89K,-0.33%,"24,860.0","24,859.0","24,872.5","24,855.0",0.02K,0.10%,,,,,,,,,,
2022,11,02,1647.18,1669.33,1634.74,1635.07,139978.0,"1,023.19","1,033.75","1,034.73","1,018.64",578.23K,-1.02%,"24,835.0","24,860.0","24,872.5","24,840.0",0.02K,-0.06%,,,,,,,,,,
2022,11,01,1632.86,1657.04,1630.65,1647.66,143204.0,"1,033.75","1,027.94","1,043.53","1,027.39",613.98K,0.57%,"24,850.0","24,855.0","24,875.0","24,822.5",0.02K,0.04%,,,25070.0,,,23780.0,,21870.0,22750.0,
2022,10,31,1642.98,1645.65,1631.8,1633.56,117975.0,"1,027.94","1,028.24","1,030.32","1,005.00",662.04K,0.06%,"24,840.0","24,830.0","24,860.0","24,830.0",0.03K,0.08%,,,,,,,,,,
2022,10,28,1662.6,1667.04,1638.05,1644.6,151188.0,"1,027.36","1,028.01","1,044.57","1,026.53",654.70K,-0.06%,"24,820.0","24,850.0","24,850.0","24,812.5",0.03K,-0.04%,,,,,,,,,,
2022,10,27,1664.32,1670.83,1654.88,1663.26,160258.0,"1,028.01",993.36,"1,028.01",990.48,647.72K,3.49%,"24,830.0","24,830.0","24,851.0","24,810.0",0.03K,0.00%,,,,,,,,,,
2022,10,26,1652.18,1674.93,1649.68,1664.62,144998.0,993.36,997.70,"1,004.55",984.71,448.28K,-0.44%,"24,830.0","24,855.0","24,862.5","24,832.5",0.03K,-0.04%,,,,,,,,,,
2022,10,25,1649.8,1662.43,1638.2,1653.08,140896.0,997.70,986.15,"1,011.39",962.45,751.18K,1.17%,"24,840.0","24,850.0","24,867.5","24,825.0",0.02K,0.04%,,,,,,,,,,
2022,10,24,1659.8,1670.53,1644.01,1649.36,167918.0,986.15,"1,019.82","1,023.51",977.41,654.95K,-3.30%,"24,830.0","24,855.0","24,872.5","24,810.0",0.01K,0.04%,,,,,,,,,,
2022,10,21,1628.31,1657.74,1617.29,1657.33,180660.0,"1,019.82","1,058.45","1,059.09","1,013.69",742.10K,-3.65%,"24,820.0","24,555.0","24,845.0","24,552.5",0.03K,1.18%,,,24780.0,,,23660.0,,21490.0,22340.0,
2022,10,20,1629.24,1645.64,1622.43,1628.03,139743.0,"1,058.45","1,056.14","1,065.28","1,048.21",398.33K,-0.15%,"24,530.0","24,455.0","24,564.0","24,455.0",0.03K,0.33%,,,,,,,,,,
2022,10,19,1651.91,1654.5,1627.68,1629.01,128397.0,"1,060.07","1,063.66","1,065.99","1,052.29",400.66K,-0.34%,"24,450.0","24,450.0","24,580.0","24,445.0",0.04K,0.08%,,,,,,,,,,
2022,10,18,1650.47,1660.93,1645.83,1651.92,130558.0,"1,063.66","1,051.58","1,071.74","1,051.58",514.84K,1.15%,"24,430.0","24,340.0","24,445.0","24,325.0",0.04K,0.49%,,,,,,,,,,
2022,10,17,1645.84,1668.46,1644.06,1650.57,126840.0,"1,051.58","1,061.85","1,061.85","1,033.59",497.42K,-0.97%,"24,310.0","24,135.0","24,355.0","24,135.0",0.04K,0.83%,,,,,,,,,,
2022,10,14,1666.16,1671.77,1640.19,1644.29,156093.0,"1,061.85","1,050.99","1,068.12","1,050.99",641.48K,1.03%,"24,110.0","24,105.0","24,183.5","24,100.0",0.03K,-0.04%,,,,,,,,,,
2022,10,13,1674.08,1682.46,1642.46,1666.19,147839.0,"1,050.99","1,034.81","1,050.99","1,025.04",477.33K,1.56%,"24,120.0","23,965.0","24,155.0","23,965.0",0.05K,0.73%,,,,,,,,,,
2022,10,12,1666.28,1678.38,1661.38,1673.12,136154.0,"1,034.81","1,006.20","1,039.44","1,002.89",616.14K,2.84%,"23,945.0","23,935.0","23,977.5","23,891.5",0.04K,0.08%,,,,,,,,,,
2022,10,11,1668.12,1683.97,1661.01,1666.1,143042.0,"1,006.20","1,042.48","1,042.48",998.64,672.10K,-3.48%,"23,925.0","23,887.5","23,942.5","23,885.0",0.04K,0.23%,,,24180.0,,,22820.0,,21290.0,22000.0,
2022,10,10,1696.55,1699.81,1665.71,1668.03,124012.0,"1,042.48","1,035.91","1,051.02","1,012.94",692.98K,0.63%,"23,870.0","23,890.0","23,895.0","23,877.5",0.03K,-0.02%,,,,,,,,,,
2022,10,07,1711.79,1714.83,1690.65,1694.8,130306.0,"1,035.91","1,074.52","1,074.52","1,022.38",877.31K,-3.59%,"23,875.0","23,885.0","23,895.0","23,860.0",0.03K,0.02%,,,,,,,,,,
2022,10,06,1716.16,1725.57,1706.96,1712.49,130355.0,"1,074.52","1,104.26","1,106.97","1,072.57",545.82K,-2.69%,"23,870.0","23,875.0","23,887.5","23,825.0",0.03K,0.02%,,,,,,,,,,
2022,10,05,1724.98,1727.8,1700.54,1716.25,128807.0,"1,104.26","1,078.14","1,110.21","1,078.14",451.94K,2.42%,"23,865.0","23,835.0","23,907.5","23,835.0",0.03K,-0.04%,,,,,,,,,,
2022,10,04,1698.7,1729.49,1695.24,1726.34,146016.0,"1,078.14","1,086.44","1,100.42","1,069.74",582.82K,-0.76%,"23,875.0","23,872.5","23,907.5","23,860.0",0.04K,-0.02%,,,,,,,,,,
2022,10,03,1663.22,1701.51,1659.72,1699.62,148353.0,"1,086.44","1,132.11","1,132.11","1,079.86",554.15K,-4.03%,"23,880.0","23,835.0","23,913.5","23,835.0",0.05K,0.10%,,,22200.0,,,21680.0,,20730.0,21440.0,
2022,09,30,1660.92,1675.36,1659.24,1660.79,146801.0,"1,132.11","1,126.07","1,135.47","1,099.44",729.67K,0.54%,"23,855.0","23,825.0","23,887.5","23,815.0",0.04K,0.15%,,,,,,,,,,
2022,09,29,1659.72,1664.87,1641.53,1660.52,163679.0,"1,126.07","1,143.62","1,159.49","1,126.07",491.47K,-1.53%,"23,820.0","23,741.0","23,860.0","23,741.0",0.04K,0.38%,,,,,,,,,,
2022,09,28,1629.88,1662.69,1614.81,1659.88,171207.0,"1,143.62","1,166.54","1,166.54","1,142.79",527.70K,-1.96%,"23,730.0","23,732.5","23,782.5","23,731.0",0.04K,0.00%,,,,,,,,,,
2022,09,27,1623.44,1642.45,1623.44,1629.16,147580.0,"1,166.54","1,174.35","1,180.75","1,166.44",466.62K,-0.67%,"23,730.0","23,727.5","23,740.5","23,722.5",0.03K,0.06%,,,,,,,,,,
2022,09,26,1643.9,1649.76,1621.17,1622.4,180760.0,"1,174.35","1,203.28","1,203.28","1,159.12",757.09K,-2.40%,"23,715.0","23,740.0","23,742.5","23,707.5",0.04K,0.06%,,,,,,,,,,
2022,09,23,1671.46,1675.92,1639.75,1644.87,151910.0,"1,203.28","1,214.70","1,216.59","1,201.45",485.38K,-0.94%,"23,700.0","23,715.0","23,715.0","23,704.5",0.02K,0.00%,,,,,,,,,,
2022,09,22,1671.24,1684.91,1655.67,1671.16,159295.0,"1,214.70","1,210.55","1,214.70","1,196.64",473.56K,0.34%,"23,700.0","23,710.0","23,715.0","23,702.5",0.03K,0.04%,,,,,,,,,,
2022,09,21,1664.75,1688.03,1653.93,1673.73,136446.0,"1,210.55","1,218.93","1,218.93","1,204.68",391.71K,-0.69%,"23,690.0","23,680.0","23,698.5","23,667.5",0.03K,0.08%,,,22530.0,,,22440.0,,21780.0,22580.0,
2022,09,20,1675.9,1679.46,1660.0,1664.76,106315.0,"1,218.93","1,212.08","1,218.93","1,199.71",473.89K,1.12%,"23,670.0","23,675.0","23,682.0","23,667.0",0.02K,0.00%,,,,,,,,,,
2022,09,19,1675.02,1680.0,1659.63,1675.71,100231.0,"1,205.43","1,234.03","1,234.03","1,202.07",701.96K,-2.32%,"23,670.0","23,660.0","23,681.0","23,645.0",0.04K,0.08%,,,,,,,,,,
2022,09,16,1664.71,1680.34,1654.16,1675.01,118818.0,"1,234.03","1,245.66","1,246.17","1,230.37",632.37K,-0.93%,"23,650.0","23,645.0","23,672.5","23,590.0",0.03K,0.13%,,,,,,,,,,
2022,09,15,1697.56,1698.24,1660.35,1664.56,121070.0,"1,245.66","1,240.77","1,250.93","1,240.77",429.84K,0.39%,"23,620.0","23,600.0","23,630.0","23,595.0",0.04K,0.13%,,,,,,,,,,
2022,09,14,1701.26,1707.11,1693.67,1697.36,126450.0,"1,240.77","1,248.40","1,248.40","1,228.51",607.86K,-0.61%,"23,590.0","23,590.0","23,607.5","23,582.5",0.04K,0.16%,,,,,,,,,,
2022,09,13,1724.53,1731.82,1697.11,1702.32,125535.0,"1,248.40","1,249.62","1,252.35","1,243.87",473.97K,-0.10%,"23,553.0","23,535.0","23,560.0","23,520.0",0.04K,0.14%,,,,,,,,,,
2022,09,12,1718.58,1735.13,1711.95,1724.69,108748.0,"1,249.62","1,248.78","1,257.80","1,248.78",410.19K,0.07%,"23,520.0","23,522.5","23,570.0","23,511.0",0.03K,0.02%,,,24180.0,,,24410.0,,22230.0,23210.0,
2022,09,09,1708.68,1729.41,1708.31,1716.85,110922.0,"1,248.78","1,234.60","1,248.78","1,228.54",586.03K,1.15%,"23,515.0","23,550.0","23,620.0","23,522.5",0.04K,-0.11%,,,,,,,,,,
2022,09,08,1718.58,1728.2,1703.96,1708.42,133708.0,"1,234.60","1,243.17","1,251.36","1,234.60",599.61K,-0.69%,"23,542.0","23,600.0","23,632.5","23,510.0",0.07K,-0.16%,,,,,,,,,,
2022,09,07,1701.97,1719.39,1691.27,1718.27,127066.0,"1,243.17","1,277.40","1,277.40","1,243.17",852.27K,-2.68%,"23,580.0","23,547.5","23,635.0","23,530.0",0.05K,0.26%,,,,,,,,,,
2022,09,06,1710.63,1726.77,1699.85,1701.9,120259.0,"1,277.40","1,279.58","1,286.92","1,277.40",581.46K,0.00%,"23,520.0","23,530.0","23,552.5","23,475.0",0.02K,0.06%,,,,,,,,,,
2022,09,05,1711.56,1715.75,1707.71,1710.07,61978.0,"1,277.35","1,280.51","1,285.70","1,275.35",524.68K,-0.25%,"23,505.0","23,470.0","23,567.5","23,445.0",0.04K,0.23%,,,25180.0,,,25440.0,,23350.0,24230.0,
2022,09,02,1697.58,1717.98,1694.99,1712.78,114398.0,,,,,,,"23,450.0","23,450.0","23,450.0","23,450.0",,0.00%,,,,,,,,,,
2022,09,01,1711.05,1711.39,1688.8,1697.55,124453.0,,,,,,,"23,450.0","23,450.0","23,450.0","23,450.0",,0.00%,,,,,,,,,,
2022,08,31,1723.38,1726.52,1709.57,1710.99,119867.0,"1,280.51","1,279.39","1,285.29","1,274.99",499.31K,0.09%,"23,450.0","23,435.0","23,467.5","23,420.0",0.03K,0.15%,,,,,,,,,,
2022,08,30,1737.85,1740.55,1721.18,1724.23,109497.0,"1,279.39","1,270.80","1,287.65","1,270.80",526.10K,0.68%,"23,415.0","23,435.0","23,435.0","23,402.5",0.04K,-0.06%,,,,,,,,,,
2022,08,29,1735.95,1745.52,1720.31,1737.45,111956.0,"1,270.80","1,282.57","1,282.57","1,249.17",845.90K,-0.92%,"23,430.0","23,420.0","23,445.0","23,397.0",0.05K,0.08%,,,,,,,,,,
2022,08,26,1758.55,1758.82,1734.2,1738.08,121563.0,"1,282.57","1,291.29","1,295.12","1,280.05",668.96K,-0.49%,"23,412.0","23,425.0","23,440.5","23,411.5",0.03K,-0.05%,,,,,,,,,,
2022,08,25,1751.41,1765.5,1749.98,1758.62,100524.0,"1,288.88","1,277.16","1,289.18","1,277.16",623.97K,0.92%,"23,423.0","23,440.0","23,460.0","23,415.0",0.04K,-0.01%,,,,,,,,,,
2022,08,24,1747.65,1755.9,1742.46,1751.29,100665.0,"1,277.16","1,270.81","1,280.36","1,270.81",601.89K,0.50%,"23,425.0","23,435.0","23,489.0","23,405.0",0.08K,-0.02%,,,,,,,,,,
2022,08,23,1735.77,1754.11,1730.82,1747.79,106781.0,"1,270.81","1,260.43","1,270.81","1,253.45",564.72K,0.82%,"23,430.0","23,420.0","23,435.0","23,405.0",0.03K,0.09%,,,,,,,,,,
2022,08,22,1746.52,1749.06,1727.77,1736.15,104711.0,"1,260.43","1,269.18","1,270.57","1,255.83",619.45K,-0.69%,"23,410.0","23,405.0","23,415.0","23,401.0",0.02K,0.04%,,,23750.0,,,24050.0,,23720.0,24660.0,
2022,08,19,1758.94,1759.31,1745.54,1747.28,105013.0,"1,269.18","1,273.66","1,280.00","1,263.45",607.62K,-0.35%,"23,400.0","23,406.0","23,406.0","23,398.5",0.02K,0.00%,,,,,,,,,,
2022,08,18,1762.46,1772.4,1755.35,1758.38,102931.0,"1,273.66","1,275.28","1,283.15","1,268.64",599.08K,-0.13%,"23,401.0","23,405.0","23,406.0","23,394.5",0.03K,0.00%,,,,,,,,,,
2022,08,17,1775.74,1782.34,1759.8,1762.0,114566.0,"1,275.28","1,274.69","1,280.61","1,271.97",712.25K,0.05%,"23,401.0","23,408.0","23,413.0","23,397.5",0.03K,-0.01%,,,,,,,,,,
2022,08,16,1779.64,1783.09,1771.47,1775.46,89028.0,"1,274.69","1,274.20","1,275.93","1,271.11",617.72K,0.04%,"23,403.0","23,410.0","23,413.5","23,385.0",0.03K,0.01%,,,,,,,,,,
2022,08,15,1801.9,1802.27,1772.98,1779.42,103692.0,"1,274.20","1,262.33","1,274.24","1,262.33",634.20K,0.94%,"23,400.0","23,400.0","23,408.5","23,393.5",0.03K,0.03%,,,,,,,,,,
2022,08,12,1789.81,1802.11,1784.88,1801.62,98803.0,"1,262.33","1,252.07","1,262.33","1,248.65",542.04K,0.82%,"23,392.0","23,398.0","23,404.5","23,380.0",0.03K,0.01%,,,,,,,,,,
2022,08,11,1792.05,1799.31,1783.59,1789.44,103248.0,"1,252.07","1,256.50","1,268.03","1,245.85",810.55K,-0.35%,"23,390.0","23,385.0","23,395.0","23,380.0",0.02K,0.02%,,,22900.0,,,23320.0,,23720.0,24660.0,
2022,08,10,1794.52,1807.87,1787.62,1792.19,106848.0,"1,256.50","1,258.85","1,260.36","1,253.89",651.76K,-0.19%,"23,385.0","23,390.0","23,394.5","23,384.5",0.02K,0.00%,,,,,,,,,,
2022,08,09,1788.78,1800.45,1783.23,1794.31,84869.0,"1,258.85","1,256.75","1,263.14","1,252.84",721.64K,0.17%,"23,385.0","23,390.0","23,401.5","23,387.5",0.03K,-0.01%,,,,,,,,,,
2022,08,08,1771.34,1790.01,1770.82,1788.98,90152.0,"1,256.75","1,252.36","1,258.84","1,252.04",699.34K,0.32%,"23,388.0","23,395.0","23,398.5","23,385.0",0.02K,0.01%,,,,,,,,,,
2022,08,05,1790.95,1794.89,1764.98,1775.42,114726.0,"1,252.74","1,250.25","1,253.75","1,245.05",698.64K,-0.11%,"23,385.0","23,395.0","23,412.5","23,372.5",0.03K,-0.03%,,,,,,,,,,
2022,08,04,1765.31,1794.95,1763.16,1791.13,85439.0,"1,254.15","1,249.76","1,257.38","1,247.38",724.75K,0.35%,"23,393.0","23,405.0","23,416.5","23,375.5",0.03K,0.00%,,,,,,,,,,
2022,08,03,1761.28,1772.8,1754.34,1765.47,93674.0,"1,249.76","1,241.62","1,250.20","1,232.41",789.52K,0.66%,"23,394.0","23,357.5","23,402.5","23,356.0",0.04K,0.18%,,,,,,,,,,
2022,08,02,1771.71,1788.06,1760.5,1761.04,123396.0,"1,241.62","1,231.35","1,241.91","1,224.11",817.69K,0.83%,"23,353.0","23,362.0","23,381.5","23,347.5",0.03K,-0.01%,,,,,,,,,,
2022,08,01,1764.75,1775.23,1758.37,1772.12,111292.0,"1,231.35","1,206.33","1,231.35","1,206.33",708.71K,2.07%,"23,355.0","23,345.0","23,364.0","23,341.0",0.04K,0.09%,,,23900.0,,,24530.0,,24620.0,25600.0,
2022,07,29,1755.29,1767.93,1751.98,1766.0,120806.0,"1,206.33","1,208.12","1,217.84","1,206.33",590.32K,-0.15%,"23,335.0","23,372.5","23,401.5","23,340.0",0.03K,-0.10%,,,,,,,,,,
2022,07,28,1734.4,1757.11,1734.06,1755.83,124048.0,"1,208.12","1,191.04","1,214.03","1,191.04",668.86K,1.43%,"23,358.0","23,370.0","23,380.0","23,354.5",0.04K,-0.07%,,,,,,,,,,
2022,07,27,1717.38,1740.32,1711.52,1734.33,100623.0,"1,191.04","1,185.07","1,191.04","1,178.58",445.14K,0.50%,"23,375.0","23,355.0","23,383.5","23,355.0",0.03K,0.02%,,,,,,,,,,
2022,07,26,1719.11,1728.22,1713.66,1717.2,93441.0,"1,185.07","1,188.50","1,194.15","1,184.44",434.80K,-0.29%,"23,370.0","23,385.0","23,387.5","23,350.0",0.04K,-0.06%,,,,,,,,,,
2022,07,25,1726.64,1736.28,1714.77,1719.64,106336.0,"1,188.50","1,191.43","1,198.16","1,184.32",437.85K,-0.52%,"23,385.0","23,395.0","23,409.5","23,385.0",0.02K,-0.06%,,,,,,,,,,
2022,07,22,1717.99,1739.31,1712.9,1727.38,109099.0,"1,194.76","1,198.47","1,202.69","1,194.76",477.95K,-0.31%,"23,400.0","23,415.0","23,427.5","23,397.5",0.03K,-0.04%,,,,,,,,,,
2022,07,21,1696.61,1720.32,1680.84,1718.2,107428.0,"1,198.47","1,194.14","1,201.91","1,194.14",530.31K,0.36%,"23,410.0","23,415.0","23,429.5","23,382.5",0.03K,0.00%,,,24850.0,,,25240.0,,25070.0,26070.0,
2022,07,20,1711.46,1714.46,1692.46,1696.53,90656.0,"1,194.14","1,178.33","1,198.63","1,178.33",648.00K,1.34%,"23,410.0","23,435.0","23,443.5","23,412.0",0.03K,-0.01%,,,,,,,,,,
2022,07,19,1710.0,1718.42,1705.38,1711.56,98632.0,"1,178.33","1,176.49","1,180.46","1,168.99",532.69K,0.16%,"23,412.0","23,460.0","23,460.0","23,401.5",0.04K,-0.12%,,,,,,,,,,
2022,07,18,1706.71,1723.95,1705.94,1708.99,108272.0,"1,176.49","1,179.25","1,184.93","1,174.70",523.73K,-0.23%,"23,440.0","23,435.0","23,447.5","23,401.5",0.02K,-0.04%,,,,,,,,,,
2022,07,15,1706.25,1716.62,1699.09,1707.32,110443.0,"1,179.25","1,182.17","1,189.66","1,178.12",604.01K,-0.25%,"23,450.0","23,420.0","23,455.0","23,401.5",0.05K,0.15%,,,,,,,,,,
2022,07,14,1735.68,1736.28,1697.61,1709.72,141342.0,"1,182.17","1,173.92","1,182.17","1,170.04",534.74K,0.70%,"23,415.0","23,395.0","23,420.0","23,340.0",0.03K,0.12%,,,,,,,,,,
2022,07,13,1725.84,1745.42,1707.03,1735.49,127180.0,"1,173.92","1,173.46","1,182.21","1,170.92",564.00K,-0.08%,"23,388.0","23,395.0","23,399.0","23,379.5",0.02K,0.00%,,,,,,,,,,
2022,07,12,1733.57,1744.2,1723.23,1726.09,106343.0,"1,174.82","1,155.29","1,174.82","1,153.55",525.11K,1.69%,"23,389.0","23,363.0","23,394.0","23,363.0",0.03K,0.18%,,,,,,,,,,
2022,07,11,1741.09,1744.51,1731.37,1734.02,91528.0,"1,155.29","1,171.31","1,171.31","1,144.55",538.71K,-1.37%,"23,347.0","23,355.0","23,357.5","23,330.0",0.04K,-0.03%,,,26590.0,,,26340.0,,27780.0,29670.0,
2022,07,08,1740.59,1752.45,1732.95,1742.45,92256.0,"1,171.31","1,166.48","1,177.18","1,164.23",476.37K,0.41%,"23,355.0","23,380.0","23,384.5","23,339.0",0.04K,0.02%,,,,,,,,,,
2022,07,07,1740.04,1749.12,1736.5,1740.09,98852.0,"1,166.48","1,149.61","1,166.48","1,142.80",411.79K,1.47%,"23,350.0","23,375.0","23,388.0","23,350.0",0.04K,-0.10%,,,,,,,,,,
2022,07,06,1766.12,1772.86,1732.25,1739.08,124697.0,"1,149.61","1,181.29","1,181.29","1,147.63",556.46K,-2.68%,"23,373.0","23,370.0","23,380.0","23,363.0",0.04K,0.06%,,,,,,,,,,
2022,07,05,1807.95,1812.13,1763.95,1764.58,109297.0,"1,181.29","1,195.53","1,200.99","1,181.29",612.00K,-1.19%,"23,360.0","23,358.0","23,375.0","23,353.0",0.03K,0.11%,,,,,,,,,,
2022,07,04,1811.41,1814.26,1803.99,1807.9,59315.0,"1,195.53","1,206.47","1,208.96","1,192.63",442.82K,-0.28%,"23,335.0","23,345.0","23,377.5","23,317.5",0.04K,0.15%,,,,,,,,,,
2022,07,01,1806.65,1809.32,1784.45,1808.94,119807.0,"1,198.90","1,197.60","1,202.41","1,170.95",534.07K,0.11%,"23,300.0","23,265.0","23,320.0","23,260.0",0.04K,0.19%,,,29610.0,,,28350.0,,30890.0,32760.0,
2022,06,30,1817.97,1825.1,1802.75,1807.16,93535.0,"1,197.60","1,218.09","1,220.51","1,197.60",510.22K,-1.68%,"23,255.0","23,270.0","23,292.5","23,237.5",0.05K,-0.04%,,,,,,,,,,
2022,06,29,1819.14,1833.07,1812.16,1818.25,84542.0,"1,218.09","1,218.10","1,219.58","1,207.38",560.59K,0.00%,"23,265.0","23,260.0","23,270.0","23,238.0",0.05K,0.04%,,,,,,,,,,
2022,06,28,1822.65,1829.48,1818.37,1820.62,82501.0,"1,218.10","1,202.82","1,221.74","1,198.99",588.39K,1.27%,"23,255.0","23,248.0","23,262.0","23,204.0",0.03K,0.04%,,,,,,,,,,
2022,06,27,1835.82,1841.03,1820.81,1822.75,99952.0,"1,202.82","1,185.48","1,203.51","1,185.48",526.96K,1.46%,"23,245.0","23,245.0","23,256.5","23,245.0",0.02K,-0.01%,,,,,,,,,,
2022,06,24,1823.83,1831.7,1816.92,1827.42,94785.0,"1,185.48","1,188.88","1,196.85","1,185.48",478.69K,-0.29%,"23,247.0","23,250.0","23,259.0","23,237.5",0.03K,0.01%,,,,,,,,,,
2022,06,23,1837.17,1846.04,1822.58,1823.25,99920.0,"1,188.88","1,169.27","1,188.88","1,162.06",440.78K,1.68%,"23,244.0","23,236.5","23,256.0","23,225.0",0.03K,0.04%,,,,,,,,,,
2022,06,22,1832.38,1847.93,1823.48,1838.32,104772.0,"1,169.27","1,172.47","1,185.86","1,162.98",592.48K,-0.27%,"23,235.0","23,234.0","23,246.0","23,225.0",0.03K,0.04%,,,,,,,,,,
2022,06,21,1837.77,1843.63,1828.67,1833.41,85637.0,"1,172.47","1,180.40","1,189.97","1,162.94",694.93K,-0.67%,"23,226.0","23,227.0","23,241.5","23,222.5",0.03K,-0.02%,,,30010.0,,,28780.0,,31300.0,32870.0,
2022,06,20,1835.91,1846.03,1834.48,1838.41,60387.0,"1,180.40","1,218.37","1,221.60","1,180.40",669.55K,-3.03%,"23,230.0","23,193.0","23,250.0","23,193.0",0.03K,0.04%,,,,,,,,,,
2022,06,17,1853.58,1853.62,1833.94,1840.39,106475.0,"1,217.30","1,236.63","1,236.63","1,191.92",738.58K,-1.56%,"23,220.0","23,240.0","23,245.0","23,224.5",0.03K,-0.05%,,,,,,,,,,
2022,06,16,1833.07,1857.23,1815.32,1856.47,130247.0,"1,236.63","1,213.93","1,246.32","1,213.93",561.69K,1.87%,"23,232.0","23,240.0","23,242.5","23,219.0",0.04K,0.01%,,,,,,,,,,
2022,06,15,1807.31,1841.82,1807.31,1833.77,149000.0,"1,213.93","1,230.31","1,235.56","1,195.19",688.12K,-1.33%,"23,230.0","23,218.0","23,235.0","23,217.5",0.03K,0.09%,,,,,,,,,,
2022,06,14,1815.05,1831.55,1805.17,1809.31,120799.0,"1,230.31","1,227.04","1,239.36","1,211.13",560.89K,0.27%,"23,210.0","23,210.0","23,250.0","23,201.0",0.04K,0.06%,,,,,,,,,,
2022,06,13,1878.2,1878.78,1819.06,1819.11,135566.0,"1,227.04","1,284.08","1,284.08","1,226.01",733.45K,-4.44%,"23,195.0","23,188.0","23,212.5","23,170.0",0.03K,0.08%,,,29020.0,,,27830.0,,31110.0,32370.0,
2022,06,10,1847.73,1876.0,1825.13,1871.57,108302.0,"1,284.08","1,307.80","1,309.59","1,284.08",603.29K,-1.81%,"23,177.0","23,160.0","23,193.0","23,160.0",0.03K,0.10%,,,,,,,,,,
2022,06,09,1852.74,1855.32,1840.03,1847.94,76898.0,"1,307.80","1,307.91","1,312.44","1,300.85",465.66K,-0.01%,"23,155.0","23,192.0","23,192.0","23,160.0",0.03K,-0.14%,,,,,,,,,,
2022,06,08,1852.56,1859.62,1844.61,1852.83,68372.0,"1,307.91","1,291.35","1,316.78","1,291.35",584.57K,1.28%,"23,187.0","23,190.0","23,193.0","23,187.5",0.02K,0.01%,,,,,,,,,,
2022,06,07,1840.79,1855.52,1837.03,1852.01,70501.0,"1,291.35","1,290.01","1,291.35","1,260.92",670.87K,0.10%,"23,185.0","23,187.5","23,201.0","23,186.5",0.02K,0.02%,,,,,,,,,,
2022,06,06,1850.56,1857.82,1839.84,1842.14,70516.0,"1,290.01","1,287.98","1,302.14","1,281.95",589.89K,0.16%,"23,180.0","23,190.0","23,208.5","23,185.0",0.02K,-0.03%,,,,,,,,,,
2022,06,03,1868.8,1874.09,1847.38,1851.16,66139.0,"1,287.98","1,288.62","1,292.78","1,276.37",473.81K,-0.05%,"23,187.0","23,198.0","23,204.0","23,184.5",0.02K,-0.03%,,,,,,,,,,
2022,06,02,1847.13,1870.37,1844.13,1868.36,71969.0,"1,288.62","1,299.52","1,302.66","1,283.32",572.55K,-0.84%,"23,193.0","23,205.0","23,211.0","23,190.0",0.03K,-0.01%,,,,,,,,,,
2022,06,01,1836.74,1850.02,1828.5,1846.64,87039.0,"1,299.52","1,292.68","1,302.25","1,286.01",573.63K,0.53%,"23,196.0","23,190.0","23,211.0","23,185.0",0.03K,0.05%,,,26390.0,,,25340.0,,30230.0,31570.0,
2022,05,31,1856.03,1857.09,1835.1,1838.26,85700.0,"1,292.68","1,293.92","1,297.64","1,280.44",591.09K,-0.10%,"23,185.0","23,182.0","23,191.5","23,181.0",0.03K,0.04%,,,,,,,,,,
2022,05,30,1852.24,1863.96,1848.22,1855.1,47882.0,"1,293.92","1,285.45","1,296.22","1,281.27",587.23K,0.66%,"23,176.0","23,187.0","23,205.0","23,178.5",0.03K,-0.08%,,,,,,,,,,
2022,05,27,1850.63,1862.0,1847.96,1852.98,71429.0,"1,285.45","1,268.57","1,286.99","1,268.57",607.22K,1.33%,"23,195.0","23,210.0","23,210.0","23,188.0",0.04K,-0.04%,,,,,,,,,,
2022,05,26,1852.72,1854.37,1840.78,1850.85,85299.0,"1,268.57","1,268.43","1,278.11","1,261.55",541.91K,0.01%,"23,205.0","23,200.0","23,215.0","23,195.0",0.04K,0.06%,,,,,,,,,,
2022,05,25,1865.24,1868.05,1842.05,1853.79,76578.0,"1,268.43","1,233.38","1,268.43","1,233.38",655.24K,2.84%,"23,190.0","23,208.0","23,215.0","23,170.0",0.04K,-0.09%,,,,,,,,,,
2022,05,24,1853.3,1869.67,1849.4,1866.14,73402.0,"1,233.38","1,218.81","1,233.38","1,203.28",528.48K,1.20%,"23,210.0","23,177.5","23,225.0","23,172.5",0.04K,0.17%,,,,,,,,,,
2022,05,23,1847.95,1865.39,1843.32,1853.6,92035.0,"1,218.81","1,240.71","1,246.58","1,207.99",557.43K,-1.77%,"23,170.0","23,167.0","23,175.0","23,129.0",0.03K,0.04%,,,25550.0,,,24400.0,,29630.0,30650.0,
2022,05,20,1841.91,1849.44,1832.38,1845.71,92305.0,"1,240.71","1,241.64","1,252.96","1,232.33",504.69K,-0.07%,"23,160.0","23,169.0","23,178.0","23,129.0",0.03K,0.09%,,,,,,,,,,
2022,05,19,1816.31,1849.15,1810.96,1841.17,112284.0,"1,241.64","1,240.76","1,246.66","1,210.43",496.73K,0.07%,"23,140.0","23,142.5","23,174.5","23,112.0",0.07K,0.00%,,,,,,,,,,
2022,05,18,1814.35,1824.71,1807.32,1817.35,99690.0,"1,240.76","1,228.37","1,249.84","1,222.92",566.36K,1.01%,"23,139.0","23,122.5","23,142.5","23,118.5",0.06K,0.08%,,,,,,,,,,
2022,05,17,1824.95,1836.05,1812.86,1814.52,105592.0,"1,228.37","1,171.95","1,228.37","1,156.54",583.96K,4.81%,"23,120.0","23,097.5","23,175.5","23,085.0",0.09K,0.11%,,,,,,,,,,
2022,05,16,1814.33,1826.89,1786.84,1824.79,108297.0,"1,171.95","1,182.77","1,215.96","1,170.59",584.39K,-0.91%,"23,095.0","23,097.5","23,097.5","23,078.0",0.05K,0.04%,,,,,,,,,,
2022,05,13,1822.63,1828.76,1799.06,1811.66,115205.0,"1,182.77","1,238.84","1,238.84","1,180.60",816.99K,-4.53%,"23,086.0","23,097.5","23,097.5","23,084.0",0.06K,-0.04%,,,,,,,,,,
2022,05,12,1851.39,1858.77,1821.53,1821.94,147591.0,"1,238.84","1,301.53","1,301.53","1,238.05",557.89K,-4.82%,"23,096.0","23,055.0","23,102.5","23,040.0",0.06K,0.20%,,,,,,,,,,
2022,05,11,1838.98,1858.15,1831.97,1852.3,133536.0,"1,301.53","1,293.56","1,305.17","1,277.91",418.23K,0.62%,"23,050.0","22,945.5","23,105.0","22,945.5",0.08K,0.48%,,,26650.0,,,25160.0,,28950.0,29980.0,
2022,05,10,1853.22,1865.39,1835.49,1838.24,139294.0,"1,293.56","1,269.62","1,293.56","1,232.57",665.48K,1.89%,"22,941.0","22,952.5","22,962.5","22,937.0",0.06K,-0.04%,,,,,,,,,,
2022,05,09,1883.46,1885.59,1851.63,1854.13,144766.0,"1,269.62","1,329.26","1,329.26","1,265.54",673.76K,-4.49%,"22,950.0","22,960.0","22,963.0","22,944.0",0.05K,-0.02%,,,,,,,,,,
2022,05,06,1876.3,1892.56,1866.06,1882.37,133035.0,"1,329.26","1,360.68","1,360.68","1,328.13",564.07K,-2.31%,"22,955.0","22,960.5","22,971.5","22,952.0",0.04K,0.00%,,,,,,,,,,
2022,05,05,1881.9,1909.77,1872.57,1877.2,147709.0,"1,360.68","1,348.68","1,362.18","1,331.41",531.08K,0.89%,"22,955.0","22,967.5","22,976.0","22,947.0",0.07K,-0.05%,,,,,,,,,,
2022,05,04,1868.01,1889.81,1861.42,1881.75,105286.0,"1,348.68","1,366.11","1,366.39","1,348.68",528.29K,-1.33%,"22,966.0","22,964.5","22,976.5","22,957.5",0.05K,0.02%,,,25530.0,,,23820.0,,27460.0,28430.0,
2022,05,03,1863.44,1878.13,1850.38,1868.01,106602.0,,,,,,,"22,962.0","22,962.0","22,962.0","22,962.0",,0.00%,,,,,,,,,,
2022,05,02,1899.29,1899.86,1854.6,1863.21,118986.0,,,,,,,"22,962.0","22,962.0","22,962.0","22,962.0",,0.00%,,,,,,,,,,
2022,04,29,1895.11,1919.83,1892.48,1896.42,130267.0,"1,366.80","1,350.99","1,369.31","1,343.24",598.40K,1.17%,"22,962.0","22,959.5","22,975.5","22,954.0",0.03K,0.03%,,,,,,,,,,
2022,04,28,1885.48,1896.72,1872.04,1894.22,136439.0,"1,350.99","1,353.77","1,358.07","1,344.10",485.12K,-0.21%,"22,956.0","22,961.5","22,968.0","22,948.5",0.06K,-0.04%,,,,,,,,,,
2022,04,27,1906.03,1907.03,1881.42,1885.53,129329.0,"1,353.77","1,341.34","1,355.92","1,314.81",519.56K,0.93%,"22,965.0","22,974.5","22,983.5","22,960.0",0.04K,-0.02%,,,,,,,,,,
2022,04,26,1898.55,1911.27,1895.77,1906.14,124208.0,"1,341.34","1,310.92","1,341.34","1,261.40",727.65K,2.32%,"22,970.0","22,985.0","22,986.0","22,970.0",0.04K,-0.06%,,,,,,,,,,
2022,04,25,1932.72,1934.26,1891.43,1897.67,155239.0,"1,310.92","1,379.23","1,382.13","1,298.38",762.88K,-4.95%,"22,983.0","22,971.5","22,986.5","22,963.0",0.04K,0.08%,,,,,,,,,,
2022,04,22,1950.28,1955.63,1926.68,1931.91,129730.0,"1,379.23","1,370.21","1,392.89","1,352.43",834.41K,0.66%,"22,965.0","22,970.5","22,972.5","22,963.0",0.02K,0.01%,,,,,,,,,,
2022,04,21,1956.03,1957.32,1936.84,1951.74,120391.0,"1,370.21","1,384.72","1,392.33","1,356.58",810.67K,-1.05%,"22,962.0","22,966.0","22,986.5","22,926.0",0.05K,0.00%,,,25350.0,,,23820.0,,27130.0,27990.0,
2022,04,20,1949.81,1958.33,1939.32,1957.63,123682.0,"1,384.72","1,401.63","1,410.64","1,384.72",688.33K,-1.55%,"22,962.0","22,962.5","22,986.5","22,916.5",0.05K,0.03%,,,,,,,,,,
2022,04,19,1977.54,1982.0,1943.81,1949.19,122648.0,"1,406.45","1,432.60","1,442.04","1,406.45",702.35K,-1.83%,"22,955.0","22,923.5","22,965.0","22,903.0",0.05K,0.28%,,,,,,,,,,
2022,04,18,1972.39,1998.43,1971.66,1978.71,114849.0,"1,432.60","1,458.56","1,458.56","1,425.07",827.69K,-1.78%,"22,890.0","22,902.5","22,931.5","22,892.5",0.06K,-0.04%,,,,,,,,,,
2022,04,15,,,,,,"1,458.56","1,472.12","1,478.95","1,456.39",659.47K,-0.92%,"22,899.0","22,902.0","22,906.5","22,842.5",0.04K,0.00%,,,,,,,,,,
2022,04,14,1977.13,1980.35,1960.38,1973.19,103260.0,"1,472.12","1,477.20","1,484.34","1,471.75",523.37K,-0.34%,"22,900.0","22,891.0","22,903.0","22,888.5",0.05K,0.06%,,,,,,,,,,
2022,04,13,1966.8,1981.59,1962.81,1977.76,100307.0,"1,477.20","1,455.25","1,477.20","1,448.52",674.79K,1.51%,"22,887.0","22,894.5","22,943.0","22,875.0",0.04K,0.00%,,,,,,,,,,
2022,04,12,1952.27,1978.68,1949.81,1966.38,115216.0,"1,455.25","1,482.00","1,490.58","1,455.25",680.06K,-1.80%,"22,888.0","22,874.5","22,890.5","22,863.0",0.04K,0.12%,,,24380.0,,,23020.0,,26470.0,27310.0,
2022,04,11,1947.6,1969.78,1940.0,1954.81,118601.0,,,,,,,"22,860.0","22,860.0","22,860.0","22,860.0",,0.00%,,,,,,,,,,
2022,04,08,1931.72,1948.13,1927.67,1946.4,98330.0,"1,482.00","1,502.35","1,507.73","1,482.00",763.56K,-1.35%,"22,860.0","22,857.5","22,874.0","22,842.5",0.05K,0.00%,,,,,,,,,,
2022,04,07,1924.08,1937.72,1920.47,1931.25,99273.0,"1,502.35","1,522.90","1,524.92","1,502.35",795.13K,-1.35%,"22,859.0","22,866.0","22,875.0","22,840.0",0.06K,-0.03%,,,,,,,,,,
2022,04,06,1923.02,1933.41,1915.15,1925.61,114996.0,"1,522.90","1,520.03","1,523.75","1,507.62",944.04K,0.19%,"22,866.0","22,877.5","22,878.5","22,842.5",0.05K,-0.03%,,,,,,,,,,
2022,04,05,1932.48,1944.58,1917.97,1923.62,95000.0,"1,520.03","1,524.70","1,527.57","1,519.28",703.53K,-0.31%,"22,873.0","22,848.5","22,876.5","22,842.5",0.05K,0.12%,,,,,,,,,,
2022,04,04,1924.07,1936.82,1915.5,1932.72,94779.0,"1,524.70","1,516.44","1,530.95","1,516.44",779.58K,0.54%,"22,846.0","22,850.0","22,853.5","22,835.5",0.04K,0.04%,,,,,,,,,,
2022,04,01,1937.15,1939.6,1918.06,1924.09,100483.0,"1,516.44","1,492.15","1,516.87","1,484.13",967.67K,1.63%,"22,837.0","22,839.5","22,855.0","22,832.0",0.04K,0.00%,,,25080.0,,,23760.0,,27300.0,28150.0,
2022,03,31,1933.15,1949.76,1919.1,1936.88,103869.0,"1,492.15","1,490.51","1,498.41","1,488.27",684.54K,0.11%,"22,838.0","22,856.5","22,868.0","22,832.0",0.04K,-0.07%,,,,,,,,,,
2022,03,30,1920.13,1938.45,1915.81,1933.13,99642.0,"1,490.51","1,497.76","1,503.89","1,483.90",901.49K,-0.48%,"22,854.0","22,878.0","22,879.0","22,852.0",0.05K,-0.05%,,,,,,,,,,
2022,03,29,1922.35,1929.36,1890.02,1919.31,126619.0,"1,497.76","1,483.18","1,498.45","1,483.18",737.94K,0.98%,"22,865.0","22,877.5","22,879.0","22,865.0",0.05K,0.02%,,,,,,,,,,
2022,03,28,1955.63,1958.52,1917.02,1921.82,135330.0,"1,483.18","1,498.50","1,498.50","1,473.80",1.07M,-1.02%,"22,860.0","22,872.0","22,877.5","22,842.5",0.04K,0.00%,,,,,,,,,,
2022,03,25,1958.89,1964.37,1943.2,1957.24,89859.0,"1,498.50","1,500.17","1,503.29","1,494.55",768.94K,0.02%,"22,861.0","22,869.5","22,877.0","22,842.5",0.05K,-0.03%,,,,,,,,,,
2022,03,24,1944.37,1966.2,1937.54,1956.95,96136.0,"1,498.26","1,502.34","1,505.39","1,495.18",784.91K,-0.27%,"22,869.0","22,874.5","22,880.0","22,842.5",0.05K,-0.01%,,,,,,,,,,
2022,03,23,1921.25,1948.28,1915.51,1944.86,81077.0,"1,502.34","1,503.78","1,513.90","1,501.67",861.13K,-0.10%,"22,872.0","22,877.5","22,883.5","22,860.0",0.05K,0.01%,,,,,,,,,,
2022,03,22,1936.13,1938.35,1910.67,1921.53,87653.0,"1,503.78","1,494.95","1,507.71","1,494.95",947.70K,0.59%,"22,870.0","22,870.0","22,877.5","22,842.5",0.03K,0.04%,,,,,,,,,,
2022,03,21,1925.11,1941.02,1917.69,1934.91,86440.0,"1,494.95","1,474.78","1,494.95","1,474.38",792.16K,1.76%,"22,860.0","22,865.0","22,894.5","22,842.5",0.03K,0.00%,,,23630.0,,,22240.0,,28330.0,29190.0,
2022,03,18,1942.17,1945.36,1917.97,1920.74,76973.0,"1,469.10","1,461.34","1,474.86","1,461.34",795.73K,0.53%,"22,860.0","22,872.5","22,877.5","22,857.0",0.03K,-0.02%,,,,,,,,,,
2022,03,17,1925.74,1949.74,1923.35,1942.56,77105.0,"1,461.34","1,459.33","1,467.74","1,459.14",717.44K,0.14%,"22,865.0","22,875.5","22,882.0","22,863.5",0.05K,-0.06%,,,,,,,,,,
2022,03,16,1920.11,1929.49,1895.01,1924.83,96954.0,"1,459.33","1,452.74","1,462.98","1,452.74",624.22K,0.45%,"22,879.0","22,879.5","22,886.5","22,866.5",0.05K,0.00%,,,,,,,,,,
2022,03,15,1953.28,1954.5,1907.05,1917.56,99796.0,"1,452.74","1,446.25","1,453.07","1,437.27",675.63K,0.45%,"22,880.0","22,892.5","22,902.5","22,876.5",0.04K,-0.04%,,,,,,,,,,
2022,03,14,1979.73,1983.64,1949.7,1951.44,91098.0,"1,446.25","1,466.54","1,466.54","1,439.19",858.57K,-1.38%,"22,890.0","22,850.0","22,902.0","22,836.5",0.04K,0.07%,,,,,,,,,,
2022,03,11,1997.35,1998.88,1958.56,1985.22,92301.0,"1,466.54","1,479.08","1,480.29","1,458.88",878.19K,-0.85%,"22,873.0","22,840.0","22,920.0","22,837.5",0.05K,0.17%,,,25260.0,,,23910.0,,28980.0,29820.0,
2022,03,10,1991.87,2009.1,1970.26,1996.01,130688.0,"1,479.08","1,473.74","1,488.59","1,473.74",649.94K,0.36%,"22,835.0","22,850.0","22,856.5","22,835.0",0.03K,0.00%,,,,,,,,,,
2022,03,09,2050.01,2059.24,1976.04,1992.39,163223.0,"1,473.74","1,473.71","1,482.86","1,462.80",930.30K,0.00%,"22,835.0","22,847.5","22,852.5","22,834.0",0.03K,-0.04%,,,,,,,,,,
2022,03,08,1997.23,2070.3,1981.08,2050.15,198331.0,"1,473.71","1,499.05","1,499.05","1,473.71",1.04M,-1.69%,"22,845.0","22,850.0","22,854.0","22,842.5",0.03K,0.00%,,,,,,,,,,
2022,03,07,1980.67,2002.61,1961.03,1997.24,196672.0,"1,499.05","1,505.33","1,505.33","1,493.87",981.72K,-0.42%,"22,845.0","22,845.0","22,862.5","22,837.5",0.03K,0.07%,,,,,,,,,,
2022,03,04,1936.72,1970.19,1929.56,1969.74,142983.0,"1,505.33","1,505.00","1,509.19","1,501.39",928.92K,0.02%,"22,830.0","22,840.0","22,845.0","22,835.0",0.02K,-0.02%,,,,,,,,,,
2022,03,03,1929.27,1941.18,1922.08,1936.62,119807.0,"1,505.00","1,485.52","1,505.00","1,485.52",929.21K,1.31%,"22,835.0","22,845.0","22,855.0","22,818.0",0.03K,-0.02%,,,,,,,,,,
2022,03,02,1942.98,1947.87,1913.42,1927.61,134384.0,"1,485.52","1,499.37","1,500.41","1,479.55",941.55K,-0.88%,"22,840.0","22,821.0","22,845.0","22,810.0",0.02K,0.11%,,,,,,,,,,
2022,03,01,1908.3,1950.17,1901.39,1945.17,143236.0,"1,498.78","1,490.13","1,501.73","1,490.13",842.43K,0.58%,"22,815.0","22,810.0","22,821.5","22,805.0",0.02K,0.04%,,,21310.0,,,19970.0,,26070.0,26830.0,
2022,02,28,1919.79,1926.69,1890.86,1908.26,144843.0,"1,490.13","1,498.89","1,502.36","1,487.57",729.79K,-0.58%,"22,805.0","22,842.5","22,869.5","22,805.0",0.05K,-0.07%,,,,,,,,,,
2022,02,25,1906.5,1921.42,1882.86,1888.25,149053.0,"1,498.89","1,494.85","1,512.05","1,494.85",768.01K,0.27%,"22,820.0","22,845.0","22,845.0","22,815.0",0.03K,-0.09%,,,,,,,,,,
2022,02,24,1909.79,1974.52,1878.0,1903.77,194530.0,"1,494.85","1,512.30","1,513.25","1,473.76",1.16M,-1.15%,"22,840.0","22,830.0","22,845.0","22,820.0",0.03K,0.07%,,,,,,,,,,
2022,02,23,1898.91,1910.49,1889.62,1908.08,101624.0,"1,512.30","1,503.47","1,520.78","1,503.47",694.65K,0.59%,"22,825.0","22,825.0","22,837.0","22,823.0",0.02K,0.04%,,,,,,,,,,
2022,02,22,1912.0,1913.98,1891.38,1898.5,149372.0,"1,503.47","1,510.84","1,510.84","1,484.81",908.05K,-0.49%,"22,815.0","22,810.0","22,839.0","22,800.0",0.03K,0.07%,,,,,,,,,,
2022,02,21,1902.54,1908.26,1887.62,1903.46,84038.0,"1,510.84","1,504.84","1,516.63","1,500.97",791.92K,0.40%,"22,800.0","22,835.0","22,842.5","22,800.0",0.03K,-0.09%,,,20800.0,,,19500.0,,25530.0,26280.0,
2022,02,18,1898.69,1902.51,1886.58,1897.34,114121.0,"1,504.84","1,507.99","1,507.99","1,492.38",697.55K,-0.21%,"22,820.0","22,790.0","22,905.0","22,790.0",0.04K,0.15%,,,,,,,,,,
2022,02,17,1869.85,1901.13,1867.81,1898.25,136437.0,"1,507.99","1,492.10","1,507.99","1,492.10",615.79K,1.06%,"22,785.0","22,752.5","22,790.0","22,752.5",0.02K,0.15%,,,,,,,,,,
2022,02,16,1853.83,1872.57,1850.33,1869.0,101098.0,"1,492.10","1,492.75","1,499.50","1,486.68",702.52K,-0.04%,"22,750.0","22,752.5","22,765.0","22,745.0",0.03K,0.00%,,,,,,,,,,
2022,02,15,1870.57,1879.51,1844.49,1853.36,111096.0,"1,492.75","1,471.96","1,495.56","1,470.06",606.42K,1.41%,"22,750.0","22,747.5","22,765.0","22,740.0",0.03K,0.11%,,,,,,,,,,
2022,02,14,1855.86,1874.16,1850.82,1871.74,145102.0,"1,471.96","1,501.71","1,501.71","1,471.96",810.72K,-1.98%,"22,725.0","22,695.0","22,755.0","22,695.0",0.03K,0.18%,,,,,,,,,,
2022,02,11,1827.28,1865.45,1820.92,1858.98,134846.0,"1,501.71","1,506.79","1,508.54","1,499.06",636.28K,-0.34%,"22,685.0","22,684.0","22,700.0","22,675.5",0.02K,0.02%,,,19860.0,,,18750.0,,24570.0,25320.0,
2022,02,10,1832.74,1841.92,1821.68,1826.75,123300.0,"1,506.79","1,510.66","1,512.88","1,495.70",680.25K,0.09%,"22,680.0","22,685.0","22,707.5","22,681.5",0.02K,0.00%,,,,,,,,,,
2022,02,09,1825.75,1835.8,1824.73,1832.87,83092.0,"1,505.38","1,500.99","1,511.72","1,499.53",794.74K,0.29%,"22,680.0","22,742.5","22,750.0","22,690.0",0.02K,-0.15%,,,,,,,,,,
2022,02,08,1821.2,1828.75,1815.43,1826.03,89692.0,"1,500.99","1,497.66","1,503.33","1,491.78",734.76K,0.22%,"22,715.0","22,695.0","22,722.5","22,670.0",0.02K,0.22%,,,,,,,,,,
2022,02,07,1808.53,1823.54,1807.84,1820.48,103673.0,"1,497.66","1,478.96","1,505.69","1,478.96",578.17K,1.26%,"22,665.0","22,652.5","22,682.5","22,640.0",0.02K,0.09%,,,,,,,,,,
2022,02,04,1804.8,1814.88,1792.14,1807.84,105497.0,,,,,,,"22,645.0","22,645.0","22,645.0","22,645.0",,0.00%,,,,,,,,,,
2022,02,03,1806.94,1808.93,1788.66,1804.88,106335.0,,,,,,,"22,645.0","22,645.0","22,645.0","22,645.0",,0.00%,,,,,,,,,,
2022,02,02,1801.02,1810.77,1794.51,1806.86,87102.0,,,,,,,"22,645.0","22,645.0","22,645.0","22,645.0",,0.00%,,,,,,,,,,
2022,02,01,1797.51,1808.79,1795.77,1800.9,98541.0,,,,,,,"22,645.0","22,645.0","22,645.0","22,645.0",,0.00%,,,,,,,,,,
2022,01,31,1788.96,1799.89,1785.57,1796.88,99871.0,,,,,,,"22,645.0","22,645.0","22,645.0","22,645.0",,0.00%,,,,,,,,,,
2022,01,28,1797.3,1799.42,1780.3,1791.58,117835.0,"1,478.96","1,470.76","1,484.48","1,465.22",702.68K,0.56%,"22,645.0","22,650.0","22,670.0","22,637.5",0.02K,0.07%,,,,,,,,,,
2022,01,27,1819.89,1822.12,1791.84,1796.7,134786.0,"1,470.76","1,481.58","1,486.39","1,464.06",564.60K,-0.73%,"22,630.0","22,640.0","22,659.5","22,635.0",0.02K,0.00%,,,,,,,,,,
2022,01,26,1847.49,1850.06,1815.03,1818.84,119417.0,"1,481.58","1,479.58","1,490.45","1,478.41",813.18K,0.14%,"22,630.0","22,635.0","22,675.0","22,630.0",0.02K,0.00%,,,,,,,,,,
2022,01,25,1842.85,1853.9,1834.94,1847.69,115864.0,"1,479.58","1,439.71","1,479.58","1,424.36",751.39K,2.77%,"22,630.0","22,635.0","22,702.5","22,635.0",0.03K,-0.20%,,,,,,,,,,
2022,01,24,1832.9,1844.38,1829.72,1843.16,137348.0,"1,439.71","1,472.89","1,472.89","1,432.18",828.13K,-2.25%,"22,675.0","22,630.0","22,700.0","22,625.0",0.03K,0.22%,,,,,,,,,,
2022,01,21,1839.26,1843.24,1828.39,1834.63,118667.0,"1,472.89","1,465.30","1,477.23","1,463.06",811.35K,0.52%,"22,625.0","22,650.0","22,675.0","22,617.5",0.04K,-0.09%,,,18900.0,,,17790.0,,23590.0,24360.0,
2022,01,20,1840.2,1847.92,1835.95,1839.53,115018.0,"1,465.30","1,442.79","1,469.08","1,432.58",785.76K,1.56%,"22,645.0","22,700.0","22,740.0","22,640.0",0.03K,-0.24%,,,,,,,,,,
2022,01,19,1814.08,1843.32,1810.25,1840.63,118270.0,"1,442.79","1,438.94","1,449.11","1,434.46",637.63K,0.27%,"22,700.0","22,735.0","22,810.0","22,700.0",0.03K,-0.22%,,,,,,,,,,
2022,01,18,1818.27,1822.78,1805.79,1813.7,116659.0,"1,438.94","1,452.84","1,452.84","1,424.65",739.29K,-0.96%,"22,750.0","22,750.0","22,815.0","22,730.0",0.03K,0.13%,,,,,,,,,,
2022,01,17,1817.35,1823.17,1813.2,1819.11,50418.0,"1,452.84","1,496.02","1,503.86","1,452.84",987.10K,-2.89%,"22,720.0","22,720.0","22,736.5","22,710.0",0.02K,0.04%,,,,,,,,,,
2022,01,14,1821.49,1829.18,1814.7,1817.54,100708.0,"1,496.02","1,496.05","1,503.25","1,476.68",785.61K,0.00%,"22,710.0","22,730.0","22,730.0","22,690.0",0.02K,0.00%,,,,,,,,,,
2022,01,13,1825.78,1828.14,1812.35,1822.71,88822.0,"1,496.05","1,510.51","1,522.60","1,495.13",995.82K,-0.96%,"22,710.0","22,702.5","22,715.0","22,685.0",0.02K,0.05%,,,,,,,,,,
2022,01,12,1820.14,1828.01,1814.71,1826.14,89178.0,"1,510.51","1,489.11","1,510.51","1,464.49",1.13M,1.22%,"22,698.0","22,690.0","22,710.0","22,690.0",0.03K,0.00%,,,,,,,,,,
2022,01,11,1800.41,1823.25,1799.97,1821.43,95816.0,"1,492.31","1,503.71","1,512.05","1,488.40",1.25M,-0.76%,"22,698.0","22,705.0","22,730.0","22,680.0",0.03K,0.01%,,,18230.0,,,17130.0,,23150.0,23870.0,
2022,01,10,1794.95,1802.32,1790.36,1801.69,98141.0,"1,503.71","1,528.48","1,536.45","1,503.71",1.38M,-1.62%,"22,695.0","22,752.5","22,760.0","22,675.0",0.03K,0.04%,,,,,,,,,,
2022,01,07,1791.18,1798.63,1782.64,1796.3,93200.0,"1,528.48","1,534.10","1,534.52","1,524.96",1.03M,-0.01%,"22,685.0","22,745.0","22,751.5","22,685.0",0.02K,-0.26%,,,,,,,,,,
2022,01,06,1810.06,1811.58,1786.5,1789.72,114463.0,"1,528.57","1,522.50","1,536.24","1,518.18",1.13M,0.40%,"22,745.0","22,757.5","22,811.0","22,747.5",0.02K,-0.04%,,,,,,,,,,
2022,01,05,1813.84,1829.6,1808.32,1810.53,91086.0,"1,522.50","1,525.58","1,535.82","1,522.50",1.06M,-0.20%,"22,755.0","22,750.0","22,770.0","22,735.0",0.02K,0.01%,,,,,,,,,,
2022,01,04,1802.46,1816.74,1798.51,1814.36,95966.0,"1,525.58","1,508.55","1,526.69","1,507.19",891.30K,1.82%,"22,752.0","22,770.0","22,782.5","22,750.0",0.02K,-0.32%,,,,,,,,,,
2022,01,03,1830.63,1831.82,1798.32,1801.2,87227.0,,,,,,,"22,825.0","22,825.0","22,825.0","22,825.0",,0.00%,,,,,,,,,,
2021,12,31,1814.64,1828.08,1814.2,1827.95,58510.0,"1,498.28","1,485.97","1,499.07","1,485.97",875.73K,0.83%,"22,825.0","22,760.0","22,857.5","22,747.5",0.03K,0.26%,,,,,,,,,,
2021,12,30,1803.71,1817.21,1796.12,1815.08,71293.0,"1,485.97","1,490.96","1,493.38","1,484.82",747.86K,0.01%,"22,765.0","22,822.5","22,840.0","22,770.0",0.02K,-0.24%,,,,,,,,,,
2021,12,29,1806.56,1807.71,1789.47,1803.9,74622.0,"1,485.82","1,494.39","1,498.91","1,485.82",843.88K,-0.57%,"22,820.0","22,840.0","22,842.5","22,820.0",0.02K,-0.07%,,,,,,,,,,
2021,12,28,1811.55,1820.18,1805.05,1806.13,65449.0,"1,494.39","1,488.88","1,499.77","1,483.97",1.00M,0.37%,"22,835.0","22,820.0","22,890.0","22,802.5",0.03K,0.11%,,,,,,,,,,
2021,12,27,1805.97,1813.47,1802.92,1811.82,66267.0,"1,488.88","1,477.03","1,490.12","1,469.91",752.11K,0.80%,"22,810.0","22,835.0","22,838.5","22,790.0",0.03K,-0.13%,,,,,,,,,,
2021,12,24,,,,,,"1,477.03","1,456.96","1,478.80","1,456.32",889.48K,1.38%,"22,840.0","22,940.0","22,955.0","22,850.0",0.03K,-0.48%,,,,,,,,,,
2021,12,23,1803.13,1810.63,1798.9,1807.76,66632.0,"1,456.96","1,477.67","1,481.21","1,447.14",1.36M,-1.40%,"22,950.0","22,970.0","22,980.0","22,920.0",0.03K,-0.02%,,,,,,,,,,
2021,12,22,1788.87,1804.92,1785.86,1803.54,72738.0,"1,477.67","1,478.74","1,489.24","1,471.84",1.07M,-0.07%,"22,955.0","22,980.0","22,982.5","22,917.5",0.04K,0.10%,,,,,,,,,,
2021,12,21,1790.8,1800.52,1785.0,1788.63,82073.0,"1,478.74","1,477.33","1,486.09","1,472.43",902.84K,0.10%,"22,933.0","22,935.0","22,936.5","22,885.0",0.03K,0.02%,,,,,,,,,,
2021,12,20,1800.31,1804.21,1788.29,1790.3,97492.0,"1,477.33","1,479.79","1,483.85","1,468.88",963.35K,-0.17%,"22,928.0","22,930.0","22,985.0","22,915.0",0.02K,-0.23%,,,,,,,,,,
2021,12,17,1798.39,1814.28,1795.94,1797.98,90843.0,"1,479.79","1,476.61","1,487.73","1,476.61",1.11M,0.22%,"22,980.0","23,035.0","23,035.0","22,910.0",0.04K,-0.04%,,,,,,,,,,
2021,12,16,1778.34,1799.55,1775.54,1799.02,99122.0,"1,476.61","1,475.50","1,482.32","1,468.95",927.54K,0.08%,"22,990.0","23,030.0","23,060.0","22,987.5",0.03K,-0.17%,,,,,,,,,,
2021,12,15,1771.44,1780.85,1752.34,1777.09,97659.0,"1,475.50","1,476.02","1,481.67","1,468.21",906.08K,-0.04%,"23,030.0","23,020.0","23,075.0","23,010.0",0.04K,0.13%,,,,,,,,,,
2021,12,14,1785.95,1789.53,1766.43,1770.58,82804.0,"1,476.02","1,476.21","1,485.14","1,469.21",964.11K,-0.01%,"23,000.0","22,977.5","23,025.0","22,960.0",0.03K,0.11%,,,,,,,,,,
2021,12,13,1782.77,1791.57,1781.83,1786.99,75375.0,"1,476.21","1,463.54","1,481.70","1,463.54",865.58K,0.87%,"22,975.0","23,051.5","23,051.5","22,960.0",0.02K,-0.22%,,,,,,,,,,
2021,12,10,1775.99,1789.41,1770.1,1782.82,82249.0,"1,463.54","1,467.98","1,475.85","1,461.78",798.29K,-0.30%,"23,025.0","23,010.0","23,075.0","22,967.5",0.04K,0.20%,,,17330.0,,,16320.0,,22080.0,22800.0,
2021,12,09,1783.08,1787.64,1773.27,1775.13,83436.0,"1,467.98","1,452.87","1,467.98","1,446.88",665.46K,1.04%,"22,980.0","22,937.5","22,997.5","22,910.0",0.03K,0.26%,,,,,,,,,,
2021,12,08,1784.6,1793.15,1779.64,1782.49,86165.0,"1,452.87","1,446.77","1,460.28","1,446.77",771.03K,0.42%,"22,920.0","23,065.0","23,080.0","22,920.0",0.06K,-0.65%,,,,,,,,,,
2021,12,07,1778.93,1787.68,1772.35,1784.16,82219.0,"1,446.77","1,413.58","1,446.77","1,413.58",755.91K,2.35%,"23,070.0","23,075.0","23,120.0","23,015.0",0.04K,0.22%,,,,,,,,,,
2021,12,06,1782.0,1787.71,1775.74,1778.37,94257.0,"1,413.58","1,443.32","1,452.55","1,400.87",1.04M,-2.06%,"23,020.0","22,855.0","23,125.0","22,825.0",0.03K,0.83%,,,,,,,,,,
2021,12,03,1769.67,1786.12,1766.15,1783.88,113243.0,"1,443.32","1,482.05","1,491.20","1,443.32",1.10M,-2.61%,"22,830.0","22,693.5","22,857.5","22,693.5",0.04K,0.44%,,,,,,,,,,
2021,12,02,1781.48,1783.38,1761.97,1768.4,114608.0,"1,482.05","1,485.19","1,493.84","1,482.05",763.96K,-0.21%,"22,730.0","22,715.0","22,735.0","22,696.0",0.02K,0.09%,,,,,,,,,,
2021,12,01,1775.91,1794.41,1772.17,1781.88,111262.0,"1,485.19","1,478.44","1,487.68","1,471.30",876.73K,0.46%,"22,710.0","22,690.0","22,715.0","22,690.0",0.02K,0.10%,,,,,,,,,,
2021,11,30,1785.12,1808.74,1769.82,1774.43,117288.0,"1,478.44","1,484.84","1,503.09","1,471.57",1.08M,-0.43%,"22,688.0","22,693.0","22,726.0","22,675.0",0.03K,-0.01%,,,,,,,,,,
2021,11,29,1788.53,1799.39,1777.64,1784.96,83509.0,"1,484.84","1,493.03","1,493.03","1,464.83",1.01M,-0.55%,"22,690.0","22,675.0","22,695.0","22,670.0",0.02K,0.05%,,,,,,,,,,
2021,11,26,1790.47,1815.55,1780.4,1790.86,103879.0,"1,493.03","1,500.81","1,511.68","1,488.83",1.06M,-0.52%,"22,678.0","22,675.0","22,685.0","22,667.0",0.02K,0.04%,,,,,,,,,,
2021,11,25,1787.93,1795.04,1786.01,1788.42,43784.0,"1,500.81","1,488.87","1,505.36","1,488.87",1.01M,0.80%,"22,670.0","22,685.0","22,690.0","22,669.5",0.03K,-0.04%,,,18380.0,,,17190.0,,22910.0,23900.0,
2021,11,24,1789.1,1796.34,1778.54,1788.64,100596.0,"1,488.87","1,463.63","1,491.05","1,463.63",1.12M,1.72%,"22,680.0","22,685.0","22,695.0","22,670.0",0.02K,0.02%,,,,,,,,,,
2021,11,23,1808.0,1812.45,1782.0,1789.28,107732.0,"1,463.63","1,447.25","1,463.63","1,438.41",880.07K,1.13%,"22,675.0","22,670.0","22,680.0","22,665.5",0.02K,0.02%,,,,,,,,,,
2021,11,22,1842.19,1849.15,1802.28,1804.77,111380.0,"1,447.25","1,452.35","1,466.46","1,442.85",1.27M,-0.35%,"22,670.0","22,667.5","22,675.0","22,643.5",0.02K,0.06%,,,,,,,,,,
2021,11,19,1859.19,1865.72,1843.0,1845.7,99128.0,"1,452.35","1,469.83","1,481.53","1,434.69",1.52M,-1.19%,"22,657.0","22,654.0","22,665.0","22,651.5",0.02K,0.03%,,,,,,,,,,
2021,11,18,1866.24,1870.94,1855.03,1858.81,82994.0,"1,469.83","1,475.85","1,482.87","1,469.83",1.09M,-0.41%,"22,650.0","22,665.0","22,665.0","22,647.5",0.02K,0.01%,,,,,,,,,,
2021,11,17,1850.24,1868.03,1849.53,1867.39,83204.0,"1,475.85","1,466.45","1,477.04","1,464.78",860.80K,0.64%,"22,648.0","22,649.5","22,655.5","22,645.0",0.02K,-0.01%,,,,,,,,,,
2021,11,16,1863.07,1877.23,1849.67,1849.98,96336.0,"1,466.45","1,476.57","1,476.97","1,459.08",1.22M,-0.69%,"22,650.0","22,650.0","22,655.0","22,645.0",0.02K,0.02%,,,,,,,,,,
2021,11,15,1866.79,1870.3,1856.38,1862.71,78903.0,"1,476.57","1,473.37","1,481.96","1,466.01",1.17M,0.22%,"22,645.0","22,650.0","22,662.0","22,644.5",0.02K,0.02%,,,,,,,,,,
2021,11,12,1861.75,1868.61,1845.2,1864.35,86565.0,"1,473.37","1,462.35","1,474.98","1,453.22",955.63K,0.75%,"22,640.0","22,646.0","22,662.0","22,637.0",0.02K,-0.02%,,,,,,,,,,
2021,11,11,1848.98,1866.0,1842.88,1861.77,73362.0,"1,462.35","1,465.02","1,472.89","1,449.18",1.27M,-0.18%,"22,645.0","22,647.5","22,659.0","22,644.0",0.01K,-0.07%,,,,,,,,,,
2021,11,10,1831.6,1868.55,1822.32,1848.97,104451.0,"1,465.02","1,461.50","1,470.19","1,457.98",985.54K,0.24%,"22,660.0","22,661.5","22,667.5","22,657.5",0.01K,-0.01%,,,18710.0,,,17630.0,,23660.0,24990.0,
2021,11,09,1824.28,1832.7,1819.23,1831.68,87840.0,"1,461.50","1,467.57","1,474.20","1,457.57",1.03M,-0.41%,"22,662.0","22,663.5","22,669.5","22,658.5",0.02K,0.01%,,,,,,,,,,
2021,11,08,1815.69,1826.44,1812.46,1824.14,86785.0,"1,467.57","1,456.51","1,470.49","1,456.51",1.08M,0.76%,"22,660.0","22,672.5","22,685.0","22,657.0",0.03K,-0.09%,,,,,,,,,,
2021,11,05,1791.11,1818.27,1785.1,1817.84,98757.0,"1,456.51","1,448.34","1,459.93","1,444.51",874.07K,0.56%,"22,680.0","22,681.0","22,690.0","22,676.0",0.01K,0.00%,,,,,,,,,,
2021,11,04,1771.35,1798.9,1770.86,1791.71,89121.0,"1,448.34","1,444.30","1,451.98","1,435.84",929.53K,0.28%,"22,680.0","22,680.0","22,723.5","22,680.0",0.01K,-0.29%,,,,,,,,,,
2021,11,03,1787.63,1788.2,1758.07,1769.89,95424.0,"1,444.30","1,452.46","1,463.63","1,440.67",1.51M,-0.56%,"22,747.0","22,748.0","22,754.0","22,744.0",0.02K,0.00%,,,,,,,,,,
2021,11,02,1792.82,1796.4,1786.41,1787.84,80400.0,"1,452.46","1,438.97","1,452.46","1,438.83",1.01M,0.94%,"22,748.0","22,749.5","22,758.5","22,742.5",0.02K,-0.01%,,,,,,,,,,
2021,11,01,1783.36,1795.79,1779.12,1793.2,88126.0,"1,438.97","1,444.27","1,451.81","1,435.57",1.13M,-0.37%,"22,750.0","22,753.0","22,757.5","22,745.5",0.01K,0.00%,,,,,,,,,,
2021,10,29,1799.49,1801.2,1771.98,1782.98,118861.0,"1,444.27","1,438.01","1,447.62","1,432.19",982.01K,0.44%,"22,750.0","22,753.0","22,756.0","22,745.5",0.01K,0.00%,,,,,,,,,,
2021,10,28,1796.75,1810.38,1792.25,1798.81,111028.0,"1,438.01","1,423.02","1,440.64","1,420.42",865.43K,1.05%,"22,750.0","22,755.0","22,762.5","22,753.0",0.01K,-0.02%,,,,,,,,,,
2021,10,27,1793.08,1799.05,1783.54,1796.89,98026.0,"1,423.02","1,391.63","1,423.02","1,391.63",936.22K,2.26%,"22,755.0","22,755.0","22,764.5","22,752.5",0.01K,-0.01%,,,,,,,,,,
2021,10,26,1807.45,1808.39,1782.45,1793.0,89761.0,"1,391.63","1,385.40","1,393.03","1,377.56",747.95K,0.45%,"22,757.0","22,758.5","22,761.5","22,752.0",0.01K,0.05%,,,18710.0,,,17630.0,,23110.0,24330.0,
2021,10,25,1792.93,1809.99,1792.25,1807.43,95376.0,"1,385.40","1,389.24","1,395.72","1,385.40",899.26K,-0.28%,"22,745.0","22,755.0","22,759.5","22,750.0",0.02K,-0.04%,,,,,,,,,,
2021,10,22,1783.37,1813.79,1782.89,1792.67,109808.0,"1,389.24","1,384.77","1,393.70","1,384.77",798.13K,0.32%,"22,754.0","22,755.0","22,762.0","22,748.5",0.02K,0.02%,,,,,,,,,,
2021,10,21,1782.65,1789.44,1776.53,1783.32,98030.0,"1,384.77","1,393.80","1,398.45","1,384.77",709.07K,-0.65%,"22,750.0","22,754.5","22,762.5","22,751.0",0.01K,-0.02%,,,,,,,,,,
2021,10,20,1769.43,1788.44,1766.9,1782.06,94540.0,"1,393.80","1,395.33","1,401.76","1,376.15",845.89K,-0.11%,"22,755.0","22,756.5","22,763.0","22,753.0",,0.00%,,,,,,,,,,
2021,10,19,1764.93,1785.11,1763.0,1768.99,95022.0,"1,395.33","1,395.53","1,399.66","1,388.95",639.44K,-0.01%,"22,755.0","22,757.0","22,764.0","22,753.5",0.01K,-0.01%,,,,,,,,,,
2021,10,18,1767.18,1772.04,1760.31,1764.53,100833.0,"1,395.53","1,392.70","1,402.63","1,390.88",795.92K,0.20%,"22,758.0","22,792.5","22,794.0","22,757.0",0.01K,0.00%,,,,,,,,,,
2021,10,15,1796.02,1796.47,1764.93,1767.42,91079.0,"1,392.70","1,391.85","1,399.03","1,388.00",784.56K,0.06%,"22,758.0","22,759.0","22,762.5","22,757.5",0.01K,0.00%,,,,,,,,,,
2021,10,14,1793.03,1800.57,1786.75,1795.92,79665.0,"1,391.85","1,391.91","1,398.67","1,388.89",725.51K,0.00%,"22,757.0","22,760.0","22,765.5","22,752.0",0.02K,0.00%,,,,,,,,,,
2021,10,13,1760.7,1796.15,1757.91,1792.75,102178.0,"1,391.91","1,394.80","1,400.67","1,389.61",645.35K,-0.21%,"22,757.0","22,755.0","22,763.5","22,752.0",0.01K,0.00%,,,,,,,,,,
2021,10,12,1753.79,1769.31,1750.8,1760.19,85568.0,"1,394.80","1,394.09","1,400.78","1,389.43",742.81K,0.05%,"22,757.0","22,754.5","22,763.5","22,750.0",0.02K,0.03%,,,,,,,,,,
2021,10,11,1756.97,1760.97,1750.18,1754.11,75370.0,"1,394.09","1,372.73","1,394.64","1,372.73",764.35K,1.56%,"22,750.0","22,759.5","22,764.0","22,752.5",0.02K,-0.03%,,,17540.0,,,16620.0,,21680.0,22870.0,
2021,10,08,1755.94,1781.27,1753.45,1757.1,95076.0,"1,372.73","1,365.99","1,373.18","1,365.93",632.86K,0.49%,"22,757.0","22,758.0","22,765.0","22,753.5",0.02K,0.03%,,,,,,,,,,
2021,10,07,1762.95,1766.91,1751.97,1754.91,76394.0,"1,365.99","1,362.82","1,367.64","1,360.57",693.03K,0.23%,"22,750.0","22,760.5","22,766.0","22,753.0",0.02K,0.00%,,,,,,,,,,
2021,10,06,1760.02,1765.03,1745.95,1762.87,94004.0,"1,362.82","1,354.63","1,362.82","1,354.63",637.00K,0.60%,"22,750.0","22,762.0","22,805.0","22,755.5",0.02K,-0.02%,,,,,,,,,,
2021,10,05,1768.61,1769.33,1748.66,1759.87,84128.0,"1,354.63","1,339.54","1,354.63","1,339.54",636.27K,1.13%,"22,754.0","22,758.5","22,764.0","22,753.0",0.02K,-0.01%,,,,,,,,,,
2021,10,04,1760.79,1770.5,1747.79,1769.35,94390.0,"1,339.54","1,334.89","1,347.49","1,333.53",736.08K,0.35%,"22,757.0","22,758.0","22,764.5","22,754.0",0.01K,0.00%,,,,,,,,,,
2021,10,01,1755.82,1764.28,1749.77,1760.15,93635.0,"1,334.89","1,342.06","1,344.06","1,332.97",738.17K,-0.53%,"22,757.0","22,760.5","22,765.0","22,754.0",0.02K,0.03%,,,,,,,,,,
2021,09,30,1726.64,1764.12,1722.24,1757.16,101418.0,"1,342.06","1,339.21","1,348.89","1,339.21",438.29K,0.21%,"22,750.0","22,755.5","22,768.5","22,753.0",0.03K,-0.01%,,,,,,,,,,
2021,09,29,1734.2,1745.48,1721.65,1726.46,99056.0,"1,339.21","1,339.31","1,340.90","1,328.17",598.50K,-0.01%,"22,753.0","22,768.0","22,768.5","22,755.5",0.03K,-0.04%,,,,,,,,,,
2021,09,28,1750.67,1754.49,1728.1,1733.53,109052.0,"1,339.31","1,324.99","1,341.81","1,316.41",623.51K,1.08%,"22,761.0","22,769.0","22,785.0","22,756.0",0.06K,-0.02%,,,,,,,,,,
2021,09,27,1749.81,1760.82,1744.84,1750.15,90252.0,"1,324.99","1,351.17","1,354.38","1,324.99",778.44K,-1.94%,"22,766.0","22,763.0","22,773.5","22,757.0",0.01K,0.03%,,,,,,,,,,
2021,09,24,1744.64,1757.71,1740.49,1749.72,73477.0,"1,351.17","1,352.76","1,356.97","1,348.07",673.10K,-0.12%,"22,760.0","22,770.0","22,774.5","22,764.5",0.01K,-0.01%,,,,,,,,,,
2021,09,23,1768.62,1776.56,1737.43,1742.48,94004.0,"1,352.76","1,350.68","1,361.09","1,350.43",997.61K,0.15%,"22,762.0","22,765.0","22,772.5","22,756.0",0.01K,0.01%,,,,,,,,,,
2021,09,22,1774.86,1787.21,1764.72,1767.99,95213.0,"1,350.68","1,339.84","1,350.71","1,336.63",779.65K,0.81%,"22,760.0","22,760.5","22,780.0","22,755.5",0.02K,0.02%,,,,,,,,,,
2021,09,21,1764.46,1781.69,1757.97,1773.89,77017.0,"1,339.84","1,350.48","1,350.48","1,324.82",859.68K,-0.79%,"22,755.0","22,764.5","22,781.0","22,760.0",0.01K,-0.06%,,,,,,,,,,
2021,09,20,1754.22,1767.05,1742.07,1764.82,96288.0,"1,350.48","1,352.64","1,365.92","1,349.18",895.46K,-0.16%,"22,769.0","22,775.0","22,782.0","22,771.0",0.02K,0.00%,,,,,,,,,,
2021,09,17,1753.57,1767.47,1747.38,1753.92,93996.0,"1,352.64","1,345.87","1,356.45","1,345.87",852.78K,0.50%,"22,770.0","22,756.0","22,772.5","22,754.0",0.01K,0.07%,,,,,,,,,,
2021,09,16,1794.12,1796.2,1745.24,1752.72,92224.0,"1,345.87","1,345.83","1,353.12","1,341.23",599.77K,0.00%,"22,753.0","22,761.0","22,765.0","22,753.0",0.02K,-0.02%,,,,,,,,,,
2021,09,15,1803.86,1806.94,1790.75,1793.73,71910.0,"1,345.83","1,339.70","1,347.70","1,334.97",692.09K,0.46%,"22,758.0","22,757.5","22,766.0","22,754.5",0.02K,0.00%,,,,,,,,,,
2021,09,14,1793.38,1808.58,1779.6,1804.69,68253.0,"1,339.70","1,341.43","1,349.13","1,336.84",730.45K,-0.13%,"22,759.0","22,765.0","22,766.5","22,756.5",0.01K,0.00%,,,,,,,,,,
2021,09,13,1787.35,1798.43,1783.64,1793.37,53287.0,"1,341.43","1,345.31","1,350.69","1,340.50",775.47K,-0.29%,"22,759.0","22,766.0","22,767.5","22,756.5",0.01K,0.01%,,,,,,,,,,
2021,09,10,1793.87,1803.77,1787.24,1787.81,64121.0,"1,345.31","1,343.98","1,350.43","1,343.98",598.73K,0.10%,"22,757.0","22,764.0","22,767.0","22,754.5",0.02K,-0.04%,,,16020.0,,,15080.0,,20140.0,21390.0,
2021,09,09,1789.54,1800.9,1783.86,1794.36,69299.0,"1,343.98","1,333.61","1,345.59","1,332.67",642.57K,0.78%,"22,765.0","22,760.0","22,767.5","22,754.5",0.02K,0.04%,,,,,,,,,,
2021,09,08,1795.12,1802.11,1782.43,1789.29,69657.0,"1,333.61","1,341.90","1,344.49","1,328.35",626.08K,-0.62%,"22,757.0","22,764.5","22,769.0","22,751.0",0.02K,0.00%,,,,,,,,,,
2021,09,07,1823.53,1827.22,1792.04,1793.92,65120.0,"1,341.90","1,346.39","1,353.66","1,340.32",869.38K,-0.33%,"22,758.0","22,760.5","22,790.0","22,755.0",0.02K,-0.01%,,,,,,,,,,
2021,09,06,1828.29,1830.24,1821.42,1823.14,30435.0,"1,346.39","1,334.65","1,348.36","1,334.65",944.41K,0.88%,"22,760.0","22,772.5","22,781.5","22,762.5",0.03K,0.00%,,,,,,,,,,
2021,09,03,1809.49,1833.95,1808.94,1827.59,64900.0,,,,,,,"22,760.0","22,760.0","22,760.0","22,760.0",,0.00%,,,,,,,,,,
2021,09,02,1813.97,1817.15,1804.86,1809.55,48158.0,,,,,,,"22,760.0","22,760.0","22,760.0","22,760.0",,0.00%,,,,,,,,,,
2021,09,01,1814.47,1820.03,1808.72,1813.77,66557.0,"1,334.65","1,331.47","1,338.02","1,328.13",719.96K,0.24%,"22,760.0","22,765.0","22,795.0","22,763.0",0.01K,-0.07%,,,,,,,,,,
2021,08,31,1810.0,1819.15,1801.71,1814.26,69797.0,"1,331.47","1,328.14","1,336.14","1,325.69",733.83K,0.25%,"22,775.0","22,782.5","22,785.5","22,771.5",0.01K,0.00%,,,,,,,,,,
2021,08,30,1818.18,1823.24,1807.76,1810.13,51256.0,"1,328.14","1,313.20","1,329.62","1,313.20",676.54K,1.14%,"22,775.0","22,800.0","22,800.5","22,777.5",0.01K,-0.06%,,,,,,,,,,
2021,08,27,1792.42,1819.09,1784.01,1817.85,73792.0,"1,313.20","1,301.12","1,313.20","1,285.16",685.06K,0.93%,"22,789.0","22,785.0","22,794.5","22,777.5",0.02K,0.02%,,,,,,,,,,
2021,08,26,1791.03,1798.12,1780.07,1791.69,66655.0,"1,301.12","1,309.55","1,316.26","1,295.77",524.29K,-0.64%,"22,785.0","22,791.0","22,819.0","22,782.5",0.02K,-0.02%,,,15660.0,,,14760.0,,19890.0,21130.0,
2021,08,25,1802.42,1802.78,1782.57,1790.33,71904.0,"1,309.55","1,298.74","1,310.16","1,291.70",522.87K,0.83%,"22,790.0","22,815.0","22,830.0","22,792.5",0.02K,-0.13%,,,,,,,,,,
2021,08,24,1805.41,1809.51,1800.7,1802.83,68351.0,"1,298.74","1,298.86","1,307.56","1,289.16",714.27K,-0.01%,"22,820.0","22,825.0","22,833.5","22,821.0",0.01K,-0.02%,,,,,,,,,,
2021,08,23,1781.52,1806.42,1776.44,1805.18,81054.0,"1,298.86","1,329.43","1,329.43","1,298.86",795.07K,-2.30%,"22,825.0","22,825.0","22,832.5","22,814.5",0.02K,0.02%,,,,,,,,,,
2021,08,20,1780.14,1788.37,1778.33,1780.94,74472.0,"1,329.43","1,374.85","1,374.85","1,317.52",1.21M,-3.30%,"22,820.0","22,830.5","22,834.0","22,808.5",0.11K,0.04%,,,,,,,,,,
2021,08,19,1787.37,1792.44,1774.41,1780.0,95481.0,"1,374.85","1,360.94","1,374.85","1,352.94",728.17K,1.02%,"22,812.0","22,805.0","22,837.5","22,805.0",0.13K,0.02%,,,,,,,,,,
2021,08,18,1786.3,1793.75,1777.32,1787.68,84606.0,"1,360.94","1,363.09","1,370.50","1,355.83",689.78K,-0.16%,"22,807.0","22,832.5","22,839.0","22,798.0",0.12K,-0.10%,,,,,,,,,,
2021,08,17,1787.22,1795.46,1780.53,1785.8,84021.0,"1,363.09","1,370.96","1,379.70","1,359.11",768.61K,-0.57%,"22,830.0","22,805.0","22,840.5","22,805.0",0.12K,0.00%,,,,,,,,,,
2021,08,16,1779.08,1789.28,1770.8,1787.24,84258.0,"1,370.96","1,357.05","1,372.33","1,357.05",827.71K,1.03%,"22,830.0","22,817.5","22,846.0","22,817.5",0.02K,0.00%,,,,,,,,,,
2021,08,13,1753.17,1779.79,1751.69,1779.7,73095.0,"1,357.05","1,353.05","1,357.41","1,336.74",744.15K,0.30%,"22,830.0","22,805.0","22,832.5","22,800.0",0.03K,0.11%,,,,,,,,,,
2021,08,12,1751.32,1758.15,1741.58,1752.86,77872.0,"1,353.05","1,357.79","1,365.01","1,353.05",741.56K,-0.35%,"22,805.0","22,800.0","22,845.0","22,785.0",0.10K,-0.02%,,,,,,,,,,
2021,08,11,1729.71,1754.37,1724.08,1751.5,91167.0,"1,357.79","1,362.43","1,374.03","1,357.79",806.77K,-0.34%,"22,809.0","22,955.0","22,955.0","22,790.0",0.01K,-0.34%,,,16170.0,,,15170.0,,20490.0,21680.0,
2021,08,10,1728.91,1738.27,1717.71,1728.74,88755.0,"1,362.43","1,359.86","1,370.35","1,358.12",716.54K,0.19%,"22,887.0","22,931.0","22,943.0","22,882.0",0.16K,-0.17%,,,,,,,,,,
2021,08,09,1761.08,1762.27,1683.2,1729.58,123735.0,"1,359.86","1,341.45","1,361.12","1,334.69",688.43K,1.37%,"22,925.0","22,930.0","22,966.0","22,920.5",0.08K,-0.01%,,,,,,,,,,
2021,08,06,1804.65,1804.72,1758.65,1763.18,90320.0,"1,341.45","1,345.55","1,351.85","1,341.45",736.16K,-0.30%,"22,927.0","22,955.0","22,957.0","22,921.5",0.02K,-0.04%,,,,,,,,,,
2021,08,05,1812.03,1814.81,1797.83,1803.73,76504.0,"1,345.55","1,334.74","1,346.62","1,326.80",635.47K,0.81%,"22,936.0","22,940.0","22,952.0","22,938.0",0.01K,-0.04%,,,,,,,,,,
2021,08,04,1810.26,1831.65,1806.4,1811.6,81473.0,"1,334.74","1,332.44","1,340.76","1,328.40",661.80K,0.17%,"22,945.0","22,945.0","22,957.0","22,930.0",0.02K,-0.02%,,,,,,,,,,
2021,08,03,1813.49,1814.99,1807.12,1810.12,71014.0,"1,332.44","1,314.22","1,332.44","1,314.22",647.01K,1.39%,"22,950.0","22,955.0","22,985.0","22,928.5",0.02K,0.00%,,,,,,,,,,
2021,08,02,1814.6,1819.51,1805.78,1813.11,88661.0,"1,314.22","1,310.05","1,322.35","1,304.49",614.53K,0.32%,"22,950.0","22,955.0","22,961.5","22,952.5",0.01K,0.00%,,,,,,,,,,
2021,07,30,1828.79,1831.34,1810.2,1814.28,81091.0,"1,310.05","1,293.60","1,311.97","1,293.60",644.44K,1.27%,"22,950.0","22,987.5","22,992.5","22,952.5",0.02K,-0.07%,,,,,,,,,,
2021,07,29,1807.34,1832.62,1807.22,1827.79,89520.0,"1,293.60","1,277.07","1,293.60","1,277.07",491.06K,1.29%,"22,965.0","23,020.0","23,020.0","22,966.5",0.02K,-0.15%,,,,,,,,,,
2021,07,28,1800.52,1809.82,1792.36,1807.11,91748.0,"1,277.07","1,276.93","1,281.17","1,271.78",406.89K,0.01%,"22,999.0","23,005.0","23,022.5","22,999.5",0.02K,-0.03%,,,,,,,,,,
2021,07,27,1797.99,1805.22,1793.6,1798.47,88456.0,"1,276.93","1,272.71","1,288.35","1,272.71",566.75K,0.33%,"23,005.0","23,009.5","23,022.5","23,006.5",0.01K,-0.01%,,,16370.0,,,15390.0,,20490.0,21680.0,
2021,07,26,1802.26,1811.46,1796.38,1797.65,90431.0,"1,272.71","1,268.83","1,277.33","1,254.57",508.55K,0.31%,"23,008.0","23,007.0","23,022.5","23,004.5",0.02K,0.01%,,,,,,,,,,
2021,07,23,1806.98,1810.3,1789.63,1801.93,83504.0,"1,268.83","1,293.67","1,295.63","1,268.83",582.25K,-1.92%,"23,005.0","23,015.5","23,025.0","23,004.5",0.03K,-0.02%,,,,,,,,,,
2021,07,22,1803.83,1808.04,1792.74,1806.42,92708.0,"1,293.67","1,270.79","1,294.16","1,266.54",536.41K,1.80%,"23,010.0","23,022.5","23,025.0","23,009.5",0.01K,-0.05%,,,,,,,,,,
2021,07,21,1810.4,1813.74,1794.68,1803.42,94121.0,"1,270.79","1,273.29","1,284.33","1,266.71",451.95K,-0.20%,"23,022.0","23,021.5","23,029.0","23,015.0",0.01K,-0.02%,,,,,,,,,,
2021,07,20,1812.65,1824.92,1805.1,1810.24,103742.0,"1,273.29","1,243.51","1,273.29","1,225.52",568.60K,2.39%,"23,026.0","23,019.0","23,028.5","23,017.5",0.02K,0.03%,,,,,,,,,,
2021,07,19,1811.29,1817.27,1794.98,1812.61,117655.0,"1,243.51","1,299.31","1,299.31","1,237.79",731.02K,-4.29%,"23,020.0","23,012.5","23,027.5","23,012.0",0.03K,0.04%,,,,,,,,,,
2021,07,16,1829.87,1832.0,1808.96,1811.51,90910.0,"1,299.31","1,293.92","1,304.37","1,293.92",415.12K,0.42%,"23,011.0","23,004.5","23,016.5","23,000.0",0.02K,0.01%,,,,,,,,,,
2021,07,15,1827.44,1834.07,1820.22,1829.45,76139.0,"1,293.92","1,279.91","1,299.18","1,270.77",419.14K,1.09%,"23,009.0","23,012.5","23,020.0","23,011.0",0.02K,-0.01%,,,,,,,,,,
2021,07,14,1807.95,1829.73,1804.55,1827.99,80677.0,"1,279.91","1,297.54","1,305.37","1,264.68",547.97K,-1.36%,"23,011.0","23,012.5","23,021.0","23,012.0",0.03K,0.00%,,,,,,,,,,
2021,07,13,1806.26,1817.14,1798.6,1807.14,78097.0,"1,297.54","1,296.30","1,307.73","1,278.30",500.18K,0.10%,"23,010.0","23,022.5","23,029.0","23,002.5",0.02K,-0.04%,,,,,,,,,,
2021,07,12,1807.97,1810.82,1791.65,1806.17,66869.0,"1,296.30","1,347.14","1,347.14","1,270.06",912.74K,-3.77%,"23,020.0","23,004.5","23,022.0","23,000.0",0.02K,0.09%,,,16530.0,,,15500.0,,20610.0,21780.0,
2021,07,09,1802.94,1812.33,1796.38,1808.04,77370.0,"1,347.14","1,374.68","1,374.68","1,335.90",713.99K,-2.00%,"23,000.0","23,000.0","23,031.5","22,997.5",0.02K,-0.03%,,,,,,,,,,
2021,07,08,1803.68,1818.33,1793.83,1802.35,105013.0,"1,374.68","1,388.55","1,388.55","1,363.92",528.83K,-1.00%,"23,007.0","23,020.0","23,032.0","23,006.0",0.02K,-0.03%,,,,,,,,,,
2021,07,07,1796.31,1809.72,1793.85,1803.59,83421.0,"1,388.55","1,354.79","1,388.55","1,334.58",733.80K,2.49%,"23,015.0","23,010.5","23,017.5","22,999.5",0.02K,0.03%,,,,,,,,,,
2021,07,06,1791.27,1814.97,1790.11,1797.05,88151.0,"1,354.79","1,411.13","1,418.99","1,354.79",773.51K,-3.99%,"23,007.0","23,004.5","23,016.0","22,992.5",0.02K,0.05%,,,,,,,,,,
2021,07,05,1787.11,1794.34,1784.47,1791.73,40542.0,"1,411.13","1,420.27","1,421.52","1,394.12",774.45K,-0.64%,"22,996.0","22,994.5","23,011.5","22,989.5",0.03K,-0.01%,,,,,,,,,,
2021,07,02,1776.28,1795.04,1774.33,1787.33,79540.0,"1,420.27","1,422.89","1,424.28","1,415.82",706.83K,0.23%,"22,998.0","23,005.0","23,025.0","22,999.5",0.02K,-0.05%,,,,,,,,,,
2021,07,01,1770.03,1782.78,1765.64,1776.52,74755.0,"1,417.08","1,412.15","1,417.27","1,402.18",753.56K,0.61%,"23,010.0","23,025.0","23,025.0","23,005.0",0.02K,-0.02%,,,,,,,,,,
2021,06,30,1762.09,1774.39,1753.33,1769.65,80009.0,"1,408.55","1,410.83","1,419.61","1,408.18",595.29K,-0.11%,"23,014.0","23,025.0","23,028.0","23,016.0",0.02K,-0.03%,,,,,,,,,,
2021,06,29,1778.6,1778.96,1750.69,1761.08,81852.0,"1,410.04","1,408.34","1,416.34","1,406.87",647.39K,0.30%,"23,020.0","23,025.0","23,030.0","23,014.5",0.02K,0.00%,,,,,,,,,,
2021,06,28,1781.24,1785.74,1770.67,1779.03,87814.0,"1,405.81","1,397.96","1,406.02","1,390.56",699.51K,1.13%,"23,020.0","23,025.0","23,025.0","23,012.0",0.02K,0.00%,,,,,,,,,,
2021,06,25,1776.26,1790.34,1773.7,1781.11,94761.0,"1,390.12","1,382.11","1,390.12","1,372.80",598.11K,0.75%,"23,020.0","23,002.5","23,052.0","23,002.5",0.02K,0.07%,,,,,,,,,,
2021,06,24,1778.61,1787.97,1772.85,1774.96,110374.0,"1,379.72","1,376.87","1,384.71","1,372.99",591.75K,0.21%,"23,003.0","23,007.5","23,030.0","23,002.5",0.01K,-0.07%,,,,,,,,,,
2021,06,23,1779.76,1794.95,1773.33,1778.4,104888.0,"1,376.87","1,383.15","1,388.33","1,372.06",710.77K,-0.22%,"23,020.0","23,027.5","23,028.0","23,022.5",0.01K,-0.02%,,,,,,,,,,
2021,06,22,1784.05,1790.09,1772.44,1778.63,126279.0,"1,379.97","1,380.84","1,385.98","1,375.00",746.95K,0.53%,"23,025.0","23,017.5","23,027.5","23,011.0",0.02K,0.05%,,,,,,,,,,
2021,06,21,1768.64,1786.61,1766.4,1783.25,142895.0,"1,372.63","1,373.59","1,381.74","1,367.85",768.18K,-0.37%,"23,014.0","22,947.5","23,050.0","22,947.5",0.02K,0.08%,,,,,,,,,,
2021,06,18,1775.49,1797.14,1760.91,1764.52,136136.0,"1,377.77","1,366.19","1,377.77","1,363.52",809.47K,1.31%,"22,995.0","22,972.5","23,015.0","22,949.0",0.02K,0.15%,,,,,,,,,,
2021,06,17,1813.54,1825.33,1767.3,1772.78,186319.0,"1,359.92","1,341.06","1,364.55","1,337.49",768.73K,0.25%,"22,960.0","22,952.0","22,968.0","22,948.5",0.02K,0.06%,,,,,,,,,,
2021,06,16,1859.13,1862.91,1803.33,1810.21,112002.0,"1,356.52","1,363.85","1,370.14","1,350.73",769.63K,-0.79%,"22,946.0","22,950.0","22,953.5","22,942.0",0.02K,0.00%,,,,,,,,,,
2021,06,15,1867.53,1869.16,1851.65,1858.89,94645.0,"1,367.36","1,361.58","1,372.72","1,356.59",730.94K,0.41%,"22,947.0","22,951.0","22,956.0","22,946.5",0.01K,0.01%,,,,,,,,,,
2021,06,14,1876.07,1877.62,1844.77,1866.31,118581.0,"1,361.72","1,352.73","1,368.53","1,352.73",775.73K,0.74%,"22,944.0","22,947.5","22,954.0","22,941.0",0.02K,0.00%,,,,,,,,,,
2021,06,11,1898.15,1903.03,1874.44,1876.16,118817.0,"1,351.74","1,326.79","1,352.47","1,322.08",731.26K,2.13%,"22,945.0","22,946.5","22,965.0","22,943.0",0.02K,-0.01%,,,15440.0,,,14410.0,,19040.0,20160.0,
2021,06,10,1888.89,1899.86,1869.84,1899.64,126781.0,"1,323.58","1,332.90","1,336.71","1,317.49",723.49K,-0.70%,"22,947.0","22,957.5","23,005.0","22,943.0",0.02K,-0.03%,,,,,,,,,,
2021,06,09,1891.72,1898.95,1887.33,1888.89,97129.0,"1,332.90","1,323.52","1,339.14","1,312.08",822.29K,0.99%,"22,955.0","22,955.5","23,010.5","22,955.5",0.02K,0.01%,,,,,,,,,,
2021,06,08,1899.1,1903.67,1883.84,1893.06,105052.0,"1,319.88","1,355.36","1,364.48","1,318.11",924.51K,-2.86%,"22,952.0","23,012.0","23,012.5","22,943.5",0.02K,-0.21%,,,,,,,,,,
2021,06,07,1890.19,1900.13,1881.57,1898.78,104532.0,"1,358.78","1,374.59","1,375.74","1,347.21",876.69K,-1.11%,"23,000.0","23,051.5","23,055.0","23,005.0",0.02K,-0.19%,,,,,,,,,,
2021,06,04,1871.33,1896.14,1855.5,1891.51,127130.0,"1,374.05","1,367.06","1,374.05","1,360.42",943.33K,0.72%,"23,044.0","23,044.5","23,056.0","23,043.0",0.02K,0.01%,,,,,,,,,,
2021,06,03,1908.45,1909.64,1865.37,1870.7,132560.0,"1,364.28","1,345.21","1,366.00","1,345.21",898.88K,1.75%,"23,041.0","23,042.5","23,053.0","23,042.0",0.01K,0.00%,,,,,,,,,,
2021,06,02,1899.65,1909.09,1894.37,1908.66,106790.0,"1,340.78","1,337.78","1,344.98","1,330.82",805.24K,0.22%,"23,040.0","23,046.0","23,048.0","23,041.5",0.01K,-0.02%,,,,,,,,,,
2021,06,01,1907.26,1916.58,1892.37,1899.87,123400.0,"1,337.78","1,329.47","1,346.34","1,328.84",629.42K,0.73%,"23,044.0","23,046.5","23,062.0","23,042.5",0.02K,0.02%,,,,,,,,,,
2021,05,31,1903.74,1910.65,1902.14,1906.62,68155.0,"1,328.05","1,326.65","1,328.05","1,307.56",737.18K,0.57%,"23,040.0","23,047.5","23,054.0","23,042.5",0.01K,-0.02%,,,,,,,,,,
2021,05,28,1897.4,1905.95,1882.27,1903.18,131825.0,"1,320.46","1,307.79","1,323.09","1,300.06",768.85K,1.30%,"23,045.0","23,049.0","23,057.0","23,043.0",0.02K,0.00%,,,,,,,,,,
2021,05,27,1896.45,1903.67,1888.28,1896.43,124764.0,"1,303.57","1,318.42","1,319.67","1,299.99",733.00K,-1.00%,"23,045.0","23,060.5","23,062.0","23,045.0",0.02K,-0.04%,,,14770.0,,,13820.0,,18420.0,19530.0,
2021,05,26,1898.77,1912.74,1890.77,1896.5,122351.0,"1,316.70","1,308.04","1,317.30","1,304.68",713.07K,0.62%,"23,055.0","23,054.5","23,062.5","23,050.5",0.02K,-0.02%,,,,,,,,,,
2021,05,25,1880.78,1900.21,1872.71,1899.18,121916.0,"1,308.58","1,299.19","1,308.58","1,297.23",679.06K,0.82%,"23,060.0","23,060.5","23,065.0","23,051.5",0.01K,0.02%,,,,,,,,,,
2021,05,24,1881.41,1887.02,1875.17,1881.35,128610.0,"1,297.98","1,287.50","1,299.83","1,287.36",715.51K,1.09%,"23,056.0","23,054.5","23,060.5","23,047.5",0.01K,0.01%,,,,,,,,,,
2021,05,21,1877.79,1889.41,1870.1,1881.74,139975.0,"1,283.93","1,272.84","1,289.03","1,268.46",698.93K,0.45%,"23,054.0","23,052.5","23,057.5","23,042.0",0.02K,0.04%,,,,,,,,,,
2021,05,20,1870.06,1883.94,1863.86,1877.28,147676.0,"1,278.22","1,264.62","1,278.22","1,255.78",745.21K,1.25%,"23,045.0","23,046.0","23,052.5","23,041.5",0.02K,0.00%,,,,,,,,,,
2021,05,19,1869.12,1890.09,1852.23,1870.15,155875.0,"1,262.49","1,254.78","1,262.71","1,250.58",694.35K,0.78%,"23,045.0","23,043.0","23,051.5","23,042.0",0.02K,0.02%,,,,,,,,,,
2021,05,18,1866.69,1875.03,1863.2,1869.64,95130.0,"1,252.68","1,259.57","1,262.22","1,249.02",692.48K,-0.48%,"23,040.0","23,044.5","23,048.0","23,039.0",0.02K,-0.03%,,,,,,,,,,
2021,05,17,1843.52,1868.41,1843.52,1866.65,105152.0,"1,258.70","1,272.55","1,277.83","1,258.50",758.29K,-0.60%,"23,046.0","23,052.0","23,054.5","23,041.5",0.02K,-0.01%,,,,,,,,,,
2021,05,14,1827.12,1845.93,1819.77,1842.56,101155.0,"1,266.36","1,266.43","1,271.45","1,259.97",730.99K,0.35%,"23,048.0","23,051.5","23,052.5","23,047.0",0.02K,0.03%,,,,,,,,,,
2021,05,13,1814.87,1828.8,1808.77,1826.93,122267.0,"1,261.99","1,262.98","1,273.49","1,261.99",711.52K,-0.56%,"23,040.0","23,062.5","23,070.5","23,045.0",0.02K,-0.06%,,,,,,,,,,
2021,05,12,1836.83,1843.68,1813.24,1816.11,137693.0,"1,269.09","1,251.97","1,269.09","1,249.18",700.67K,1.04%,"23,053.0","23,058.5","23,064.0","23,050.0",0.01K,-0.01%,,,14770.0,,,13820.0,,18420.0,19530.0,
2021,05,11,1836.07,1841.8,1818.09,1836.8,120851.0,"1,256.04","1,265.11","1,272.55","1,256.04",770.09K,-0.28%,"23,055.0","23,061.0","23,065.0","23,050.0",0.02K,-0.02%,,,,,,,,,,
2021,05,10,1833.04,1845.49,1829.97,1835.54,124892.0,"1,259.58","1,239.96","1,259.58","1,236.85",773.06K,1.43%,"23,060.0","23,059.5","23,066.0","23,049.5",0.02K,0.00%,,,,,,,,,,
2021,05,07,1814.64,1843.3,1812.85,1830.85,126630.0,"1,241.81","1,245.48","1,250.50","1,231.92",783.04K,-0.70%,"23,060.0","23,070.5","23,070.5","23,055.5",0.02K,-0.03%,,,,,,,,,,
2021,05,06,1786.8,1818.12,1782.0,1815.22,110093.0,"1,250.57","1,255.42","1,261.49","1,246.64",730.50K,-0.47%,"23,067.0","23,066.5","23,071.0","23,047.5",0.01K,0.03%,,,,,,,,,,
2021,05,05,1778.34,1787.97,1770.49,1787.66,86898.0,"1,256.43","1,244.69","1,265.93","1,244.69",744.43K,1.15%,"23,060.0","23,063.5","23,071.0","23,047.5",0.02K,0.04%,,,,,,,,,,
2021,05,04,1792.58,1799.09,1771.01,1779.28,107458.0,"1,242.20","1,222.08","1,242.80","1,212.56",798.49K,0.23%,"23,050.0","23,064.0","23,071.5","23,047.5",0.01K,-0.02%,,,,,,,,,,
2021,05,03,1766.81,1797.91,1766.04,1793.04,90768.0,,,,,,,"23,054.0","23,054.0","23,054.0","23,054.0",,0.00%,,,,,,,,,,
2021,04,30,1772.61,1773.62,1764.24,1768.97,97490.0,,,,,,,"23,054.0","23,054.0","23,054.0","23,054.0",,0.00%,,,,,,,,,,
2021,04,29,1781.96,1789.98,1756.19,1772.28,105898.0,"1,239.39","1,234.91","1,239.39","1,231.25",647.16K,0.80%,"23,054.0","23,062.5","23,065.0","23,041.0",0.02K,0.03%,,,,,,,,,,
2021,04,28,1776.99,1782.54,1762.62,1781.47,104594.0,"1,229.55","1,220.26","1,230.91","1,217.49",612.70K,0.80%,"23,047.0","23,046.5","23,060.0","23,036.5",0.02K,0.02%,,,,,,,,,,
2021,04,27,1781.27,1785.55,1773.76,1776.7,90326.0,"1,219.75","1,213.84","1,220.96","1,204.14",618.17K,0.33%,"23,042.0","23,048.5","23,058.0","23,040.0",0.02K,0.01%,,,14320.0,,,13250.0,,17980.0,19160.0,
2021,04,26,1775.48,1783.5,1768.84,1781.39,95870.0,"1,215.77","1,251.25","1,251.25","1,214.14",744.95K,-2.62%,"23,040.0","23,050.5","23,075.0","23,042.5",0.02K,-0.13%,,,,,,,,,,
2021,04,23,1784.16,1795.95,1770.01,1776.48,102335.0,"1,248.53","1,227.18","1,248.53","1,216.15",716.52K,1.69%,"23,070.0","23,071.0","23,075.5","23,057.5",0.02K,0.00%,,,,,,,,,,
2021,04,22,1793.95,1797.88,1777.45,1784.36,104081.0,"1,227.82","1,264.31","1,271.98","1,227.82",770.37K,-3.19%,"23,070.0","23,069.0","23,076.0","23,065.0",0.02K,-0.02%,,,,,,,,,,
2021,04,21,1778.16,1797.63,1776.24,1793.92,102562.0,,,,,,,"23,074.0","23,074.0","23,074.0","23,074.0",,0.00%,,,,,,,,,,
2021,04,20,1770.9,1780.41,1763.53,1778.55,110180.0,"1,268.28","1,267.74","1,286.32","1,261.28",843.60K,0.61%,"23,074.0","23,077.0","23,080.0","23,068.5",0.02K,0.00%,,,,,,,,,,
2021,04,19,1775.67,1790.03,1766.76,1770.78,113432.0,"1,260.58","1,243.58","1,260.58","1,233.77",817.13K,1.77%,"23,073.0","23,073.5","23,076.5","23,067.0",0.02K,0.03%,,,,,,,,,,
2021,04,16,1763.97,1783.79,1759.72,1776.67,100215.0,"1,238.71","1,245.06","1,254.61","1,227.14",986.88K,-0.68%,"23,067.0","23,067.5","23,076.5","23,064.5",0.02K,-0.03%,,,,,,,,,,
2021,04,15,1736.26,1769.68,1734.35,1763.5,103270.0,"1,247.25","1,262.25","1,265.87","1,247.25",806.49K,-0.69%,"23,073.0","23,076.0","23,079.0","23,064.5",0.02K,-0.02%,,,,,,,,,,
2021,04,14,1745.66,1749.31,1732.58,1736.25,106297.0,"1,255.87","1,240.90","1,255.87","1,233.01",861.96K,0.60%,"23,078.0","23,077.0","23,081.5","23,066.5",0.02K,0.04%,,,,,,,,,,
2021,04,13,1733.23,1748.99,1723.7,1745.39,122156.0,"1,248.33","1,262.44","1,268.02","1,247.66",1.03M,-0.33%,"23,069.0","23,071.0","23,075.5","23,065.5",0.02K,0.01%,,,,,,,,,,
2021,04,12,1742.71,1745.0,1727.48,1732.34,110257.0,"1,252.45","1,236.79","1,252.45","1,232.35",890.31K,1.69%,"23,067.0","23,063.5","23,075.0","23,061.0",0.02K,0.01%,,,14140.0,,,12820.0,,17800.0,18970.0,
2021,04,09,1755.65,1757.32,1731.26,1743.46,110017.0,"1,231.66","1,231.51","1,234.98","1,227.60",732.82K,-0.26%,"23,065.0","23,075.0","23,086.5","23,064.0",0.02K,-0.09%,,,,,,,,,,
2021,04,08,1737.56,1758.66,1733.14,1756.14,102546.0,"1,234.89","1,242.38","1,246.40","1,232.26",664.51K,-0.60%,"23,085.0","23,090.0","23,095.0","23,083.0",0.02K,-0.02%,,,,,,,,,,
2021,04,07,1743.28,1744.32,1730.57,1737.57,103223.0,"1,242.38","1,237.39","1,242.38","1,232.52",727.82K,0.20%,"23,090.0","23,093.0","23,093.5","23,088.0",0.01K,0.00%,,,,,,,,,,
2021,04,06,1728.71,1745.47,1727.16,1743.06,109667.0,"1,239.96","1,233.37","1,244.63","1,231.14",694.06K,0.32%,"23,090.0","23,091.5","23,096.0","23,075.0",0.02K,0.05%,,,,,,,,,,
2021,04,05,1728.66,1733.57,1721.25,1728.36,88124.0,"1,236.05","1,245.28","1,245.28","1,228.18",693.04K,0.95%,"23,079.0","23,079.5","23,083.0","23,069.0",0.01K,0.03%,,,,,,,,,,
2021,04,02,,,,,,"1,224.45","1,225.76","1,228.29","1,221.07",661.89K,0.69%,"23,073.0","23,072.0","23,079.5","23,069.0",0.02K,0.03%,,,,,,,,,,
2021,04,01,1707.4,1730.4,1705.76,1729.49,115912.0,"1,216.10","1,194.59","1,217.26","1,192.83",672.84K,2.07%,"23,065.0","23,075.0","23,078.0","23,069.5",0.01K,-0.04%,,,,,,,,,,
2021,03,31,1684.83,1715.34,1677.86,1707.7,130802.0,"1,191.44","1,186.36","1,196.45","1,186.36",703.08K,0.43%,"23,074.0","23,075.0","23,077.5","23,068.5",0.01K,0.02%,,,,,,,,,,
2021,03,30,1712.68,1714.36,1678.77,1685.06,135333.0,"1,186.36","1,179.64","1,187.29","1,172.85",780.73K,0.91%,"23,070.0","23,071.5","23,077.5","23,067.5",0.02K,0.00%,,,,,,,,,,
2021,03,29,1731.17,1732.84,1705.65,1711.81,109038.0,"1,175.68","1,169.65","1,175.77","1,165.78",660.95K,1.16%,"23,070.0","23,090.0","23,092.5","23,069.5",0.02K,-0.06%,,,,,,,,,,
2021,03,26,1727.94,1736.65,1721.63,1732.7,105918.0,"1,162.21","1,162.71","1,165.76","1,137.90",670.46K,-0.08%,"23,084.0","23,085.0","23,095.0","23,077.0",0.05K,0.00%,,,,,,,,,,
2021,03,25,1734.91,1745.43,1721.76,1726.98,131827.0,"1,163.10","1,164.41","1,170.76","1,154.44",690.73K,0.11%,"23,084.0","23,080.0","23,092.5","23,072.5",0.02K,0.02%,,,,,,,,,,
2021,03,24,1727.15,1738.47,1723.79,1733.83,111264.0,"1,161.81","1,169.42","1,174.20","1,154.22",750.48K,-1.83%,"23,080.0","23,081.5","23,085.5","23,065.0",0.02K,0.04%,,,,,,,,,,
2021,03,23,1739.58,1742.6,1724.68,1726.89,126605.0,"1,183.45","1,190.28","1,191.47","1,177.10",683.72K,-0.92%,"23,070.0","23,075.5","23,083.0","23,065.0",0.02K,-0.03%,,,,,,,,,,
2021,03,22,1743.8,1744.33,1727.39,1738.68,129700.0,"1,194.43","1,200.05","1,200.21","1,189.31",700.87K,0.03%,"23,076.0","23,065.0","23,085.0","23,060.0",0.02K,0.01%,,,,,,,,,,
2021,03,19,1735.77,1746.72,1728.5,1745.14,139589.0,"1,194.05","1,195.47","1,199.67","1,191.96",680.90K,-0.57%,"23,073.0","23,065.0","23,077.5","23,060.5",0.02K,0.03%,,,,,,,,,,
2021,03,18,1748.74,1755.46,1719.25,1736.49,161388.0,"1,200.94","1,196.60","1,200.94","1,191.94",628.64K,1.25%,"23,065.0","23,061.5","23,070.0","23,054.0",0.02K,0.09%,,,,,,,,,,
2021,03,17,1732.35,1751.63,1724.17,1744.54,136197.0,"1,186.09","1,178.64","1,186.09","1,176.26",701.09K,0.52%,"23,045.0","23,070.0","23,080.5","23,055.0",0.03K,-0.16%,,,,,,,,,,
2021,03,16,1731.86,1741.21,1726.25,1731.85,125856.0,"1,179.90","1,184.91","1,184.91","1,171.76",683.85K,-0.39%,"23,082.0","23,076.0","23,083.5","23,064.5",0.09K,0.00%,,,,,,,,,,
2021,03,15,1728.56,1734.54,1721.66,1732.11,132634.0,"1,184.56","1,183.89","1,186.06","1,178.80",676.96K,0.25%,"23,081.0","23,077.0","23,082.0","23,055.0",0.03K,0.11%,,,,,,,,,,
2021,03,12,1721.63,1727.96,1699.21,1726.92,149733.0,"1,181.56","1,185.21","1,186.52","1,178.14",624.71K,-0.01%,"23,055.0","23,057.5","23,058.5","23,037.5",0.02K,0.02%,,,14400.0,,,13170.0,,17720.0,18880.0,
2021,03,11,1726.56,1739.82,1719.27,1722.38,142465.0,"1,181.73","1,170.08","1,183.73","1,170.08",629.10K,1.00%,"23,051.0","23,052.0","23,059.0","23,032.5",0.02K,0.00%,,,,,,,,,,
2021,03,10,1715.33,1726.57,1708.2,1726.33,149898.0,"1,170.08","1,163.86","1,170.59","1,154.89",723.92K,0.70%,"23,052.0","23,032.5","23,062.5","23,032.5",0.02K,-0.03%,,,,,,,,,,
2021,03,09,1684.52,1720.58,1680.12,1715.59,160257.0,"1,161.97","1,160.96","1,166.42","1,150.94",641.43K,-0.54%,"23,060.0","23,032.5","23,062.5","23,030.0",0.02K,0.15%,,,,,,,,,,
2021,03,08,1706.24,1714.29,1676.82,1682.53,185032.0,"1,168.27","1,180.33","1,181.25","1,164.02",652.70K,-0.04%,"23,025.0","23,036.5","23,046.0","23,020.5",0.02K,-0.03%,,,,,,,,,,
2021,03,05,1697.83,1707.62,1687.28,1700.76,192230.0,"1,168.69","1,164.19","1,169.56","1,155.60",594.84K,0.01%,"23,033.0","23,025.5","23,040.0","23,016.5",0.02K,0.06%,,,,,,,,,,
2021,03,04,1710.88,1723.19,1690.54,1698.6,218170.0,"1,168.52","1,191.78","1,191.90","1,159.48",673.45K,-1.55%,"23,019.0","23,020.5","23,030.5","23,015.0",0.02K,0.00%,,,,,,,,,,
2021,03,03,1738.15,1740.49,1701.86,1711.71,175583.0,"1,186.95","1,184.73","1,189.18","1,180.25",631.67K,0.03%,"23,020.0","23,027.5","23,035.0","23,021.0",0.02K,-0.01%,,,,,,,,,,
2021,03,02,1723.03,1738.77,1707.2,1738.77,181720.0,"1,186.61","1,196.16","1,196.16","1,181.99",577.01K,0.04%,"23,022.0","23,027.5","23,035.0","23,022.0",0.02K,0.01%,,,,,,,,,,
2021,03,01,1737.79,1759.89,1719.63,1724.79,188016.0,"1,186.17","1,176.93","1,186.82","1,174.45",643.38K,1.51%,"23,020.0","23,015.0","23,040.0","23,015.0",0.02K,0.02%,,,,,,,,,,
2021,02,26,1772.25,1775.76,1717.18,1733.84,243495.0,"1,168.47","1,148.88","1,169.28","1,148.88",554.46K,0.26%,"23,015.0","23,022.5","23,027.5","23,007.5",0.02K,-0.04%,,,,,,,,,,
2021,02,25,1803.65,1804.23,1765.28,1770.25,225865.0,"1,165.43","1,169.97","1,169.97","1,155.74",510.43K,0.29%,"23,025.0","23,030.0","23,030.0","23,015.0",0.02K,0.02%,,,13840.0,,,12610.0,,17030.0,18080.0,
2021,02,24,1806.6,1813.94,1783.63,1805.33,162824.0,"1,162.01","1,184.32","1,185.58","1,154.36",603.00K,-1.33%,"23,020.0","23,024.0","23,030.0","23,019.5",0.02K,-0.02%,,,,,,,,,,
2021,02,23,1809.4,1816.01,1795.6,1805.07,158899.0,"1,177.64","1,174.57","1,184.32","1,168.32",598.27K,0.22%,"23,025.0","23,025.0","23,030.0","23,019.5",0.02K,0.02%,,,,,,,,,,
2021,02,22,1786.78,1812.69,1780.68,1809.04,177046.0,"1,175.04","1,173.57","1,182.67","1,169.12",630.04K,0.13%,"23,020.0","23,023.5","23,029.0","23,015.0",0.02K,0.01%,,,,,,,,,,
2021,02,19,1776.46,1791.63,1760.64,1783.05,159459.0,"1,173.50","1,160.65","1,178.18","1,157.60",578.28K,-0.07%,"23,018.0","23,017.5","23,024.0","22,987.5",0.02K,0.01%,,,,,,,,,,
2021,02,18,1776.95,1789.62,1768.42,1775.44,148265.0,"1,174.38","1,157.10","1,174.38","1,148.66",614.82K,1.61%,"23,015.0","23,010.0","23,057.5","23,002.5",0.02K,0.02%,,,,,,,,,,
2021,02,17,1792.65,1795.15,1769.47,1776.7,153764.0,"1,155.78","1,127.46","1,155.78","1,127.46",568.03K,3.66%,"23,010.0","22,987.5","23,024.0","22,987.5",0.01K,0.00%,,,,,,,,,,
2021,02,16,1819.62,1826.42,1789.48,1794.56,149750.0,,,,,,,"23,010.0","23,010.0","23,010.0","23,010.0",,0.00%,,,,,,,,,,
2021,02,15,1824.88,1827.02,1816.07,1818.72,71964.0,,,,,,,"23,010.0","23,010.0","23,010.0","23,010.0",,0.00%,,,,,,,,,,
2021,02,12,1826.11,1830.68,1810.52,1824.17,110731.0,,,,,,,"23,010.0","23,010.0","23,010.0","23,010.0",,0.00%,,,,,,,,,,
2021,02,11,1843.91,1847.54,1821.2,1825.47,105907.0,,,,,,,"23,010.0","23,010.0","23,010.0","23,010.0",,0.00%,,,,,,,,,,
2021,02,10,1838.59,1855.31,1834.05,1842.35,123670.0,,,,,,,"23,010.0","23,010.0","23,010.0","23,010.0",,0.00%,,,13040.0,,,11900.0,,16300.0,17270.0,
2021,02,09,1830.87,1848.56,1828.83,1837.64,123760.0,"1,114.93","1,090.88","1,114.93","1,078.98",519.81K,2.93%,"23,010.0","22,952.5","23,015.0","22,952.5",0.02K,0.17%,,,,,,,,,,
2021,02,08,1817.35,1839.19,1807.77,1830.13,136422.0,"1,083.18","1,127.06","1,127.06","1,075.10",696.60K,-3.88%,"22,970.0","22,977.0","23,033.5","22,965.0",0.01K,-0.13%,,,,,,,,,,
2021,02,05,1795.17,1815.2,1791.98,1813.4,127304.0,"1,126.91","1,114.79","1,126.91","1,112.19",529.87K,1.32%,"23,000.0","23,017.5","23,025.0","22,997.0",0.02K,-0.07%,,,,,,,,,,
2021,02,04,1834.12,1834.74,1784.9,1793.12,158695.0,"1,112.19","1,112.97","1,117.88","1,098.85",523.41K,0.08%,"23,015.0","23,025.5","23,030.0","23,019.0",0.02K,-0.02%,,,,,,,,,,
2021,02,03,1837.38,1844.98,1829.81,1834.21,128024.0,"1,111.29","1,084.87","1,113.24","1,082.95",703.18K,3.32%,"23,020.0","23,065.5","23,065.5","23,018.0",0.02K,-0.03%,,,,,,,,,,
2021,02,02,1859.37,1864.05,1829.53,1837.65,180506.0,"1,075.53","1,036.95","1,075.53","1,029.36",602.62K,3.86%,"23,027.0","23,065.5","23,065.5","23,016.0",0.02K,-0.08%,,,,,,,,,,
2021,02,01,1855.57,1871.78,1849.15,1860.55,220293.0,"1,035.51","1,056.61","1,074.52","1,035.51",634.33K,-2.00%,"23,045.0","23,037.5","23,052.5","23,033.5",0.01K,-0.01%,,,,,,,,,,
2021,01,29,1843.12,1875.69,1839.59,1847.59,192328.0,"1,056.61",998.33,"1,076.11",998.33,797.39K,3.19%,"23,048.0","23,072.5","23,072.5","23,042.5",0.02K,-0.05%,,,,,,,,,,
2021,01,28,1842.66,1864.0,1834.0,1842.61,171059.0,"1,023.94","1,041.71","1,052.16","1,022.77",767.87K,-6.67%,"23,059.0","23,070.0","23,075.0","23,056.0",0.01K,-0.04%,,,,,,,,,,
2021,01,27,1851.58,1853.11,1831.35,1843.83,143666.0,"1,097.17","1,122.41","1,132.99","1,088.86",785.70K,-3.43%,"23,069.0","23,072.5","23,075.0","23,064.5",0.01K,0.00%,,,,,,,,,,
2021,01,26,1855.26,1861.73,1848.4,1851.43,110758.0,"1,136.12","1,164.97","1,164.97","1,121.03",782.27K,-2.57%,"23,069.0","23,072.5","23,075.0","23,064.5",0.02K,0.04%,,,13040.0,,,11900.0,,16300.0,17270.0,
2021,01,25,1858.02,1867.93,1847.11,1855.94,137306.0,"1,166.05","1,164.20","1,172.18","1,162.80",707.24K,-0.06%,"23,060.0","23,070.0","23,077.5","23,065.0",0.01K,-0.04%,,,,,,,,,,
2021,01,22,1869.76,1870.81,1837.4,1854.67,132569.0,"1,166.78","1,166.77","1,175.72","1,161.43",758.32K,0.22%,"23,070.0","23,072.5","23,081.5","23,041.0",0.09K,0.04%,,,,,,,,,,
2021,01,21,1871.58,1875.01,1858.32,1869.8,118950.0,"1,164.21","1,146.86","1,164.21","1,132.66",721.92K,2.60%,"23,060.0","23,075.5","23,077.5","23,067.0",0.02K,-0.05%,,,,,,,,,,
2021,01,20,1840.51,1871.73,1832.49,1871.42,125615.0,"1,134.68","1,136.50","1,142.48","1,098.05",839.30K,0.33%,"23,072.0","23,087.5","23,090.0","23,066.0",0.02K,0.01%,,,,,,,,,,
2021,01,19,1838.41,1845.51,1833.12,1839.63,109648.0,"1,131.00","1,189.91","1,189.91","1,117.17",986.19K,-5.11%,"23,069.0","23,070.5","23,075.0","23,065.0",0.02K,0.00%,,,,,,,,,,
2021,01,18,1828.39,1840.72,1810.29,1837.52,89033.0,"1,191.94","1,198.79","1,200.85","1,190.33",747.42K,-0.19%,"23,069.0","23,100.0","23,100.0","23,063.5",0.02K,0.02%,,,,,,,,,,
2021,01,15,1847.79,1856.85,1823.39,1827.65,125252.0,"1,194.20","1,188.84","1,197.74","1,188.84",783.11K,0.57%,"23,065.0","23,067.0","23,075.0","23,058.5",0.02K,0.00%,,,,,,,,,,
2021,01,14,1847.51,1857.45,1830.94,1846.46,102850.0,"1,187.40","1,189.48","1,190.50","1,178.84",779.34K,0.11%,"23,064.0","23,069.0","23,070.5","23,062.5",0.01K,0.00%,,,,,,,,,,
2021,01,13,1855.04,1862.94,1841.91,1844.68,88213.0,"1,186.05","1,197.32","1,200.82","1,183.18",819.29K,-0.52%,"23,064.0","23,072.5","23,072.5","23,057.0",0.01K,0.00%,,,,,,,,,,
2021,01,12,1847.51,1863.8,1836.7,1855.31,105679.0,"1,192.28","1,190.38","1,192.28","1,179.24",719.94K,0.62%,"23,065.0","23,071.0","23,072.5","23,062.5",0.01K,0.07%,,,,,,,,,,
2021,01,11,1854.74,1855.59,1817.0,1844.45,120645.0,"1,184.89","1,176.47","1,186.45","1,175.00",845.85K,1.47%,"23,050.0","23,070.0","23,080.0","23,057.5",0.01K,-0.07%,,,12640.0,,,11550.0,,15940.0,16930.0,
2021,01,08,1916.18,1917.48,1828.27,1849.04,155562.0,"1,167.69","1,164.10","1,176.33","1,160.48",808.31K,0.97%,"23,066.0","23,079.0","23,084.0","23,063.5",0.02K,-0.05%,,,,,,,,,,
2021,01,07,1920.94,1927.64,1906.77,1913.51,105316.0,"1,156.49","1,147.26","1,156.49","1,143.44",763.74K,1.16%,"23,078.0","23,092.0","23,130.0","23,075.0",0.02K,-0.05%,,,,,,,,,,
2021,01,06,1949.89,1959.29,1900.83,1918.79,143511.0,"1,143.21","1,139.12","1,152.85","1,133.70",790.45K,0.94%,"23,090.0","23,091.5","23,098.0","23,086.5",0.02K,0.04%,,,,,,,,,,
2021,01,05,1941.49,1953.09,1934.31,1950.03,95998.0,"1,132.55","1,116.96","1,134.45","1,116.49",763.43K,1.08%,"23,080.0","23,099.0","23,125.5","23,080.0",0.02K,0.04%,,,,,,,,,,
2021,01,04,1909.07,1944.43,1907.72,1943.23,110285.0,"1,120.47","1,113.77","1,126.43","1,113.59",764.04K,1.50%,"23,070.0","23,100.0","23,100.0","23,077.0",,0.00%,,,,,,,,,,
2021,01,01,,,,,,,,,,,,"23,070.0","23,070.0","23,070.0","23,070.0",,0.00%,,,,,,,,,,
2020,12,31,1893.47,1900.38,1885.41,1893.43,63888.0,"1,103.87","1,098.25","1,105.33","1,096.27",527.82K,0.58%,"23,070.0","23,091.5","23,111.0","23,077.5",0.02K,-0.08%,,,,,,,,,,
2020,12,30,1877.31,1894.04,1876.08,1893.81,63365.0,"1,097.54","1,099.78","1,108.83","1,094.91",676.98K,-0.18%,"23,088.0","23,090.5","23,135.0","23,075.0",0.02K,-0.14%,,,,,,,,,,
2020,12,29,1875.23,1886.44,1871.71,1878.17,75438.0,"1,099.49","1,090.49","1,102.79","1,087.93",678.82K,0.75%,"23,120.0","23,124.0","23,135.0","23,121.5",0.02K,-0.02%,,,,,,,,,,
2020,12,28,1888.4,1900.2,1869.12,1873.05,85663.0,"1,091.33","1,094.37","1,096.11","1,083.90",723.88K,0.64%,"23,125.0","23,125.0","23,149.5","23,124.0",0.01K,-0.02%,,,,,,,,,,
2020,12,25,,,,,,"1,084.42","1,068.83","1,084.42","1,061.83",652.81K,1.58%,"23,130.0","23,127.0","23,154.5","23,124.5",0.02K,0.02%,,,,,,,,,,
2020,12,24,1873.39,1883.46,1869.5,1879.3,55919.0,"1,067.52","1,083.83","1,084.76","1,046.89",757.32K,-1.05%,"23,125.0","23,129.0","23,140.5","23,127.0",0.02K,-0.02%,,,,,,,,,,
2020,12,23,1861.01,1878.56,1857.06,1872.63,98019.0,"1,078.90","1,087.89","1,094.09","1,077.92",813.17K,-0.42%,"23,130.0","23,126.0","23,140.0","23,123.5",0.02K,0.01%,,,,,,,,,,
2020,12,22,1879.31,1884.21,1858.93,1859.91,101321.0,"1,083.45","1,081.85","1,084.23","1,077.06",756.11K,0.22%,"23,127.0","23,130.0","23,137.0","23,124.0",0.01K,0.03%,,,,,,,,,,
2020,12,21,1882.51,1906.7,1854.99,1876.25,133851.0,"1,081.08","1,071.62","1,081.60","1,070.86",713.66K,1.28%,"23,120.0","23,125.0","23,132.5","23,122.5",0.01K,-0.02%,,,,,,,,,,
2020,12,18,1884.71,1889.58,1877.38,1880.55,78474.0,"1,067.46","1,055.75","1,068.56","1,055.75",623.64K,1.49%,"23,124.0","23,125.0","23,132.0","23,120.0",0.01K,0.02%,,,,,,,,,,
2020,12,17,1863.46,1896.19,1862.01,1886.04,95207.0,"1,051.77","1,065.85","1,065.85","1,051.42",667.89K,-1.43%,"23,120.0","23,124.0","23,135.5","23,119.5",0.02K,-0.03%,,,,,,,,,,
2020,12,16,1853.88,1865.77,1844.71,1864.06,101568.0,"1,066.99","1,058.34","1,066.99","1,057.21",591.57K,1.11%,"23,126.0","23,126.0","23,136.0","23,125.8",0.02K,0.00%,,,,,,,,,,
2020,12,15,1828.4,1855.32,1825.46,1853.67,74189.0,"1,055.27","1,062.02","1,067.45","1,052.01",675.18K,-0.83%,"23,126.0","23,152.5","23,153.5","23,126.0",0.02K,0.00%,,,,,,,,,,
2020,12,14,1837.07,1839.02,1818.34,1827.82,77212.0,"1,064.09","1,048.97","1,064.09","1,048.97",583.59K,1.73%,"23,126.0","23,178.5","23,178.5","23,126.0",0.02K,-0.01%,,,,,,,,,,
2020,12,11,1837.03,1847.66,1823.91,1839.91,75786.0,"1,045.96","1,033.19","1,045.96","1,030.06",463.77K,1.46%,"23,128.0","23,178.5","23,178.5","23,127.0",0.02K,0.00%,,,11890.0,,,10770.0,,15120.0,16000.0,
2020,12,10,1838.49,1849.98,1828.62,1835.96,90853.0,"1,030.91","1,041.65","1,044.10","1,030.91",626.45K,-0.79%,"23,128.0","23,130.0","23,137.5","23,127.0",0.02K,0.00%,,,,,,,,,,
2020,12,09,1869.35,1870.53,1825.4,1839.41,99377.0,"1,039.13","1,029.26","1,039.55","1,029.26",586.05K,0.96%,"23,128.0","23,131.5","23,137.5","23,127.0",0.01K,0.00%,,,,,,,,,,
2020,12,08,1862.91,1875.28,1860.17,1870.83,75510.0,"1,029.26","1,029.98","1,032.58","1,025.63",527.67K,-0.07%,"23,128.0","23,129.5","23,137.5","23,127.0",0.01K,0.00%,,,,,,,,,,
2020,12,07,1836.86,1868.5,1821.99,1863.1,80761.0,"1,029.98","1,024.34","1,030.41","1,022.14",520.34K,0.83%,"23,127.0","23,130.0","23,137.5","23,126.5",0.01K,-0.01%,,,,,,,,,,
2020,12,04,1841.28,1848.17,1829.11,1838.6,74001.0,"1,021.49","1,019.80","1,025.17","1,018.67",553.59K,0.17%,"23,130.0","23,131.0","23,137.5","23,128.0",0.01K,0.02%,,,,,,,,,,
2020,12,03,1829.36,1843.91,1823.64,1840.98,89559.0,"1,019.80","1,016.73","1,020.35","1,014.06",518.91K,0.54%,"23,125.0","23,129.0","23,137.5","23,119.5",0.01K,-0.02%,,,,,,,,,,
2020,12,02,1812.97,1832.55,1807.43,1830.72,80494.0,"1,014.32","1,008.77","1,015.86","1,007.91",684.53K,0.54%,"23,129.0","23,130.0","23,141.0","23,123.0",0.06K,0.00%,,,,,,,,,,
2020,12,01,1776.97,1817.27,1775.74,1815.42,84421.0,"1,008.87",988.71,"1,008.87",988.71,583.31K,0.58%,"23,129.0","23,132.0","23,142.5","23,125.0",0.14K,-0.05%,,,,,,,,,,
2020,11,30,1789.31,1789.86,1764.38,1777.64,99038.0,"1,003.08","1,011.82","1,012.50","1,002.61",532.93K,-0.71%,"23,140.0","23,178.5","23,178.5","23,132.5",0.02K,-0.09%,,,,,,,,,,
2020,11,27,1810.24,1813.88,1774.33,1786.76,77501.0,"1,010.22","1,006.68","1,010.22","1,004.00",446.44K,0.42%,"23,160.0","23,161.5","23,182.5","23,155.0",0.01K,-0.02%,,,,,,,,,,
2020,11,26,1809.01,1818.22,1805.7,1810.2,48151.0,"1,005.97",999.24,"1,005.97",994.91,493.56K,0.60%,"23,164.0","23,165.5","23,167.0","23,157.5",0.02K,0.02%,,,11430.0,,,10130.0,,14490.0,15350.0,
2020,11,25,1807.66,1817.63,1801.73,1807.07,80615.0,999.94,"1,000.39","1,002.31",996.80,475.74K,0.42%,"23,160.0","23,165.0","23,167.5","23,151.5",0.02K,0.04%,,,,,,,,,,
2020,11,24,1838.68,1838.95,1800.25,1807.71,115098.0,995.76,996.55,997.99,984.92,550.07K,0.16%,"23,151.0","23,151.0","23,180.0","23,151.0",0.02K,-0.11%,,,,,,,,,,
2020,11,23,1870.86,1876.14,1830.95,1837.49,90322.0,994.19,991.87,995.90,985.38,489.69K,0.42%,"23,177.0","23,169.0","23,186.0","23,168.5",0.02K,0.00%,,,,,,,,,,
2020,11,20,1861.33,1879.75,1860.76,1870.9,69867.0,990.00,984.71,990.00,980.72,501.05K,0.69%,"23,176.0","23,181.0","23,186.0","23,173.5",0.02K,0.00%,,,,,,,,,,
2020,11,19,1873.83,1874.13,1852.69,1866.84,88459.0,983.26,975.32,983.26,974.33,500.12K,1.00%,"23,176.0","23,177.0","23,183.0","23,171.0",0.02K,0.07%,,,,,,,,,,
2020,11,18,1881.56,1884.82,1863.47,1871.97,88323.0,973.53,969.48,974.30,966.32,478.68K,0.48%,"23,160.0","23,172.5","23,183.0","23,163.0",0.02K,-0.01%,,,,,,,,,,
2020,11,17,1889.5,1893.43,1876.84,1880.19,92151.0,968.90,955.52,968.90,953.22,400.96K,1.90%,"23,163.0","23,167.0","23,183.0","23,162.5",0.01K,-0.05%,,,,,,,,,,
2020,11,16,1887.89,1899.01,1864.46,1888.66,117953.0,950.79,970.11,972.98,950.50,518.93K,-1.60%,"23,175.0","23,176.0","23,183.0","23,173.0",0.02K,0.00%,,,,,,,,,,
2020,11,13,1877.12,1896.75,1873.97,1889.28,91972.0,966.29,959.56,966.29,959.13,457.83K,0.73%,"23,175.0","23,176.0","23,185.0","23,172.5",0.02K,0.00%,,,,,,,,,,
2020,11,12,1866.76,1883.81,1862.69,1876.71,108861.0,959.28,953.97,959.28,953.62,343.91K,0.74%,"23,175.0","23,175.0","23,176.0","23,174.5",0.01K,0.00%,,,,,,,,,,
2020,11,11,1875.53,1884.41,1856.43,1865.5,110216.0,952.22,954.46,956.65,947.61,376.51K,0.03%,"23,175.0","23,174.5","23,182.5","23,172.5",0.02K,0.01%,,,10830.0,,,9560.0,,13880.0,14700.0,
2020,11,10,1860.97,1890.35,1860.69,1877.39,145814.0,951.90,962.68,963.47,951.90,456.75K,-0.01%,"23,173.0","23,176.0","23,182.5","23,172.5",0.02K,0.01%,,,,,,,,,,
2020,11,09,1957.18,1965.46,1850.52,1863.13,178171.0,951.99,942.15,951.99,942.15,393.20K,1.46%,"23,170.0","23,175.0","23,182.5","23,172.5",0.02K,-0.03%,,,,,,,,,,
2020,11,06,1946.29,1960.29,1935.59,1951.81,129291.0,938.29,939.73,941.20,934.63,268.23K,0.06%,"23,176.0","23,174.0","23,185.0","23,172.5",0.02K,0.00%,,,,,,,,,,
2020,11,05,1903.22,1952.76,1902.45,1949.17,136181.0,937.75,940.32,945.51,937.75,304.33K,-0.21%,"23,175.0","23,176.5","23,183.0","23,173.0",0.01K,0.00%,,,,,,,,,,
2020,11,04,1909.17,1916.31,1881.82,1903.27,138750.0,939.76,935.41,943.56,933.86,350.87K,0.47%,"23,176.0","23,177.0","23,178.5","23,176.0",0.01K,0.00%,,,,,,,,,,
2020,11,03,1894.95,1910.55,1886.86,1908.94,83912.0,935.41,936.73,937.57,932.18,318.70K,0.19%,"23,176.0","23,178.0","23,188.0","23,172.0",0.03K,0.00%,,,,,,,,,,
2020,11,02,1879.27,1896.02,1873.41,1895.06,91898.0,933.68,926.09,933.68,924.14,297.60K,0.89%,"23,177.0","23,178.5","23,183.5","23,173.5",0.02K,-0.01%,,,,,,,,,,
2020,10,30,1869.1,1889.79,1864.45,1878.37,102452.0,925.47,925.41,926.32,911.20,312.75K,0.70%,"23,180.0","23,176.0","23,185.5","23,173.5",0.02K,0.04%,,,,,,,,,,
2020,10,29,1877.7,1884.97,1859.92,1867.11,101170.0,919.08,916.49,925.84,914.33,436.13K,-0.21%,"23,170.0","23,179.5","23,186.0","23,175.0",0.02K,-0.03%,,,,,,,,,,
2020,10,28,1907.75,1910.87,1869.36,1876.81,107560.0,921.05,942.82,946.91,921.05,456.06K,-2.69%,"23,176.0","23,176.5","23,183.5","23,173.0",0.02K,0.00%,,,,,,,,,,
2020,10,27,1902.06,1911.42,1897.84,1907.35,70872.0,946.47,950.80,954.72,946.28,455.85K,-0.46%,"23,175.0","23,175.5","23,183.0","23,173.0",0.02K,0.00%,,,11210.0,,,9710.0,,14100.0,14940.0,
2020,10,26,1901.37,1908.52,1891.21,1901.68,84997.0,950.80,967.52,970.15,950.80,428.25K,-1.09%,"23,175.0","23,178.5","23,183.5","23,172.5",0.02K,0.00%,,,,,,,,,,
2020,10,23,1904.81,1914.19,1894.29,1901.41,72918.0,961.26,953.45,961.26,953.14,452.49K,1.20%,"23,176.0","23,177.0","23,185.0","23,173.5",0.01K,0.00%,,,,,,,,,,
2020,10,22,1924.65,1925.94,1894.5,1903.67,83858.0,949.90,938.06,949.90,933.78,365.12K,1.16%,"23,176.0","23,180.0","23,180.0","23,176.0",0.01K,0.00%,,,,,,,,,,
2020,10,21,1910.14,1931.36,1908.41,1924.6,87121.0,939.03,947.16,948.20,939.00,412.65K,-0.57%,"23,177.0","23,178.0","23,182.0","23,178.0",0.01K,-0.01%,,,,,,,,,,
2020,10,20,1903.5,1914.03,1894.81,1907.53,80173.0,944.42,941.00,944.54,937.32,444.33K,0.08%,"23,179.0","23,178.5","23,184.5","23,174.0",0.02K,0.02%,,,,,,,,,,
2020,10,19,1899.71,1918.47,1896.98,1903.44,81201.0,943.69,945.01,946.29,941.92,389.47K,0.04%,"23,175.0","23,181.0","23,183.5","23,173.0",0.02K,0.00%,,,,,,,,,,
2020,10,16,1908.74,1913.92,1897.76,1898.76,79358.0,943.30,944.03,946.23,935.98,443.33K,0.06%,"23,175.0","23,182.5","23,185.0","23,173.0",0.01K,0.02%,,,,,,,,,,
2020,10,15,1901.54,1908.9,1889.48,1907.92,100016.0,942.76,945.28,945.93,938.70,470.51K,0.27%,"23,170.0","23,176.0","23,183.5","23,173.0",0.02K,-0.02%,,,,,,,,,,
2020,10,14,1892.95,1912.94,1882.46,1900.49,88039.0,940.18,931.89,940.18,931.89,474.92K,1.11%,"23,175.0","23,176.0","23,183.5","23,173.0",0.02K,-0.01%,,,,,,,,,,
2020,10,13,1923.88,1925.37,1886.37,1891.07,98934.0,929.86,926.76,930.96,923.78,359.02K,0.44%,"23,177.0","23,178.0","23,185.5","23,174.0",0.01K,0.00%,,,,,,,,,,
2020,10,12,1926.89,1933.18,1918.2,1922.63,89130.0,925.83,930.78,933.13,923.28,457.23K,0.20%,"23,178.0","23,183.5","23,207.5","23,174.0",0.03K,-0.01%,,,11120.0,,,9590.0,,14260.0,15120.0,
2020,10,09,1893.93,1930.41,1893.58,1929.87,93245.0,924.00,919.48,924.00,917.70,388.13K,0.56%,"23,180.0","23,184.0","23,207.5","23,181.5",0.02K,-0.05%,,,,,,,,,,
2020,10,08,1887.27,1900.62,1882.0,1893.5,89931.0,918.84,922.08,922.08,913.89,470.30K,-0.10%,"23,191.0","23,194.5","23,207.5","23,190.0",0.04K,-0.06%,,,,,,,,,,
2020,10,07,1877.88,1898.01,1872.94,1887.83,94014.0,919.72,913.62,923.57,912.69,523.96K,0.44%,"23,205.0","23,204.0","23,209.0","23,192.0",0.02K,0.00%,,,,,,,,,,
2020,10,06,1911.96,1921.09,1876.78,1877.56,103229.0,915.67,918.11,918.93,912.77,496.13K,0.11%,"23,205.0","23,207.0","23,209.5","23,191.0",0.02K,0.01%,,,,,,,,,,
2020,10,05,1903.47,1918.73,1887.05,1913.65,96742.0,914.68,913.77,915.55,910.96,456.10K,0.52%,"23,203.0","23,185.5","23,206.5","23,173.0",0.02K,0.05%,,,,,,,,,,
2020,10,02,1904.72,1917.1,1889.76,1900.58,110455.0,909.91,914.09,916.67,897.72,527.16K,-0.46%,"23,191.0","23,180.0","23,195.0","23,173.0",0.02K,0.01%,,,,,,,,,,
2020,10,01,1887.32,1912.12,1884.67,1905.94,129822.0,914.09,910.13,914.09,909.13,352.45K,0.98%,"23,188.0","23,184.0","23,191.5","23,175.0",0.02K,0.03%,,,,,,,,,,
2020,09,30,1897.69,1902.27,1881.34,1885.23,124684.0,905.21,904.34,907.00,900.44,340.69K,0.14%,"23,181.0","23,182.5","23,187.0","23,173.0",0.02K,-0.04%,,,,,,,,,,
2020,09,29,1881.24,1899.12,1875.49,1897.48,121758.0,903.98,916.63,917.49,903.98,465.36K,-0.93%,"23,190.0","23,189.0","23,191.0","23,176.0",0.02K,0.01%,,,,,,,,,,
2020,09,28,1862.9,1882.96,1848.93,1881.84,121920.0,912.50,911.20,913.60,910.04,420.24K,0.47%,"23,188.0","23,192.5","23,195.5","23,172.5",0.02K,-0.01%,,,,,,,,,,
2020,09,25,1869.77,1875.18,1852.37,1860.14,143312.0,908.27,910.78,911.30,905.56,361.23K,-0.03%,"23,191.0","23,197.5","23,197.5","23,177.5",0.02K,0.03%,,,,,,,,,,
2020,09,24,1863.96,1877.15,1848.75,1868.66,185366.0,908.58,910.53,914.51,907.32,398.46K,-0.43%,"23,184.0","23,180.0","23,187.5","23,173.0",0.02K,0.00%,,,,,,,,,,
2020,09,23,1900.62,1905.39,1855.67,1862.74,170439.0,912.50,908.97,913.52,908.97,392.51K,0.70%,"23,185.0","23,175.0","23,187.5","23,173.0",0.02K,0.03%,,,,,,,,,,
2020,09,22,1914.34,1920.03,1894.64,1900.34,138128.0,906.19,905.90,909.69,902.47,401.41K,-0.19%,"23,177.0","23,179.0","23,184.5","23,173.0",0.02K,0.00%,,,,,,,,,,
2020,09,21,1949.75,1955.62,1882.71,1911.92,140739.0,907.94,904.50,909.78,904.50,403.44K,0.78%,"23,178.0","23,180.0","23,186.0","23,173.0",0.04K,0.03%,,,,,,,,,,
2020,09,18,1944.43,1960.1,1943.93,1950.42,104181.0,900.95,896.08,902.11,895.82,361.84K,0.77%,"23,170.0","23,180.0","23,185.0","23,173.0",0.01K,0.00%,,,,,,,,,,
2020,09,17,1959.47,1960.96,1932.87,1944.2,116066.0,894.04,897.47,899.41,890.93,395.46K,-0.38%,"23,170.0","23,175.5","23,183.5","23,173.0",0.02K,-0.03%,,,,,,,,,,
2020,09,16,1954.52,1973.64,1949.87,1959.15,114101.0,897.47,897.43,897.58,894.63,290.43K,0.14%,"23,178.0","23,177.5","23,184.0","23,173.0",0.02K,0.01%,,,,,,,,,,
2020,09,15,1957.68,1972.21,1948.29,1953.34,101514.0,896.26,896.61,898.74,894.66,381.80K,0.19%,"23,175.0","23,177.0","23,178.0","23,175.0",0.02K,0.00%,,,,,,,,,,
2020,09,14,1937.74,1962.56,1937.36,1956.52,94840.0,894.57,891.89,895.31,891.89,364.43K,0.63%,"23,175.0","23,182.0","23,185.5","23,172.5",0.02K,0.00%,,,,,,,,,,
2020,09,11,1946.32,1954.8,1937.12,1940.48,115707.0,888.97,888.82,890.98,884.67,309.91K,0.02%,"23,174.0","23,180.0","23,183.0","23,172.5",0.02K,0.01%,,,11510.0,,,9590.0,,14260.0,14980.0,
2020,09,10,1946.3,1966.53,1941.35,1946.01,125077.0,888.82,895.29,896.78,888.82,387.24K,-0.06%,"23,172.5","23,176.0","23,185.0","23,173.0",0.02K,-0.01%,,,,,,,,,,
2020,09,09,1931.59,1950.84,1919.95,1947.37,106929.0,889.32,883.68,892.40,881.57,318.44K,-0.09%,"23,175.0","23,182.0","23,187.5","23,173.0",0.02K,0.00%,,,,,,,,,,
2020,09,08,1929.54,1940.84,1906.54,1931.51,127513.0,890.14,891.61,894.58,884.88,294.02K,0.21%,"23,176.0","23,178.5","23,184.0","23,173.0",0.02K,0.01%,,,,,,,,,,
2020,09,07,1932.07,1941.37,1924.44,1928.29,53826.0,888.25,903.85,905.80,888.25,434.06K,-1.47%,"23,174.0","23,180.0","23,184.0","23,172.5",0.02K,-0.02%,,,,,,,,,,
2020,09,04,1931.28,1948.36,1916.27,1933.09,122132.0,901.54,896.02,903.11,893.86,346.44K,-0.27%,"23,178.0","23,175.0","23,184.0","23,171.0",0.02K,0.02%,,,,,,,,,,
2020,09,03,1942.01,1950.94,1921.75,1930.45,121698.0,903.97,898.25,904.32,896.26,370.49K,1.37%,"23,174.0","23,174.0","23,177.0","23,171.0",0.02K,0.00%,,,,,,,,,,
2020,09,02,1968.21,1973.26,1932.39,1943.08,115889.0,,,,,,,"23,174.0","23,174.0","23,174.0","23,174.0",,0.00%,,,,,,,,,,
2020,09,01,1968.35,1992.29,1963.35,1970.63,110904.0,891.73,882.40,892.51,880.79,317.00K,1.14%,"23,174.0","23,174.5","23,182.0","23,172.0",0.02K,0.00%,,,,,,,,,,
2020,08,31,1969.07,1976.54,1954.23,1968.22,99691.0,881.65,882.13,888.44,879.26,352.65K,0.30%,"23,174.0","23,175.0","23,182.0","23,171.0",0.02K,0.00%,,,,,,,,,,
2020,08,28,1929.98,1973.78,1923.15,1964.34,148365.0,878.98,878.79,885.86,877.70,398.32K,0.49%,"23,174.0","23,175.0","23,182.5","23,171.0",0.01K,0.00%,,,,,,,,,,
2020,08,27,1951.92,1976.53,1909.79,1928.32,159239.0,874.71,872.38,875.71,871.93,325.72K,0.14%,"23,174.0","23,175.0","23,182.5","23,172.5",0.01K,0.00%,,,11960.0,,,10120.0,,14400.0,15110.0,
2020,08,26,1928.28,1954.82,1902.64,1953.14,134650.0,873.47,873.62,876.97,871.78,352.38K,-0.07%,"23,174.0","23,175.5","23,182.5","23,171.0",0.02K,0.02%,,,,,,,,,,
2020,08,25,1930.34,1937.49,1914.19,1926.87,131524.0,874.12,870.92,877.57,870.92,399.07K,0.63%,"23,170.0","23,178.0","23,183.5","23,171.0",0.02K,-0.03%,,,,,,,,,,
2020,08,24,1936.69,1961.88,1923.74,1928.38,131802.0,868.68,860.35,868.68,860.35,381.52K,1.63%,"23,177.0","23,187.5","23,187.5","23,174.5",0.02K,0.01%,,,,,,,,,,
2020,08,21,1948.08,1955.97,1911.26,1938.98,149830.0,854.78,849.99,856.45,849.69,286.82K,0.77%,"23,175.0","23,175.5","23,183.0","23,173.0",0.02K,0.00%,,,,,,,,,,
2020,08,20,1931.52,1955.26,1924.54,1946.17,169910.0,848.21,851.21,856.99,847.44,285.69K,-0.35%,"23,174.0","23,175.5","23,182.5","23,172.5",0.02K,0.00%,,,,,,,,,,
2020,08,19,2005.1,2006.37,1924.51,1927.66,168877.0,851.21,847.19,853.15,846.22,240.15K,0.56%,"23,174.0","23,174.5","23,177.5","23,172.5",0.01K,0.00%,,,,,,,,,,
2020,08,18,1983.17,2015.57,1975.86,2002.22,149175.0,846.43,850.15,851.06,845.00,227.51K,-0.44%,"23,174.0","23,174.5","23,182.5","23,172.5",0.01K,0.00%,,,,,,,,,,
2020,08,17,1944.91,1990.68,1929.4,1984.43,137410.0,850.15,848.08,852.05,841.62,237.51K,-0.07%,"23,174.0","23,187.5","23,187.5","23,170.0",0.02K,0.00%,,,,,,,,,,
2020,08,14,1951.38,1962.37,1932.07,1943.57,134787.0,850.74,854.29,860.32,848.38,304.71K,-0.50%,"23,174.0","23,176.0","23,184.0","23,172.5",0.01K,0.00%,,,,,,,,,,
2020,08,13,1919.72,1966.16,1912.66,1953.64,155604.0,855.05,849.96,855.19,849.86,256.25K,0.96%,"23,174.0","23,179.0","23,184.0","23,172.5",0.02K,0.00%,,,,,,,,,,
2020,08,12,1915.36,1949.48,1862.58,1918.98,193909.0,846.92,844.19,848.54,842.88,272.49K,0.46%,"23,175.0","23,174.5","23,183.0","23,172.5",0.01K,0.00%,,,12200.0,,,10200.0,,14400.0,14920.0,
2020,08,11,2026.64,2029.92,1901.25,1912.57,198468.0,843.08,847.61,847.61,840.35,249.00K,-0.01%,"23,174.0","23,175.0","23,182.0","23,172.5",0.01K,0.02%,,,,,,,,,,
2020,08,10,2026.31,2049.85,2019.15,2027.61,134556.0,843.20,845.11,849.52,843.20,309.30K,0.21%,"23,170.0","23,175.0","23,200.0","23,172.5",0.02K,-0.01%,,,,,,,,,,
2020,08,07,2066.55,2074.87,2015.37,2033.15,188063.0,841.46,840.65,844.33,836.84,259.89K,0.17%,"23,173.0","23,180.0","23,182.5","23,172.5",0.02K,0.00%,,,,,,,,,,
2020,08,06,2040.28,2069.74,2034.44,2063.25,135426.0,840.04,838.01,844.16,833.56,257.02K,0.27%,"23,173.0","23,175.0","23,182.5","23,172.5",0.01K,0.00%,,,,,,,,,,
2020,08,05,2021.19,2055.57,2009.39,2038.96,153351.0,837.80,827.54,839.52,820.74,306.64K,1.24%,"23,174.0","23,174.5","23,182.5","23,172.5",0.01K,0.00%,,,,,,,,,,
2020,08,04,1977.36,2019.82,1966.66,2018.53,99875.0,827.57,822.86,827.57,820.20,277.45K,1.59%,"23,175.0","23,174.5","23,183.0","23,172.5",0.02K,0.02%,,,,,,,,,,
2020,08,03,1983.53,1984.9,1960.39,1975.98,93017.0,814.65,796.86,814.84,796.47,298.14K,2.04%,"23,170.0","23,180.0","23,183.0","23,169.0",0.02K,0.00%,,,,,,,,,,
2020,07,31,1955.5,1983.97,1955.33,1975.02,123851.0,798.39,787.78,803.55,786.98,249.63K,-0.34%,"23,170.0","23,177.0","23,183.5","23,173.0",0.01K,-0.02%,,,,,,,,,,
2020,07,30,1971.04,1971.32,1939.44,1957.54,124775.0,801.13,796.22,802.97,794.88,188.95K,1.30%,"23,175.0","23,175.0","23,183.0","23,173.0",0.02K,0.00%,,,,,,,,,,
2020,07,29,1962.16,1980.75,1941.33,1970.82,110719.0,790.84,800.39,800.39,779.82,362.09K,-2.77%,"23,175.0","23,180.0","23,184.5","23,173.5",0.02K,0.02%,,,,,,,,,,
2020,07,28,1943.28,1981.16,1906.63,1957.98,162655.0,813.36,786.72,814.40,786.67,328.49K,3.59%,"23,170.0","23,176.5","23,200.0","23,174.0",0.01K,-0.05%,,,12390.0,,,10270.0,,14400.0,14970.0,
2020,07,27,1902.64,1945.62,1902.54,1940.96,137360.0,785.17,794.14,808.74,780.64,422.71K,-5.31%,"23,181.0","23,187.5","23,187.5","23,178.5",0.02K,0.03%,,,,,,,,,,
2020,07,24,1889.65,1906.5,1881.29,1901.63,97339.0,829.16,854.23,854.57,816.65,505.10K,-3.22%,"23,175.0","23,180.0","23,186.5","23,173.0",0.01K,-0.02%,,,,,,,,,,
2020,07,23,1873.97,1898.36,1863.64,1885.97,137686.0,856.75,854.92,857.22,851.97,240.50K,0.20%,"23,180.0","23,183.0","23,186.0","23,176.0",0.02K,-0.02%,,,,,,,,,,
2020,07,22,1840.95,1872.02,1840.74,1871.22,126022.0,855.08,862.80,864.00,854.97,278.60K,-0.77%,"23,184.0","23,187.5","23,195.0","23,175.5",0.02K,0.02%,,,,,,,,,,
2020,07,21,1817.92,1843.47,1815.59,1841.48,84616.0,861.69,863.94,864.70,856.94,245.41K,0.03%,"23,180.0","23,183.0","23,190.0","23,176.0",0.02K,-0.03%,,,,,,,,,,
2020,07,20,1808.04,1820.53,1805.62,1817.21,69408.0,861.40,870.66,871.64,861.40,285.08K,-1.22%,"23,188.0","23,190.0","23,195.5","23,179.0",0.02K,-0.01%,,,,,,,,,,
2020,07,17,1798.09,1811.95,1795.75,1809.68,48289.0,872.02,873.48,875.07,871.89,270.68K,-0.55%,"23,191.0","23,195.0","23,195.5","23,177.5",0.02K,0.03%,,,,,,,,,,
2020,07,16,1810.53,1813.29,1794.9,1796.84,63581.0,876.83,871.81,876.83,869.25,243.47K,0.80%,"23,184.0","23,185.0","23,187.5","23,176.5",0.01K,0.00%,,,,,,,,,,
2020,07,15,1807.97,1815.04,1802.45,1809.97,65442.0,869.91,872.80,876.69,869.91,258.29K,0.21%,"23,183.0","23,180.0","23,192.5","23,175.5",0.02K,0.01%,,,,,,,,,,
2020,07,14,1802.13,1810.84,1790.63,1808.99,80509.0,868.11,865.01,868.11,860.28,239.14K,-0.07%,"23,181.0","23,185.5","23,232.5","23,175.0",0.02K,0.01%,,,,,,,,,,
2020,07,13,1799.11,1813.31,1797.73,1802.27,71138.0,868.72,874.85,876.83,866.99,246.07K,-0.29%,"23,179.0","23,193.5","23,197.5","23,175.0",0.02K,0.01%,,,12110.0,,,10030.0,,14250.0,14970.0,
2020,07,10,1802.06,1810.43,1793.98,1798.57,62639.0,871.21,873.70,878.53,867.59,291.11K,-0.60%,"23,177.0","23,192.5","23,204.5","23,173.0",0.02K,-0.03%,,,,,,,,,,
2020,07,09,1809.37,1815.91,1795.42,1802.32,76806.0,876.46,867.66,878.36,867.45,306.08K,1.38%,"23,184.0","23,191.0","23,206.0","23,183.5",0.02K,-0.02%,,,,,,,,,,
2020,07,08,1795.13,1817.92,1791.52,1808.45,69808.0,864.50,861.75,865.58,859.98,237.54K,0.13%,"23,188.0","23,205.0","23,210.0","23,185.0",0.02K,0.03%,,,,,,,,,,
2020,07,07,1785.22,1797.34,1773.47,1794.6,71877.0,863.42,865.46,870.63,863.42,330.90K,0.26%,"23,180.0","23,197.5","23,211.5","23,183.0",0.02K,-0.09%,,,,,,,,,,
2020,07,06,1773.37,1787.0,1769.86,1784.25,60393.0,861.16,851.47,861.85,850.04,215.09K,1.60%,"23,201.0","23,201.5","23,207.5","23,198.0",0.02K,0.01%,,,,,,,,,,
2020,07,03,1776.49,1777.1,1772.66,1774.9,30087.0,847.61,845.26,848.16,843.25,203.00K,0.62%,"23,199.0","23,199.5","23,210.0","23,197.5",0.01K,-0.01%,,,,,,,,,,
2020,07,02,1771.4,1779.39,1757.43,1774.97,71827.0,842.38,845.66,845.66,838.48,223.80K,-0.13%,"23,202.0","23,205.0","23,210.0","23,195.0",0.02K,0.00%,,,,,,,,,,
2020,07,01,1781.61,1789.08,1759.22,1769.84,83087.0,843.49,827.67,844.26,826.38,303.55K,2.23%,"23,203.0","23,205.0","23,213.5","23,198.5",0.02K,0.00%,,,,,,,,,,
2020,06,30,1771.9,1785.94,1764.69,1780.54,64578.0,825.11,836.72,840.31,821.92,358.39K,-0.51%,"23,204.0","23,205.0","23,210.0","23,199.0",0.02K,0.03%,,,,,,,,,,
2020,06,29,1770.32,1775.43,1765.61,1772.6,65040.0,829.36,846.26,846.53,826.00,389.64K,-2.65%,"23,198.0","23,211.0","23,216.0","23,197.5",0.02K,-0.05%,,,,,,,,,,
2020,06,26,1764.15,1772.03,1747.43,1769.57,77404.0,851.98,859.07,862.59,850.66,300.39K,-0.31%,"23,210.0","23,211.0","23,219.0","23,200.0",0.02K,0.01%,,,,,,,,,,
2020,06,25,1759.56,1768.87,1755.26,1763.63,80846.0,854.59,851.09,856.23,849.65,312.30K,-0.60%,"23,208.0","23,205.0","23,220.5","23,200.0",0.02K,0.06%,,,,,,,,,,
2020,06,24,1769.08,1779.43,1760.68,1761.28,97480.0,859.71,868.20,873.13,857.58,370.92K,-0.98%,"23,195.0","23,222.0","23,223.0","23,204.0",0.02K,-0.08%,,,,,,,,,,
2020,06,23,1753.97,1771.07,1747.29,1766.95,91526.0,868.20,871.12,873.20,864.02,455.36K,-0.35%,"23,213.0","23,215.0","23,219.0","23,207.5",0.02K,0.01%,,,,,,,,,,
2020,06,22,1747.68,1763.2,1742.74,1754.55,94028.0,871.28,871.56,872.94,867.37,350.37K,0.31%,"23,210.0","23,212.5","23,220.0","23,207.5",0.01K,-0.02%,,,,,,,,,,
2020,06,19,1722.81,1745.28,1721.17,1742.26,74320.0,868.56,857.77,868.56,857.77,440.09K,1.55%,"23,215.0","23,208.0","23,225.0","23,194.0",0.03K,0.02%,,,,,,,,,,
2020,06,18,1725.79,1737.59,1717.3,1722.48,80514.0,855.27,850.92,858.03,847.49,280.31K,0.10%,"23,210.0","23,206.5","23,218.0","23,193.5",0.01K,0.06%,,,,,,,,,,
2020,06,17,1725.0,1730.23,1712.6,1726.19,75069.0,854.44,861.05,861.05,852.27,354.84K,-0.20%,"23,196.0","23,198.5","23,240.0","23,194.0",0.02K,-0.06%,,,,,,,,,,
2020,06,16,1725.27,1732.84,1716.41,1726.41,101815.0,856.13,848.86,858.70,844.67,412.45K,2.84%,"23,210.0","23,222.0","23,235.5","23,206.5",0.02K,-0.04%,,,,,,,,,,
2020,06,15,1730.76,1734.13,1704.11,1725.24,114171.0,832.47,867.52,868.16,832.47,708.24K,-3.60%,"23,220.0","23,222.5","23,243.0","23,205.0",0.02K,0.06%,,,,,,,,,,
2020,06,12,1729.22,1743.03,1722.14,1730.57,99214.0,863.52,841.85,863.52,841.44,620.77K,-0.44%,"23,206.0","23,217.5","23,225.0","23,199.0",0.02K,-0.04%,,,11510.0,,,9610.0,,13390.0,14080.0,
2020,06,11,1737.94,1744.63,1721.27,1728.56,113901.0,867.37,900.48,903.70,867.37,707.46K,-3.63%,"23,215.0","23,200.0","23,217.5","23,190.0",0.01K,0.11%,,,,,,,,,,
2020,06,10,1715.38,1739.75,1708.2,1737.83,97211.0,900.00,898.78,902.69,890.30,542.87K,0.06%,"23,190.0","23,200.0","23,220.0","23,186.5",0.02K,-0.06%,,,,,,,,,,
2020,06,09,1700.09,1720.83,1692.11,1714.16,95378.0,899.43,902.26,904.89,898.87,501.73K,-0.05%,"23,205.0","23,232.0","23,265.0","23,202.0",0.02K,-0.22%,,,,,,,,,,
2020,06,08,1680.52,1700.67,1677.22,1698.39,86257.0,899.92,888.70,905.65,888.70,572.02K,1.55%,"23,255.0","23,257.5","23,265.0","23,239.5",0.02K,0.00%,,,,,,,,,,
2020,06,05,1714.75,1716.04,1670.55,1684.3,107874.0,886.22,883.40,886.59,878.50,499.61K,0.26%,"23,255.0","23,255.5","23,262.0","23,250.0",0.01K,-0.03%,,,,,,,,,,
2020,06,04,1699.17,1721.73,1696.99,1712.8,90044.0,883.90,883.22,888.32,883.22,431.12K,0.31%,"23,263.0","23,264.5","23,274.0","23,257.5",0.02K,0.01%,,,,,,,,,,
2020,06,03,1727.04,1731.75,1689.21,1698.26,97747.0,881.17,876.73,881.17,874.01,351.96K,0.73%,"23,260.0","23,262.5","23,273.0","23,252.5",0.02K,0.03%,,,,,,,,,,
2020,06,02,1737.81,1745.09,1721.3,1727.45,83030.0,874.80,879.23,882.73,874.53,484.71K,-0.44%,"23,253.0","23,257.5","23,282.0","23,247.5",0.02K,-0.03%,,,,,,,,,,
2020,06,01,1735.4,1744.51,1726.84,1739.48,86512.0,878.67,868.97,878.67,868.97,476.52K,1.64%,"23,260.0","23,281.5","23,301.0","23,254.0",0.03K,-0.09%,,,,,,,,,,
2020,05,29,1719.54,1737.69,1712.75,1730.41,86023.0,864.47,861.59,866.95,859.26,318.19K,0.36%,"23,280.0","23,281.0","23,305.0","23,275.0",0.02K,-0.09%,,,,,,,,,,
2020,05,28,1709.27,1727.57,1707.27,1718.68,91368.0,861.39,858.97,866.17,856.48,322.22K,0.46%,"23,300.0","23,295.0","23,329.0","23,287.5",0.02K,-0.11%,,,10740.0,,,8750.0,,12400.0,13120.0,
2020,05,27,1710.41,1715.99,1693.62,1709.57,91160.0,857.48,869.13,875.35,857.48,388.90K,-1.34%,"23,325.0","23,324.0","23,331.5","23,300.0",0.02K,-0.05%,,,,,,,,,,
2020,05,26,1726.06,1735.41,1708.65,1710.31,112094.0,869.13,861.47,869.65,860.22,328.35K,1.17%,"23,336.0","23,301.0","23,338.0","23,301.0",0.25K,0.10%,,,,,,,,,,
2020,05,25,1732.11,1733.34,1721.55,1728.22,64718.0,859.04,852.90,860.45,849.12,307.23K,0.74%,"23,312.0","23,277.5","23,320.0","23,272.5",0.13K,0.19%,,,,,,,,,,
2020,05,22,1726.7,1740.09,1724.25,1735.45,99319.0,852.74,859.29,860.65,852.08,303.98K,-1.16%,"23,267.0","23,271.0","23,282.0","23,252.5",0.02K,-0.03%,,,,,,,,,,
2020,05,21,1747.24,1748.79,1717.1,1726.76,126972.0,862.73,854.93,862.73,854.04,331.91K,1.15%,"23,275.0","23,272.5","23,285.0","23,252.5",0.02K,0.02%,,,,,,,,,,
2020,05,20,1744.07,1753.8,1742.3,1747.21,120833.0,852.91,843.26,852.91,842.21,265.77K,0.83%,"23,270.0","23,297.5","23,311.5","23,271.0",0.02K,-0.11%,,,,,,,,,,
2020,05,19,1732.05,1748.03,1725.6,1744.24,150585.0,845.92,852.14,854.25,844.15,385.27K,1.06%,"23,295.0","23,317.5","23,370.0","23,292.5",0.02K,-0.18%,,,,,,,,,,
2020,05,18,1747.36,1765.08,1727.5,1732.2,145651.0,837.01,827.49,837.61,823.08,254.05K,1.21%,"23,338.0","23,349.0","23,360.0","23,335.0",0.02K,-0.07%,,,,,,,,,,
2020,05,15,1730.06,1751.68,1728.61,1741.85,144595.0,827.03,835.42,838.47,824.59,301.89K,-0.65%,"23,355.0","23,355.0","23,371.5","23,351.0",0.02K,0.02%,,,,,,,,,,
2020,05,14,1715.31,1736.39,1711.0,1730.06,124146.0,832.40,830.97,836.19,826.17,341.12K,-0.22%,"23,350.0","23,374.5","23,386.0","23,349.0",0.02K,0.01%,,,,,,,,,,
2020,05,13,1702.09,1718.08,1698.93,1715.3,133767.0,834.21,835.32,839.59,815.13,374.60K,-0.13%,"23,347.0","23,375.0","23,380.0","23,334.0",0.02K,0.07%,,,9850.0,,,7880.0,,11520.0,12230.0,
2020,05,12,1697.67,1710.95,1693.61,1702.26,101722.0,835.32,827.29,835.95,819.66,322.21K,0.84%,"23,330.0","23,331.0","23,382.5","23,318.0",0.02K,0.03%,,,,,,,,,,
2020,05,11,1702.38,1711.8,1691.53,1697.64,112436.0,828.33,818.26,828.33,812.48,353.42K,1.79%,"23,322.0","23,382.5","23,405.0","23,318.0",0.02K,-0.24%,,,,,,,,,,
2020,05,08,1715.52,1723.6,1701.09,1702.09,112340.0,813.73,800.32,825.72,800.20,371.34K,2.16%,"23,377.0","23,475.0","23,475.0","23,373.5",0.02K,-0.20%,,,,,,,,,,
2020,05,07,1685.19,1722.01,1684.14,1715.25,93033.0,796.54,785.08,796.54,785.08,240.80K,1.78%,"23,425.0","23,422.5","23,432.5","23,421.5",0.01K,0.01%,,,,,,,,,,
2020,05,06,1704.51,1708.06,1681.14,1685.19,86078.0,782.59,767.30,782.59,765.37,272.45K,2.41%,"23,423.0","23,420.0","23,437.5","23,418.0",0.02K,0.01%,,,,,,,,,,
2020,05,05,1701.13,1712.04,1689.63,1704.71,93525.0,764.16,763.22,767.03,760.04,212.38K,0.22%,"23,421.0","23,424.0","23,427.5","23,419.5",0.02K,-0.10%,,,,,,,,,,
2020,05,04,1698.03,1713.44,1691.64,1701.0,90399.0,762.47,766.14,769.73,761.64,285.57K,-0.86%,"23,445.0","23,475.0","23,475.0","23,439.0",0.01K,0.07%,,,,,,,,,,
2020,05,01,1686.02,1705.47,1670.4,1699.6,146791.0,,,,,,,"23,428.0","23,428.0","23,428.0","23,428.0",,0.00%,,,,,,,,,,
2020,04,30,1712.95,1721.72,1681.24,1685.98,131530.0,,,,,,,"23,428.0","23,428.0","23,428.0","23,428.0",,0.00%,,,,,,,,,,
2020,04,29,1708.02,1717.67,1697.76,1712.89,123365.0,769.11,768.59,772.62,768.19,250.08K,0.25%,"23,428.0","23,450.0","23,450.0","23,423.5",0.02K,-0.06%,,,,,,,,,,
2020,04,28,1714.9,1716.16,1691.54,1707.65,120584.0,767.21,773.31,776.13,763.66,219.40K,-0.46%,"23,442.0","23,465.0","23,477.5","23,440.0",0.03K,-0.06%,,,9940.0,,,7960.0,,10940.0,11630.0,
2020,04,27,1722.32,1727.59,1705.87,1714.94,122739.0,770.77,780.65,785.74,770.77,307.36K,-0.76%,"23,455.0","23,497.5","23,510.0","23,454.0",0.02K,-0.21%,,,,,,,,,,
2020,04,24,1730.56,1736.35,1710.36,1726.41,124540.0,776.66,777.28,778.30,767.31,262.27K,0.36%,"23,505.0","23,502.0","23,518.0","23,493.5",0.09K,0.09%,,,,,,,,,,
2020,04,23,1714.66,1738.78,1707.0,1730.31,135452.0,773.91,768.92,785.60,768.92,205.80K,0.65%,"23,485.0","23,489.0","23,524.0","23,452.5",0.33K,0.03%,,,,,,,,,,
2020,04,22,1683.79,1718.74,1680.29,1714.87,96972.0,768.92,752.80,774.94,749.97,253.44K,0.27%,"23,479.0","23,490.0","23,500.0","23,460.0",0.02K,0.08%,,,,,,,,,,
2020,04,21,1695.4,1697.86,1660.03,1683.54,159877.0,766.84,794.97,794.97,761.96,397.40K,-3.54%,"23,460.0","23,460.0","23,465.0","23,447.5",0.01K,0.04%,,,,,,,,,,
2020,04,20,1683.02,1702.7,1671.55,1695.28,149666.0,794.97,796.17,797.49,786.73,336.05K,0.68%,"23,450.0","23,422.5","23,455.0","23,422.5",0.02K,0.11%,,,,,,,,,,
2020,04,17,1718.48,1718.52,1680.1,1682.14,126136.0,789.60,786.96,790.95,783.74,309.86K,1.14%,"23,424.0","23,460.0","23,460.0","23,418.5",0.02K,-0.07%,,,,,,,,,,
2020,04,16,1716.49,1738.66,1708.01,1718.38,120139.0,780.70,773.11,781.06,770.91,250.94K,0.45%,"23,440.0","23,448.0","23,465.0","23,437.5",0.02K,0.00%,,,,,,,,,,
2020,04,15,1726.54,1731.11,1707.52,1716.5,101927.0,777.22,768.05,779.52,768.01,302.62K,1.28%,"23,440.0","23,470.5","23,478.5","23,442.5",0.02K,-0.13%,,,,,,,,,,
2020,04,14,1712.25,1747.4,1708.56,1726.54,121755.0,767.41,769.01,769.53,753.85,266.78K,0.21%,"23,471.0","23,460.0","23,475.5","23,435.0",0.03K,0.17%,,,,,,,,,,
2020,04,13,1677.47,1723.27,1674.98,1711.98,79657.0,765.79,762.99,774.62,762.53,235.28K,1.04%,"23,432.0","23,437.5","23,460.0","23,420.0",0.12K,-0.01%,,,10820.0,,,8630.0,,11340.0,11930.0,
2020,04,10,,,,,,757.94,759.08,764.36,751.59,338.40K,-0.31%,"23,435.0","23,491.0","23,517.0","23,420.0",0.02K,-0.23%,,,,,,,,,,
2020,04,09,1645.41,1690.43,1643.86,1683.56,100976.0,760.33,751.08,765.87,751.08,298.47K,1.65%,"23,488.0","23,514.0","23,532.0","23,471.0",0.17K,-0.26%,,,,,,,,,,
2020,04,08,1647.27,1656.87,1641.58,1645.4,70588.0,748.02,740.03,748.36,730.12,252.29K,0.18%,"23,550.0","23,460.0","23,565.0","23,460.0",0.03K,0.43%,,,,,,,,,,
2020,04,07,1664.81,1674.02,1642.16,1647.94,113280.0,746.69,744.97,749.13,730.28,292.97K,1.35%,"23,450.0","23,460.0","23,470.0","23,447.5",0.02K,0.04%,,,,,,,,,,
2020,04,06,1614.62,1669.88,1608.35,1658.19,94932.0,736.75,716.22,736.75,715.39,334.90K,4.98%,"23,440.0","23,555.0","23,555.0","23,450.0",0.01K,-0.47%,,,,,,,,,,
2020,04,03,1614.39,1626.04,1605.85,1615.7,68469.0,701.80,687.92,701.80,687.92,233.09K,3.17%,"23,550.0","23,560.0","23,605.0","23,481.0",0.06K,-0.17%,,,,,,,,,,
2020,04,02,1590.36,1620.17,1582.65,1611.66,100031.0,,,,,,,"23,590.0","23,590.0","23,590.0","23,590.0",,0.00%,,,,,,,,,,
2020,04,01,1571.41,1599.96,1569.33,1591.26,72363.0,680.23,658.80,684.96,657.41,267.02K,2.67%,"23,590.0","23,590.0","23,628.0","23,587.5",0.02K,-0.11%,,,,,,,,,,
2020,03,31,1621.75,1622.22,1574.19,1576.78,83749.0,662.53,669.74,678.64,649.10,262.79K,0.04%,"23,616.0","23,622.5","23,635.0","23,612.0",0.06K,-0.10%,,,,,,,,,,
2020,03,30,1619.97,1632.25,1610.39,1620.31,65237.0,662.26,663.91,665.56,657.36,233.10K,-4.86%,"23,640.0","23,627.5","23,642.5","23,618.0",0.02K,0.08%,,,,,,,,,,
2020,03,27,1630.2,1631.06,1613.83,1622.55,58020.0,696.06,692.54,703.22,682.52,327.99K,0.27%,"23,620.0","23,624.0","23,640.0","23,617.0",0.02K,0.00%,,,,,,,,,,
2020,03,26,1612.4,1644.37,1595.26,1628.93,52710.0,694.21,689.00,700.76,680.10,221.85K,0.57%,"23,620.0","23,640.0","23,645.0","23,597.5",0.02K,0.08%,,,,,,,,,,
2020,03,25,1630.56,1638.85,1594.95,1616.35,63879.0,690.25,669.76,690.25,667.58,270.18K,4.71%,"23,600.0","23,590.0","23,630.0","23,565.0",0.02K,0.08%,,,,,,,,,,
2020,03,24,1563.45,1632.3,1557.62,1625.33,74427.0,659.21,666.59,666.59,652.27,245.15K,-1.11%,"23,580.0","23,635.0","23,651.0","23,587.5",0.01K,0.17%,,,,,,,,,,
2020,03,23,1490.2,1561.08,1485.0,1552.39,110268.0,666.59,694.77,694.77,664.23,280.25K,-6.08%,"23,540.0","23,460.0","23,558.5","23,460.0",0.01K,0.36%,,,,,,,,,,
2020,03,20,1467.47,1515.93,1465.83,1498.64,104650.0,709.73,728.55,729.35,709.73,230.59K,-2.23%,"23,455.0","23,412.5","23,472.5","23,369.5",0.01K,0.43%,,,,,,,,,,
2020,03,19,1485.3,1500.77,1461.89,1474.34,137143.0,725.94,732.35,733.43,714.02,353.39K,-2.91%,"23,354.0","23,295.0","23,430.0","23,246.5",0.02K,0.31%,,,,,,,,,,
2020,03,18,1537.29,1543.29,1472.61,1484.63,192152.0,747.66,747.40,752.65,742.12,259.02K,0.25%,"23,282.0","23,248.0","23,285.0","23,241.0",,0.19%,,,,,,,,,,
2020,03,17,1511.75,1553.85,1465.42,1527.8,208552.0,745.78,724.07,750.03,721.84,287.28K,-0.28%,"23,238.0","23,220.0","23,255.0","23,214.5",0.02K,0.06%,,,,,,,,,,
2020,03,16,1543.04,1562.94,1451.13,1509.09,219115.0,747.86,758.28,758.59,737.58,292.25K,-1.83%,"23,225.0","23,220.0","23,236.0","23,214.5",0.02K,0.07%,,,,,,,,,,
2020,03,13,1576.3,1597.91,1504.62,1529.78,192149.0,761.78,750.56,764.69,723.42,354.71K,-0.97%,"23,208.0","23,172.5","23,223.5","23,172.5",0.02K,0.06%,,,,,,,,,,
2020,03,12,1640.1,1650.07,1560.59,1578.63,158775.0,769.25,778.06,778.06,762.12,339.23K,-5.19%,"23,195.0","23,180.0","23,196.5","23,171.5",0.02K,0.10%,,,,,,,,,,
2020,03,11,1651.93,1671.24,1632.94,1636.63,128334.0,811.35,843.52,844.94,794.54,318.57K,-3.12%,"23,172.0","23,175.0","23,183.0","23,171.5",0.02K,-0.01%,,,,,,,,,,
2020,03,10,1667.73,1671.42,1641.49,1649.37,143340.0,837.50,813.83,843.28,806.63,298.02K,0.24%,"23,174.0","23,174.5","23,210.0","23,172.5",0.02K,0.01%,,,,,,,,,,
2020,03,09,1695.92,1703.44,1657.41,1678.15,151869.0,835.49,875.80,875.80,834.67,309.10K,-6.28%,"23,172.0","23,207.5","23,218.0","23,173.5",0.03K,-0.14%,,,,,,,,,,
2020,03,06,1671.61,1692.09,1641.97,1674.06,164891.0,891.44,888.96,891.44,882.71,214.34K,-0.21%,"23,205.0","23,220.0","23,220.0","23,199.5",0.01K,-0.02%,,,,,,,,,,
2020,03,05,1636.57,1674.57,1634.97,1671.58,121017.0,893.31,892.71,898.43,891.20,231.34K,0.44%,"23,210.0","23,209.0","23,227.5","23,201.0",0.05K,0.02%,,,,,,,,,,
2020,03,04,1642.09,1653.13,1631.81,1635.73,124231.0,889.37,887.85,889.85,882.83,238.45K,-0.14%,"23,206.0","23,226.0","23,232.0","23,202.0",0.09K,-0.05%,,,,,,,,,,
2020,03,03,1590.45,1649.29,1589.58,1639.48,146391.0,890.61,895.39,896.39,890.06,212.74K,0.70%,"23,218.0","23,225.0","23,241.0","23,216.5",0.02K,-0.09%,,,,,,,,,,
2020,03,02,1581.79,1610.94,1575.31,1589.75,171570.0,884.43,878.43,886.45,877.31,206.64K,0.25%,"23,240.0","23,239.0","23,243.5","23,225.5",0.02K,0.00%,,,,,,,,,,
2020,02,28,1641.91,1649.46,1562.93,1584.7,186323.0,882.19,885.47,887.07,872.46,241.89K,-1.81%,"23,240.0","23,240.0","23,245.5","23,230.5",0.01K,0.00%,,,,,,,,,,
2020,02,27,1641.12,1660.37,1635.19,1644.23,163430.0,898.44,892.15,899.34,889.14,163.29K,0.28%,"23,240.0","23,241.0","23,259.5","23,222.5",0.02K,0.00%,,,,,,,,,,
2020,02,26,1638.13,1654.95,1624.73,1640.5,161690.0,895.97,901.51,903.27,894.25,142.58K,-1.51%,"23,240.0","23,270.0","23,280.0","23,236.0",0.02K,-0.13%,,,,,,,,,,
2020,02,25,1657.47,1658.77,1624.98,1635.26,176551.0,909.67,893.95,909.67,893.95,221.12K,0.70%,"23,270.0","23,290.0","23,290.0","23,250.0",0.01K,0.10%,,,,,,,,,,
2020,02,24,1659.37,1689.25,1650.83,1658.5,156168.0,903.34,917.49,917.49,903.34,291.88K,-3.19%,"23,247.0","23,246.0","23,255.5","23,240.0",0.03K,0.02%,,,,,,,,,,
2020,02,21,1619.7,1649.23,1618.92,1643.73,115265.0,933.09,938.13,940.53,932.32,206.75K,-0.54%,"23,242.0","23,239.0","23,251.5","23,230.0",0.02K,0.03%,,,,,,,,,,
2020,02,20,1610.97,1623.73,1603.84,1619.26,105222.0,938.13,933.69,938.13,930.41,198.34K,1.01%,"23,236.0","23,240.0","23,288.5","23,226.0",0.06K,0.05%,,,,,,,,,,
2020,02,19,1601.17,1612.91,1599.53,1611.34,81876.0,928.76,926.41,931.66,925.86,192.17K,0.09%,"23,225.0","23,230.0","23,248.0","23,225.5",0.13K,-0.06%,,,,,,,,,,
2020,02,18,1583.69,1605.05,1583.23,1601.35,78332.0,927.93,934.47,934.98,926.01,187.76K,-0.73%,"23,239.0","23,230.0","23,245.0","23,225.0",0.03K,0.05%,,,,,,,,,,
2020,02,17,1581.25,1583.78,1578.85,1580.86,30617.0,934.77,938.52,938.52,931.66,183.25K,-0.29%,"23,228.0","23,250.5","23,253.5","23,224.5",0.03K,-0.07%,,,,,,,,,,
2020,02,14,1575.91,1585.01,1573.02,1583.69,60275.0,937.45,939.28,940.65,936.47,204.35K,-0.08%,"23,245.0","23,237.5","23,254.0","23,230.0",0.02K,0.03%,,,15170.0,,,13950.0,,18500.0,19380.0,
2020,02,13,1566.13,1578.33,1565.51,1575.98,80200.0,938.24,937.19,939.10,934.47,177.73K,0.06%,"23,239.0","23,241.5","23,242.5","23,221.5",0.03K,-0.05%,,,,,,,,,,
2020,02,12,1567.49,1570.46,1561.95,1565.73,65805.0,937.68,940.72,943.11,937.34,228.04K,0.32%,"23,250.0","23,226.5","23,255.0","23,219.5",0.04K,0.04%,,,,,,,,,,
2020,02,11,1572.09,1574.05,1561.92,1567.63,75255.0,934.67,930.73,936.04,930.73,179.35K,0.42%,"23,240.0","23,225.0","23,262.5","23,217.5",0.02K,-0.08%,,,,,,,,,,
2020,02,10,1569.27,1577.01,1567.96,1571.87,72137.0,930.73,934.38,935.87,926.61,153.97K,-1.07%,"23,258.0","23,255.0","23,262.5","23,214.5",0.02K,0.12%,,,,,,,,,,
2020,02,07,1565.81,1574.05,1560.08,1570.0,97707.0,940.75,938.61,943.48,935.94,194.17K,0.24%,"23,230.0","23,242.0","23,242.5","23,219.5",0.02K,0.04%,,,,,,,,,,
2020,02,06,1554.67,1568.23,1552.46,1566.46,71100.0,938.54,926.66,938.54,925.21,223.67K,1.36%,"23,221.0","23,223.0","23,228.5","23,217.0",0.02K,0.00%,,,,,,,,,,
2020,02,05,1553.18,1562.41,1547.38,1556.41,84219.0,925.91,934.75,936.33,921.89,197.38K,-0.34%,"23,220.0","23,255.0","23,267.0","23,217.5",0.14K,-0.04%,,,,,,,,,,
2020,02,04,1578.56,1579.61,1548.97,1552.74,81029.0,929.09,929.42,934.91,919.33,197.69K,0.10%,"23,230.0","23,255.0","23,267.5","23,234.0",0.01K,-0.09%,,,,,,,,,,
2020,02,03,1588.65,1592.0,1569.28,1576.3,91040.0,928.14,916.60,930.37,891.85,275.52K,-0.91%,"23,250.0","23,255.0","23,278.0","23,220.0",0.01K,0.12%,,,,,,,,,,
2020,01,31,1575.06,1590.48,1570.87,1588.83,97516.0,936.62,959.58,960.96,936.62,253.95K,-2.39%,"23,222.0","23,180.0","23,228.0","23,168.0",0.04K,0.17%,,,,,,,,,,
2020,01,30,1575.25,1585.99,1572.22,1573.85,96702.0,959.58,975.15,977.72,954.00,198.51K,-3.22%,"23,182.0","23,180.0","23,186.5","23,169.0",0.01K,0.06%,,,16130.0,,,15060.0,,19260.0,20120.0,
2020,01,29,1568.65,1578.0,1563.35,1577.11,72438.0,,,,,,,"23,169.0","23,169.0","23,169.0","23,169.0",,0.00%,,,,,,,,,,
2020,01,28,1580.91,1583.03,1565.44,1567.78,83057.0,,,,,,,"23,169.0","23,169.0","23,169.0","23,169.0",,0.00%,,,,,,,,,,
2020,01,27,1580.71,1588.28,1575.87,1581.88,105097.0,,,,,,,"23,169.0","23,169.0","23,169.0","23,169.0",,0.00%,,,,,,,,,,
2020,01,24,1561.79,1575.95,1556.49,1570.9,81710.0,,,,,,,"23,169.0","23,169.0","23,169.0","23,169.0",,0.00%,,,,,,,,,,
2020,01,23,1558.55,1567.91,1551.85,1562.8,80486.0,,,,,,,"23,169.0","23,169.0","23,169.0","23,169.0",,0.00%,,,,,,,,,,
2020,01,22,1558.01,1559.22,1550.15,1558.6,68635.0,991.46,986.52,991.46,983.92,152.35K,0.52%,"23,169.0","23,171.0","23,204.5","23,167.5",0.02K,0.00%,,,,,,,,,,
2020,01,21,1560.88,1568.59,1546.3,1557.91,84727.0,986.37,978.82,986.37,978.82,157.67K,0.79%,"23,170.0","23,170.0","23,174.0","23,167.5",0.02K,0.00%,,,,,,,,,,
2020,01,20,1559.0,1562.76,1556.35,1560.5,31344.0,978.63,978.23,979.85,975.93,148.80K,-0.03%,"23,169.0","23,170.0","23,172.5","23,167.5",0.01K,0.00%,,,,,,,,,,
2020,01,17,1552.29,1561.21,1549.33,1556.83,64606.0,978.96,976.28,980.02,973.79,164.14K,0.48%,"23,170.0","23,170.0","23,175.5","23,164.0",0.02K,0.00%,,,,,,,,,,
2020,01,16,1555.18,1558.06,1547.98,1552.46,65408.0,974.31,967.20,974.70,967.17,201.25K,0.70%,"23,171.0","23,171.0","23,177.5","23,169.0",0.03K,0.00%,,,,,,,,,,
2020,01,15,1546.37,1558.17,1546.27,1556.22,73629.0,967.56,967.69,967.69,964.84,150.04K,0.06%,"23,170.0","23,175.0","23,177.5","23,172.5",0.01K,-0.02%,,,16540.0,,,15530.0,,19840.0,20910.0,
2020,01,14,1548.13,1548.85,1535.96,1546.25,85110.0,967.00,966.26,968.85,965.76,190.35K,0.12%,"23,175.0","23,174.0","23,177.5","23,172.0",0.02K,0.01%,,,,,,,,,,
2020,01,13,1559.55,1560.6,1546.51,1548.34,72777.0,965.84,966.89,968.63,964.79,147.15K,-0.28%,"23,173.0","23,174.0","23,177.0","23,172.0",0.01K,-0.01%,,,,,,,,,,
2020,01,10,1552.91,1563.13,1545.73,1561.76,78711.0,968.54,961.17,969.71,961.17,222.16K,0.87%,"23,176.0","23,174.0","23,205.0","23,172.0",0.05K,0.01%,,,,,,,,,,
2020,01,09,1554.75,1561.29,1540.2,1552.08,87919.0,960.15,953.86,960.73,952.16,166.15K,1.18%,"23,173.0","23,180.0","23,180.0","23,173.5",0.02K,-0.01%,,,,,,,,,,
2020,01,08,1575.99,1611.35,1552.22,1556.36,156878.0,948.98,954.13,955.84,945.28,319.17K,-1.03%,"23,175.0","23,178.0","23,181.0","23,174.0",0.02K,0.00%,,,,,,,,,,
2020,01,07,1564.53,1577.32,1555.23,1573.24,96091.0,958.88,955.79,959.46,953.19,181.63K,0.32%,"23,175.0","23,175.0","23,179.0","23,172.5",0.01K,0.00%,,,,,,,,,,
2020,01,06,1575.89,1582.09,1560.7,1565.63,118721.0,955.79,962.79,963.20,955.59,187.20K,-0.97%,"23,176.0","23,177.0","23,178.0","23,171.5",0.01K,0.02%,,,,,,,,,,
2020,01,03,1528.25,1553.43,1527.86,1551.44,95044.0,965.14,968.72,970.88,965.14,174.13K,-0.16%,"23,171.0","23,173.5","23,174.5","23,169.0",0.02K,0.01%,,,,,,,,,,
2020,01,02,1520.26,1531.32,1518.38,1528.77,55524.0,966.67,960.26,966.67,959.67,200.60K,0.59%,"23,168.0","23,171.0","23,175.5","23,168.5",0.02K,-0.01%,,,,,,,,,,
2020,01,01,,,,,,,,,,,,"23,171.0","23,171.0","23,171.0","23,171.0",,0.00%,,,,,,,,,,
2019,12,31,1514.63,1525.23,1514.54,1520.46,51632.0,960.99,965.71,965.71,958.22,185.24K,-0.42%,"23,171.0","23,172.5","23,176.5","23,169.0",0.01K,0.00%,,,16590.0,,,15580.0,,19880.0,20990.0,
2019,12,30,1511.16,1516.07,1510.7,1514.96,57637.0,965.03,962.89,967.52,962.47,177.74K,0.16%,"23,170.0","23,170.5","23,175.5","23,169.0",0.01K,0.00%,,,,,,,,,,
2019,12,27,1510.77,1515.29,1507.28,1510.63,54172.0,963.51,957.70,963.51,954.19,180.52K,0.51%,"23,171.0","23,172.0","23,177.0","23,171.0",0.02K,-0.01%,,,,,,,,,,
2019,12,26,1503.27,1512.56,1502.27,1511.04,42592.0,958.59,960.67,962.11,957.43,265.94K,-0.24%,"23,174.0","23,171.0","23,177.5","23,169.0",0.09K,0.00%,,,,,,,,,,
2019,12,25,,,,,,960.92,958.18,962.83,957.50,238.32K,0.21%,"23,173.0","23,171.0","23,178.0","23,170.0",0.01K,-0.01%,,,,,,,,,,
2019,12,24,1485.2,1500.44,1484.33,1498.99,39618.0,958.88,959.43,959.43,953.29,229.67K,-0.06%,"23,176.0","23,179.0","23,179.0","23,172.5",0.01K,0.01%,,,,,,,,,,
2019,12,23,1477.96,1486.09,1477.46,1485.38,44323.0,959.43,959.55,960.71,958.07,241.52K,0.32%,"23,173.0","23,171.0","23,178.0","23,170.5",0.02K,-0.01%,,,,,,,,,,
2019,12,20,1478.94,1480.94,1475.78,1477.93,44501.0,956.41,953.55,957.52,952.71,243.33K,0.44%,"23,175.0","23,176.0","23,195.0","23,170.0",0.16K,0.03%,,,,,,,,,,
2019,12,19,1475.3,1481.64,1473.19,1478.7,49593.0,952.26,950.61,955.85,946.74,222.47K,0.12%,"23,169.0","23,171.0","23,176.5","23,168.5",0.02K,-0.02%,,,,,,,,,,
2019,12,18,1475.76,1479.24,1470.38,1475.45,51047.0,951.13,951.52,954.18,949.86,323.41K,-0.30%,"23,173.0","23,173.0","23,177.0","23,171.5",0.01K,-0.01%,,,,,,,,,,
2019,12,17,1475.89,1480.49,1474.12,1475.99,55358.0,954.03,962.49,962.79,954.03,280.85K,-0.77%,"23,176.0","23,176.0","23,178.0","23,169.0",0.03K,0.00%,,,,,,,,,,
2019,12,16,1474.85,1479.85,1473.09,1475.9,55769.0,961.47,966.00,966.00,960.39,278.44K,-0.49%,"23,176.0","23,171.0","23,178.0","23,169.5",0.02K,0.01%,,,16060.0,,,15010.0,,19720.0,20880.0,
2019,12,13,1466.57,1478.0,1461.73,1475.44,92543.0,966.18,969.43,971.84,965.93,219.16K,-0.21%,"23,173.0","23,169.0","23,199.5","23,168.0",0.02K,0.02%,,,,,,,,,,
2019,12,12,1474.89,1486.69,1463.89,1469.4,80536.0,968.17,963.39,968.39,962.72,218.75K,0.66%,"23,169.0","23,173.5","23,176.5","23,167.5",0.01K,-0.03%,,,,,,,,,,
2019,12,11,1464.16,1478.84,1462.63,1474.72,63369.0,961.78,960.59,961.78,954.56,216.48K,0.15%,"23,175.0","23,172.0","23,177.5","23,169.0",0.01K,0.02%,,,,,,,,,,
2019,12,10,1461.41,1469.17,1459.95,1464.35,66086.0,960.30,965.92,966.58,955.14,242.73K,-0.60%,"23,170.0","23,170.0","23,176.0","23,168.5",0.01K,0.00%,,,,,,,,,,
2019,12,09,1458.58,1465.35,1458.48,1461.71,46080.0,966.06,963.91,967.57,962.59,273.26K,0.26%,"23,170.0","23,171.0","23,177.5","23,168.0",0.02K,-0.02%,,,,,,,,,,
2019,12,06,1476.04,1479.82,1458.66,1459.53,63328.0,963.56,962.38,965.41,960.99,171.82K,0.03%,"23,175.0","23,178.5","23,210.0","23,166.5",0.03K,0.03%,,,,,,,,,,
2019,12,05,1474.37,1480.29,1472.86,1475.76,68940.0,963.27,969.00,969.53,962.16,194.54K,-0.27%,"23,167.0","23,175.0","23,181.0","23,167.0",0.01K,-0.01%,,,,,,,,,,
2019,12,04,1476.47,1484.01,1471.35,1474.33,79731.0,965.90,952.51,965.90,950.13,210.10K,1.31%,"23,170.0","23,175.0","23,177.5","23,166.5",0.02K,0.00%,,,,,,,,,,
2019,12,03,1461.61,1481.73,1459.78,1477.32,65924.0,953.43,957.40,960.82,950.96,264.94K,-0.61%,"23,170.0","23,173.5","23,180.0","23,171.0",0.02K,-0.02%,,,,,,,,,,
2019,12,02,1462.43,1465.29,1453.89,1462.45,65523.0,959.31,971.42,972.91,958.30,211.00K,-1.18%,"23,175.0","23,165.0","23,202.5","23,165.0",0.03K,-0.02%,,,,,,,,,,
2019,11,29,1455.39,1466.53,1452.94,1463.83,48203.0,970.75,971.10,972.89,968.03,167.27K,0.04%,"23,179.0","23,200.0","23,202.5","23,180.0",0.01K,-0.09%,,,,,,,,,,
2019,11,28,1455.75,1458.26,1454.16,1455.74,31775.0,970.39,977.66,979.17,967.68,191.26K,-0.80%,"23,200.0","23,206.5","23,207.5","23,197.5",0.02K,0.00%,,,,,,,,,,
2019,11,27,1461.11,1461.75,1452.45,1453.93,57103.0,978.17,978.98,982.76,978.17,197.96K,0.14%,"23,200.0","23,203.5","23,207.5","23,196.0",0.03K,0.04%,,,,,,,,,,
2019,11,26,1454.94,1462.87,1450.02,1461.3,55649.0,976.79,976.35,981.96,976.35,192.50K,0.05%,"23,190.0","23,197.5","23,198.0","23,186.0",0.03K,-0.03%,,,,,,,,,,
2019,11,25,1460.39,1462.08,1454.0,1454.94,58527.0,976.35,977.85,979.60,971.24,189.32K,-0.15%,"23,197.0","23,197.5","23,202.0","23,195.5",0.01K,0.01%,,,,,,,,,,
2019,11,22,1464.37,1473.18,1461.25,1461.81,69819.0,977.78,992.73,993.70,971.03,230.36K,-1.02%,"23,195.0","23,195.0","23,201.0","23,192.5",0.01K,0.01%,,,,,,,,,,
2019,11,21,1474.9,1475.59,1462.28,1464.32,84627.0,987.89,999.37,999.63,987.89,215.01K,-1.27%,"23,193.0","23,197.5","23,201.5","23,192.5",0.02K,-0.03%,,,,,,,,,,
2019,11,20,1473.67,1478.75,1465.88,1471.05,80216.0,"1,000.56","1,009.21","1,009.21","1,000.56",210.31K,-0.77%,"23,199.0","23,201.0","23,208.5","23,198.5",0.02K,0.00%,,,,,,,,,,
2019,11,19,1470.65,1475.23,1464.72,1472.31,70981.0,"1,008.35","1,002.89","1,008.35","1,001.35",232.36K,0.54%,"23,200.0","23,202.0","23,207.0","23,198.5",0.02K,-0.02%,,,,,,,,,,
2019,11,18,1467.85,1473.89,1456.28,1470.78,65688.0,"1,002.91","1,010.03","1,012.09","1,002.63",184.31K,-0.70%,"23,205.0","23,202.0","23,207.0","23,201.5",0.03K,0.00%,,,,,,,,,,
2019,11,15,1471.22,1471.31,1462.37,1467.37,63220.0,"1,010.03","1,012.93","1,015.16","1,005.10",212.33K,-0.22%,"23,204.0","23,202.0","23,206.0","23,201.0",0.02K,0.02%,,,15960.0,0.0,0.0,14960.0,,19500.0,20790.0,
2019,11,14,1463.99,1474.55,1461.07,1470.97,79413.0,"1,012.30","1,013.85","1,016.71","1,010.60",209.40K,-0.05%,"23,200.0","23,201.5","23,203.5","23,200.5",0.01K,0.00%,,,,,,,,,,
2019,11,13,1457.29,1467.0,1456.64,1463.26,84024.0,"1,012.77","1,019.07","1,020.09","1,010.80",286.97K,-0.55%,"23,199.0","23,199.5","23,203.0","23,198.5",0.02K,0.00%,,,,,,,,,,
2019,11,12,1454.99,1460.32,1445.57,1456.3,88273.0,"1,018.33","1,016.97","1,021.84","1,015.97",223.16K,0.16%,"23,199.0","23,200.0","23,200.5","23,198.5",0.01K,0.00%,,,,,,,,,,
2019,11,11,1460.22,1466.36,1448.15,1455.65,62464.0,"1,016.75","1,023.32","1,024.77","1,016.35",210.43K,-0.56%,"23,200.0","23,202.0","23,202.0","23,198.0",0.01K,0.01%,,,,,,,,,,
2019,11,08,1468.11,1472.87,1456.12,1458.72,83604.0,"1,022.49","1,026.98","1,027.39","1,021.11",181.37K,-0.15%,"23,198.0","23,200.0","23,202.5","23,197.5",0.02K,0.00%,,,,,,,,,,
2019,11,07,1489.79,1492.21,1460.46,1468.52,100691.0,"1,024.03","1,023.49","1,028.45","1,022.61",193.39K,-0.09%,"23,199.0","23,199.5","23,202.5","23,198.0",0.01K,0.00%,,,,,,,,,,
2019,11,06,1483.71,1494.13,1482.91,1490.14,70392.0,"1,024.91","1,023.43","1,028.97","1,023.42",225.00K,0.06%,"23,199.0","23,199.5","23,202.5","23,198.0",0.01K,0.00%,,,,,,,,,,
2019,11,05,1508.83,1509.61,1479.31,1483.78,86931.0,"1,024.34","1,022.77","1,026.53","1,021.63",199.37K,0.19%,"23,199.0","23,200.0","23,202.5","23,198.5",0.02K,0.00%,,,,,,,,,,
2019,11,04,1512.69,1514.77,1504.34,1509.48,60931.0,"1,022.43","1,019.00","1,023.92","1,015.86",232.79K,0.67%,"23,199.0","23,202.0","23,202.5","23,198.5",0.02K,0.00%,,,,,,,,,,
2019,11,01,1512.49,1516.09,1503.22,1513.9,72696.0,"1,015.59",998.82,"1,015.88",998.82,241.34K,1.68%,"23,200.0","23,199.5","23,202.0","23,199.0",0.01K,-0.01%,,,,,,,,,,
2019,10,31,1495.77,1514.19,1493.89,1512.13,70127.0,998.82,"1,000.89","1,004.40",998.58,218.98K,-0.21%,"23,202.0","23,202.0","23,204.5","23,198.5",0.01K,0.01%,,,16050.0,0.0,0.0,15130.0,,19250.0,20440.0,
2019,10,30,1487.39,1496.52,1481.08,1495.6,74557.0,"1,000.89",996.83,"1,003.40",994.86,181.19K,0.50%,"23,200.0","23,201.0","23,204.5","23,199.0",0.01K,-0.01%,,,,,,,,,,
2019,10,29,1491.81,1494.71,1483.33,1487.9,73054.0,995.87,997.77,999.88,995.87,249.48K,-0.06%,"23,202.0","23,201.5","23,206.0","23,199.5",0.01K,0.01%,,,,,,,,,,
2019,10,28,1503.29,1508.17,1489.93,1492.54,76826.0,996.48,998.27,999.94,996.48,183.76K,-0.01%,"23,200.0","23,201.0","23,203.5","23,199.0",0.01K,0.00%,,,,,,,,,,
2019,10,25,1503.03,1517.93,1500.55,1504.16,76377.0,996.57,993.91,996.67,992.91,173.49K,0.30%,"23,200.0","23,202.0","23,207.0","23,198.5",0.01K,-0.01%,,,,,,,,,,
2019,10,24,1491.33,1503.96,1487.93,1502.9,67974.0,993.60,988.85,993.60,987.65,160.03K,0.59%,"23,203.0","23,207.0","23,209.5","23,203.0",0.02K,-0.01%,,,,,,,,,,
2019,10,23,1487.93,1496.23,1487.62,1491.75,65293.0,987.79,987.04,989.61,985.52,179.02K,0.06%,"23,205.0","23,207.0","23,210.0","23,203.0",0.01K,0.02%,,,,,,,,,,
2019,10,22,1484.53,1488.93,1480.78,1487.77,69834.0,987.19,983.52,987.59,983.52,231.65K,0.37%,"23,201.0","23,203.5","23,209.0","23,202.0",0.02K,-0.02%,,,,,,,,,,
2019,10,21,1491.65,1495.17,1481.42,1484.06,73746.0,983.56,988.18,988.82,983.56,200.33K,-0.57%,"23,205.0","23,202.5","23,208.0","23,201.0",0.02K,0.01%,,,,,,,,,,
2019,10,18,1491.98,1494.17,1484.81,1489.93,72019.0,989.20,992.00,993.03,988.41,174.42K,-0.06%,"23,203.0","23,202.5","23,208.5","23,201.5",0.01K,-0.01%,,,,,,,,,,
2019,10,17,1489.99,1497.31,1483.37,1492.23,81532.0,989.82,995.04,995.81,989.82,191.55K,-0.47%,"23,206.0","23,203.5","23,211.5","23,201.0",0.02K,0.02%,,,,,,,,,,
2019,10,16,1481.09,1491.51,1476.96,1489.52,91869.0,994.46,995.75,997.41,993.42,188.13K,0.14%,"23,202.0","23,201.0","23,204.5","23,201.0",0.02K,0.00%,,,16220.0,0.0,0.0,15250.0,,19470.0,20790.0,
2019,10,15,1492.37,1498.53,1477.13,1481.0,85309.0,993.05,993.55,994.75,990.74,179.97K,-0.05%,"23,201.0","23,200.5","23,205.5","23,200.5",0.02K,0.00%,,,,,,,,,,
2019,10,14,1486.43,1497.06,1482.77,1493.03,74909.0,993.57,994.61,997.25,992.50,193.98K,0.17%,"23,200.0","23,201.5","23,205.5","23,199.0",0.02K,0.00%,,,,,,,,,,
2019,10,11,1494.46,1503.13,1473.93,1487.93,118368.0,991.84,988.57,991.84,987.62,168.61K,0.45%,"23,200.0","23,201.0","23,208.0","23,196.0",0.03K,0.00%,,,,,,,,,,
2019,10,10,1505.7,1516.98,1491.02,1493.39,115499.0,987.38,988.81,990.89,986.93,182.98K,-0.05%,"23,200.0","23,226.0","23,226.0","23,190.0",0.05K,-0.11%,,,,,,,,,,
2019,10,09,1506.45,1512.34,1499.8,1505.42,86218.0,987.83,987.82,992.00,986.74,182.54K,-0.04%,"23,225.0","23,205.0","23,226.0","23,200.0",0.02K,0.11%,,,,,,,,,,
2019,10,08,1493.37,1509.65,1486.81,1505.48,107974.0,988.22,983.62,988.51,981.89,178.38K,0.52%,"23,200.0","23,205.0","23,206.0","23,200.0",0.01K,0.00%,,,,,,,,,,
2019,10,07,1508.53,1509.25,1487.97,1493.27,86523.0,983.09,989.45,990.34,983.09,178.90K,-0.46%,"23,200.0","23,201.5","23,207.0","23,201.0",0.01K,0.00%,,,,,,,,,,
2019,10,04,1506.04,1515.54,1495.77,1504.5,88317.0,987.59,993.69,994.81,987.59,205.01K,-0.21%,"23,200.0","23,205.0","23,207.0","23,201.0",0.01K,0.00%,,,,,,,,,,
2019,10,03,1498.96,1519.48,1495.76,1504.83,93063.0,989.67,985.65,992.45,983.35,140.12K,-0.15%,"23,200.0","23,201.0","23,206.0","23,201.0",0.02K,0.00%,,,,,,,,,,
2019,10,02,1480.06,1505.02,1474.44,1499.92,90625.0,991.19,999.18,"1,000.93",989.63,178.78K,-0.84%,"23,200.0","23,201.0","23,205.5","23,201.0",0.01K,0.00%,,,,,,,,,,
2019,10,01,1472.93,1487.19,1459.03,1479.38,91422.0,999.59,997.87,999.72,996.20,210.25K,0.30%,"23,201.0","23,201.0","23,205.5","23,201.0",0.01K,0.00%,,,16630.0,0.0,0.0,15780.0,,19780.0,21060.0,
2019,09,30,1496.25,1500.41,1464.43,1472.29,85679.0,996.56,999.92,"1,004.17",996.51,176.22K,-0.13%,"23,200.0","23,202.0","23,206.5","23,200.5",0.02K,0.00%,,,,,,,,,,
2019,09,27,1503.95,1507.34,1486.79,1496.61,87365.0,997.84,992.26,998.34,991.50,180.74K,0.72%,"23,200.0","23,202.0","23,205.5","23,200.0",0.02K,0.00%,,,,,,,,,,
2019,09,26,1503.66,1512.25,1500.25,1504.56,74798.0,990.75,988.70,991.66,986.35,152.56K,0.35%,"23,200.0","23,205.0","23,205.0","23,199.5",0.01K,0.00%,,,,,,,,,,
2019,09,25,1533.29,1535.08,1500.4,1503.64,84604.0,987.30,985.96,989.18,983.06,171.57K,-0.08%,"23,200.0","23,203.5","23,206.5","23,201.0",0.01K,0.00%,,,,,,,,,,
2019,09,24,1523.09,1535.63,1515.55,1531.17,77381.0,988.13,986.33,991.36,984.94,165.04K,0.24%,"23,200.0","23,203.5","23,208.0","23,200.0",0.05K,-0.01%,,,,,,,,,,
2019,09,23,1512.63,1526.77,1511.48,1522.12,71616.0,985.75,991.75,993.98,985.75,207.51K,-0.47%,"23,202.0","23,209.0","23,209.0","23,201.0",0.02K,0.00%,,,,,,,,,,
2019,09,20,1499.19,1517.01,1497.89,1516.27,60729.0,990.36,997.60,998.56,990.36,203.60K,-0.68%,"23,203.0","23,211.0","23,213.0","23,202.0",0.02K,-0.03%,,,,,,,,,,
2019,09,19,1492.89,1504.45,1488.92,1498.47,74260.0,997.10,995.49,997.20,990.55,186.92K,0.20%,"23,211.0","23,212.0","23,226.0","23,207.5",0.03K,0.01%,,,,,,,,,,
2019,09,18,1501.47,1511.54,1482.97,1493.24,65272.0,995.15,995.75,998.40,993.94,191.04K,-0.16%,"23,209.0","23,217.5","23,230.0","23,208.5",0.02K,-0.07%,,,,,,,,,,
2019,09,17,1498.49,1507.03,1493.39,1501.32,67403.0,996.74,990.06,996.74,986.96,231.44K,0.70%,"23,225.0","23,225.0","23,231.0","23,219.0",0.02K,0.03%,,,,,,,,,,
2019,09,16,1500.71,1512.09,1495.83,1498.4,84660.0,989.86,987.07,992.60,986.72,187.15K,0.27%,"23,218.0","23,215.0","23,222.5","23,213.0",0.02K,0.06%,,,16200.0,0.0,0.0,15360.0,,19110.0,20140.0,
2019,09,13,1497.62,1508.94,1485.71,1488.55,73329.0,987.22,976.07,987.22,975.95,189.23K,1.14%,"23,205.0","23,215.0","23,221.5","23,206.0",0.02K,0.00%,,,,,,,,,,
2019,09,12,1496.74,1524.13,1489.16,1498.97,93718.0,976.07,972.39,976.07,972.31,141.32K,0.70%,"23,205.0","23,200.5","23,211.5","23,199.0",0.02K,0.03%,,,,,,,,,,
2019,09,11,1486.28,1498.23,1485.99,1496.52,66314.0,969.31,969.59,973.13,967.14,154.51K,-0.10%,"23,199.0","23,199.5","23,204.0","23,196.0",0.04K,0.00%,,,,,,,,,,
2019,09,10,1498.32,1500.97,1484.45,1485.77,87411.0,970.26,974.62,977.44,968.36,161.45K,-0.40%,"23,199.0","23,197.0","23,202.0","23,196.0",0.01K,0.00%,,,,,,,,,,
2019,09,09,1503.51,1515.43,1497.54,1498.81,81607.0,974.12,974.53,975.03,972.47,155.33K,0.00%,"23,199.0","23,195.0","23,202.5","23,195.0",0.02K,0.00%,,,,,,,,,,
2019,09,06,1518.45,1527.81,1502.47,1506.38,109340.0,974.08,977.83,978.73,973.87,161.16K,-0.28%,"23,198.0","23,195.0","23,202.0","23,194.0",0.02K,0.00%,,,,,,,,,,
2019,09,05,1551.44,1552.95,1506.19,1518.89,103092.0,976.79,979.83,981.67,976.79,159.54K,-0.09%,"23,198.0","23,197.5","23,206.0","23,196.0",0.02K,0.00%,,,,,,,,,,
2019,09,04,1546.53,1556.98,1533.78,1552.6,95612.0,977.63,977.97,979.91,973.37,157.39K,-0.18%,"23,199.0","23,199.0","23,202.5","23,194.0",0.01K,0.00%,,,,,,,,,,
2019,09,03,1526.91,1549.68,1521.61,1548.7,100722.0,979.36,984.79,985.21,978.62,186.48K,-0.48%,"23,198.0","23,186.0","23,203.0","23,186.0",0.02K,0.06%,,,,,,,,,,
2019,09,02,1529.39,1533.77,1519.22,1528.96,50614.0,,,,,,,"23,185.0","23,185.0","23,185.0","23,185.0",,0.00%,,,,,,,,,,
2019,08,30,1527.53,1533.11,1516.93,1520.55,92368.0,984.06,980.25,984.87,980.25,143.16K,0.56%,"23,185.0","23,203.0","23,204.0","23,183.5",0.02K,-0.04%,,,,,,,,,,
2019,08,29,1539.02,1550.3,1519.52,1526.87,107263.0,978.59,978.17,978.78,973.34,138.39K,0.14%,"23,195.0","23,203.0","23,208.5","23,195.5",0.02K,-0.05%,,,,,,,,,,
2019,08,28,1540.96,1546.83,1531.79,1541.01,89182.0,977.26,977.10,981.35,977.10,147.21K,0.05%,"23,206.0","23,205.0","23,212.0","23,197.5",0.02K,0.04%,,,,,,,,,,
2019,08,27,1527.27,1544.65,1525.63,1542.63,83672.0,976.79,986.33,988.49,976.79,199.81K,-0.62%,"23,197.0","23,202.5","23,205.5","23,196.5",0.02K,0.00%,,,,,,,,,,
2019,08,26,1545.74,1555.21,1524.93,1527.38,127966.0,982.88,983.80,984.61,977.00,189.79K,-0.96%,"23,198.0","23,217.5","23,217.5","23,196.5",0.02K,0.00%,,,,,,,,,,
2019,08,23,1498.54,1530.2,1493.47,1526.25,98456.0,992.45,998.21,998.21,990.83,162.57K,-0.48%,"23,198.0","23,201.0","23,212.5","23,195.0",0.03K,-0.01%,,,,,,,,,,
2019,08,22,1501.86,1504.55,1492.43,1498.16,66041.0,997.26,996.41,998.67,993.23,153.00K,0.29%,"23,200.0","23,205.0","23,211.5","23,199.5",0.02K,0.00%,,,,,,,,,,
2019,08,21,1506.52,1508.03,1496.43,1502.31,61239.0,994.38,984.36,995.44,983.30,201.56K,0.99%,"23,200.0","23,202.5","23,211.5","23,201.0",0.02K,-0.01%,,,,,,,,,,
2019,08,20,1496.54,1508.55,1492.93,1507.36,63548.0,984.67,983.94,985.35,981.75,177.94K,0.37%,"23,203.0","23,209.0","23,214.0","23,200.0",0.05K,-0.01%,,,,,,,,,,
2019,08,19,1509.43,1512.9,1493.18,1495.79,77501.0,981.03,984.04,985.48,979.17,158.09K,0.11%,"23,205.0","23,215.0","23,217.0","23,206.0",0.02K,-0.03%,,,,,,,,,,
2019,08,16,1521.85,1527.97,1503.63,1512.1,87768.0,980.00,974.88,985.61,974.88,198.01K,0.06%,"23,211.0","23,206.0","23,217.5","23,206.0",0.02K,0.01%,,,16500.0,0.0,0.0,15390.0,,19350.0,20400.0,
2019,08,15,1518.59,1526.97,1507.81,1523.42,135399.0,979.38,958.05,979.38,955.76,182.91K,1.08%,"23,208.0","23,209.0","23,209.5","23,203.5",0.02K,0.03%,,,,,,,,,,
2019,08,14,1501.62,1524.03,1493.78,1516.18,121466.0,968.91,975.88,975.99,968.91,151.49K,0.22%,"23,200.0","23,202.5","23,212.5","23,199.0",0.02K,-0.02%,,,,,,,,,,
2019,08,13,1510.51,1534.95,1479.77,1501.35,121062.0,966.83,972.70,973.09,964.03,181.50K,-0.87%,"23,205.0","23,203.5","23,208.0","23,199.0",0.02K,0.03%,,,,,,,,,,
2019,08,12,1496.05,1519.99,1487.2,1511.72,77110.0,975.31,975.38,977.63,973.22,174.55K,0.10%,"23,197.0","23,201.0","23,252.0","23,197.5",0.02K,-0.03%,,,,,,,,,,
2019,08,09,1506.34,1508.09,1494.74,1497.02,88737.0,974.34,976.41,978.69,974.33,192.31K,-0.09%,"23,204.0","23,204.0","23,215.0","23,199.5",0.02K,-0.07%,,,,,,,,,,
2019,08,08,1498.84,1509.53,1489.97,1500.88,101100.0,975.24,965.93,975.83,964.21,219.24K,0.96%,"23,220.0","23,220.0","23,242.5","23,208.5",0.02K,0.02%,,,,,,,,,,
2019,08,07,1474.58,1510.33,1472.18,1501.25,134373.0,965.93,967.18,971.96,961.64,219.15K,0.14%,"23,215.0","23,215.0","23,264.5","23,213.0",0.02K,-0.15%,,,,,,,,,,
2019,08,06,1467.57,1474.81,1456.33,1474.27,98081.0,964.61,960.29,966.15,958.39,210.93K,-0.88%,"23,250.0","23,280.0","23,292.5","23,249.0",0.02K,-0.08%,,,,,,,,,,
2019,08,05,1440.29,1469.72,1436.67,1463.72,111163.0,973.15,988.60,988.99,973.15,195.93K,-1.81%,"23,268.0","23,230.0","23,280.5","23,223.0",0.04K,0.23%,,,,,,,,,,
2019,08,02,1445.59,1447.93,1430.29,1440.32,109809.0,991.10,987.55,991.39,985.69,186.79K,-0.63%,"23,215.0","23,216.5","23,236.0","23,205.0",0.02K,0.06%,,,,,,,,,,
2019,08,01,1415.85,1445.95,1400.44,1444.89,91909.0,997.39,993.25,997.39,990.88,222.66K,0.58%,"23,200.0","23,205.0","23,222.5","23,199.0",0.01K,-0.13%,,,17020.0,0.0,0.0,15960.0,,19900.0,20910.0,
2019,07,31,1430.57,1434.47,1410.17,1412.23,75264.0,991.66,986.00,993.40,982.64,172.88K,0.57%,"23,230.0","23,201.0","23,232.5","23,198.5",0.01K,0.13%,,,,,,,,,,
2019,07,30,1425.73,1433.2,1422.26,1430.61,45064.0,986.02,"1,001.46","1,002.77",986.02,154.32K,-1.19%,"23,200.0","23,201.5","23,216.0","23,200.5",0.02K,-0.02%,,,,,,,,,,
2019,07,29,1420.75,1428.11,1414.8,1426.62,36670.0,997.94,994.23,997.94,988.29,147.83K,0.46%,"23,205.0","23,211.0","23,217.5","23,208.5",0.02K,0.00%,,,,,,,,,,
2019,07,26,1414.84,1424.79,1413.4,1418.31,47512.0,993.35,994.80,998.52,992.97,152.41K,-0.16%,"23,205.0","23,208.0","23,216.5","23,203.5",0.04K,-0.02%,,,,,,,,,,
2019,07,25,1425.24,1433.73,1411.0,1414.11,70765.0,994.95,986.85,997.49,986.85,171.79K,0.66%,"23,209.0","23,210.5","23,213.0","23,201.5",0.09K,0.02%,,,,,,,,,,
2019,07,24,1417.19,1429.51,1416.27,1425.11,58410.0,988.41,993.01,994.85,986.34,169.64K,-0.11%,"23,205.0","23,217.0","23,224.5","23,208.5",0.04K,-0.02%,,,,,,,,,,
2019,07,23,1424.71,1430.21,1414.13,1417.6,61934.0,989.46,981.38,990.45,980.22,184.83K,0.76%,"23,209.0","23,241.0","23,251.0","23,206.5",0.14K,-0.01%,,,,,,,,,,
2019,07,22,1426.44,1429.98,1422.18,1424.67,61460.0,982.04,981.17,985.13,980.08,164.37K,-0.03%,"23,211.0","23,216.0","23,246.0","23,210.0",0.12K,-0.14%,,,,,,,,,,
2019,07,19,1448.13,1452.92,1420.13,1424.96,91707.0,982.34,978.12,986.12,978.12,170.27K,0.64%,"23,244.0","23,242.0","23,250.5","23,199.5",0.01K,0.13%,,,,,,,,,,
2019,07,18,1426.3,1448.07,1414.56,1445.65,78476.0,976.05,979.16,979.49,975.01,139.85K,-0.66%,"23,214.0","23,216.0","23,222.5","23,202.5",0.02K,0.06%,,,,,,,,,,
2019,07,17,1406.48,1426.75,1400.01,1426.21,51546.0,982.57,981.49,985.59,979.05,170.02K,0.05%,"23,200.0","23,185.0","23,204.0","23,185.0",0.02K,0.00%,,,16990.0,0.0,0.0,15950.0,,20270.0,21230.0,
2019,07,16,1414.44,1418.22,1400.68,1405.82,54713.0,982.11,975.05,982.11,975.05,174.67K,0.99%,"23,200.0","23,195.0","23,202.5","23,195.0",0.01K,0.00%,,,,,,,,,,
2019,07,15,1416.52,1419.73,1407.63,1413.7,48080.0,972.53,975.57,975.66,970.93,150.55K,-0.29%,"23,199.0","23,198.0","23,206.0","23,185.0",0.02K,0.00%,,,,,,,,,,
2019,07,12,1404.51,1416.84,1403.08,1414.83,53268.0,975.40,980.11,982.10,974.32,157.31K,-0.33%,"23,200.0","23,192.5","23,205.0","23,192.5",0.02K,0.00%,,,,,,,,,,
2019,07,11,1419.07,1427.07,1400.73,1403.73,65404.0,978.63,976.95,980.02,975.03,161.66K,0.51%,"23,200.0","23,225.0","23,237.5","23,197.5",0.02K,-0.04%,,,,,,,,,,
2019,07,10,1395.68,1418.55,1389.81,1417.87,68331.0,973.65,971.19,974.96,971.19,154.56K,0.47%,"23,210.0","23,216.0","23,245.0","23,212.5",0.02K,-0.04%,,,,,,,,,,
2019,07,09,1394.69,1399.93,1385.69,1397.51,51415.0,969.05,965.24,969.05,963.05,169.48K,0.28%,"23,220.0","23,252.5","23,252.5","23,225.5",0.02K,-0.11%,,,,,,,,,,
2019,07,08,1399.09,1407.53,1391.68,1395.28,58768.0,966.35,972.83,972.83,963.84,165.88K,-0.92%,"23,245.0","23,240.0","23,252.5","23,235.0",0.02K,0.04%,,,,,,,,,,
2019,07,05,1416.39,1424.15,1386.63,1398.09,77113.0,975.34,973.04,975.34,970.16,137.92K,0.24%,"23,235.0","23,248.0","23,248.5","23,235.0",0.02K,-0.02%,,,,,,,,,,
2019,07,04,1420.14,1421.61,1410.13,1415.29,37381.0,973.04,961.78,973.04,961.65,189.90K,1.32%,"23,240.0","23,243.0","23,254.5","23,215.0",0.02K,-0.02%,,,,,,,,,,
2019,07,03,1422.59,1437.73,1411.96,1418.41,97900.0,960.39,960.44,961.67,956.91,136.59K,-0.17%,"23,245.0","23,227.5","23,250.0","23,225.0",0.02K,0.06%,,,,,,,,,,
2019,07,02,1383.94,1420.97,1383.74,1418.0,79268.0,961.98,964.77,966.76,959.80,138.22K,-0.38%,"23,230.0","23,275.0","23,275.0","23,228.5",0.03K,-0.09%,,,16940.0,0.0,0.0,15930.0,,19650.0,20510.0,
2019,07,01,1391.67,1397.72,1381.66,1383.75,91450.0,965.61,958.92,965.61,957.66,166.45K,1.65%,"23,250.0","23,316.0","23,316.0","23,250.0",0.03K,-0.21%,,,,,,,,,,
2019,06,28,1408.7,1424.6,1405.63,1409.91,80301.0,949.94,944.53,949.94,939.12,182.63K,0.72%,"23,300.0","23,310.0","23,319.0","23,287.0",0.03K,-0.04%,,,,,,,,,,
2019,06,27,1407.94,1412.12,1398.59,1409.1,76489.0,943.11,959.48,959.48,943.11,159.03K,-1.67%,"23,310.0","23,305.0","23,335.0","23,305.0",0.06K,0.04%,,,,,,,,,,
2019,06,26,1419.69,1422.04,1401.82,1408.67,109233.0,959.13,960.13,962.70,958.38,252.32K,-0.10%,"23,300.0","23,301.0","23,325.0","23,288.0",0.02K,0.02%,,,,,,,,,,
2019,06,25,1418.0,1439.21,1411.82,1423.19,130617.0,960.13,961.19,963.23,960.06,164.35K,-0.28%,"23,296.0","23,290.5","23,307.5","23,286.0",0.02K,0.04%,,,,,,,,,,
2019,06,24,1399.87,1421.41,1399.42,1419.11,78266.0,962.85,960.29,967.11,959.80,150.30K,0.38%,"23,286.0","23,291.5","23,302.5","23,282.5",0.02K,0.03%,,,,,,,,,,
2019,06,21,1387.4,1411.76,1382.48,1398.68,118183.0,959.20,962.69,964.52,959.12,206.14K,0.00%,"23,280.0","23,295.0","23,312.5","23,285.0",0.02K,-0.06%,,,,,,,,,,
2019,06,20,1359.47,1393.9,1357.65,1388.35,102246.0,959.18,949.48,962.33,948.97,185.49K,1.00%,"23,295.0","23,310.0","23,315.0","23,295.0",0.02K,-0.09%,,,,,,,,,,
2019,06,19,1346.14,1362.54,1341.31,1359.64,72466.0,949.69,948.92,950.04,946.83,147.36K,0.60%,"23,315.0","23,330.0","23,342.0","23,297.0",0.09K,-0.09%,,,,,,,,,,
2019,06,18,1340.04,1354.57,1338.59,1346.51,71328.0,944.01,945.73,947.30,938.95,166.94K,-0.31%,"23,335.0","23,332.5","23,351.5","23,322.5",0.14K,-0.04%,,,,,,,,,,
2019,06,17,1341.76,1343.47,1332.93,1339.48,49206.0,946.95,953.97,955.18,944.47,174.37K,-0.70%,"23,345.0","23,324.0","23,372.5","23,324.0",0.02K,0.06%,,,16650.0,0.0,0.0,15610.0,,19230.0,20130.0,
2019,06,14,1342.27,1358.12,1337.73,1340.82,62043.0,953.61,948.65,954.70,948.65,155.88K,0.37%,"23,330.0","23,332.5","23,335.0","23,316.5",0.02K,0.09%,,,,,,,,,,
2019,06,13,1333.66,1343.09,1332.38,1341.81,43496.0,950.08,951.26,952.06,946.29,142.81K,-0.43%,"23,310.0","23,347.5","23,350.0","23,312.0",0.02K,-0.02%,,,,,,,,,,
2019,06,12,1326.87,1338.38,1325.98,1333.23,50814.0,954.17,960.60,960.60,953.83,138.11K,-0.82%,"23,315.0","23,332.0","23,350.0","23,320.0",0.02K,-0.09%,,,,,,,,,,
2019,06,11,1328.06,1329.84,1319.83,1326.65,46762.0,962.07,962.43,964.81,959.98,136.38K,-0.09%,"23,337.0","23,381.5","23,381.5","23,340.0",0.02K,-0.10%,,,,,,,,,,
2019,06,10,1334.62,1337.65,1325.03,1327.84,47974.0,962.90,963.78,966.90,958.60,154.90K,0.48%,"23,360.0","23,393.5","23,421.5","23,357.0",0.02K,-0.15%,,,,,,,,,,
2019,06,07,1335.9,1348.23,1330.23,1340.24,52484.0,958.28,951.64,958.28,950.94,148.04K,1.06%,"23,395.0","23,406.0","23,412.5","23,387.0",0.22K,-0.03%,,,,,,,,,,
2019,06,06,1332.17,1339.79,1327.18,1335.52,55111.0,948.21,951.41,951.41,939.35,125.90K,-0.34%,"23,402.0","23,407.0","23,421.5","23,392.5",0.14K,-0.04%,,,,,,,,,,
2019,06,05,1325.24,1344.04,1324.49,1330.09,65031.0,951.41,955.80,958.39,951.39,131.58K,0.03%,"23,412.0","23,406.0","23,417.5","23,406.0",0.02K,0.07%,,,,,,,,,,
2019,06,04,1324.89,1329.0,1319.87,1325.59,49993.0,951.16,945.62,951.42,943.21,162.40K,0.50%,"23,395.0","23,405.0","23,410.0","23,393.0",0.02K,0.01%,,,,,,,,,,
2019,06,03,1306.59,1327.92,1306.49,1324.48,50885.0,946.47,953.58,955.78,940.28,184.66K,-1.40%,"23,393.0","23,415.5","23,419.5","23,390.0",0.03K,-0.07%,,,,,,,,,,
2019,05,31,1288.29,1306.92,1287.93,1305.13,47039.0,959.88,968.53,969.94,959.88,136.53K,-0.98%,"23,410.0","23,419.5","23,421.5","23,409.5",0.03K,-0.02%,,,,,,,,,,
2019,05,30,1280.0,1289.17,1274.95,1288.41,37312.0,969.34,971.01,974.56,967.21,159.99K,-0.23%,"23,415.0","23,405.0","23,422.5","23,405.0",0.02K,0.04%,,,,,,,,,,
2019,05,29,1279.39,1285.51,1279.11,1280.2,45534.0,971.54,973.31,974.96,969.55,145.31K,-0.05%,"23,406.0","23,397.5","23,416.0","23,395.0",0.02K,0.06%,,,,,,,,,,
2019,05,28,1285.2,1286.51,1276.09,1279.4,38161.0,972.00,977.02,978.80,969.51,148.99K,-0.32%,"23,392.0","23,397.5","23,401.5","23,385.0",0.02K,0.03%,,,,,,,,,,
2019,05,27,1285.21,1287.33,1283.72,1284.95,15551.0,975.14,970.73,975.40,970.41,138.47K,0.53%,"23,386.0","23,396.5","23,402.5","23,383.0",0.02K,0.03%,,,,,,,,,,
2019,05,24,1283.49,1285.2,1280.71,1284.8,32122.0,970.03,976.59,983.14,970.03,168.34K,-1.29%,"23,380.0","23,392.5","23,403.5","23,375.0",0.02K,-0.03%,,,,,,,,,,
2019,05,23,1273.64,1287.27,1272.78,1283.56,42712.0,982.71,982.00,984.57,977.17,160.09K,-0.11%,"23,388.0","23,388.5","23,389.5","23,375.0",0.02K,0.08%,,,,,,,,,,
2019,05,22,1274.5,1277.26,1272.43,1273.41,28455.0,983.78,986.66,992.26,982.68,174.96K,-0.25%,"23,370.0","23,407.5","23,407.5","23,375.0",0.02K,-0.09%,,,,,,,,,,
2019,05,21,1277.54,1277.86,1269.41,1274.69,29422.0,986.29,989.67,992.84,986.07,206.56K,-0.09%,"23,390.0","23,402.5","23,407.5","23,380.0",0.02K,-0.04%,,,,,,,,,,
2019,05,20,1278.29,1278.95,1273.61,1277.63,30684.0,987.13,975.95,987.13,974.47,153.16K,1.09%,"23,400.0","23,407.5","23,437.5","23,390.0",0.01K,0.05%,,,,,,,,,,
2019,05,17,1286.54,1288.89,1274.72,1277.48,38861.0,976.48,977.85,980.04,974.91,135.09K,0.08%,"23,388.0","23,332.5","23,401.0","23,332.5",0.01K,0.38%,,,17610.0,0.0,0.0,16420.0,,20480.0,21590.0,
2019,05,16,1296.45,1298.72,1283.97,1286.31,36934.0,975.69,976.96,981.22,975.69,170.22K,0.01%,"23,300.0","23,342.5","23,343.5","23,277.5",0.02K,0.00%,,,,,,,,,,
2019,05,15,1297.04,1300.84,1292.99,1296.35,38680.0,975.64,967.95,977.65,967.95,188.85K,1.07%,"23,300.0","23,340.0","23,360.5","23,297.5",0.02K,-0.32%,,,,,,,,,,
2019,05,14,1300.59,1303.23,1293.65,1296.76,32675.0,965.34,952.13,965.34,952.13,158.18K,0.71%,"23,375.0","23,368.0","23,382.5","23,352.5",0.02K,0.21%,,,,,,,,,,
2019,05,13,1287.13,1301.19,1281.9,1299.79,44745.0,958.54,952.11,958.54,951.76,232.04K,0.63%,"23,325.0","23,350.0","23,375.0","23,305.0",0.02K,-0.09%,,,,,,,,,,
2019,05,10,1284.43,1289.37,1283.11,1285.66,48490.0,952.55,950.37,953.92,947.85,131.03K,0.58%,"23,345.0","23,395.0","23,397.5","23,342.5",0.01K,-0.15%,,,,,,,,,,
2019,05,09,1281.23,1288.17,1279.56,1283.4,46217.0,947.01,950.66,953.66,944.91,181.40K,-0.44%,"23,380.0","23,375.0","23,410.0","23,372.5",0.02K,0.06%,,,,,,,,,,
2019,05,08,1283.91,1291.44,1279.27,1280.49,42097.0,951.22,950.10,953.88,947.86,143.30K,-0.66%,"23,365.0","23,295.0","23,395.5","23,295.0",0.03K,0.32%,,,,,,,,,,
2019,05,07,1281.33,1286.03,1278.13,1284.28,39904.0,957.56,961.31,965.61,955.42,145.34K,-0.04%,"23,290.0","23,295.0","23,347.0","23,295.0",0.02K,0.04%,,,,,,,,,,
2019,05,06,1282.56,1285.77,1276.93,1280.2,39892.0,957.97,964.37,964.89,955.41,155.65K,-1.66%,"23,280.0","23,265.0","23,302.5","23,265.0",0.01K,0.13%,,,,,,,,,,
2019,05,03,1270.52,1282.52,1268.13,1278.97,39549.0,974.14,976.77,977.13,971.75,148.57K,-0.45%,"23,249.0","23,255.5","23,270.0","23,251.5",0.02K,-0.05%,,,,,,,,,,
2019,05,02,1277.06,1277.91,1266.2,1270.48,37990.0,978.50,978.81,979.93,975.51,152.16K,-0.12%,"23,260.0","23,265.0","23,266.0","23,252.0",0.02K,-0.11%,,,17690.0,0.0,0.0,16620.0,,20680.0,22190.0,
2019,05,01,1283.13,1287.23,1272.83,1276.48,42936.0,,,,,,,"23,285.0","23,285.0","23,285.0","23,285.0",,0.00%,,,,,,,,,,
2019,04,30,1279.91,1286.14,1279.85,1283.29,36375.0,,,,,,,"23,285.0","23,285.0","23,285.0","23,285.0",,0.00%,,,,,,,,,,
2019,04,29,1285.92,1286.65,1278.01,1279.49,30175.0,,,,,,,"23,285.0","23,285.0","23,285.0","23,285.0",,0.00%,,,,,,,,,,
2019,04,26,1277.33,1288.67,1274.15,1285.95,38920.0,979.64,972.86,979.64,970.73,118.54K,0.57%,"23,285.0","23,221.5","23,291.0","23,221.5",0.02K,0.30%,,,,,,,,,,
2019,04,25,1275.62,1282.53,1273.31,1277.18,34181.0,974.13,976.46,976.46,971.92,149.12K,-0.29%,"23,215.0","23,222.5","23,269.0","23,220.0",0.02K,0.00%,,,,,,,,,,
2019,04,24,1272.14,1278.49,1268.72,1275.5,32797.0,976.92,969.66,978.71,969.66,134.07K,0.92%,"23,215.0","23,222.5","23,226.0","23,214.0",0.02K,0.02%,,,,,,,,,,
2019,04,23,1275.25,1276.44,1266.21,1272.1,30666.0,968.00,964.84,970.98,964.35,154.89K,0.22%,"23,210.0","23,210.0","23,222.5","23,210.0",0.02K,-0.03%,,,,,,,,,,
2019,04,22,1275.72,1279.77,1273.74,1274.7,21624.0,965.86,963.78,966.69,959.33,216.34K,-0.04%,"23,218.0","23,206.0","23,219.0","23,206.0",0.02K,0.03%,,,,,,,,,,
2019,04,19,,,,,,966.21,968.27,971.73,965.46,106.98K,0.41%,"23,210.0","23,212.5","23,213.0","23,201.0",0.02K,0.03%,,,,,,,,,,
2019,04,18,1274.26,1277.65,1271.09,1275.47,31394.0,962.30,969.50,973.73,962.05,160.39K,-1.01%,"23,203.0","23,204.0","23,204.0","23,199.0",0.01K,0.02%,,,,,,,,,,
2019,04,17,1276.72,1279.71,1272.93,1273.76,32860.0,972.10,977.17,980.71,972.10,186.72K,-0.52%,"23,198.0","23,197.0","23,202.5","23,196.0",0.02K,0.00%,,,17380.0,0.0,0.0,16260.0,,19700.0,21230.0,
2019,04,16,1287.82,1288.72,1272.89,1276.69,37582.0,977.17,970.87,978.53,963.06,150.02K,-0.58%,"23,199.0","23,199.5","23,205.0","23,197.5",0.02K,0.00%,,,,,,,,,,
2019,04,15,1291.22,1291.89,1282.43,1287.57,30511.0,,,,,,,"23,199.0","23,199.0","23,199.0","23,199.0",,0.00%,,,,,,,,,,
2019,04,12,1292.42,1295.76,1290.01,1290.46,35036.0,982.90,984.66,984.69,980.26,153.83K,-0.31%,"23,199.0","23,200.5","23,201.0","23,195.0",0.02K,0.01%,,,,,,,,,,
2019,04,11,1308.05,1309.13,1289.53,1292.26,40410.0,985.95,984.46,985.95,981.06,129.48K,0.41%,"23,196.0","23,196.0","23,201.5","23,195.0",0.02K,-0.02%,,,,,,,,,,
2019,04,10,1304.36,1310.53,1300.9,1307.94,33655.0,981.91,984.79,987.27,976.83,159.91K,-0.66%,"23,200.0","23,201.0","23,201.5","23,196.5",0.02K,0.01%,,,,,,,,,,
2019,04,09,1297.78,1306.15,1296.55,1303.9,33090.0,988.48,999.89,"1,000.02",987.82,165.18K,-0.91%,"23,198.0","23,199.0","23,201.0","23,195.5",0.02K,0.00%,,,,,,,,,,
2019,04,08,1292.17,1303.66,1291.39,1297.49,23309.0,997.56,989.26,997.56,989.26,163.69K,0.84%,"23,199.0","23,197.0","23,203.0","23,197.0",0.04K,0.00%,,,,,,,,,,
2019,04,05,1292.74,1293.53,1284.35,1291.49,27455.0,989.26,986.91,990.38,986.39,189.29K,0.24%,"23,199.0","23,198.0","23,206.0","23,187.0",0.10K,0.00%,,,,,,,,,,
2019,04,04,1290.39,1294.35,1280.88,1292.38,27632.0,986.91,987.47,989.08,982.94,165.31K,0.25%,"23,198.0","23,200.0","23,203.0","23,197.0",0.02K,0.00%,,,,,,,,,,
2019,04,03,1292.19,1294.52,1288.34,1289.66,27327.0,984.46,984.74,985.26,980.30,216.94K,-0.14%,"23,199.0","23,199.5","23,201.5","23,197.0",0.02K,0.01%,,,,,,,,,,
2019,04,02,1287.35,1292.41,1285.24,1292.34,25835.0,985.81,994.87,996.41,985.48,236.02K,-0.28%,"23,197.0","23,201.0","23,202.0","23,196.5",0.03K,-0.01%,,,17080.0,0.0,0.0,15970.0,,18580.0,20030.0,
2019,04,01,1292.15,1296.97,1286.37,1287.3,35818.0,988.53,980.76,988.53,980.76,188.62K,0.79%,"23,199.0","23,197.0","23,204.0","23,197.0",0.02K,-0.02%,,,,,,,,,,
2019,03,29,1291.03,1299.71,1286.66,1292.16,36253.0,980.76,985.35,988.24,980.76,173.91K,-0.23%,"23,203.0","23,204.0","23,204.0","23,197.0",0.02K,0.01%,,,,,,,,,,
2019,03,28,1309.31,1312.24,1288.48,1289.87,40599.0,982.98,973.44,983.18,972.60,217.07K,0.72%,"23,200.0","23,199.0","23,203.5","23,198.0",0.02K,0.01%,,,,,,,,,,
2019,03,27,1316.56,1319.27,1308.02,1309.63,49515.0,975.91,976.67,979.32,972.25,159.94K,0.63%,"23,198.0","23,200.0","23,200.5","23,196.0",0.02K,0.00%,,,,,,,,,,
2019,03,26,1321.89,1323.21,1312.63,1315.1,33737.0,969.79,970.07,978.99,966.90,175.42K,-0.03%,"23,198.0","23,200.0","23,201.0","23,195.5",0.02K,0.00%,,,,,,,,,,
2019,03,25,1312.19,1324.49,1310.91,1322.01,36116.0,970.07,976.53,976.53,964.76,245.78K,-1.89%,"23,199.0","23,201.0","23,202.5","23,198.0",0.02K,0.00%,,,,,,,,,,
2019,03,22,1309.15,1314.92,1306.79,1313.07,42107.0,988.71,984.90,990.07,981.30,206.93K,0.71%,"23,199.0","23,201.5","23,203.5","23,198.5",0.02K,0.00%,,,,,,,,,,
2019,03,21,1314.15,1320.35,1303.16,1309.28,40550.0,981.78,"1,005.12","1,006.37",981.78,200.03K,-2.05%,"23,200.0","23,210.0","23,210.0","23,196.5",0.02K,-0.04%,,,,,,,,,,
2019,03,20,1306.63,1316.98,1298.57,1312.34,40670.0,"1,002.30","1,002.86","1,003.25",992.02,300.09K,-0.43%,"23,209.0","23,210.0","23,212.0","23,177.0",0.07K,0.00%,,,,,,,,,,
2019,03,19,1303.35,1310.87,1302.27,1306.41,32840.0,"1,006.59","1,013.75","1,014.51","1,004.22",236.59K,-0.52%,"23,208.0","23,208.0","23,221.0","23,199.0",0.13K,0.03%,,,,,,,,,,
2019,03,18,1302.24,1306.67,1298.13,1303.41,29029.0,"1,011.86","1,004.12","1,013.29","1,004.12",230.55K,0.77%,"23,202.0","23,201.0","23,209.0","23,199.0",0.02K,0.02%,,,15860.0,0.0,0.0,14880.0,,17210.0,18540.0,
2019,03,15,1296.09,1306.36,1293.93,1301.92,33130.0,"1,004.12","1,008.44","1,008.44","1,001.10",250.28K,-0.43%,"23,198.0","23,200.5","23,205.5","23,198.5",0.02K,0.00%,,,,,,,,,,
2019,03,14,1309.79,1310.31,1292.73,1296.08,33687.0,"1,008.44","1,006.37","1,011.39","1,002.09",224.54K,0.30%,"23,198.0","23,199.0","23,206.5","23,197.5",0.02K,0.00%,,,,,,,,,,
2019,03,13,1300.91,1311.19,1300.87,1309.1,31237.0,"1,005.41","1,003.75","1,009.77","1,003.01",229.38K,0.41%,"23,199.0","23,199.0","23,200.5","23,197.0",0.02K,0.00%,,,,,,,,,,
2019,03,12,1293.04,1302.19,1291.96,1301.15,31873.0,"1,001.32",991.14,"1,001.32",990.46,208.19K,1.70%,"23,198.0","23,199.5","23,200.5","23,197.5",0.02K,0.00%,,,,,,,,,,
2019,03,11,1296.85,1299.04,1290.42,1293.27,32454.0,984.60,982.94,987.11,981.34,178.66K,-0.07%,"23,198.0","23,196.0","23,201.5","23,196.0",0.02K,0.00%,,,,,,,,,,
2019,03,08,1284.52,1300.69,1284.41,1298.23,44398.0,985.25,987.89,991.98,984.48,202.51K,-0.88%,"23,199.0","23,199.0","23,201.0","23,196.0",0.02K,0.01%,,,,,,,,,,
2019,03,07,1286.52,1288.99,1280.77,1285.33,39802.0,994.03,995.65,"1,004.55",994.03,210.70K,-0.05%,"23,197.0","23,202.5","23,202.5","23,197.0",0.02K,-0.01%,,,,,,,,,,
2019,03,06,1287.23,1290.86,1283.49,1286.15,36348.0,994.49,993.01,994.49,985.51,250.93K,0.21%,"23,200.0","23,200.0","23,202.0","23,197.0",0.02K,0.01%,,,,,,,,,,
2019,03,05,1286.88,1289.55,1281.13,1287.38,37932.0,992.45,990.08,"1,000.25",987.92,297.44K,-0.15%,"23,198.0","23,200.5","23,202.0","23,197.0",0.01K,-0.01%,,,,,,,,,,
2019,03,04,1295.06,1296.96,1282.8,1286.46,40156.0,993.99,983.50,994.46,983.33,235.64K,1.47%,"23,200.0","23,199.0","23,202.5","23,196.0",0.02K,-0.01%,,,,,,,,,,
2019,03,01,1314.15,1315.17,1290.12,1293.42,44869.0,979.63,971.05,980.82,970.54,170.04K,1.47%,"23,202.0","23,198.5","23,204.0","23,180.0",0.06K,0.01%,,,,,,,,,,
2019,02,28,1319.99,1327.22,1312.55,1313.08,44328.0,965.47,989.84,990.25,965.47,224.81K,-2.50%,"23,199.0","23,197.5","23,216.0","23,170.0",0.20K,0.00%,,,,,,,,,,
2019,02,27,1329.03,1329.81,1316.57,1319.62,30898.0,990.27,989.61,994.46,988.09,258.93K,0.33%,"23,199.0","23,197.5","23,202.5","23,195.5",0.02K,0.00%,,,,,,,,,,
2019,02,26,1327.22,1330.15,1323.43,1328.69,37082.0,987.06,991.63,996.44,979.24,251.65K,-0.74%,"23,200.0","23,209.0","23,218.5","23,197.5",0.02K,-0.07%,,,,,,,,,,
2019,02,25,1327.47,1332.51,1325.07,1327.24,39118.0,994.43,996.06,999.90,992.72,227.74K,0.56%,"23,216.0","23,223.0","23,223.5","23,170.0",0.07K,0.03%,,,,,,,,,,
2019,02,22,1324.22,1333.05,1321.5,1327.56,42277.0,988.91,983.99,993.16,982.86,215.63K,0.14%,"23,209.0","23,211.0","23,257.0","23,180.0",0.20K,0.00%,,,,,,,,,,
2019,02,21,1339.03,1341.43,1320.88,1323.3,45926.0,987.57,972.82,987.57,970.31,178.58K,1.75%,"23,210.0","23,199.0","23,213.5","23,199.0",0.02K,0.05%,,,,,,,,,,
2019,02,20,1339.91,1346.66,1336.83,1338.2,44124.0,970.58,963.29,972.75,963.29,170.88K,0.65%,"23,198.0","23,198.0","23,202.5","23,193.5",0.02K,0.00%,,,,,,,,,,
2019,02,19,1326.23,1341.81,1322.81,1341.16,40578.0,964.35,962.84,971.92,962.81,231.96K,0.32%,"23,199.0","23,200.0","23,202.5","23,196.0",0.02K,0.00%,,,,,,,,,,
2019,02,18,1317.36,1327.61,1315.81,1326.06,24647.0,961.30,954.85,961.30,953.32,194.65K,1.09%,"23,199.0","23,199.5","23,225.0","23,179.5",0.02K,-0.01%,,,,,,,,,,
2019,02,15,1312.61,1322.57,1311.29,1321.26,39684.0,950.89,951.90,955.40,948.26,160.69K,-0.15%,"23,201.0","23,199.0","23,206.5","23,196.0",0.02K,0.00%,,,14900.0,0.0,0.0,14180.0,,16270.0,17600.0,
2019,02,14,1306.46,1314.31,1302.34,1312.21,42537.0,952.34,946.54,953.66,945.99,181.06K,0.75%,"23,201.0","23,202.5","23,204.0","23,196.5",0.01K,0.02%,,,,,,,,,,
2019,02,13,1311.12,1318.11,1304.94,1305.88,38150.0,945.25,937.61,945.25,937.34,215.28K,0.82%,"23,196.0","23,201.5","23,212.5","23,197.5",0.02K,-0.05%,,,,,,,,,,
2019,02,12,1307.39,1314.68,1306.45,1310.57,31972.0,937.54,930.37,938.64,926.98,188.42K,1.24%,"23,208.0","23,202.5","23,212.5","23,202.5",0.02K,-0.01%,,,,,,,,,,
2019,02,11,1313.14,1314.8,1303.59,1308.1,30756.0,926.10,916.21,926.10,916.07,124.64K,1.92%,"23,210.0","23,200.0","23,220.0","23,199.0",0.01K,0.04%,,,,,,,,,,
2019,02,08,1309.96,1315.6,1307.72,1313.95,28521.0,,,,,,,"23,200.0","23,200.0","23,200.0","23,200.0",,0.00%,,,,,,,,,,
2019,02,07,1307.41,1311.9,1302.73,1309.95,34320.0,,,,,,,"23,200.0","23,200.0","23,200.0","23,200.0",,0.00%,,,,,,,,,,
2019,02,06,1314.6,1315.74,1305.53,1306.33,28894.0,,,,,,,"23,200.0","23,200.0","23,200.0","23,200.0",,0.00%,,,,,,,,,,
2019,02,05,1311.76,1316.77,1310.66,1314.87,30404.0,,,,,,,"23,200.0","23,200.0","23,200.0","23,200.0",,0.00%,,,,,,,,,,
2019,02,04,1317.6,1317.89,1308.53,1311.96,32119.0,,,,,,,"23,200.0","23,200.0","23,200.0","23,200.0",,0.00%,,,,,,,,,,
2019,02,01,1320.95,1323.44,1316.06,1317.71,40010.0,908.67,911.98,912.81,907.52,140.80K,-0.22%,"23,200.0","23,196.5","23,215.0","23,187.5",0.01K,0.01%,,,,,,,,,,
2019,01,31,1320.3,1326.25,1317.36,1321.05,43609.0,910.65,919.12,920.36,910.38,138.05K,-0.57%,"23,198.0","23,201.5","23,202.5","23,197.0",0.01K,-0.02%,,,14900.0,0.0,0.0,14180.0,,16270.0,17600.0,
2019,01,30,1311.51,1323.37,1308.92,1319.59,44860.0,915.84,914.08,917.80,913.48,139.40K,-0.01%,"23,203.0","23,203.0","23,208.0","23,194.0",0.01K,0.03%,,,,,,,,,,
2019,01,29,1303.12,1311.94,1302.66,1311.66,36066.0,915.93,913.67,915.93,907.09,121.44K,0.41%,"23,196.0","23,198.5","23,199.5","23,192.0",0.02K,0.01%,,,,,,,,,,
2019,01,28,1302.27,1304.35,1297.56,1303.21,30687.0,912.18,912.53,913.43,908.90,133.32K,0.36%,"23,194.0","23,191.0","23,214.0","23,171.0",0.02K,0.01%,,,,,,,,,,
2019,01,25,1280.33,1303.91,1279.89,1302.79,39372.0,908.88,908.86,911.59,907.96,117.59K,0.01%,"23,192.0","23,198.5","23,200.0","23,190.0",0.01K,-0.02%,,,,,,,,,,
2019,01,24,1282.78,1284.71,1276.7,1280.75,33915.0,908.79,908.56,910.59,906.59,110.29K,0.07%,"23,196.0","23,201.0","23,201.0","23,195.0",0.02K,0.00%,,,,,,,,,,
2019,01,23,1284.9,1286.47,1278.59,1282.42,29596.0,908.18,905.73,910.12,905.12,129.14K,0.18%,"23,196.0","23,198.0","23,200.5","23,196.0",0.01K,-0.01%,,,,,,,,,,
2019,01,22,1280.14,1285.41,1277.35,1284.97,33935.0,906.55,912.73,913.37,906.55,152.16K,-0.49%,"23,198.0","23,199.0","23,202.3","23,196.5",0.02K,0.00%,,,,,,,,,,
2019,01,21,1282.53,1283.47,1276.76,1280.03,22469.0,911.05,905.25,911.74,903.09,165.63K,0.97%,"23,198.0","23,197.0","23,202.5","23,196.0",0.02K,0.00%,,,,,,,,,,
2019,01,18,1292.24,1292.4,1280.56,1281.18,36426.0,902.30,902.70,906.35,900.64,140.75K,0.05%,"23,197.0","23,202.5","23,203.3","23,196.5",0.01K,0.00%,,,,,,,,,,
2019,01,17,1293.7,1295.33,1288.67,1291.78,37454.0,901.89,908.48,909.06,901.89,133.89K,-0.75%,"23,198.0","23,199.5","23,203.5","23,196.5",0.02K,0.00%,,,,,,,,,,
2019,01,16,1289.58,1294.95,1287.78,1293.62,37703.0,908.70,911.32,912.48,906.39,164.29K,-0.11%,"23,198.0","23,202.5","23,203.5","23,196.0",0.02K,-0.02%,,,14900.0,0.0,0.0,14180.0,,16270.0,17600.0,
2019,01,15,1292.4,1294.59,1286.71,1288.92,42365.0,909.68,901.21,909.68,898.92,127.19K,0.87%,"23,203.0","23,202.0","23,204.0","23,197.0",0.00K,0.02%,,,,,,,,,,
2019,01,14,1288.04,1295.79,1287.77,1291.37,37149.0,901.80,903.83,903.83,897.18,143.85K,-0.10%,"23,199.0","23,197.0","23,202.5","23,196.0",0.00K,0.00%,,,,,,,,,,
2019,01,11,1286.75,1295.12,1286.72,1287.39,37019.0,902.71,899.10,904.37,899.10,131.41K,0.49%,"23,198.0","23,199.0","23,201.0","23,193.5",0.02K,0.01%,,,,,,,,,,
2019,01,10,1292.98,1297.03,1286.03,1286.1,42686.0,898.30,897.85,899.47,895.17,130.59K,0.15%,"23,196.0","23,198.5","23,201.0","23,193.0",0.01K,-0.01%,,,,,,,,,,
2019,01,09,1284.62,1293.9,1280.01,1292.93,50186.0,896.99,890.26,897.25,888.61,160.51K,1.08%,"23,198.0","23,199.5","23,201.0","23,194.5",0.02K,0.00%,,,,,,,,,,
2019,01,08,1289.16,1290.18,1279.31,1285.04,43237.0,887.44,891.37,891.87,883.67,112.83K,-0.25%,"23,198.0","23,200.5","23,200.5","23,193.5",0.02K,0.00%,,,,,,,,,,
2019,01,07,1285.34,1295.03,1282.56,1288.72,46553.0,889.64,890.47,896.63,885.30,127.55K,0.99%,"23,198.0","23,198.5","23,204.0","23,192.5",0.02K,0.00%,,,,,,,,,,
2019,01,04,1293.66,1298.52,1276.54,1284.53,61565.0,880.90,872.69,881.48,861.85,136.57K,0.31%,"23,198.0","23,199.0","23,202.5","23,194.0",0.02K,-0.01%,,,,,,,,,,
2019,01,03,1287.68,1294.96,1284.5,1293.97,57318.0,878.22,889.78,892.21,872.12,156.58K,-1.52%,"23,200.0","23,202.5","23,206.5","23,192.5",0.02K,-0.02%,,,,,,,,,,
2019,01,02,1282.21,1288.7,1278.64,1284.6,39271.0,891.75,900.10,900.10,891.10,111.52K,-0.09%,"23,205.0","23,193.5","23,210.0","23,192.5",0.02K,0.06%,,,,,,,,,,
2019,01,01,,,,,,,,,,,,"23,190.0","23,190.0","23,190.0","23,190.0",,0.00%,,14950.0,14900.0,0.0,0.0,14180.0,,16270.0,17600.0,17800.0
2018,12,31,1279.92,1284.02,1277.38,1279.48,29631.0,,,,,,,"23,190.0","23,190.0","23,190.0","23,190.0",,0.00%,,,,,,,,,,
2018,12,28,1275.35,1282.1,1274.2,1280.59,44994.0,892.54,903.79,903.79,892.54,175.94K,-0.92%,"23,190.0","23,190.0","23,232.5","23,185.0",,-0.17%,,,,,,,,,,
2018,12,27,1266.65,1278.92,1265.51,1275.5,51120.0,900.81,904.80,906.63,900.81,151.69K,1.02%,"23,230.0","23,287.5","23,287.5","23,220.0",,-0.13%,,,,,,,,,,
2018,12,26,1272.38,1279.05,1264.46,1266.78,40974.0,891.75,896.63,899.49,890.86,139.07K,-0.69%,"23,260.0","23,287.5","23,287.5","23,262.5",,-0.07%,,,,,,,,,,
2018,12,25,,,,,,897.94,893.71,897.94,882.17,250.43K,-1.17%,"23,277.0","23,281.0","23,282.5","23,275.0",,0.00%,,,,,,,,,,
2018,12,24,1258.48,1269.75,1257.89,1268.3,35322.0,908.56,910.86,916.41,908.56,158.97K,-0.41%,"23,278.0","23,281.0","23,290.0","23,279.0",,-0.02%,,,,,,,,,,
2018,12,21,1260.51,1262.7,1253.85,1255.38,49285.0,912.26,911.57,915.02,907.88,199.11K,-0.65%,"23,282.0","23,297.5","23,297.5","23,278.0",,-0.08%,,16050.0,16000.0,0.0,0.0,15000.0,,16780.0,18140.0,18340.0
2018,12,20,1244.23,1266.43,1242.68,1259.69,61651.0,918.24,915.50,921.79,914.18,146.89K,-0.11%,"23,300.0","23,305.0","23,326.5","23,291.0",,-0.03%,,,,,,,,,,
2018,12,19,1249.78,1257.99,1241.61,1242.98,77529.0,919.24,926.35,927.03,914.55,186.09K,-0.86%,"23,307.0","23,308.0","23,316.5","23,303.5",,-0.05%,,,,,,,,,,
2018,12,18,1245.69,1250.33,1244.97,1249.37,57195.0,927.25,933.65,933.65,917.03,175.72K,-0.69%,"23,318.0","23,327.5","23,334.0","23,294.0",,0.00%,,,,,,,,,,
2018,12,17,1237.33,1248.06,1235.47,1245.8,45136.0,933.65,948.09,948.09,933.65,255.17K,-1.93%,"23,318.0","23,285.0","23,328.0","23,285.0",,0.13%,,,,,,,,,,
2018,12,14,1241.71,1242.95,1232.89,1238.0,64452.0,952.04,958.78,960.09,951.04,200.32K,-0.85%,"23,287.0","23,294.0","23,294.0","23,282.0",,0.01%,,,,,,,,,,
2018,12,13,1245.73,1246.68,1240.05,1242.0,62080.0,960.25,961.28,966.83,960.10,171.86K,-0.11%,"23,285.0","23,290.0","23,303.5","23,282.5",,-0.06%,,,,,,,,,,
2018,12,12,1243.15,1247.19,1241.93,1245.39,59387.0,961.28,956.32,961.28,956.00,222.07K,0.70%,"23,300.0","23,304.0","23,320.0","23,290.5",,0.00%,,,,,,,,,,
2018,12,11,1244.78,1249.46,1240.96,1242.83,75476.0,954.58,955.93,957.97,949.34,180.82K,-0.14%,"23,300.0","23,304.0","23,328.0","23,297.5",,-0.02%,,,,,,,,,,
2018,12,10,1250.4,1250.49,1241.55,1244.09,70502.0,955.89,955.06,958.25,951.50,213.52K,-0.28%,"23,305.0","23,317.0","23,347.5","23,297.5",,-0.02%,,,,,,,,,,
2018,12,07,1237.72,1249.98,1237.24,1248.41,61676.0,958.59,956.49,962.39,955.96,190.46K,0.39%,"23,310.0","23,327.5","23,328.0","23,312.5",,-0.09%,,,,,,,,,,
2018,12,06,1237.26,1244.29,1234.68,1237.76,76720.0,954.82,957.14,959.59,948.44,179.14K,-0.24%,"23,332.0","23,322.5","23,344.5","23,302.5",,0.11%,,16300.0,16250.0,0.0,0.0,15250.0,,17180.0,18450.0,18650.0
2018,12,05,1238.54,1239.2,1233.25,1237.06,29802.0,957.14,950.34,960.87,946.97,212.46K,-0.18%,"23,306.0","23,301.5","23,308.0","23,293.5",,0.10%,,,,,,,,,,
2018,12,04,1230.67,1241.89,1230.38,1238.54,65890.0,958.84,952.97,960.44,950.89,227.42K,0.76%,"23,283.0","23,347.5","23,347.5","23,284.0",,-0.07%,,,,,,,,,,
2018,12,03,1222.91,1234.86,1221.25,1230.84,60510.0,951.59,937.70,951.59,937.10,209.83K,2.70%,"23,300.0","23,313.5","23,317.0","23,296.0",,-0.06%,,,,,,,,,,
2018,11,30,1224.08,1225.49,1216.62,1221.96,52149.0,926.54,924.49,928.92,921.08,158.59K,-0.03%,"23,315.0","23,347.5","23,347.5","23,312.5",,-0.05%,,,,,,,,,,
2018,11,29,1220.51,1228.91,1220.42,1224.03,60007.0,926.79,934.88,937.75,926.79,131.82K,-0.37%,"23,327.0","23,347.5","23,347.5","23,326.5",,-0.03%,,,,,,,,,,
2018,11,28,1214.92,1226.65,1211.15,1221.06,51784.0,930.20,923.12,930.20,922.03,136.36K,0.77%,"23,335.0","23,347.5","23,347.5","23,332.0",,-0.04%,,,,,,,,,,
2018,11,27,1222.38,1225.21,1211.82,1214.47,50906.0,923.12,925.12,930.37,921.26,152.64K,0.23%,"23,345.0","23,347.5","23,348.5","23,332.5",,0.02%,,,,,,,,,,
2018,11,26,1223.38,1228.07,1221.65,1222.15,47348.0,921.03,915.67,921.96,914.43,118.73K,0.33%,"23,340.0","23,346.0","23,360.0","23,312.5",,-0.09%,,,,,,,,,,
2018,11,23,1226.98,1228.49,1219.88,1222.51,43894.0,917.97,923.91,925.84,916.87,137.97K,-0.70%,"23,360.0","23,317.5","23,362.5","23,317.5",,0.06%,,,,,,,,,,
2018,11,22,1225.42,1229.06,1224.81,1226.96,34363.0,924.42,924.93,926.15,922.02,155.62K,0.20%,"23,345.0","23,352.5","23,354.0","23,347.5",,-0.03%,,,,,,,,,,
2018,11,21,1221.85,1230.03,1219.65,1225.82,51457.0,922.56,909.83,922.56,907.47,152.76K,0.39%,"23,352.0","23,317.5","23,353.5","23,317.5",,0.07%,,17680.0,17630.0,0.0,0.0,16240.0,,18620.0,19970.0,20170.0
2018,11,20,1223.83,1228.7,1219.93,1221.52,66031.0,919.02,909.76,919.02,909.76,159.14K,0.32%,"23,336.0","23,324.0","23,347.5","23,324.0",,0.11%,,,,,,,,,,
2018,11,19,1221.94,1225.16,1217.97,1223.85,50688.0,916.06,902.65,916.06,900.61,149.94K,1.99%,"23,310.0","23,311.5","23,347.5","23,304.5",,0.02%,,,,,,,,,,
2018,11,16,1213.25,1225.23,1213.1,1221.2,59300.0,898.19,901.44,903.21,894.14,160.63K,0.12%,"23,306.0","23,311.5","23,312.5","23,301.5",,-0.01%,,,,,,,,,,
2018,11,15,1210.99,1216.42,1207.66,1212.69,68387.0,897.15,901.13,903.83,892.50,166.09K,-0.42%,"23,308.0","23,315.5","23,347.5","23,302.5",,-0.03%,,,,,,,,,,
2018,11,14,1202.63,1216.49,1197.64,1210.54,76536.0,900.93,904.16,910.58,898.83,142.27K,-0.49%,"23,315.0","23,305.5","23,317.5","23,302.5",,0.03%,,,,,,,,,,
2018,11,13,1201.1,1205.11,1196.21,1201.99,59864.0,905.38,904.35,910.20,903.48,170.03K,-1.39%,"23,308.0","23,310.5","23,313.0","23,302.5",,0.03%,,,,,,,,,,
2018,11,12,1209.41,1211.39,1200.16,1200.16,51033.0,918.12,909.36,918.99,903.95,125.02K,0.42%,"23,300.0","23,314.0","23,325.0","23,280.0",,0.04%,,,,,,,,,,
2018,11,09,1223.25,1223.44,1206.65,1209.32,58787.0,914.29,921.11,925.31,914.29,149.09K,-1.29%,"23,290.0","23,312.5","23,326.0","23,295.0",,-0.12%,,,,,,,,,,
2018,11,08,1226.39,1227.03,1219.98,1223.37,56146.0,926.28,928.69,932.86,925.54,145.78K,0.45%,"23,318.0","23,317.5","23,328.0","23,312.5",,-0.03%,,,,,,,,,,
2018,11,07,1227.19,1236.43,1222.93,1226.36,86968.0,922.16,922.03,924.60,915.41,143.11K,0.01%,"23,326.0","23,322.5","23,333.0","23,311.5",,0.00%,,,,,,,,,,
2018,11,06,1231.31,1235.89,1223.44,1227.03,57608.0,922.05,931.00,931.27,921.93,139.12K,-0.38%,"23,325.0","23,312.5","23,328.5","23,312.5",,0.06%,,18590.0,18540.0,0.0,0.0,17080.0,,19600.0,21060.0,21260.0
2018,11,05,1233.14,1235.1,1226.82,1231.36,51254.0,925.53,920.87,925.53,915.77,136.55K,0.07%,"23,310.0","23,325.5","23,332.5","23,306.0",,-0.09%,,,,,,,,,,
2018,11,02,1234.29,1236.37,1229.67,1232.75,70496.0,924.86,911.35,927.62,910.40,222.36K,1.86%,"23,330.0","23,332.5","23,347.5","23,317.5",,-0.06%,,,,,,,,,,
2018,11,01,1215.3,1237.33,1215.26,1233.04,66877.0,907.96,915.52,918.84,905.73,182.19K,-0.74%,"23,345.0","23,345.5","23,349.0","23,334.5",,0.01%,,,,,,,,,,
2018,10,31,1222.4,1222.96,1211.93,1214.48,58086.0,914.76,894.23,914.76,894.23,216.19K,2.93%,"23,343.0","23,347.5","23,348.5","23,342.5",,0.00%,,,,,,,,,,
2018,10,30,1229.55,1230.53,1219.8,1222.97,52328.0,888.69,881.32,894.80,880.85,133.32K,-0.01%,"23,343.0","23,342.5","23,348.5","23,331.5",,0.00%,,,,,,,,,,
2018,10,29,1232.96,1235.34,1224.25,1229.47,68326.0,888.82,895.05,897.84,884.92,139.99K,-1.33%,"23,343.0","23,350.0","23,353.0","23,345.5",,-0.05%,,,,,,,,,,
2018,10,26,1232.08,1243.36,1229.98,1233.53,84231.0,900.82,918.11,918.16,900.82,157.34K,-1.03%,"23,355.0","23,352.5","23,357.0","23,348.5",,0.02%,,,,,,,,,,
2018,10,25,1233.92,1239.14,1228.05,1231.86,58668.0,910.17,902.59,912.07,885.34,177.77K,-1.36%,"23,350.0","23,351.5","23,355.0","23,347.0",,0.01%,,,,,,,,,,
2018,10,24,1230.87,1233.57,1225.55,1233.33,59709.0,922.73,935.25,939.06,922.73,149.35K,-1.80%,"23,348.0","23,350.5","23,352.5","23,345.0",,0.00%,,,,,,,,,,
2018,10,23,1222.05,1239.71,1221.65,1230.34,57126.0,939.68,950.12,950.42,925.29,202.94K,-1.45%,"23,348.0","23,347.5","23,352.5","23,346.0",,0.00%,,,,,,,,,,
2018,10,22,1228.0,1229.51,1219.97,1221.86,50370.0,953.51,958.36,963.79,953.51,147.53K,-0.51%,"23,348.0","23,351.5","23,352.0","23,345.0",,-0.01%,,18660.0,18610.0,0.0,0.0,17080.0,,20680.0,22200.0,22400.0
2018,10,19,1225.47,1230.75,1223.02,1226.38,59969.0,958.36,949.94,959.63,945.83,153.57K,-0.53%,"23,351.0","23,349.5","23,353.0","23,345.5",,0.02%,,,,,,,,,,
2018,10,18,1221.96,1230.1,1218.63,1225.75,61042.0,963.47,968.93,970.75,962.68,145.46K,-0.84%,"23,347.0","23,347.5","23,349.0","23,343.0",,0.02%,,,,,,,,,,
2018,10,17,1224.87,1229.43,1220.53,1222.21,53881.0,971.60,973.14,975.27,969.06,152.27K,0.85%,"23,342.0","23,342.5","23,346.5","23,311.5",,0.02%,,,,,,,,,,
2018,10,16,1227.19,1232.36,1223.4,1224.42,58611.0,963.37,950.36,963.69,950.36,149.13K,1.23%,"23,338.0","23,337.5","23,342.5","23,333.0",,0.03%,,,,,,,,,,
2018,10,15,1217.78,1233.22,1217.74,1226.81,62824.0,951.64,968.80,969.36,951.64,144.31K,-1.90%,"23,330.0","23,353.0","23,353.0","23,332.5",,-0.06%,,,,,,,,,,
2018,10,12,1223.21,1223.67,1215.8,1217.76,63032.0,970.08,939.20,970.08,933.35,228.89K,2.56%,"23,343.0","23,345.5","23,348.0","23,342.5",,-0.01%,,,,,,,,,,
2018,10,11,1194.18,1226.3,1191.22,1224.82,84466.0,945.89,972.21,972.21,938.83,353.53K,-4.84%,"23,345.0","23,342.5","23,357.5","23,342.5",,-0.02%,,,,,,,,,,
2018,10,10,1189.46,1194.75,1185.25,1194.03,60583.0,993.96,998.66,999.62,991.22,191.36K,-0.22%,"23,350.0","23,355.5","23,356.5","23,348.0",,-0.02%,,,,,,,,,,
2018,10,09,1188.2,1191.81,1183.16,1189.48,60546.0,996.19,998.70,"1,001.87",996.19,202.59K,0.01%,"23,355.0","23,357.5","23,358.5","23,347.5",,0.02%,,,,,,,,,,
2018,10,08,1203.18,1204.04,1183.33,1187.96,37667.0,996.12,"1,003.31","1,006.13",996.12,205.52K,-1.22%,"23,350.0","23,347.5","23,354.0","23,311.5",,0.09%,,,,,,,,,,
2018,10,05,1199.65,1205.76,1197.2,1202.75,72912.0,"1,008.39","1,020.21","1,020.77","1,008.39",294.15K,-1.49%,"23,330.0","23,352.5","23,352.5","23,331.5",,-0.08%,,,,,,,,,,
2018,10,04,1197.97,1206.74,1195.95,1199.72,70104.0,"1,023.62","1,024.68","1,024.68","1,020.40",196.62K,0.32%,"23,348.0","23,347.5","23,351.5","23,343.5",,0.03%,,,,,,,,,,
2018,10,03,1203.98,1208.25,1196.43,1196.85,61515.0,"1,020.40","1,021.08","1,024.59","1,016.47",174.39K,0.16%,"23,340.0","23,342.5","23,342.5","23,311.5",,0.06%,,,,,,,,,,
2018,10,02,1188.81,1208.19,1188.67,1202.74,69784.0,"1,018.79","1,014.26","1,021.51","1,013.11",358.39K,0.58%,"23,325.0","23,332.5","23,335.5","23,322.0",,-0.02%,,,,,,,,,,
2018,10,01,1191.89,1192.15,1184.51,1188.66,52576.0,"1,012.88","1,019.49","1,023.87","1,012.88",247.86K,-0.42%,"23,330.0","23,324.0","23,345.5","23,323.0",,0.02%,,,,,,,,,,
2018,09,28,1183.34,1193.94,1180.66,1191.51,64208.0,"1,017.13","1,019.34","1,020.84","1,015.40",247.22K,0.17%,"23,325.0","23,335.0","23,345.5","23,322.5",,-0.09%,,,,,,,,,,
2018,09,27,1194.83,1198.52,1181.84,1182.52,62745.0,"1,015.37","1,012.57","1,017.78","1,010.49",207.78K,0.57%,"23,345.0","23,346.0","23,348.0","23,342.5",,-0.01%,,,,,,,,,,
2018,09,26,1201.33,1202.44,1190.47,1194.22,87291.0,"1,009.61","1,008.93","1,014.86","1,007.44",261.51K,-0.11%,"23,348.0","23,350.5","23,350.5","23,341.0",,0.01%,,,,,,,,,,
2018,09,25,1198.93,1203.34,1197.01,1201.06,55189.0,"1,010.74","1,011.94","1,014.53","1,008.67",231.99K,-0.05%,"23,345.0","23,342.5","23,346.5","23,342.5",,0.03%,,,,,,,,,,
2018,09,24,1198.88,1204.12,1194.36,1198.66,52248.0,"1,011.29","1,007.52","1,011.29","1,007.45",186.72K,0.83%,"23,337.0","23,337.5","23,341.0","23,334.0",,0.02%,,,,,,,,,,
2018,09,21,1206.75,1211.03,1191.78,1199.1,70594.0,"1,002.97","1,006.25","1,009.10","1,000.39",302.45K,-0.18%,"23,332.0","23,327.5","23,341.5","23,327.5",,0.05%,,18170.0,18120.0,0.0,0.0,16680.0,,20230.0,21770.0,21970.0
2018,09,20,1203.81,1208.4,1201.23,1207.07,69611.0,"1,004.74",995.54,"1,004.74",995.54,204.56K,0.92%,"23,320.0","23,305.0","23,330.5","23,296.5",,0.06%,,,,,,,,,,
2018,09,19,1197.95,1206.16,1197.92,1203.68,69378.0,995.54,998.65,"1,001.83",994.50,244.42K,0.21%,"23,305.0","23,296.5","23,314.0","23,282.5",,0.11%,,,,,,,,,,
2018,09,18,1201.38,1203.48,1195.82,1198.04,80695.0,993.49,983.43,993.49,981.89,197.39K,0.60%,"23,280.0","23,302.5","23,317.5","23,278.5",,-0.04%,,,,,,,,,,
2018,09,17,1193.67,1204.77,1192.75,1200.93,61098.0,987.61,990.65,993.83,987.02,164.61K,-0.38%,"23,289.0","23,247.5","23,291.5","23,247.5",,0.18%,,,,,,,,,,
2018,09,14,1201.63,1208.52,1192.84,1193.43,74488.0,991.34,987.95,995.55,987.95,178.48K,0.34%,"23,247.0","23,260.5","23,277.5","23,238.5",,-0.12%,,,,,,,,,,
2018,09,13,1206.47,1212.6,1200.07,1201.26,74782.0,987.95,987.48,992.96,984.92,172.90K,0.10%,"23,276.0","23,276.0","23,280.5","23,272.5",,-0.02%,,,,,,,,,,
2018,09,12,1197.99,1208.43,1192.63,1206.06,67159.0,987.01,990.00,994.83,987.01,184.15K,0.20%,"23,280.0","23,282.5","23,287.5","23,281.0",,-0.01%,,,,,,,,,,
2018,09,11,1195.46,1199.32,1187.66,1198.37,64425.0,985.06,968.41,985.06,967.92,192.82K,1.52%,"23,283.0","23,287.5","23,312.5","23,273.5",,-0.08%,,,,,,,,,,
2018,09,10,1196.35,1198.49,1191.44,1195.57,60154.0,970.34,969.74,974.59,968.19,190.67K,0.15%,"23,302.0","23,310.5","23,312.5","23,295.5",,0.00%,,,,,,,,,,
2018,09,07,1200.33,1203.48,1193.41,1195.83,79092.0,968.90,955.50,969.34,955.50,169.77K,1.12%,"23,302.0","23,311.5","23,313.0","23,302.0",,-0.05%,,,,,,,,,,
2018,09,06,1197.13,1206.95,1195.74,1199.97,88985.0,958.19,968.37,970.84,957.99,160.38K,-1.06%,"23,314.0","23,312.5","23,317.0","23,307.5",,0.00%,,18110.0,18060.0,0.0,0.0,16550.0,,19910.0,21470.0,21670.0
2018,09,05,1191.72,1198.37,1190.79,1196.48,65696.0,968.44,975.05,978.78,964.80,181.15K,-0.77%,"23,313.0","23,316.5","23,332.5","23,285.0",,0.00%,,,,,,,,,,
2018,09,04,1200.67,1201.93,1189.56,1191.03,76229.0,975.94,990.79,992.18,975.94,185.94K,-1.37%,"23,312.0","23,302.5","23,317.0","23,296.5",,0.04%,,,,,,,,,,
2018,09,03,1200.68,1203.84,1195.6,1201.25,59262.0,,,,,,,"23,303.0","23,303.0","23,303.0","23,303.0",,0.00%,,,,,,,,,,
2018,08,31,1200.0,1208.77,1198.21,1200.78,75806.0,989.54,998.55,"1,003.06",989.54,186.55K,-0.85%,"23,303.0","23,304.0","23,306.5","23,293.5",,0.00%,,,,,,,,,,
2018,08,30,1206.91,1207.81,1196.17,1199.61,60868.0,998.07,987.62,998.07,983.43,186.70K,1.00%,"23,302.0","23,302.5","23,307.5","23,296.5",,0.01%,,,,,,,,,,
2018,08,29,1201.47,1207.26,1201.29,1206.53,58304.0,988.17,995.05,995.05,987.47,176.89K,-0.71%,"23,300.0","23,295.0","23,312.5","23,292.0",,0.02%,,,,,,,,,,
2018,08,28,1210.81,1214.21,1199.53,1200.96,64378.0,995.19,991.92,995.29,989.81,176.27K,0.33%,"23,295.0","23,285.0","23,297.5","23,270.0",,0.01%,,,,,,,,,,
2018,08,27,1207.2,1212.33,1203.11,1211.07,48250.0,991.92,990.19,994.54,990.03,189.51K,0.49%,"23,293.0","23,305.0","23,305.0","23,287.5",,-0.03%,,,,,,,,,,
2018,08,24,1185.3,1208.49,1183.18,1205.88,68650.0,987.05,985.49,989.21,982.88,180.07K,-0.03%,"23,300.0","23,305.0","23,307.0","23,282.5",,0.08%,,,,,,,,,,
2018,08,23,1195.89,1196.54,1183.8,1185.27,64778.0,987.36,984.12,989.45,982.48,146.85K,0.53%,"23,281.0","23,279.0","23,283.0","23,270.0",,0.03%,,,,,,,,,,
2018,08,22,1196.05,1201.52,1192.54,1195.42,68635.0,982.15,979.21,986.36,979.21,204.11K,0.30%,"23,274.0","23,277.5","23,283.5","23,263.5",,0.03%,,17730.0,17680.0,0.0,0.0,16260.0,,19610.0,21170.0,21370.0
2018,08,21,1190.37,1196.91,1187.65,1196.12,69290.0,979.21,968.46,979.21,968.45,200.58K,0.99%,"23,268.0","23,267.5","23,275.0","23,259.0",,-0.02%,,,,,,,,,,
2018,08,20,1183.46,1190.79,1182.6,1190.36,53212.0,969.62,970.81,973.57,966.46,180.83K,0.08%,"23,272.0","23,274.0","23,320.0","23,250.0",,-0.09%,,,,,,,,,,
2018,08,17,1173.69,1185.0,1171.79,1184.17,64952.0,968.88,971.40,975.52,968.88,151.07K,0.48%,"23,293.0","23,315.5","23,315.5","23,286.5",,-0.08%,,,,,,,,,,
2018,08,16,1175.55,1182.02,1160.07,1173.93,93034.0,964.28,952.83,964.28,947.09,174.03K,0.30%,"23,312.0","23,315.5","23,317.5","23,311.5",,0.01%,,,,,,,,,,
2018,08,15,1194.26,1194.66,1173.07,1174.65,77457.0,961.37,980.45,982.00,961.37,188.94K,-1.73%,"23,310.0","23,313.0","23,317.5","23,311.5",,-0.02%,,,,,,,,,,
2018,08,14,1194.01,1198.67,1191.99,1193.93,62151.0,978.27,979.66,981.42,974.47,177.30K,0.02%,"23,314.0","23,317.0","23,320.5","23,311.0",,0.02%,,,,,,,,,,
2018,08,13,1212.51,1213.8,1191.6,1193.64,90397.0,978.04,966.46,978.04,963.41,213.22K,0.99%,"23,310.0","23,315.0","23,315.0","23,312.5",,0.15%,,,,,,,,,,
2018,08,10,1212.55,1217.09,1205.7,1211.38,118308.0,968.47,962.03,968.47,955.04,185.25K,0.52%,"23,275.0","23,278.0","23,281.0","23,271.0",,0.00%,,,,,,,,,,
2018,08,09,1213.62,1217.31,1210.72,1212.16,86720.0,963.50,968.57,972.52,963.50,167.64K,-0.29%,"23,275.0","23,280.0","23,286.5","23,277.0",,-0.03%,,,,,,,,,,
2018,08,08,1211.01,1215.82,1206.35,1213.38,76836.0,966.27,958.31,966.27,958.31,155.17K,0.99%,"23,282.0","23,301.0","23,302.5","23,281.5",,-0.09%,,,,,,,,,,
2018,08,07,1208.09,1216.1,1207.65,1210.58,74625.0,956.79,957.70,962.02,953.71,162.14K,-0.36%,"23,302.0","23,310.0","23,312.5","23,302.0",,-0.02%,,,,,,,,,,
2018,08,06,1213.61,1217.85,1206.48,1207.1,73276.0,960.23,960.12,962.99,955.42,229.66K,0.07%,"23,306.0","23,310.5","23,312.5","23,307.0",,0.01%,,,,,,,,,,
2018,08,03,1208.68,1219.98,1204.4,1213.14,97927.0,959.60,957.92,966.10,955.13,197.53K,0.63%,"23,304.0","23,280.5","23,307.5","23,280.5",,0.10%,,,,,,,,,,
2018,08,02,1216.52,1221.05,1206.97,1207.72,94108.0,953.55,952.75,953.55,942.39,212.46K,0.08%,"23,280.0","23,274.0","23,285.0","23,272.5",,-0.04%,,,,,,,,,,
2018,08,01,1224.13,1224.76,1215.69,1216.05,90587.0,952.77,957.35,960.05,949.89,202.12K,-0.38%,"23,290.0","23,291.5","23,293.0","23,282.0",,0.04%,,,,,,,,,,
2018,07,31,1221.54,1228.53,1213.93,1223.94,101931.0,956.39,948.56,959.07,947.32,242.40K,0.70%,"23,280.0","23,285.0","23,285.0","23,277.5",,0.11%,,,,,,,,,,
2018,07,30,1223.34,1225.03,1218.96,1221.28,66142.0,949.73,940.76,949.73,937.69,193.34K,1.52%,"23,255.0","23,259.5","23,262.5","23,250.0",,0.11%,,,,,,,,,,
2018,07,27,1223.57,1227.32,1217.51,1222.81,93949.0,935.52,931.90,937.23,928.82,179.26K,0.58%,"23,230.0","23,217.5","23,232.5","23,217.5",,0.24%,,,,,,,,,,
2018,07,26,1231.46,1235.18,1222.29,1222.84,98718.0,930.16,928.96,930.32,920.99,195.48K,0.28%,"23,175.0","23,180.0","23,185.0","23,175.0",,-0.17%,,,,,,,,,,
2018,07,25,1224.42,1234.14,1223.16,1231.57,115501.0,927.58,936.57,938.33,927.58,232.72K,-0.70%,"23,215.0","23,251.0","23,251.0","23,215.0",,-0.14%,,,,,,,,,,
2018,07,24,1224.75,1229.45,1218.1,1224.45,111426.0,934.08,933.22,939.07,926.30,203.90K,-0.28%,"23,248.0","23,250.0","23,255.0","23,249.5",,0.12%,,,,,,,,,,
2018,07,23,1230.39,1235.15,1222.19,1224.42,106685.0,936.74,931.52,949.14,930.25,208.56K,0.36%,"23,220.0","23,205.0","23,225.0","23,205.0",,0.72%,,,,,,,,,,
2018,07,20,1223.75,1232.22,1215.63,1231.59,123272.0,933.39,938.83,941.94,930.26,204.00K,-1.12%,"23,053.0","23,056.5","23,057.5","23,049.5",,0.01%,,,,,,,,,,
2018,07,19,1226.98,1228.98,1211.45,1222.86,110244.0,943.97,942.39,947.07,939.58,199.21K,0.17%,"23,050.0","23,050.5","23,053.5","23,049.0",,0.00%,,,,,,,,,,
2018,07,18,1227.67,1229.1,1220.98,1227.5,83684.0,942.39,926.14,942.39,926.14,223.94K,2.29%,"23,049.0","23,050.0","23,052.5","23,048.5",,0.00%,,,,,,,,,,
2018,07,17,1240.73,1244.94,1226.02,1227.28,94259.0,921.27,905.32,921.27,902.02,155.86K,1.12%,"23,050.0","23,049.5","23,052.5","23,046.5",,0.00%,,,,,,,,,,
2018,07,16,1241.27,1245.51,1238.28,1240.8,84962.0,911.11,914.22,917.63,905.27,136.24K,0.15%,"23,050.0","23,050.0","23,052.5","23,047.5",,0.00%,,,,,,,,,,
2018,07,13,1246.83,1248.04,1236.3,1241.06,87064.0,909.72,904.80,912.53,899.94,140.42K,1.25%,"23,050.0","23,048.5","23,051.0","23,045.5",,0.01%,,,,,,,,,,
2018,07,12,1242.46,1248.5,1241.24,1246.94,124587.0,898.51,891.21,905.72,884.75,113.78K,0.60%,"23,047.0","23,044.0","23,048.5","23,041.0",,0.02%,,,,,,,,,,
2018,07,11,1255.7,1256.84,1241.41,1242.18,107259.0,893.16,898.08,900.16,885.09,158.65K,-1.97%,"23,043.0","23,044.5","23,045.0","23,038.5",,0.02%,,,,,,,,,,
2018,07,10,1257.64,1260.24,1247.28,1255.93,92125.0,911.12,919.44,921.96,911.12,118.44K,-0.44%,"23,039.0","23,040.0","23,043.5","23,039.0",,0.00%,,,,,,,,,,
2018,07,09,1255.25,1265.84,1254.83,1257.41,85713.0,915.12,922.72,929.50,915.12,119.91K,-0.26%,"23,038.0","23,040.5","23,043.0","23,039.0",,0.01%,,,,,,,,,,
2018,07,06,1257.2,1258.94,1252.69,1254.56,84427.0,917.51,891.16,921.75,884.99,159.16K,2.01%,"23,035.0","23,042.5","23,043.5","23,036.5",,-0.02%,,,,,,,,,,
2018,07,05,1256.24,1259.68,1251.24,1257.17,96636.0,899.40,914.48,921.85,892.67,143.00K,-1.70%,"23,040.0","23,038.5","23,045.5","23,034.0",,0.01%,,,,,,,,,,
2018,07,04,1252.47,1261.07,1252.34,1256.47,66126.0,914.99,904.34,914.99,890.83,128.08K,0.99%,"23,038.0","23,042.0","23,045.0","23,032.5",,-0.03%,,,,,,,,,,
2018,07,03,1241.89,1256.85,1237.82,1252.78,99777.0,906.01,945.87,946.16,906.01,180.70K,-4.34%,"23,045.0","23,042.5","23,046.0","23,042.5",,0.41%,,,,,,,,,,
2018,07,02,1252.73,1254.15,1239.63,1241.49,92801.0,947.15,955.18,956.78,932.66,168.21K,-1.42%,"22,952.0","22,965.0","22,965.0","22,954.5",,-0.02%,,,,,,,,,,
2018,06,29,1248.01,1255.57,1245.99,1252.74,105015.0,960.78,955.64,962.93,950.48,146.41K,0.36%,"22,956.0","22,967.5","22,967.5","22,957.5",,0.09%,,,,,,,,,,
2018,06,28,1252.31,1254.24,1245.84,1248.14,107112.0,957.35,964.76,976.12,954.46,159.07K,-1.19%,"22,935.0","22,939.5","22,948.5","22,937.5",,0.00%,,,,,,,,,,
2018,06,27,1258.44,1260.05,1250.59,1251.79,120000.0,968.91,981.44,984.46,968.91,179.45K,-1.44%,"22,935.0","22,938.5","22,939.5","22,937.5",,0.07%,,,,,,,,,,
2018,06,26,1266.04,1267.61,1254.71,1258.45,96050.0,983.02,977.78,983.78,970.75,165.38K,-0.76%,"22,920.0","22,897.5","22,924.0","22,897.5",,0.11%,,,,,,,,,,
2018,06,25,1271.37,1272.56,1264.4,1265.32,85791.0,990.52,997.34,997.34,988.98,142.09K,0.75%,"22,895.0","22,892.5","22,898.0","22,887.5",,0.02%,,,,,,,,,,
2018,06,22,1267.38,1271.03,1266.58,1269.21,91278.0,983.17,963.89,983.57,959.91,132.36K,1.42%,"22,891.0","22,896.5","22,896.5","22,892.5",,0.07%,,,,,,,,,,
2018,06,21,1268.05,1270.06,1261.29,1267.24,100259.0,969.40,979.57,979.57,966.28,117.05K,-1.18%,"22,876.0","22,872.5","22,883.0","22,872.5",,0.04%,,,,,,,,,,
2018,06,20,1274.94,1276.38,1267.56,1267.56,94062.0,980.95,957.37,980.95,955.61,154.07K,1.95%,"22,866.0","22,866.5","22,867.5","22,857.0",,0.06%,,,,,,,,,,
2018,06,19,1278.88,1283.99,1270.31,1274.46,111361.0,962.16,972.38,972.62,941.57,250.99K,-2.55%,"22,852.0","22,837.0","22,853.5","22,837.0",,0.07%,,,,,,,,,,
2018,06,18,1279.13,1282.39,1276.99,1278.2,85770.0,987.34,"1,016.51","1,018.98",986.88,181.39K,-2.87%,"22,835.0","22,816.5","22,836.0","22,816.5",,0.09%,,,,,,,,,,
2018,06,15,1302.16,1303.07,1275.33,1280.19,129635.0,"1,016.51","1,012.71","1,018.95","1,006.75",165.43K,0.08%,"22,815.0","22,814.0","22,817.5","22,814.0",,0.01%,,,,,,,,,,
2018,06,14,1299.85,1309.28,1297.48,1302.25,120986.0,"1,015.72","1,030.53","1,033.46","1,015.72",166.57K,-1.44%,"22,812.0","22,814.5","22,814.5","22,808.0",,0.01%,,,,,,,,,,
2018,06,13,1295.44,1301.2,1291.82,1299.46,95965.0,"1,030.53","1,017.93","1,030.53","1,017.93",116.06K,0.96%,"22,810.0","22,814.5","22,819.5","22,812.0",,-0.01%,,,,,,,,,,
2018,06,12,1299.92,1300.23,1292.76,1295.52,101366.0,"1,020.76","1,033.55","1,033.55","1,005.10",212.48K,-1.76%,"22,812.0","22,812.0","22,818.5","22,805.5",,-0.01%,,,,,,,,,,
2018,06,11,1299.1,1302.2,1294.02,1300.35,92191.0,"1,039.02","1,033.55","1,045.60","1,029.19",185.55K,0.00%,"22,814.0","22,815.5","22,816.5","22,814.5",,0.11%,,,,,,,,,,
2018,06,08,1297.3,1300.51,1292.05,1298.6,109534.0,"1,039.01","1,032.59","1,039.07","1,026.94",148.15K,0.22%,"22,790.0","22,795.0","22,797.5","22,793.0",,-0.05%,,,,,,,,,,
2018,06,07,1296.61,1303.09,1294.82,1296.71,121194.0,"1,036.69","1,038.93","1,043.71","1,030.79",173.15K,0.21%,"22,801.0","22,806.0","22,807.5","22,801.5",,-0.02%,,,,,,,,,,
2018,06,06,1296.84,1301.76,1293.73,1295.95,110358.0,"1,034.50","1,020.97","1,034.50","1,012.98",162.08K,1.15%,"22,805.0","22,829.5","22,829.5","22,806.0",,-0.11%,,,,,,,,,,
2018,06,05,1292.18,1300.5,1289.69,1296.49,98666.0,"1,022.74","1,013.59","1,025.26","1,011.59",212.46K,0.88%,"22,829.0","22,824.5","22,829.5","22,813.5",,0.01%,,,,,,,,,,
2018,06,04,1293.04,1298.08,1290.15,1291.81,104577.0,"1,013.78",994.48,"1,013.78",992.01,166.09K,2.11%,"22,826.0","22,792.0","22,828.0","22,792.0",,0.13%,,,,,,,,,,
2018,06,01,1298.89,1300.54,1289.34,1293.27,148261.0,992.87,973.67,995.06,973.56,204.09K,2.23%,"22,796.0","22,792.0","22,802.0","22,789.5",,-0.04%,,,,,,,,,,
2018,05,31,1301.7,1306.43,1297.26,1298.24,173786.0,971.25,947.96,975.51,945.29,182.04K,2.40%,"22,804.0","22,813.5","22,817.5","22,775.0",,-0.20%,,,,,,,,,,
2018,05,30,1299.68,1304.28,1295.86,1301.55,187898.0,948.50,953.41,953.41,932.26,146.25K,-0.39%,"22,850.0","22,868.5","22,875.5","22,840.0",,0.09%,,,,,,,,,,
2018,05,29,1297.64,1306.57,1292.48,1298.64,188420.0,952.18,925.89,958.96,916.00,183.99K,2.19%,"22,830.0","22,840.0","22,845.5","22,832.5",,0.07%,,,,,,,,,,
2018,05,28,1299.41,1300.3,1295.48,1298.02,94074.0,931.75,938.86,951.34,927.47,219.29K,-3.34%,"22,814.0","22,812.0","22,817.0","22,770.0",,0.20%,,,,,,,,,,
2018,05,25,1304.84,1307.75,1299.83,1300.52,145825.0,963.90,981.47,987.56,963.90,150.25K,-2.23%,"22,769.0","22,780.0","22,783.0","22,770.0",,-0.04%,,,,,,,,,,
2018,05,24,1293.9,1306.59,1292.72,1304.25,146932.0,985.92,992.24,995.82,974.14,129.29K,-0.31%,"22,777.0","22,778.0","22,780.0","22,775.0",,0.02%,,,,,,,,,,
2018,05,23,1291.23,1298.28,1287.54,1293.18,169357.0,988.94,974.80,995.25,965.92,182.16K,0.31%,"22,773.0","22,774.0","22,775.0","22,767.0",,0.02%,,,,,,,,,,
2018,05,22,1292.62,1296.09,1287.9,1291.02,125944.0,985.91,"1,006.18","1,015.97",976.73,180.49K,-2.86%,"22,769.0","22,770.0","22,771.0","22,765.0",,0.00%,,,,,,,,,,
2018,05,21,1291.52,1293.12,1282.0,1292.48,122414.0,"1,014.98","1,043.82","1,043.82","1,014.98",123.09K,-2.46%,"22,770.0","22,767.0","22,777.0","22,767.0",,-0.07%,,,,,,,,,,
2018,05,18,1290.49,1294.18,1286.06,1292.48,119227.0,"1,040.54","1,033.33","1,040.84","1,013.57",408.22K,0.96%,"22,785.0","22,784.0","22,786.0","22,775.0",,0.05%,,,,,,,,,,
2018,05,17,1290.96,1294.34,1284.93,1290.77,141985.0,"1,030.64","1,055.21","1,057.84","1,030.64",129.62K,-2.27%,"22,773.0","22,775.0","22,776.5","22,773.5",,0.01%,,,,,,,,,,
2018,05,16,1290.69,1296.87,1286.38,1290.48,149270.0,"1,054.62","1,073.50","1,073.50","1,052.18",150.05K,-1.76%,"22,770.0","22,773.8","22,775.0","22,772.0",,0.01%,,,,,,,,,,
2018,05,15,1314.14,1314.84,1288.66,1290.77,155008.0,"1,073.50","1,072.25","1,084.20","1,071.02",158.35K,0.61%,"22,768.0","22,770.0","22,773.0","22,768.5",,0.01%,,,,,,,,,,
2018,05,14,1318.11,1322.29,1312.91,1313.13,113839.0,"1,066.98","1,051.69","1,066.98","1,042.31",137.94K,2.12%,"22,765.0","22,767.0","22,770.5","22,766.0",,-0.02%,,,,,,,,,,
2018,05,11,1321.28,1325.9,1316.86,1317.93,121865.0,"1,044.85","1,026.34","1,044.85","1,014.30",134.82K,1.55%,"22,769.0","22,770.0","22,775.0","22,768.5",,0.00%,,,,,,,,,,
2018,05,10,1312.19,1322.82,1310.72,1321.05,151321.0,"1,028.87","1,058.22","1,059.34","1,025.75",204.94K,-2.66%,"22,769.0","22,771.0","22,775.0","22,770.0",,-0.02%,,,,,,,,,,
2018,05,09,1314.99,1317.38,1304.28,1312.36,150024.0,"1,056.97","1,058.33","1,069.80","1,051.79",161.33K,-0.33%,"22,774.0","22,770.0","22,777.0","22,770.0",,0.01%,,,,,,,,,,
2018,05,08,1314.3,1317.77,1305.92,1314.67,157331.0,"1,060.45","1,061.12","1,072.28","1,057.24",170.06K,-0.17%,"22,772.0","22,771.5","22,773.5","22,770.0",,0.02%,,,,,,,,,,
2018,05,07,1314.89,1318.86,1310.21,1314.2,117778.0,"1,062.26","1,034.64","1,062.26","1,028.79",155.13K,3.45%,"22,767.0","22,762.5","22,790.5","22,762.5",,0.00%,,,,,,,,,,
2018,05,04,1312.34,1315.32,1307.93,1314.6,138486.0,"1,026.80","1,032.12","1,037.02","1,022.10",163.07K,0.03%,"22,767.0","22,767.0","22,772.0","22,764.5",,0.02%,,,,,,,,,,
2018,05,03,1305.61,1318.06,1305.39,1312.19,161484.0,"1,026.46","1,018.47","1,027.38","1,003.79",203.56K,-0.25%,"22,762.0","22,761.0","22,767.0","22,760.0",,0.01%,,,,,,,,,,
2018,05,02,1304.61,1313.43,1303.88,1304.92,164714.0,"1,029.08","1,053.26","1,053.52","1,024.75",183.26K,-2.02%,"22,760.0","22,763.5","22,765.0","22,761.0",,-0.01%,,,,,,,,,,
2018,05,01,1316.11,1316.32,1301.74,1304.0,121515.0,,,,,,,"22,763.0","22,763.0","22,763.0","22,763.0",,0.00%,,,,,,,,,,
2018,04,30,1322.78,1324.88,1310.18,1314.98,119509.0,,,,,,,"22,763.0","22,763.0","22,763.0","22,763.0",,0.00%,,,,,,,,,,
2018,04,27,1317.36,1325.19,1315.37,1322.91,124453.0,"1,050.26","1,037.36","1,054.94","1,031.89",191.60K,0.52%,"22,763.0","22,765.0","22,767.5","22,760.5",,-0.01%,,,,,,,,,,
2018,04,26,1322.09,1326.57,1315.26,1317.01,137840.0,"1,044.86","1,082.52","1,082.52","1,039.35",208.48K,-3.32%,"22,765.0","22,766.5","22,769.0","22,766.0",,-0.01%,,,,,,,,,,
2018,04,25,1330.06,1332.03,1318.76,1322.88,132330.0,,,,,,,"22,768.0","22,768.0","22,768.0","22,768.0",,0.00%,,,,,,,,,,
2018,04,24,1324.78,1332.64,1322.11,1330.77,150220.0,"1,080.74","1,064.86","1,084.89","1,048.68",186.61K,0.37%,"22,768.0","22,769.0","22,771.5","22,766.5",,0.00%,,,,,,,,,,
2018,04,23,1334.69,1335.43,1322.11,1324.76,142291.0,"1,076.78","1,124.33","1,127.24","1,076.78",217.97K,-3.85%,"22,769.0","22,771.0","22,773.0","22,770.0",,-0.01%,,,,,,,,,,
2018,04,20,1345.68,1346.15,1334.94,1335.44,137528.0,"1,119.86","1,095.84","1,119.86","1,078.01",214.65K,2.30%,"22,771.0","22,770.0","22,776.0","22,770.0",,-0.03%,,,,,,,,,,
2018,04,19,1349.17,1354.65,1340.93,1345.7,167626.0,"1,094.63","1,137.99","1,137.99","1,094.63",204.01K,-3.86%,"22,778.0","22,776.0","22,781.5","22,773.0",,0.02%,,,,,,,,,,
2018,04,18,1347.12,1355.67,1342.27,1349.21,148657.0,"1,138.53","1,153.28","1,160.32","1,138.42",172.11K,-1.28%,"22,773.0","22,771.0","22,774.5","22,770.0",,0.01%,,,,,,,,,,
2018,04,17,1345.89,1349.36,1337.65,1347.17,141914.0,"1,153.28","1,149.02","1,156.70","1,139.33",175.76K,0.42%,"22,770.0","22,768.0","22,777.0","22,767.0",,-0.02%,,,,,,,,,,
2018,04,16,1342.69,1350.48,1340.11,1345.59,141294.0,"1,148.49","1,156.54","1,159.45","1,141.81",196.99K,-0.75%,"22,775.0","22,786.5","22,788.0","22,774.0",,-0.04%,,,,,,,,,,
2018,04,13,1335.54,1347.1,1333.05,1345.07,155453.0,"1,157.14","1,178.57","1,181.52","1,153.93",196.13K,-1.35%,"22,784.0","22,785.5","22,806.0","22,783.5",,-0.01%,,,,,,,,,,
2018,04,12,1352.57,1353.15,1333.71,1334.87,179163.0,"1,173.02","1,162.48","1,173.02","1,153.64",179.99K,0.51%,"22,786.0","22,786.5","22,790.5","22,786.0",,-0.01%,,,,,,,,,,
2018,04,11,1339.54,1365.2,1339.49,1353.08,184524.0,"1,167.11","1,201.51","1,202.46","1,167.11",286.08K,-2.59%,"22,788.0","22,789.0","22,792.5","22,787.0",,-0.01%,,,,,,,,,,
2018,04,10,1336.61,1342.53,1331.06,1339.08,167225.0,"1,198.12","1,207.62","1,211.34","1,192.22",286.73K,-0.52%,"22,790.0","22,806.0","22,811.0","22,789.5",,0.00%,,,,,,,,,,
2018,04,09,1333.49,1337.95,1326.85,1336.06,152343.0,"1,204.33","1,202.44","1,207.45","1,197.44",251.45K,0.36%,"22,790.0","22,789.5","22,812.5","22,788.5",,-0.04%,,,,,,,,,,
2018,04,06,1327.25,1335.42,1319.5,1332.69,191028.0,"1,199.96","1,194.15","1,202.59","1,194.15",252.06K,0.57%,"22,800.0","22,803.0","22,812.5","22,801.0",,-0.06%,,,,,,,,,,
2018,04,05,1333.1,1334.85,1322.72,1326.37,144548.0,"1,193.17","1,197.76","1,199.15","1,186.75",241.19K,0.14%,"22,813.0","22,809.0","22,814.0","22,806.0",,-0.01%,,,,,,,,,,
2018,04,04,1332.58,1348.22,1331.49,1333.24,177158.0,"1,191.54","1,194.26","1,200.71","1,189.46",238.69K,0.27%,"22,815.0","22,817.5","22,817.5","22,810.0",,0.03%,,,,,,,,,,
2018,04,03,1340.61,1342.45,1328.88,1332.54,162340.0,"1,188.29","1,197.00","1,199.93","1,185.83",255.24K,-0.70%,"22,809.0","22,790.5","22,814.0","22,787.0",,0.07%,,,,,,,,,,
2018,04,02,1325.8,1344.84,1324.81,1341.04,139842.0,"1,196.61","1,180.26","1,196.61","1,179.73",245.76K,1.89%,"22,792.0","22,788.5","22,793.5","22,782.0",,0.00%,,,,,,,,,,
2018,03,30,,,,,,"1,174.46","1,169.29","1,175.36","1,158.49",204.90K,0.64%,"22,793.0","22,789.5","22,810.0","22,787.5",,-0.07%,,,,,,,,,,
2018,03,29,1324.36,1328.3,1321.21,1325.04,144155.0,"1,167.03","1,174.73","1,176.45","1,164.12",185.25K,-0.44%,"22,809.0","22,807.5","22,819.0","22,807.0",,-0.04%,,,,,,,,,,
2018,03,28,1345.61,1346.99,1323.44,1324.83,175573.0,"1,172.24","1,168.87","1,179.18","1,165.71",208.55K,0.04%,"22,818.0","22,817.5","22,822.0","22,813.0",,0.01%,,,,,,,,,,
2018,03,27,1352.9,1356.84,1339.84,1344.59,143930.0,"1,171.73","1,187.42","1,187.42","1,169.58",237.76K,0.04%,"22,815.0","22,813.5","22,815.5","22,809.0",,0.02%,,,,,,,,,,
2018,03,26,1348.15,1355.87,1343.46,1353.44,136353.0,"1,171.22","1,150.51","1,176.95","1,150.51",211.70K,1.53%,"22,810.0","22,797.5","22,815.0","22,797.5",,0.04%,,,,,,,,,,
2018,03,23,1330.61,1350.2,1330.61,1347.51,174572.0,"1,153.59","1,154.25","1,157.20","1,138.53",261.96K,-1.60%,"22,802.0","22,799.0","22,803.5","22,785.0",,0.04%,,,,,,,,,,
2018,03,22,1331.83,1334.86,1324.77,1328.61,167242.0,"1,172.36","1,175.22","1,180.44","1,169.48",233.32K,0.26%,"22,794.0","22,785.0","22,795.0","22,774.5",,0.09%,,,,,,,,,,
2018,03,21,1311.54,1336.6,1309.79,1331.8,146322.0,"1,169.36","1,166.51","1,172.31","1,163.91",237.68K,0.86%,"22,773.5","22,777.0","22,777.5","22,772.3",,0.00%,,,,,,,,,,
2018,03,20,1317.3,1318.24,1307.17,1311.06,120402.0,"1,159.39","1,154.48","1,166.33","1,154.48",214.04K,0.01%,"22,774.0","22,777.0","22,779.0","22,763.5",,0.04%,,,,,,,,,,
2018,03,19,1313.14,1319.58,1307.76,1317.02,128966.0,"1,159.22","1,158.16","1,165.63","1,155.82",272.05K,0.79%,"22,765.0","22,766.0","22,771.5","22,765.5",,0.00%,,,,,,,,,,
2018,03,16,1315.92,1321.72,1309.6,1313.47,122528.0,"1,150.19","1,144.54","1,152.52","1,140.56",308.62K,1.00%,"22,764.0","22,764.5","22,766.5","22,762.5",,-0.01%,,,,,,,,,,
2018,03,15,1323.8,1327.88,1314.93,1316.44,131712.0,"1,138.76","1,134.51","1,140.74","1,129.66",232.40K,0.06%,"22,767.0","22,768.0","22,769.0","22,761.0",,0.01%,,,,,,,,,,
2018,03,14,1325.85,1330.01,1321.46,1324.74,143936.0,"1,138.09","1,135.99","1,142.88","1,134.55",250.55K,0.42%,"22,765.0","22,766.5","22,769.5","22,762.0",,0.01%,,,,,,,,,,
2018,03,13,1323.54,1328.28,1313.73,1326.31,152139.0,"1,133.31","1,126.53","1,133.31","1,118.49",233.20K,0.62%,"22,762.0","22,762.0","22,769.0","22,755.0",,0.02%,,,,,,,,,,
2018,03,12,1322.86,1324.13,1315.04,1322.7,117427.0,"1,126.29","1,135.37","1,135.48","1,123.98",244.68K,0.26%,"22,758.0","22,761.5","22,762.5","22,757.0",,-0.01%,,,,,,,,,,
2018,03,09,1321.32,1325.14,1312.83,1323.36,181330.0,"1,123.41","1,128.73","1,135.02","1,119.18",217.76K,-0.07%,"22,760.0","22,760.0","22,763.5","22,757.0",,0.02%,,,,,,,,,,
2018,03,08,1325.64,1329.0,1318.87,1322.14,183041.0,"1,124.15","1,112.24","1,126.35","1,111.76",200.92K,1.07%,"22,756.0","22,760.5","22,761.5","22,755.5",,-0.01%,,,,,,,,,,
2018,03,07,1339.55,1340.37,1322.2,1325.35,206644.0,"1,112.26","1,121.99","1,126.67","1,103.29",279.08K,-0.72%,"22,759.0","22,761.0","22,770.5","22,757.5",,-0.04%,,,,,,,,,,
2018,03,06,1320.55,1338.46,1320.21,1334.3,187973.0,"1,120.29","1,093.48","1,120.29","1,091.67",236.33K,2.45%,"22,769.0","22,770.0","22,773.0","22,766.0",,0.02%,,,,,,,,,,
2018,03,05,1323.71,1327.73,1317.53,1319.88,175261.0,"1,093.48","1,121.21","1,132.69","1,093.48",277.68K,-2.47%,"22,765.0","22,764.0","22,769.0","22,761.0",,0.02%,,,,,,,,,,
2018,03,02,1316.47,1325.42,1315.2,1322.12,162142.0,"1,121.21","1,103.16","1,121.91","1,103.16",210.07K,0.49%,"22,760.0","22,761.0","22,764.5","22,759.0",,0.04%,,,,,,,,,,
2018,03,01,1319.02,1321.07,1302.76,1317.16,191255.0,"1,115.79","1,121.54","1,129.30","1,110.92",227.40K,-0.51%,"22,750.0","22,757.5","22,758.0","22,749.0",,-0.03%,,,,,,,,,,
2018,02,28,1318.39,1322.49,1315.59,1318.08,143439.0,"1,121.54","1,110.30","1,129.89","1,109.89",232.59K,0.17%,"22,756.0","22,758.0","22,759.5","22,749.0",,0.03%,,,,,,,,,,
2018,02,27,1333.3,1336.7,1313.41,1318.29,156960.0,"1,119.61","1,124.03","1,124.03","1,106.77",196.67K,0.46%,"22,750.0","22,745.5","22,751.5","22,742.5",,0.08%,,,,,,,,,,
2018,02,26,1329.83,1341.0,1326.65,1332.93,137233.0,"1,114.53","1,115.90","1,127.57","1,114.06",234.11K,1.06%,"22,732.0","22,740.5","22,747.5","22,736.5",,-0.04%,,,,,,,,,,
2018,02,23,1331.78,1332.13,1325.78,1328.78,120542.0,"1,102.85","1,086.81","1,102.85","1,081.31",189.08K,2.49%,"22,740.0","22,738.5","22,742.5","22,736.0",,0.13%,,,,,,,,,,
2018,02,22,1324.39,1332.07,1320.93,1331.85,148392.0,"1,076.03","1,087.15","1,091.62","1,074.27",200.37K,-1.02%,"22,710.0","22,720.0","22,729.0","22,712.5",,-0.02%,,,,,,,,,,
2018,02,21,1329.49,1336.22,1322.14,1324.37,158486.0,"1,087.15","1,073.33","1,092.65","1,070.43",177.57K,2.59%,"22,715.0","22,700.0","22,722.0","22,697.5",,0.13%,,,,,,,,,,
2018,02,20,1347.9,1348.09,1328.44,1329.33,141385.0,,,,,,,"22,685.0","22,698.0","22,700.5","22,692.5",,-0.04%,,,,,,,,,,
2018,02,19,1349.69,1351.34,1345.78,1346.6,87111.0,,,,,,,"22,695.0","22,695.0","22,695.0","22,695.0",,0.00%,,,,,,,,,,
2018,02,16,1353.79,1361.69,1344.71,1347.43,166978.0,,,,,,,"22,695.0","22,710.0","22,712.5","22,705.0",,0.00%,,,,,,,,,,
2018,02,15,1350.64,1357.07,1348.53,1353.07,175472.0,,,,,,,"22,695.0","22,695.0","22,695.0","22,695.0",,0.00%,,,,,,,,,,
2018,02,14,1329.72,1355.5,1317.3,1350.14,193377.0,,,,,,,"22,695.0","22,710.0","22,710.0","22,707.5",,-0.02%,,,,,,,,,,
2018,02,13,1323.63,1331.02,1321.59,1328.99,156092.0,"1,059.73","1,053.31","1,060.48","1,052.86",174.29K,1.72%,"22,700.0","22,700.0","22,720.0","22,692.5",,-0.01%,,,,,,,,,,
2018,02,12,1315.38,1326.69,1315.13,1322.86,145037.0,"1,041.79","1,011.64","1,041.79","1,011.64",171.10K,3.77%,"22,702.0","22,692.0","22,708.5","22,689.5",,0.05%,,,,,,,,,,
2018,02,09,1319.11,1322.63,1311.12,1315.64,294243.0,"1,003.94",991.09,"1,003.94",973.78,243.23K,-1.89%,"22,690.0","22,703.0","22,709.5","22,685.5",,-0.04%,,,,,,,,,,
2018,02,08,1317.34,1322.02,1307.04,1318.34,286441.0,"1,023.25","1,031.46","1,039.61","1,023.25",181.50K,-1.66%,"22,698.0","22,691.0","22,708.5","22,683.5",,0.03%,,,,,,,,,,
2018,02,07,1324.64,1332.3,1311.38,1318.29,259360.0,"1,040.55","1,040.53","1,048.54","1,034.13",241.18K,2.86%,"22,691.0","22,703.5","22,712.0","22,694.0",,-0.04%,,,,,,,,,,
2018,02,06,1338.91,1346.08,1320.18,1324.4,352486.0,"1,011.60","1,026.08","1,026.08",983.06,480.71K,-3.54%,"22,700.0","22,709.5","22,715.0","22,705.0",,0.02%,,,,,,,,,,
2018,02,05,1331.64,1341.59,1328.99,1339.56,249575.0,"1,048.71","1,089.62","1,090.88","1,048.71",282.04K,-5.10%,"22,695.0","22,709.5","22,729.0","22,702.5",,-0.06%,,,,,,,,,,
2018,02,02,1347.81,1350.06,1327.43,1332.57,233006.0,"1,105.04","1,098.66","1,105.04","1,091.06",200.31K,0.49%,"22,709.0","22,708.5","22,710.5","22,708.0",,0.00%,,,,,,,,,,
2018,02,01,1343.39,1350.97,1337.24,1348.39,211212.0,"1,099.67","1,111.74","1,111.74","1,090.25",269.17K,-0.96%,"22,709.0","22,710.5","22,711.0","22,702.5",,0.04%,,,,,,,,,,
2018,01,31,1337.42,1347.57,1332.75,1344.94,214777.0,"1,110.36","1,112.23","1,128.10","1,104.98",351.21K,-0.02%,"22,700.0","22,709.5","22,715.0","22,704.5",,0.00%,,,,,,,,,,
2018,01,30,1341.3,1348.9,1334.44,1338.59,207275.0,"1,110.56","1,099.98","1,110.56","1,092.44",335.41K,0.07%,"22,700.0","22,709.5","22,715.5","22,705.0",,0.00%,,,,,,,,,,
2018,01,29,1351.03,1352.39,1337.57,1340.32,177086.0,"1,109.80","1,121.78","1,130.10","1,109.80",276.73K,-0.52%,"22,701.0","22,709.4","22,715.5","22,705.3",,-0.04%,,,,,,,,,,
2018,01,26,1347.0,1356.96,1344.46,1350.0,215417.0,"1,115.64","1,119.78","1,123.83","1,103.06",292.97K,1.00%,"22,710.0","22,709.5","22,711.0","22,708.5",,0.04%,,,,,,,,,,
2018,01,25,1357.25,1365.92,1342.33,1348.22,245829.0,"1,104.57","1,098.44","1,117.08","1,098.44",510.92K,1.58%,"22,701.0","22,709.5","22,718.0","22,705.5",,0.02%,,,,,,,,,,
2018,01,24,1340.92,1362.02,1339.42,1357.97,196575.0,,,,,,,"22,696.0","22,709.5","22,718.0","22,703.0",,-0.06%,,,,,,,,,,
2018,01,23,1333.4,1341.64,1331.24,1341.11,167286.0,"1,087.42","1,066.86","1,088.05","1,066.61",266.11K,0.00%,"22,710.0","22,709.5","22,711.0","22,708.0",,0.04%,,,,,,,,,,
2018,01,22,1335.05,1335.44,1328.27,1333.87,142730.0,"1,087.42","1,066.86","1,088.05","1,066.61",266.11K,2.39%,"22,701.0","22,709.0","22,715.5","22,705.0",,0.00%,,,,,,,,,,
2018,01,19,1327.54,1337.86,1326.66,1331.43,174190.0,"1,062.07","1,054.33","1,067.21","1,053.37",342.47K,1.13%,"22,700.0","22,709.5","22,718.0","22,705.0",,0.00%,,,,,,,,,,
2018,01,18,1327.51,1332.96,1324.14,1327.04,183343.0,"1,050.25","1,028.76","1,050.25","1,020.01",281.60K,1.50%,"22,701.0","22,711.0","22,719.5","22,706.0",,0.00%,,,,,,,,,,
2018,01,17,1339.2,1343.82,1326.28,1326.61,201740.0,"1,034.69","1,061.98","1,064.77","1,034.69",332.61K,-2.66%,"22,700.0","22,710.8","22,718.0","22,704.5",,-0.04%,,,,,,,,,,
2018,01,16,1339.42,1342.13,1331.66,1338.37,172948.0,"1,062.96","1,059.36","1,065.39","1,052.43",340.19K,-0.05%,"22,710.0","22,708.5","22,729.0","22,707.0",,0.00%,,,,,,,,,,
2018,01,15,1336.05,1344.6,1335.92,1339.93,114118.0,"1,063.47","1,049.91","1,063.47","1,043.15",292.71K,1.27%,"22,709.0","22,708.5","22,710.5","22,706.9",,0.00%,,,,,,,,,,
2018,01,12,1322.35,1339.21,1321.62,1338.17,178622.0,"1,050.11","1,050.17","1,057.88","1,046.38",351.97K,0.19%,"22,708.0","22,708.5","22,710.5","22,707.0",,0.06%,,,,,,,,,,
2018,01,11,1317.13,1323.79,1315.58,1322.34,160080.0,"1,048.17","1,037.03","1,049.73","1,031.13",314.65K,0.97%,"22,695.0","22,709.0","22,714.5","22,702.0",,-0.03%,,,,,,,,,,
2018,01,10,1311.82,1327.6,1307.96,1316.59,189476.0,"1,038.11","1,034.64","1,045.63","1,033.01",375.09K,0.44%,"22,701.0","22,709.0","22,718.5","22,705.4",,-0.04%,,,,,,,,,,
2018,01,09,1319.49,1320.04,1308.26,1312.61,145871.0,"1,033.56","1,027.14","1,033.56","1,017.86",320.38K,1.04%,"22,709.0","22,710.5","22,710.5","22,707.4",,0.04%,,,,,,,,,,
2018,01,08,1320.69,1322.0,1314.65,1320.27,112389.0,"1,022.90","1,011.36","1,022.90","1,004.89",268.79K,1.01%,"22,700.0","22,709.0","22,717.5","22,704.5",,-0.04%,,,,,,,,,,
2018,01,05,1321.96,1323.26,1313.55,1319.9,136053.0,"1,012.65","1,020.34","1,020.60","1,010.65",284.03K,-0.70%,"22,709.0","22,710.5","22,711.0","22,707.0",,0.00%,,,,,,,,,,
2018,01,04,1312.74,1325.84,1305.7,1322.69,151996.0,"1,019.75","1,009.37","1,019.75","1,009.00",252.91K,1.40%,"22,710.0","22,713.5","22,718.0","22,705.5",,0.01%,,,,,,,,,,
2018,01,03,1317.27,1321.24,1307.31,1312.78,142284.0,"1,005.67",999.86,"1,010.21",998.41,237.30K,0.99%,"22,708.0","22,709.5","22,711.0","22,708.0",,0.04%,,,,,,,,,,
2018,01,02,1309.81,1318.8,1308.4,1317.82,102695.0,995.77,986.05,996.18,984.34,186.02K,1.17%,"22,700.0","22,709.5","22,715.5","22,705.0",,0.00%,,,,,,,,,,
2018,01,01,,,,,,,,,,,,"22,700.0","22,700.0","22,700.0","22,700.0",,0.00%,,,,,,,,,,
